scenario,seed,task,identified_truth,supported_truth,id_probability,support_probability,prior_mismatch_probability,residual_gate,correction,compiled,final,selected_expert,estimator_weights,expert_estimates,world_entropy,world_effective_count,world_weights,split_probability,predicted_threshold,regime_evidence_score
ate_linear,20000000,static_ate,1,1,1.0,0.9987503290176392,0.6062870621681213,0.006692850962281227,4.070595949201561e-08,0.5444945693016052,0.54449462890625,spline,"[0.22847826778888702, 0.12080628424882889, 0.2485528141260147, 0.20619650185108185, 0.19596610963344574, 0.0]","[0.6201260685920715, -0.10564625263214111, 0.6209307909011841, 0.711980938911438, 0.5839270949363708, 0.44170039892196655]",1.7917587757110596,5.9999918937683105,"[0.16674953699111938, 0.166518896818161, 0.16703581809997559, 0.16650693118572235, 0.1666824221611023, 0.16650640964508057]",0.4976978600025177,,0.0
ate_linear,20000001,static_ate,1,1,1.0,0.99883633852005,0.3104434907436371,0.006692850962281227,-4.6536428044419154e-08,-0.47698497772216797,-0.47698503732681274,linear,"[0.23946963250637054, 0.11592144519090652, 0.21344344317913055, 0.23206254839897156, 0.19910293817520142, 0.0]","[-0.459593266248703, -0.5344080328941345, -0.4475708305835724, -0.4494648873806, -0.5280783772468567, -0.23207560181617737]",1.7917588949203491,5.9999918937683105,"[0.16674692928791046, 0.16651856899261475, 0.16703453660011292, 0.16651028394699097, 0.16668130457401276, 0.16650843620300293]",0.3986598253250122,,0.0
ate_linear,20000002,static_ate,1,1,1.0,0.9989272952079773,0.4822002351284027,0.006692850962281227,0.0,0.17924945056438446,0.17924945056438446,linear,"[0.23088207840919495, 0.1231350377202034, 0.19683532416820526, 0.2300199419260025, 0.21912768483161926, 0.0]","[0.15033988654613495, 0.18981795012950897, 0.19311296939849854, 0.22055666148662567, 0.14795735478401184, 0.1940913200378418]",1.7917587757110596,5.9999918937683105,"[0.1667478382587433, 0.16651834547519684, 0.1670353263616562, 0.16650868952274323, 0.16668230295181274, 0.1665075123310089]",0.45445162057876587,,0.0
ate_linear,20000003,static_ate,1,1,1.0,0.9985166192054749,0.22619107365608215,0.006692850962281227,7.900482756895144e-08,-1.2315077781677246,-1.2315077781677246,linear,"[0.25230661034584045, 0.10415469110012054, 0.23892085254192352, 0.23328636586666107, 0.1713315099477768, 0.0]","[-1.2084949016571045, -1.1991595029830933, -1.2021520137786865, -1.259792685508728, -1.2874854803085327, -1.0313482284545898]",1.7917587757110596,5.999992847442627,"[0.16674786806106567, 0.1665191650390625, 0.1670345664024353, 0.16650918126106262, 0.16668108105659485, 0.16650809347629547]",0.42123284935951233,,0.0
ate_linear,20000004,static_ate,1,1,1.0,0.9986649751663208,0.6742661595344543,0.006692850962281227,0.0,1.1465786695480347,1.1465786695480347,interaction,"[0.21104303002357483, 0.12435910850763321, 0.21825146675109863, 0.23276054859161377, 0.21358591318130493, 0.0]","[1.1856985092163086, 1.0355892181396484, 1.2133783102035522, 1.1798845529556274, 1.067992925643921, 1.146741509437561]",1.7917587757110596,5.999992847442627,"[0.16674785315990448, 0.1665187031030655, 0.16703495383262634, 0.16650909185409546, 0.16668148338794708, 0.16650786995887756]",0.5812758207321167,,0.0
ate_linear,20000005,static_ate,1,1,1.0,0.9986153841018677,0.24290388822555542,0.006692850962281227,-7.360582543469718e-08,-0.7206702828407288,-0.7206703424453735,interaction,"[0.24576696753501892, 0.10043362528085709, 0.19593548774719238, 0.2597588896751404, 0.19810505211353302, 0.0]","[-0.730309247970581, -0.2375268042087555, -0.7889782190322876, -0.8210269212722778, -0.7545028924942017, -0.5834774374961853]",1.7917588949203491,5.9999918937683105,"[0.1667468398809433, 0.1665179282426834, 0.167035311460495, 0.16651000082492828, 0.16668246686458588, 0.1665075272321701]",0.42313262820243835,,0.0
ate_linear,20000006,static_ate,1,1,1.0,0.9988155364990234,0.34434330463409424,0.006692850962281227,0.0,-0.1528199464082718,-0.1528199464082718,linear,"[0.2625758945941925, 0.11810533702373505, 0.1851237714290619, 0.23027931153774261, 0.20391571521759033, 0.0]","[-0.24864187836647034, -0.10511761903762817, -0.17998909950256348, -0.02061784453690052, -0.18169021606445312, -0.6074312329292297]",1.7917587757110596,5.9999918937683105,"[0.16674847900867462, 0.16651855409145355, 0.1670357584953308, 0.16650818288326263, 0.16668258607387543, 0.16650643944740295]",0.4161533713340759,,0.0
ate_linear,20000007,static_ate,1,1,1.0,0.9984429478645325,0.21924015879631042,0.006692850962281227,-7.756401743108654e-08,-1.1737449169158936,-1.1737449169158936,interaction,"[0.2513035237789154, 0.09760682284832001, 0.21797160804271698, 0.2537335455417633, 0.1793844848871231, 0.0]","[-1.2429629564285278, -0.853131890296936, -1.1878979206085205, -1.2147138118743896, -1.1760811805725098, -1.1489182710647583]",1.7917588949203491,5.999991416931152,"[0.166746586561203, 0.16651825606822968, 0.16703464090824127, 0.166510671377182, 0.16668158769607544, 0.16650833189487457]",0.43338894844055176,,0.0
ate_linear,20000008,static_ate,1,1,1.0,0.9984733462333679,0.23831792175769806,0.006692850962281227,0.0,-0.8226368427276611,-0.8226368427276611,interaction,"[0.23425807058811188, 0.09526193141937256, 0.18014727532863617, 0.282912015914917, 0.2074207216501236, 0.0]","[-0.9169650673866272, 0.030064983293414116, -0.9150883555412292, -0.9071288108825684, -0.9121850728988647, -0.538027822971344]",1.7917587757110596,5.9999918937683105,"[0.1667463630437851, 0.16651827096939087, 0.16703449189662933, 0.16651107370853424, 0.16668130457401276, 0.1665085256099701]",0.4532914459705353,,0.0
ate_linear,20000009,static_ate,1,1,1.0,0.998421311378479,0.6689719557762146,0.006692850962281227,0.0,1.4986416101455688,1.4986416101455688,interaction,"[0.22176356613636017, 0.10685700923204422, 0.22375380992889404, 0.2444731742143631, 0.20315246284008026, 0.0]","[1.4555268287658691, 1.4655404090881348, 1.5275578498840332, 1.5447150468826294, 1.475823998451233, 1.0802373886108398]",1.7917588949203491,5.9999918937683105,"[0.16674937307834625, 0.16651920974254608, 0.16703586280345917, 0.16650672256946564, 0.16668252646923065, 0.1665063500404358]",0.6255080103874207,,0.0
ate_linear,20000010,static_ate,1,1,1.0,0.9984130859375,0.21032589673995972,0.006692850962281227,0.0,-1.3696681261062622,-1.3696681261062622,interaction,"[0.25381678342819214, 0.09079960733652115, 0.21018142998218536, 0.2718622088432312, 0.17333994805812836, 0.0]","[-1.3367040157318115, -0.934056282043457, -1.4402507543563843, -1.4160075187683105, -1.487858533859253, -1.6753021478652954]",1.7917587757110596,5.999992370605469,"[0.1667497754096985, 0.1665191948413849, 0.16703569889068604, 0.1665066033601761, 0.16668228805065155, 0.16650643944740295]",0.44630226492881775,,0.0
ate_linear,20000011,static_ate,1,1,1.0,0.9986609220504761,0.691257894039154,0.006692850962281227,0.0,1.2014421224594116,1.2014421224594116,interaction,"[0.2053123414516449, 0.1222183033823967, 0.2204774171113968, 0.23660700023174286, 0.21538494527339935, 0.0]","[1.2353930473327637, 1.228367805480957, 1.1686582565307617, 1.2461519241333008, 1.1382436752319336, 1.6078898906707764]",1.7917587757110596,5.999992370605469,"[0.1667475700378418, 0.1665181815624237, 0.167035311460495, 0.16650955379009247, 0.1666819304227829, 0.16650745272636414]",0.5951263308525085,,0.0
ate_linear,20000012,static_ate,1,1,1.0,0.9985692501068115,0.6642581224441528,0.006692850962281227,8.538562923376958e-08,1.3003004789352417,1.3003005981445312,interaction,"[0.21783052384853363, 0.11611348390579224, 0.22214409708976746, 0.23853358626365662, 0.20537835359573364, 0.0]","[1.3470524549484253, 1.124085783958435, 1.3824684619903564, 1.3243318796157837, 1.2335528135299683, 0.976773202419281]",1.7917587757110596,5.9999918937683105,"[0.1667460948228836, 0.16651785373687744, 0.16703470051288605, 0.16651131212711334, 0.16668175160884857, 0.16650833189487457]",0.596901535987854,,0.0
ate_linear,20000013,static_ate,1,1,1.0,0.99868243932724,0.6656116843223572,0.006692850962281227,0.0,0.8763013482093811,0.8763013482093811,spline,"[0.21464650332927704, 0.11350402235984802, 0.25375208258628845, 0.22153310477733612, 0.19656431674957275, 0.0]","[0.9922021627426147, 0.33032047748565674, 0.9770467877388, 0.9430916905403137, 0.8596789836883545, 1.0392746925354004]",1.7917587757110596,5.9999918937683105,"[0.1667478084564209, 0.16651809215545654, 0.16703546047210693, 0.16650886833667755, 0.16668258607387543, 0.16650719940662384]",0.5573834776878357,,0.0
ate_linear,20000014,static_ate,1,1,1.0,0.9985690116882324,0.6809599995613098,0.006692850962281227,-9.161539793467455e-08,1.4052594900131226,1.405259370803833,spline,"[0.21340738236904144, 0.11516778916120529, 0.23662622272968292, 0.2315361201763153, 0.20326249301433563, 0.0]","[1.4455605745315552, 1.0409547090530396, 1.513340950012207, 1.468217372894287, 1.3718233108520508, 1.3906303644180298]",1.7917587757110596,5.999992847442627,"[0.16674961149692535, 0.16651920974254608, 0.16703583300113678, 0.16650649905204773, 0.1666823923587799, 0.16650637984275818]",0.5955201983451843,,0.0
ate_linear,20000015,static_ate,1,1,1.0,0.9987772107124329,0.646381676197052,0.006692850962281227,0.0,1.1390752792358398,1.1390752792358398,interaction,"[0.2114683985710144, 0.11969532072544098, 0.20928214490413666, 0.2341286838054657, 0.22542542219161987, 0.0]","[1.1059311628341675, 1.2238181829452515, 1.0696700811386108, 1.0966734886169434, 1.2336446046829224, 1.2000519037246704]",1.7917587757110596,5.9999918937683105,"[0.16674652695655823, 0.16651831567287445, 0.1670343577861786, 0.1665106564760208, 0.1666814535856247, 0.1665087342262268]",0.5513368248939514,,0.0
ate_linear,20000016,static_ate,1,1,1.0,0.9988839030265808,0.3082466125488281,0.006692850962281227,0.0,-0.45469388365745544,-0.45469388365745544,linear,"[0.23589454591274261, 0.11463160067796707, 0.2107182741165161, 0.23119398951530457, 0.2075616419315338, 0.0]","[-0.3969343304634094, -0.34059852361679077, -0.5259299874305725, -0.5390117168426514, -0.41711243987083435, -0.17669221758842468]",1.7917587757110596,5.999992370605469,"[0.16674941778182983, 0.16651932895183563, 0.16703541576862335, 0.16650722920894623, 0.16668158769607544, 0.16650702059268951]",0.39405587315559387,,0.0
ate_linear,20000017,static_ate,1,1,1.0,0.9984803795814514,0.6892329454421997,0.006692850962281227,0.0,1.3654874563217163,1.3654874563217163,spline,"[0.21066728234291077, 0.11190342903137207, 0.24215734004974365, 0.22956593334674835, 0.20570601522922516, 0.0]","[1.3676491975784302, 0.9501347541809082, 1.387203574180603, 1.4289191961288452, 1.492870569229126, 1.1874566078186035]",1.7917588949203491,5.999992370605469,"[0.16674958169460297, 0.16651904582977295, 0.16703581809997559, 0.16650687158107758, 0.16668199002742767, 0.16650669276714325]",0.6082693338394165,,0.0
ate_linear,20000018,static_ate,1,1,1.0,0.9986535310745239,0.6194376349449158,0.006692850962281227,0.0,0.8306432962417603,0.8306432962417603,interaction,"[0.2346874475479126, 0.09886952489614487, 0.19363561272621155, 0.26527369022369385, 0.20753371715545654, 0.0]","[0.7816336154937744, 1.353441596031189, 0.8409091830253601, 0.8250428438186646, 0.6345837116241455, 1.01094651222229]",1.7917588949203491,5.9999918937683105,"[0.16674698889255524, 0.1665182113647461, 0.16703470051288605, 0.16651040315628052, 0.16668149828910828, 0.16650822758674622]",0.6004791259765625,,0.0
ate_linear,20000019,static_ate,1,1,1.0,0.9987825751304626,0.5795004367828369,0.006692850962281227,0.0,0.4567570090293884,0.4567570090293884,spline,"[0.22696936130523682, 0.11221329867839813, 0.2554107904434204, 0.21015605330467224, 0.1952504813671112, 0.0]","[0.5322681069374084, -0.197844460606575, 0.5305388569831848, 0.5340008735656738, 0.5655317902565002, 0.3317904770374298]",1.7917587757110596,5.999992847442627,"[0.16674911975860596, 0.16651871800422668, 0.1670360416173935, 0.16650699079036713, 0.16668304800987244, 0.16650605201721191]",0.4857845902442932,,0.0
ate_linear,20000020,static_ate,1,1,1.0,0.9984147548675537,0.2144256830215454,0.006692850962281227,0.0,-1.5602071285247803,-1.5602071285247803,linear,"[0.25581154227256775, 0.09229773283004761, 0.22811086475849152, 0.2539583146572113, 0.16982147097587585, 0.0]","[-1.514628291130066, -1.2280895709991455, -1.6629438400268555, -1.6581549644470215, -1.524895429611206, -1.7079308032989502]",1.7917587757110596,5.9999918937683105,"[0.1667480617761612, 0.16651880741119385, 0.16703511774539948, 0.16650870442390442, 0.16668173670768738, 0.16650760173797607]",0.4407893717288971,,0.0
ate_linear,20000021,static_ate,1,1,1.0,0.99837327003479,0.2113935351371765,0.006692850962281227,-8.458766131980155e-08,-1.320654034614563,-1.3206541538238525,interaction,"[0.2539125978946686, 0.08977991342544556, 0.20261386036872864, 0.27359282970428467, 0.18010075390338898, 0.0]","[-1.391221046447754, -0.7464021444320679, -1.4225444793701172, -1.3581740856170654, -1.335806131362915, -1.6630754470825195]",1.7917588949203491,5.999991416931152,"[0.16674990952014923, 0.1665193736553192, 0.16703589260578156, 0.16650599241256714, 0.16668254137039185, 0.1665063500404358]",0.44877365231513977,,0.0
ate_linear,20000022,static_ate,1,1,1.0,0.9986812472343445,0.6414073705673218,0.006692850962281227,0.0,0.6983100771903992,0.6983100771903992,interaction,"[0.22051645815372467, 0.10945526510477066, 0.21763882040977478, 0.23737405240535736, 0.2150154560804367, 0.0]","[0.6817981004714966, 0.6435444951057434, 0.6703656315803528, 0.7050300240516663, 0.7639896869659424, 0.5678984522819519]",1.7917588949203491,5.9999918937683105,"[0.16674841940402985, 0.1665186882019043, 0.16703538596630096, 0.16650791466236115, 0.16668221354484558, 0.16650739312171936]",0.566474437713623,,0.0
ate_linear,20000023,static_ate,1,1,1.0,0.998464822769165,0.6930245757102966,0.006692850962281227,0.0,1.3490562438964844,1.3490562438964844,interaction,"[0.20631136000156403, 0.1123441532254219, 0.23520982265472412, 0.24066418409347534, 0.205470472574234, 0.0]","[1.335586428642273, 1.2237663269042969, 1.4201782941818237, 1.3559114933013916, 1.341639757156372, 1.4172769784927368]",1.7917588949203491,5.999992370605469,"[0.16674746572971344, 0.16651855409145355, 0.1670348346233368, 0.16650943458080292, 0.16668161749839783, 0.16650809347629547]",0.627173662185669,,0.0
ate_linear,20000024,static_ate,1,1,1.0,0.9985278844833374,0.68229740858078,0.006692850962281227,0.0,1.2784883975982666,1.2784883975982666,interaction,"[0.20994655787944794, 0.11175505071878433, 0.22782853245735168, 0.24214598536491394, 0.20832392573356628, 0.0]","[1.2873059511184692, 1.2074884176254272, 1.3060600757598877, 1.2616357803344727, 1.2971253395080566, 1.2061145305633545]",1.7917587757110596,5.999992370605469,"[0.16674846410751343, 0.1665189415216446, 0.16703522205352783, 0.16650822758674622, 0.16668181121349335, 0.16650733351707458]",0.6142855882644653,,0.0
ate_linear,20000025,static_ate,1,1,1.0,0.9987897276878357,0.28183937072753906,0.006692850962281227,0.0,-0.2238554209470749,-0.2238554209470749,linear,"[0.25451138615608215, 0.10878739506006241, 0.20861127972602844, 0.23407907783985138, 0.19401083886623383, 0.0]","[-0.25155699253082275, -0.2845866084098816, -0.14179228246212006, -0.24498842656612396, -0.21620303392410278, -0.3124959170818329]",1.7917587757110596,5.999992847442627,"[0.1667470633983612, 0.16651833057403564, 0.1670350730419159, 0.16650989651679993, 0.16668185591697693, 0.166507750749588]",0.4047951102256775,,0.0
ate_linear,20000026,static_ate,1,1,1.0,0.9988749623298645,0.3404521048069,0.006692850962281227,0.0,-0.6600239276885986,-0.6600239276885986,interaction,"[0.2236042618751526, 0.12271004170179367, 0.21253640949726105, 0.2259686291217804, 0.2151806503534317, 0.0]","[-0.6930807828903198, -0.42588144540786743, -0.6944247484207153, -0.7233850955963135, -0.6586807370185852, 0.18533097207546234]",1.7917587757110596,5.999992847442627,"[0.16674794256687164, 0.16651886701583862, 0.16703477501869202, 0.16650909185409546, 0.16668124496936798, 0.16650806367397308]",0.39827218651771545,,0.0
ate_linear,20000027,static_ate,1,1,1.0,0.9985467791557312,0.23244301974773407,0.006692850962281227,8.251837613215685e-08,-1.0065354108810425,-1.006535291671753,linear,"[0.2511400282382965, 0.1045212671160698, 0.22451680898666382, 0.23651394248008728, 0.1833079755306244, 0.0]","[-1.089337706565857, -0.9740316271781921, -0.9975772500038147, -0.9999156594276428, -0.9311391711235046, -0.896588146686554]",1.7917587757110596,5.999992847442627,"[0.16674907505512238, 0.16651886701583862, 0.1670357882976532, 0.16650725901126862, 0.16668261587619781, 0.1665063500404358]",0.4128791093826294,,0.0
ate_linear,20000028,static_ate,1,1,1.0,0.9985553622245789,0.23670721054077148,0.006692850962281227,0.0,-1.3576335906982422,-1.3576335906982422,linear,"[0.26730814576148987, 0.11014813184738159, 0.2588299810886383, 0.2107197791337967, 0.15299394726753235, 0.0]","[-1.2473362684249878, -2.3523471355438232, -1.2454214096069336, -1.1946828365325928, -1.2484685182571411, -1.5554746389389038]",1.7917587757110596,5.9999918937683105,"[0.16674678027629852, 0.1665186583995819, 0.16703450679779053, 0.1665104329586029, 0.1666812300682068, 0.16650840640068054]",0.39746224880218506,,0.0
ate_linear,20000029,static_ate,1,1,1.0,0.9989714622497559,0.5465085506439209,0.006692850962281227,-2.0477314066624785e-08,0.28345027565956116,0.28345024585723877,spline,"[0.21927914023399353, 0.13167978823184967, 0.22074301540851593, 0.21352802217006683, 0.21477006375789642, 0.0]","[0.324375718832016, 0.06523056328296661, 0.35890060663223267, 0.29778581857681274, 0.28365910053253174, 0.39250943064689636]",1.7917587757110596,5.999992370605469,"[0.16674773395061493, 0.1665184646844864, 0.16703516244888306, 0.16650931537151337, 0.16668201982975006, 0.1665073037147522]",0.4626482129096985,,0.0
ate_nonlinear,20000000,static_ate,1,1,1.0,0.9989123344421387,0.5568735003471375,0.006692850962281227,0.0,0.24096627533435822,0.24096627533435822,spline,"[0.212148517370224, 0.11742260307073593, 0.2524552643299103, 0.21000027656555176, 0.20797327160835266, 0.0]","[0.3027641773223877, -0.3037427067756653, 0.29219546914100647, 0.3425295352935791, 0.32073333859443665, 0.8018582463264465]",1.7917587757110596,5.9999918937683105,"[0.16674961149692535, 0.1665191799402237, 0.16703566908836365, 0.16650669276714325, 0.16668206453323364, 0.1665068119764328]",0.4634561240673065,,0.0
ate_nonlinear,20000001,static_ate,1,1,1.0,0.9990371465682983,0.4255940318107605,0.006692850962281227,-5.724232199355583e-09,-0.08358894288539886,-0.08358895033597946,linear,"[0.22242996096611023, 0.12269843369722366, 0.2206113189458847, 0.2220166176557541, 0.21224360167980194, 0.0]","[0.04891827702522278, -0.23033180832862854, -0.08144718408584595, -0.1702442467212677, -0.04920409247279167, 0.18853813409805298]",1.7917587757110596,5.999992370605469,"[0.16674654185771942, 0.1665184199810028, 0.16703443229198456, 0.1665107160806656, 0.16668133437633514, 0.16650855541229248]",0.40401285886764526,,0.0
ate_nonlinear,20000002,static_ate,1,1,1.0,0.9989588260650635,0.5667282342910767,0.006692850962281227,0.0,0.3274356722831726,0.3274356722831726,spline,"[0.2150186002254486, 0.1324954628944397, 0.22519156336784363, 0.20793645083904266, 0.2193579077720642, 0.0]","[0.36899012327194214, 0.00667378306388855, 0.34656664729118347, 0.4115365147590637, 0.3810865879058838, 0.6925733685493469]",1.7917588949203491,5.9999918937683105,"[0.1667485237121582, 0.16651873290538788, 0.16703514754772186, 0.1665080338716507, 0.16668181121349335, 0.1665078103542328]",0.4591030478477478,,0.0
ate_nonlinear,20000003,static_ate,1,1,1.0,0.9985983967781067,0.22734428942203522,0.006692850962281227,0.0,-1.390244483947754,-1.390244483947754,interaction,"[0.24204964935779572, 0.10003568232059479, 0.22326453030109406, 0.25463762879371643, 0.1800125390291214, 0.0]","[-1.1519848108291626, -1.02134370803833, -1.5154533386230469, -1.5134533643722534, -1.5860395431518555, -1.0222712755203247]",1.7917588949203491,5.999992370605469,"[0.16674667596817017, 0.16651839017868042, 0.16703470051288605, 0.16651040315628052, 0.1666816771030426, 0.16650815308094025]",0.4234296977519989,,0.0
ate_nonlinear,20000004,static_ate,1,1,1.0,0.9985865354537964,0.6426622867584229,0.006692850962281227,9.573761161618677e-08,1.2142940759658813,1.2142940759658813,interaction,"[0.22621186077594757, 0.10966813564300537, 0.22004804015159607, 0.23563069105148315, 0.20844124257564545, 0.0]","[1.1781976222991943, 1.0468695163726807, 1.2999303340911865, 1.2175865173339844, 1.2474290132522583, 0.7137541770935059]",1.7917588949203491,5.999992370605469,"[0.1667463183403015, 0.16651806235313416, 0.16703486442565918, 0.1665109395980835, 0.16668187081813812, 0.16650795936584473]",0.5783281326293945,,0.0
ate_nonlinear,20000005,static_ate,1,1,1.0,0.9986568689346313,0.256427139043808,0.006692850962281227,0.0,-0.7811483144760132,-0.7811483144760132,linear,"[0.25282022356987, 0.11154498159885406, 0.21084041893482208, 0.23223331570625305, 0.19256114959716797, 0.0]","[-0.8764688372612, -0.650048553943634, -0.742952823638916, -0.7625377178192139, -0.7962068915367126, -0.6674646735191345]",1.7917588949203491,5.9999918937683105,"[0.16674891114234924, 0.16651922464370728, 0.16703498363494873, 0.16650789976119995, 0.16668112576007843, 0.16650789976119995]",0.40517544746398926,,0.0
ate_nonlinear,20000006,static_ate,1,1,1.0,0.9988049268722534,0.30899226665496826,0.006692850962281227,-5.258748103642574e-08,-0.4754658639431,-0.47546592354774475,linear,"[0.2506673336029053, 0.11984828114509583, 0.21605254709720612, 0.21110911667346954, 0.20232269167900085, 0.0]","[-0.6157873868942261, -0.6398707628250122, -0.3905121088027954, -0.4388187527656555, -0.3331849277019501, -0.4647960364818573]",1.7917587757110596,5.9999918937683105,"[0.16674844920635223, 0.16651877760887146, 0.16703541576862335, 0.16650806367397308, 0.16668224334716797, 0.1665070801973343]",0.39096733927726746,,0.0
ate_nonlinear,20000007,static_ate,1,1,1.0,0.9984294772148132,0.2242467999458313,0.006692850962281227,1.7743029445682623e-07,-1.467426061630249,-1.4674259424209595,interaction,"[0.23442772030830383, 0.10025486350059509, 0.22119086980819702, 0.2569602131843567, 0.18716630339622498, 0.0]","[-1.5728027820587158, -1.05628502368927, -1.5599217414855957, -1.4520760774612427, -1.4674304723739624, -1.0060392618179321]",1.7917587757110596,5.999992847442627,"[0.166746586561203, 0.1665184050798416, 0.16703443229198456, 0.1665106862783432, 0.16668137907981873, 0.16650845110416412]",0.43690210580825806,,0.0
ate_nonlinear,20000008,static_ate,1,1,1.0,0.9987762570381165,0.31680527329444885,0.006692850962281227,0.0,-0.40367698669433594,-0.40367698669433594,interaction,"[0.22885248064994812, 0.09765283763408661, 0.17618374526500702, 0.2809023857116699, 0.21640853583812714, 0.0]","[-0.3710344731807709, 0.19276045262813568, -0.5441377758979797, -0.4563627541065216, -0.5245948433876038, 0.021470140665769577]",1.7917588949203491,5.999992847442627,"[0.16674669086933136, 0.16651836037635803, 0.1670348048210144, 0.16651050746440887, 0.16668161749839783, 0.1665080040693283]",0.4477914869785309,,0.0
ate_nonlinear,20000009,static_ate,1,1,1.0,0.9985439777374268,0.6878426671028137,0.006692850962281227,0.0,1.3932338953018188,1.3932338953018188,interaction,"[0.21065527200698853, 0.11041966080665588, 0.2311280518770218, 0.24533286690711975, 0.20246411859989166, 0.0]","[1.537323236465454, 1.200452446937561, 1.3620036840438843, 1.4264655113220215, 1.3438388109207153, 1.464289665222168]",1.7917587757110596,5.999992847442627,"[0.16674911975860596, 0.16651925444602966, 0.16703523695468903, 0.1665073186159134, 0.16668161749839783, 0.16650743782520294]",0.6130080223083496,,0.0
ate_nonlinear,20000010,static_ate,1,1,1.0,0.9983890056610107,0.22349810600280762,0.006692850962281227,0.0,-1.1646873950958252,-1.1646873950958252,interaction,"[0.2422349452972412, 0.08165562152862549, 0.15984493494033813, 0.3111017346382141, 0.20516280829906464, 0.0]","[-1.157485008239746, 0.512874960899353, -1.362305760383606, -1.3962013721466064, -1.3358409404754639, -1.3835394382476807]",1.7917587757110596,5.999992370605469,"[0.1667487919330597, 0.16651849448680878, 0.1670360267162323, 0.16650746762752533, 0.16668304800987244, 0.16650615632534027]",0.4804924428462982,,0.0
ate_nonlinear,20000011,static_ate,1,1,1.0,0.9986953139305115,0.6689894199371338,0.006692850962281227,1.1220716800153241e-07,1.2067762613296509,1.2067763805389404,interaction,"[0.21251969039440155, 0.1231129989027977, 0.21411342918872833, 0.23078320920467377, 0.21947064995765686, 0.0]","[1.1247475147247314, 1.2563984394073486, 1.2466386556625366, 1.2737144231796265, 1.149093747138977, 1.4353256225585938]",1.7917590141296387,5.999991416931152,"[0.1667470633983612, 0.16651825606822968, 0.16703490912914276, 0.1665099710226059, 0.16668178141117096, 0.16650809347629547]",0.5751867890357971,,0.0
ate_nonlinear,20000012,static_ate,1,1,1.0,0.9986384510993958,0.6832315325737,0.006692850962281227,0.0,1.53905189037323,1.53905189037323,interaction,"[0.20896370708942413, 0.10957840830087662, 0.2270326018333435, 0.2449568808078766, 0.20946839451789856, 0.0]","[1.6299540996551514, 1.5571409463882446, 1.497551441192627, 1.4979941844940186, 1.53190016746521, 1.9313215017318726]",1.7917588949203491,5.999992370605469,"[0.1667478084564209, 0.16651882231235504, 0.16703510284423828, 0.16650916635990143, 0.16668161749839783, 0.16650749742984772]",0.5976569652557373,,0.0
ate_nonlinear,20000013,static_ate,1,1,1.0,0.9986264705657959,0.6512091755867004,0.006692850962281227,0.0,0.9520092606544495,0.9520092606544495,interaction,"[0.22610294818878174, 0.11031872034072876, 0.228492870926857, 0.2302899956703186, 0.20479542016983032, 0.0]","[0.94908207654953, 0.6818152070045471, 0.9962096214294434, 1.0759695768356323, 0.9120817184448242, 0.8933647274971008]",1.7917587757110596,5.999992370605469,"[0.16674789786338806, 0.1665186583995819, 0.16703520715236664, 0.16650865972042084, 0.16668207943439484, 0.16650749742984772]",0.5710709691047668,,0.0
ate_nonlinear,20000014,static_ate,1,1,1.0,0.9986120462417603,0.675116240978241,0.006692850962281227,0.0,0.8811033368110657,0.8811033368110657,spline,"[0.21158134937286377, 0.11626066267490387, 0.29071372747421265, 0.19612181186676025, 0.18532247841358185, 0.0]","[0.98634934425354, -0.2765646278858185, 1.0736372470855713, 1.092204213142395, 0.961769700050354, 1.1780650615692139]",1.7917587757110596,5.999992370605469,"[0.16674840450286865, 0.16651862859725952, 0.1670355349779129, 0.1665082424879074, 0.16668197512626648, 0.16650722920894623]",0.5418170690536499,,0.0
ate_nonlinear,20000015,static_ate,1,1,1.0,0.998883068561554,0.6111845970153809,0.006692850962281227,5.929992497044623e-08,0.737733781337738,0.7377338409423828,piecewise,"[0.21535049378871918, 0.12932872772216797, 0.21682746708393097, 0.21723957359790802, 0.22125376760959625, 0.0]","[0.7444095015525818, 0.5106940269470215, 0.8466619253158569, 0.7037948369979858, 0.7905212640762329, 0.7584404349327087]",1.7917588949203491,5.9999918937683105,"[0.16674618422985077, 0.1665182113647461, 0.16703440248966217, 0.16651101410388947, 0.16668149828910828, 0.1665087342262268]",0.5010898113250732,,0.0
ate_nonlinear,20000016,static_ate,1,1,1.0,0.9989656209945679,0.4575490951538086,0.006692850962281227,0.0,-0.10471093654632568,-0.10471093654632568,piecewise,"[0.2195953130722046, 0.14082615077495575, 0.22167350351810455, 0.19586549699306488, 0.22203950583934784, 0.0]","[-0.24498040974140167, -0.25384771823883057, 0.056271884590387344, -0.05733025446534157, -0.07391005009412766, 0.44828000664711]",1.7917587757110596,5.999992370605469,"[0.16674727201461792, 0.16651834547519684, 0.16703499853610992, 0.16650933027267456, 0.16668225824832916, 0.1665077954530716]",0.4137347638607025,,0.0
ate_nonlinear,20000017,static_ate,1,1,1.0,0.9985677003860474,0.6860964894294739,0.006692850962281227,0.0,1.2752355337142944,1.2752355337142944,interaction,"[0.21198934316635132, 0.11668115854263306, 0.22372598946094513, 0.23461340367794037, 0.21299004554748535, 0.0]","[1.2301751375198364, 1.2081680297851562, 1.278793215751648, 1.3543894290924072, 1.2658988237380981, 1.3664494752883911]",1.7917587757110596,5.999992370605469,"[0.16674795746803284, 0.16651871800422668, 0.16703470051288605, 0.16650895774364471, 0.1666812151670456, 0.16650845110416412]",0.6063615083694458,,0.0
ate_nonlinear,20000018,static_ate,1,1,1.0,0.9986453652381897,0.6419006586074829,0.006692850962281227,1.694592128842487e-07,1.1741180419921875,1.174118161201477,interaction,"[0.2198992520570755, 0.09787564724683762, 0.19034399092197418, 0.28099048137664795, 0.21089063584804535, 0.0]","[1.2400990724563599, 2.0335004329681396, 1.0251799821853638, 1.0012773275375366, 1.071193814277649, 1.3480937480926514]",1.7917587757110596,5.999991416931152,"[0.16674776375293732, 0.16651873290538788, 0.1670348048210144, 0.16650913655757904, 0.1666814684867859, 0.16650816798210144]",0.6194016933441162,,0.0
ate_nonlinear,20000019,static_ate,1,1,1.0,0.9988157749176025,0.4664691388607025,0.006692850962281227,0.0,-0.15315985679626465,-0.15315985679626465,spline,"[0.206096813082695, 0.11385790258646011, 0.3287200331687927, 0.18161523342132568, 0.16970999538898468, 0.0]","[0.042588695883750916, -1.9860117435455322, 0.1567838340997696, 0.11622810363769531, -0.04985501244664192, 0.679119884967804]",1.7917587757110596,5.999992847442627,"[0.1667472869157791, 0.16651828587055206, 0.1670353263616562, 0.16650918126106262, 0.1666826456785202, 0.16650722920894623]",0.4254438877105713,,0.0
ate_nonlinear,20000020,static_ate,1,1,1.0,0.9986304044723511,0.23893289268016815,0.006692850962281227,0.0,-1.1985231637954712,-1.1985231637954712,linear,"[0.25758063793182373, 0.10875267535448074, 0.2318325638771057, 0.2274293303489685, 0.17440474033355713, 0.0]","[-1.1321451663970947, -1.392418384552002, -1.1405212879180908, -1.1918662786483765, -1.2614332437515259, -1.1233477592468262]",1.7917587757110596,5.999992370605469,"[0.16674819588661194, 0.166518896818161, 0.16703522205352783, 0.16650837659835815, 0.16668203473091125, 0.16650725901126862]",0.4022884964942932,,0.0
ate_nonlinear,20000021,static_ate,1,1,1.0,0.9983519315719604,0.21082837879657745,0.006692850962281227,-8.252198568925451e-08,-1.2921874523162842,-1.2921875715255737,interaction,"[0.2520906627178192, 0.09474435448646545, 0.2075113207101822, 0.267857164144516, 0.17779649794101715, 0.0]","[-1.4920647144317627, -0.9906041622161865, -1.2100574970245361, -1.2265855073928833, -1.3641849756240845, -1.5635936260223389]",1.7917587757110596,5.9999918937683105,"[0.16674768924713135, 0.1665181815624237, 0.1670353263616562, 0.16650885343551636, 0.16668246686458588, 0.1665075123310089]",0.44836875796318054,,0.0
ate_nonlinear,20000022,static_ate,1,1,1.0,0.9987333416938782,0.5202041864395142,0.006692850962281227,0.0,0.393610417842865,0.393610417842865,interaction,"[0.23095622658729553, 0.09809467196464539, 0.17562711238861084, 0.2580035626888275, 0.23731836676597595, 0.0]","[0.17285893857479095, 0.9198399782180786, 0.47137463092803955, 0.2753280699253082, 0.46197184920310974, 0.3385029137134552]",1.7917587757110596,5.999992847442627,"[0.16674715280532837, 0.1665181815624237, 0.16703487932682037, 0.16650991141796112, 0.16668188571929932, 0.16650797426700592]",0.5456456542015076,,0.0
ate_nonlinear,20000023,static_ate,1,1,1.0,0.9988001585006714,0.6823389530181885,0.006692850962281227,-5.6879702725609604e-08,0.925062894821167,0.9250628352165222,spline,"[0.19892267882823944, 0.12434589862823486, 0.2607707381248474, 0.20580856502056122, 0.21015213429927826, 0.0]","[1.0432096719741821, 0.17921128869056702, 1.00144624710083, 1.0514163970947266, 1.0360218286514282, 1.8667330741882324]",1.7917590141296387,5.999992370605469,"[0.16674695909023285, 0.16651836037635803, 0.16703477501869202, 0.1665101796388626, 0.16668158769607544, 0.16650815308094025]",0.5334775447845459,,0.0
ate_nonlinear,20000024,static_ate,1,1,1.0,0.998530387878418,0.6762411594390869,0.006692850962281227,0.0,1.2700550556182861,1.2700550556182861,interaction,"[0.2155367136001587, 0.10038380324840546, 0.220387801527977, 0.2569813132286072, 0.20671036839485168, 0.0]","[1.2621217966079712, 1.5421010255813599, 1.2312016487121582, 1.2047319412231445, 1.268848180770874, 1.42362380027771]",1.7917587757110596,5.999992370605469,"[0.1667477935552597, 0.16651873290538788, 0.16703498363494873, 0.1665092408657074, 0.1666814237833023, 0.1665078103542328]",0.6259212493896484,,0.0
ate_nonlinear,20000025,static_ate,1,1,1.0,0.9986945986747742,0.2653173804283142,0.006692850962281227,7.054632078506984e-08,-0.7302804589271545,-0.7302803993225098,linear,"[0.23497441411018372, 0.11516371369361877, 0.22256647050380707, 0.2286226600408554, 0.19867271184921265, 0.0]","[-0.7393004894256592, -0.5426995158195496, -0.8120526075363159, -0.7290958166122437, -0.7381032705307007, -0.2624360918998718]",1.7917588949203491,5.999992847442627,"[0.16674810647964478, 0.16651900112628937, 0.1670350730419159, 0.1665087193250656, 0.1666814684867859, 0.1665075719356537]",0.4041880965232849,,0.0
ate_nonlinear,20000026,static_ate,1,1,1.0,0.9987974166870117,0.2956528067588806,0.006692850962281227,0.0,-0.834653377532959,-0.834653377532959,linear,"[0.25406184792518616, 0.12087555974721909, 0.21134053170681, 0.21702352166175842, 0.19669853150844574, 0.0]","[-0.8926032781600952, -0.8704270124435425, -0.7795995473861694, -0.8135564923286438, -0.8202486634254456, -0.7241492867469788]",1.7917587757110596,5.9999918937683105,"[0.16674865782260895, 0.16651928424835205, 0.16703493893146515, 0.16650830209255219, 0.16668102145195007, 0.16650782525539398]",0.3884478807449341,,0.0
ate_nonlinear,20000027,static_ate,1,1,1.0,0.9985900521278381,0.24293863773345947,0.006692850962281227,0.0,-1.4834556579589844,-1.4834556579589844,spline,"[0.22831310331821442, 0.11041145771741867, 0.27147138118743896, 0.22021184861660004, 0.16959220170974731, 0.0]","[-1.4521645307540894, -2.6770598888397217, -1.3169081211090088, -1.3150674104690552, -1.233742117881775, -0.8785959482192993]",1.7917587757110596,5.9999918937683105,"[0.16674886643886566, 0.1665189415216446, 0.16703562438488007, 0.16650725901126862, 0.16668257117271423, 0.16650675237178802]",0.4023295044898987,,0.0
ate_nonlinear,20000028,static_ate,1,1,1.0,0.9987336993217468,0.276864618062973,0.006692850962281227,-1.2797858062185696e-07,-1.2286399602890015,-1.228640079498291,linear,"[0.2322128862142563, 0.11694812774658203, 0.22863230109214783, 0.2250998169183731, 0.19710689783096313, 0.0]","[-1.211605429649353, -1.17122483253479, -1.292332649230957, -1.2124016284942627, -1.2274384498596191, -0.34014832973480225]",1.7917588949203491,5.9999918937683105,"[0.1667458713054657, 0.16651809215545654, 0.1670343279838562, 0.16651146113872528, 0.1666816622018814, 0.16650865972042084]",0.3966626822948456,,0.0
ate_nonlinear,20000029,static_ate,1,1,1.0,0.9988646507263184,0.6018358469009399,0.006692850962281227,0.0,0.48040056228637695,0.48040056228637695,interaction,"[0.21825018525123596, 0.12423356622457504, 0.21315069496631622, 0.22262145578861237, 0.2217441350221634, 0.0]","[0.45538684725761414, 0.40360960364341736, 0.4829067885875702, 0.5166589617729187, 0.509231686592102, 0.5697740912437439]",1.7917588949203491,5.9999918937683105,"[0.1667483001947403, 0.16651900112628937, 0.16703525185585022, 0.16650845110416412, 0.16668176651000977, 0.16650725901126862]",0.5106120705604553,,0.0
ate_randomized,20000000,static_ate,1,1,1.0,0.9989272952079773,0.43139293789863586,0.006692850962281227,0.0,0.029324816539883614,0.029324816539883614,linear,"[0.2018437385559082, 0.10810321569442749, 0.16422368586063385, 0.18086880445480347, 0.16940200328826904, 0.17555859684944153]","[0.08443408459424973, -0.009955181740224361, 0.02179369516670704, 0.06110639497637749, -0.008460919372737408, 0.0009143821080215275]",1.7917587757110596,5.9999918937683105,"[0.166759192943573, 0.16653071343898773, 0.16703148186206818, 0.16649852693080902, 0.16668511927127838, 0.1664949506521225]",0.4301018714904785,,0.0
ate_randomized,20000001,static_ate,1,1,1.0,0.9988390803337097,0.33745530247688293,0.006692850962281227,0.0,-0.3065192997455597,-0.3065192997455597,linear,"[0.2112923264503479, 0.10772517323493958, 0.16948255896568298, 0.17536413669586182, 0.1643228977918625, 0.17181284725666046]","[-0.2984410524368286, -0.3816327750682831, -0.33487820625305176, -0.22500912845134735, -0.317864328622818, -0.31372854113578796]",1.7917587757110596,5.9999918937683105,"[0.16675691306591034, 0.16652975976467133, 0.1670314520597458, 0.16650071740150452, 0.16668614745140076, 0.16649502515792847]",0.4006178379058838,,0.0
ate_randomized,20000002,static_ate,1,1,1.0,0.9988640546798706,0.5106296539306641,0.006692850962281227,4.2522994903038125e-08,0.2995760142803192,0.2995760440826416,linear,"[0.202748104929924, 0.10452845692634583, 0.16581879556179047, 0.1883358657360077, 0.17369380593299866, 0.16487492620944977]","[0.3678411841392517, 0.27807191014289856, 0.34573718905448914, 0.34212732315063477, 0.3416885435581207, 0.08986645191907883]",1.7917590141296387,5.9999918937683105,"[0.166756734251976, 0.16652925312519073, 0.16703185439109802, 0.16650086641311646, 0.16668669879436493, 0.16649466753005981]",0.4728863835334778,,0.0
ate_randomized,20000003,static_ate,1,1,1.0,0.9985103011131287,0.23288533091545105,0.006692850962281227,0.0,-1.4466050863265991,-1.4466050863265991,linear,"[0.21901851892471313, 0.09381646662950516, 0.2078653872013092, 0.19048772752285004, 0.14697681367397308, 0.1418350636959076]","[-1.5259737968444824, -1.5371204614639282, -1.405281662940979, -1.5063334703445435, -1.5290547609329224, -1.1590800285339355]",1.7917588949203491,5.999992370605469,"[0.16675809025764465, 0.1665305495262146, 0.1670311838388443, 0.16649958491325378, 0.16668520867824554, 0.16649538278579712]",0.4245842695236206,,0.0
ate_randomized,20000004,static_ate,1,1,1.0,0.998699426651001,0.6930745840072632,0.006692850962281227,0.0,1.1403875350952148,1.1403875350952148,interaction,"[0.17557159066200256, 0.11259305477142334, 0.1888897567987442, 0.19182413816452026, 0.18359272181987762, 0.14752864837646484]","[1.069027304649353, 1.0643736124038696, 1.0271964073181152, 1.081607460975647, 1.0354210138320923, 1.6353063583374023]",1.7917587757110596,5.9999918937683105,"[0.16675780713558197, 0.16653013229370117, 0.1670314520597458, 0.16649998724460602, 0.1666855663061142, 0.16649505496025085]",0.5753902196884155,,0.0
ate_randomized,20000005,static_ate,1,1,1.0,0.9987345337867737,0.2743748426437378,0.006692850962281227,3.8402848900886966e-08,-0.6284602880477905,-0.6284602284431458,linear,"[0.20810861885547638, 0.09804285317659378, 0.1818641871213913, 0.1822369247674942, 0.16039998829364777, 0.16934743523597717]","[-0.6453178524971008, -0.603631854057312, -0.7096796035766602, -0.7191051840782166, -0.6429130434989929, -0.423662930727005]",1.7917587757110596,5.999992370605469,"[0.16675974428653717, 0.16653119027614594, 0.16703151166439056, 0.16649790108203888, 0.16668465733528137, 0.16649498045444489]",0.39977139234542847,,0.0
ate_randomized,20000006,static_ate,1,1,1.0,0.9988933205604553,0.4040865898132324,0.006692850962281227,-3.3357643314246843e-09,-0.03718237951397896,-0.03718238323926926,linear,"[0.2113468199968338, 0.10883310437202454, 0.16689690947532654, 0.17906850576400757, 0.16734346747398376, 0.16651120781898499]","[0.013538820669054985, -0.1357022523880005, 0.07846784591674805, 0.013392671011388302, -0.02480732649564743, -0.21991173923015594]",1.7917587757110596,5.9999918937683105,"[0.16675639152526855, 0.16652919352054596, 0.16703186929225922, 0.1665012538433075, 0.1666870415210724, 0.16649428009986877]",0.420362263917923,,0.0
ate_randomized,20000007,static_ate,1,1,1.0,0.9984386563301086,0.21736298501491547,0.006692850962281227,0.0,-1.5816795825958252,-1.5816795825958252,linear,"[0.23589608073234558, 0.08593912422657013, 0.20755212008953094, 0.20894603431224823, 0.13925866782665253, 0.12240792065858841]","[-1.4909518957138062, -1.801777720451355, -1.4974395036697388, -1.5087288618087769, -1.511664628982544, -1.949012279510498]",1.7917587757110596,5.999992847442627,"[0.16675534844398499, 0.16652877628803253, 0.16703176498413086, 0.16650228202342987, 0.1666872650384903, 0.16649450361728668]",0.437601774930954,,0.0
ate_randomized,20000008,static_ate,1,1,1.0,0.9985344409942627,0.23061825335025787,0.006692850962281227,-6.766818927417262e-08,-0.9306722283363342,-0.930672287940979,linear,"[0.2234618067741394, 0.09075895696878433, 0.19520719349384308, 0.19607293605804443, 0.14979718625545502, 0.14470185339450836]","[-0.9517799019813538, -0.9136266112327576, -0.9127224683761597, -0.9580438733100891, -0.9190719723701477, -0.9079017043113708]",1.7917588949203491,5.999991416931152,"[0.1667582243680954, 0.16653048992156982, 0.16703148186206818, 0.16649948060512543, 0.166685551404953, 0.16649483144283295]",0.4216346740722656,,0.0
ate_randomized,20000009,static_ate,1,1,1.0,0.9986554384231567,0.6974558234214783,0.006692850962281227,0.0,1.1874920129776,1.1874920129776,spline,"[0.17492178082466125, 0.10832282155752182, 0.1978577822446823, 0.19438068568706512, 0.18345972895622253, 0.14105723798274994]","[1.084495186805725, 1.0544018745422363, 1.144472599029541, 1.090726613998413, 1.1548901796340942, 1.6535104513168335]",1.7917588949203491,5.9999918937683105,"[0.16675670444965363, 0.1665293425321579, 0.16703185439109802, 0.16650086641311646, 0.1666867434978485, 0.16649450361728668]",0.5855958461761475,,0.0
ate_randomized,20000010,static_ate,1,1,1.0,0.9984459280967712,0.2262393832206726,0.006692850962281227,1.600855767946996e-07,-1.5552424192428589,-1.5552423000335693,linear,"[0.22449560463428497, 0.09056026488542557, 0.2213931828737259, 0.1942325383424759, 0.14157378673553467, 0.1277446150779724]","[-1.5906522274017334, -1.7611249685287476, -1.4884454011917114, -1.6145532131195068, -1.5487256050109863, -1.3798679113388062]",1.7917587757110596,5.999992847442627,"[0.16676098108291626, 0.16653183102607727, 0.16703101992607117, 0.1664966195821762, 0.16668397188186646, 0.16649556159973145]",0.43667441606521606,,0.0
ate_randomized,20000011,static_ate,1,1,1.0,0.99875807762146,0.6231817007064819,0.006692850962281227,0.0,0.8023704886436462,0.8023704886436462,interaction,"[0.19196461141109467, 0.11082009226083755, 0.1729324460029602, 0.19392716884613037, 0.17877069115638733, 0.15158499777317047]","[0.8526744842529297, 0.8265143036842346, 0.8493048548698425, 0.8417553305625916, 0.7490506768226624, 0.67996746301651]",1.7917587757110596,5.999992370605469,"[0.1667601317167282, 0.16653144359588623, 0.16703127324581146, 0.16649754345417023, 0.16668446362018585, 0.16649512946605682]",0.5434474945068359,,0.0
ate_randomized,20000012,static_ate,1,1,1.0,0.9984897375106812,0.6818908452987671,0.006692850962281227,0.0,1.6802610158920288,1.6802610158920288,interaction,"[0.18882185220718384, 0.10489650070667267, 0.19465048611164093, 0.2032390832901001, 0.17844551801681519, 0.1299465447664261]","[1.6402896642684937, 1.5825309753417969, 1.7637728452682495, 1.7853997945785522, 1.6649737358093262, 1.548693299293518]",1.7917587757110596,5.9999918937683105,"[0.16675977408885956, 0.16653139889240265, 0.16703107953071594, 0.16649800539016724, 0.16668428480625153, 0.16649547219276428]",0.6112698912620544,,0.0
ate_randomized,20000013,static_ate,1,1,1.0,0.9985853433609009,0.6824615597724915,0.006692850962281227,-1.4833865691343817e-07,1.1203845739364624,1.1203843355178833,interaction,"[0.18456894159317017, 0.10432461649179459, 0.19767454266548157, 0.20318877696990967, 0.178654283285141, 0.13158884644508362]","[1.1528513431549072, 1.0030670166015625, 1.1324924230575562, 1.1061283349990845, 1.132461667060852, 1.1552834510803223]",1.79175865650177,5.999992847442627,"[0.16675864160060883, 0.16653044521808624, 0.16703152656555176, 0.16649897396564484, 0.1666852980852127, 0.16649504005908966]",0.5964547991752625,,0.0
ate_randomized,20000014,static_ate,1,1,1.0,0.9983819723129272,0.6833710074424744,0.006692850962281227,0.0,1.3564168214797974,1.3564168214797974,interaction,"[0.19279301166534424, 0.09956357628107071, 0.19102367758750916, 0.21019019186496735, 0.1770150363445282, 0.12941457331180573]","[1.2936266660690308, 1.451898455619812, 1.3039579391479492, 1.4985175132751465, 1.3652945756912231, 1.2109936475753784]",1.7917588949203491,5.9999918937683105,"[0.16676096618175507, 0.1665317863225937, 0.16703125834465027, 0.16649681329727173, 0.16668392717838287, 0.16649529337882996]",0.6351617574691772,,0.0
ate_randomized,20000015,static_ate,1,1,1.0,0.9988226294517517,0.6710579991340637,0.006692850962281227,0.0,1.1193400621414185,1.1193400621414185,piecewise,"[0.17217187583446503, 0.11608657985925674, 0.18285755813121796, 0.18190136551856995, 0.1857936680316925, 0.16118896007537842]","[1.0084973573684692, 0.9866940975189209, 0.9138777256011963, 1.0107611417770386, 1.0177676677703857, 1.805956482887268]",1.7917588949203491,5.9999918937683105,"[0.1667570173740387, 0.16652987897396088, 0.16703128814697266, 0.16650067269802094, 0.1666857749223709, 0.1664953976869583]",0.5378777384757996,,0.0
ate_randomized,20000016,static_ate,1,1,1.0,0.998909592628479,0.3893123269081116,0.006692850962281227,0.0,-0.0868530124425888,-0.0868530124425888,linear,"[0.2049117386341095, 0.10330575704574585, 0.16156506538391113, 0.18358877301216125, 0.17155957221984863, 0.17506910860538483]","[-0.03435739502310753, -0.053790152072906494, -0.16225409507751465, -0.08501558750867844, -0.04636302590370178, -0.1398271769285202]",1.7917587757110596,5.9999918937683105,"[0.16675838828086853, 0.16653041541576385, 0.1670314520597458, 0.16649919748306274, 0.16668543219566345, 0.1664951741695404]",0.416317880153656,,0.0
ate_randomized,20000017,static_ate,1,1,1.0,0.9986238479614258,0.6955453753471375,0.006692850962281227,0.0,1.1497802734375,1.1497802734375,interaction,"[0.1791144162416458, 0.1086878776550293, 0.1942896842956543, 0.1973816454410553, 0.18107962608337402, 0.13944678008556366]","[1.1001803874969482, 1.0447474718093872, 1.103570818901062, 1.1356583833694458, 1.068179965019226, 1.4856890439987183]",1.7917587757110596,5.999992370605469,"[0.16675931215286255, 0.1665308177471161, 0.16703154146671295, 0.1664983034133911, 0.16668489575386047, 0.16649511456489563]",0.5936638712882996,,0.0
ate_randomized,20000018,static_ate,1,1,1.0,0.9984725117683411,0.689452052116394,0.006692850962281227,0.0,1.3732964992523193,1.3732964992523193,interaction,"[0.18650034070014954, 0.10023803263902664, 0.1952488124370575, 0.21222969889640808, 0.17805565893650055, 0.12772738933563232]","[1.372002363204956, 1.3975203037261963, 1.3279802799224854, 1.4007482528686523, 1.3505465984344482, 1.4115495681762695]",1.7917588949203491,5.9999918937683105,"[0.1667604148387909, 0.16653159260749817, 0.1670312136411667, 0.16649730503559113, 0.16668398678302765, 0.16649554669857025]",0.6248029470443726,,0.0
ate_randomized,20000019,static_ate,1,1,1.0,0.9988340735435486,0.5988461971282959,0.006692850962281227,0.0,0.5524336695671082,0.5524336695671082,interaction,"[0.18871472775936127, 0.10980787128210068, 0.1617007851600647, 0.19529606401920319, 0.17582759261131287, 0.1686529815196991]","[0.577968180179596, 0.6846815943717957, 0.5424228310585022, 0.556013822555542, 0.4046773314476013, 0.5972510576248169]",1.7917587757110596,5.9999918937683105,"[0.1667574644088745, 0.1665298342704773, 0.1670316606760025, 0.16650009155273438, 0.1666862666606903, 0.16649466753005981]",0.5315239429473877,,0.0
ate_randomized,20000020,static_ate,1,1,1.0,0.9984588623046875,0.22159165143966675,0.006692850962281227,7.833126858258765e-08,-1.2090929746627808,-1.2090929746627808,linear,"[0.21689552068710327, 0.08291315287351608, 0.1843239963054657, 0.21183788776397705, 0.15088829398155212, 0.15314118564128876]","[-1.2121219635009766, -0.9627669453620911, -1.2633503675460815, -1.2469892501831055, -1.1597001552581787, -1.269107460975647]",1.7917587757110596,5.999992847442627,"[0.16675607860088348, 0.1665290892124176, 0.16703185439109802, 0.1665014773607254, 0.16668717563152313, 0.16649429500102997]",0.43576768040657043,,0.0
ate_randomized,20000021,static_ate,1,1,1.0,0.9984197616577148,0.21853438019752502,0.006692850962281227,0.0,-1.002224326133728,-1.002224326133728,interaction,"[0.18951894342899323, 0.07475504279136658, 0.16524791717529297, 0.2212405502796173, 0.16044341027736664, 0.18879421055316925]","[-1.1140341758728027, -0.729975700378418, -1.121640682220459, -1.0876961946487427, -0.8753224015235901, -0.9009460210800171]",1.7917587757110596,5.9999918937683105,"[0.16676093637943268, 0.16653189063072205, 0.16703107953071594, 0.16649673879146576, 0.1666838526725769, 0.16649548709392548]",0.4515681564807892,,0.0
ate_randomized,20000022,static_ate,1,1,1.0,0.9987786412239075,0.6375111937522888,0.006692850962281227,0.0,0.5592501759529114,0.5592501759529114,interaction,"[0.18506455421447754, 0.10989416390657425, 0.17288894951343536, 0.19053088128566742, 0.17919938266277313, 0.1624220609664917]","[0.540566086769104, 0.5907813906669617, 0.5303308963775635, 0.5683954954147339, 0.485397070646286, 0.6607415676116943]",1.7917587757110596,5.999992370605469,"[0.16675662994384766, 0.16652922332286835, 0.16703186929225922, 0.16650095582008362, 0.16668669879436493, 0.16649459302425385]",0.5446001291275024,,0.0
ate_randomized,20000023,static_ate,1,1,1.0,0.9984826445579529,0.679012656211853,0.006692850962281227,0.0,1.2063366174697876,1.2063366174697876,interaction,"[0.1907414346933365, 0.09655934572219849, 0.19746746122837067, 0.21275566518306732, 0.17482301592826843, 0.1276530772447586]","[1.2771759033203125, 1.1727850437164307, 1.1786277294158936, 1.2329517602920532, 1.2369295358657837, 1.0824731588363647]",1.7917587757110596,5.9999918937683105,"[0.16675670444965363, 0.16652944684028625, 0.16703180968761444, 0.16650085151195526, 0.1666867583990097, 0.1664944440126419]",0.6174758076667786,,0.0
ate_randomized,20000024,static_ate,1,1,1.0,0.9984840750694275,0.671174943447113,0.006692850962281227,5.8011213610598134e-08,0.9401556849479675,0.9401557445526123,interaction,"[0.19363939762115479, 0.10206916183233261, 0.18895180523395538, 0.20496216416358948, 0.17678479850292206, 0.1335926353931427]","[0.9248626232147217, 0.9630662202835083, 0.9861170649528503, 1.015836477279663, 0.9198186993598938, 0.7906115055084229]",1.7917587757110596,5.9999918937683105,"[0.1667582094669342, 0.1665302962064743, 0.16703149676322937, 0.16649961471557617, 0.166685551404953, 0.16649487614631653]",0.6121185421943665,,0.0
ate_randomized,20000025,static_ate,1,1,1.0,0.9987927675247192,0.3103146255016327,0.006692850962281227,0.0,-0.2737818956375122,-0.2737818956375122,linear,"[0.2053346335887909, 0.0980917289853096, 0.15393024682998657, 0.18970420956611633, 0.16175740957260132, 0.19118180871009827]","[-0.2796086072921753, -0.1304948478937149, -0.3362826406955719, -0.21682755649089813, -0.3689426779747009, -0.26671847701072693]",1.7917588949203491,5.9999918937683105,"[0.1667564958333969, 0.16652928292751312, 0.16703197360038757, 0.16650106012821198, 0.16668692231178284, 0.16649426519870758]",0.4197443723678589,,0.0
ate_randomized,20000026,static_ate,1,1,1.0,0.9987998008728027,0.31471410393714905,0.006692850962281227,0.0,-0.6581840515136719,-0.6581840515136719,linear,"[0.2035282999277115, 0.1055624932050705, 0.1714990884065628, 0.17457938194274902, 0.16467303037643433, 0.1801576167345047]","[-0.7884774804115295, -0.5892113447189331, -0.7008110880851746, -0.7616046667098999, -0.7475267648696899, -0.32894256711006165]",1.7917588949203491,5.9999918937683105,"[0.16675898432731628, 0.16653089225292206, 0.1670311838388443, 0.16649886965751648, 0.1666848063468933, 0.16649532318115234]",0.39884626865386963,,0.0
ate_randomized,20000027,static_ate,1,1,1.0,0.998577356338501,0.24034473299980164,0.006692850962281227,0.0,-0.9422574639320374,-0.9422574639320374,linear,"[0.22370246052742004, 0.09358827769756317, 0.18527647852897644, 0.1928872913122177, 0.15254144370555878, 0.15200410783290863]","[-0.9850058555603027, -0.8926515579223633, -0.9005258083343506, -0.934651255607605, -0.9507296681404114, -0.9619028568267822]",1.7917587757110596,5.9999918937683105,"[0.16675683856010437, 0.16652944684028625, 0.16703175008296967, 0.1665007770061493, 0.16668657958507538, 0.16649459302425385]",0.41489166021347046,,0.0
ate_randomized,20000028,static_ate,1,1,1.0,0.9985733032226562,0.23897959291934967,0.006692850962281227,0.0,-1.3824949264526367,-1.3824949264526367,linear,"[0.22868488729000092, 0.09443581849336624, 0.1955646127462387, 0.19052396714687347, 0.14919480681419373, 0.1415959596633911]","[-1.3615472316741943, -1.4705877304077148, -1.3726789951324463, -1.353978157043457, -1.3811299800872803, -1.4109399318695068]",1.7917588949203491,5.999992370605469,"[0.166757270693779, 0.16653022170066833, 0.16703104972839355, 0.16650047898292542, 0.16668550670146942, 0.1664954572916031]",0.4129166305065155,,0.0
ate_randomized,20000029,static_ate,1,1,1.0,0.9987070560455322,0.6243738532066345,0.006692850962281227,7.427303927443063e-08,0.6731486320495605,0.6731487512588501,linear,"[0.19217897951602936, 0.10492350906133652, 0.18197154998779297, 0.19049835205078125, 0.18188732862472534, 0.14854025840759277]","[0.6294134259223938, 0.6560714244842529, 0.7452916502952576, 0.687318742275238, 0.7644798159599304, 0.5234079957008362]",1.7917587757110596,5.9999918937683105,"[0.16675817966461182, 0.16653034090995789, 0.16703161597251892, 0.16649945080280304, 0.1666857749223709, 0.166494682431221]",0.5506111979484558,,0.0
ate_poor_overlap,20000000,static_ate,1,0,1.0,2.061153470123145e-09,0.4312587082386017,0.006692850962281227,-3.884376909013554e-08,0.42475277185440063,0.42475274205207825,linear,"[0.2681482434272766, 0.09103134274482727, 0.18502089381217957, 0.23726311326026917, 0.21853643655776978, 0.0]","[0.315989226102829, 0.22490191459655762, 0.3040314316749573, 0.3581541180610657, 0.8159680366516113, -0.7068950533866882]",1.7917588949203491,5.999992847442627,"[0.16676868498325348, 0.1665448099374771, 0.16701149940490723, 0.16649775207042694, 0.16668199002742767, 0.16649526357650757]",0.4776882529258728,,0.0
ate_poor_overlap,20000001,static_ate,1,0,1.0,2.061153470123145e-09,0.276070237159729,0.006692850962281227,0.0,-0.4151346981525421,-0.4151346981525421,linear,"[0.2656584084033966, 0.09833556413650513, 0.20259089767932892, 0.22981968522071838, 0.20359542965888977, 0.0]","[-0.48191264271736145, -0.4897095859050751, -0.4567386507987976, -0.5835952162742615, -0.0604233518242836, -0.8567929267883301]",1.7917588949203491,5.999992370605469,"[0.1667688935995102, 0.16654354333877563, 0.1670127660036087, 0.16649889945983887, 0.16668064892292023, 0.16649527847766876]",0.3970009684562683,,0.0
ate_poor_overlap,20000002,static_ate,1,0,1.0,2.061153470123145e-09,0.335499107837677,0.006692850962281227,2.2254804221688573e-08,-0.3042522072792053,-0.30425217747688293,linear,"[0.24476315081119537, 0.12016713619232178, 0.1959080547094345, 0.23134109377861023, 0.2078205794095993, 0.0]","[-0.2339324653148651, -0.19105318188667297, -0.3863244354724884, -0.3379749357700348, -0.337619423866272, -0.18047335743904114]",1.7917587757110596,5.999993801116943,"[0.16676899790763855, 0.16654378175735474, 0.16701248288154602, 0.16649840772151947, 0.16668079793453217, 0.1664954572916031]",0.4027559757232666,,0.0
ate_poor_overlap,20000003,static_ate,1,0,1.0,2.061153470123145e-09,0.2338038682937622,0.006692850962281227,-1.5762689997700363e-07,-1.624910593032837,-1.6249107122421265,spline,"[0.24376600980758667, 0.10685528069734573, 0.257370263338089, 0.22336123883724213, 0.1686471700668335, 0.0]","[-1.582966685295105, -1.6134270429611206, -1.6358404159545898, -1.569190263748169, -1.7499315738677979, -1.0105879306793213]",1.7917587757110596,5.999992847442627,"[0.16676945984363556, 0.16654334962368011, 0.16701312363147736, 0.16649873554706573, 0.16667993366718292, 0.1664953976869583]",0.4375813603401184,,0.0
ate_poor_overlap,20000004,static_ate,1,0,1.0,2.061153470123145e-09,0.6896963119506836,0.006692850962281227,9.449282600826336e-08,0.8078545331954956,0.8078545928001404,piecewise,"[0.2023227959871292, 0.13863909244537354, 0.21086694300174713, 0.2217007875442505, 0.2264704406261444, 0.0]","[0.8484804630279541, 0.7980809211730957, 0.7101649045944214, 0.9456499218940735, 0.7336090207099915, 1.5076979398727417]",1.7917588949203491,5.9999918937683105,"[0.166768878698349, 0.16654470562934875, 0.16701170802116394, 0.16649778187274933, 0.16668164730072021, 0.16649533808231354]",0.5615535378456116,,0.0
ate_poor_overlap,20000005,static_ate,1,0,1.0,2.061153470123145e-09,0.23599350452423096,0.006692850962281227,0.0,-1.1576895713806152,-1.1576895713806152,linear,"[0.25706931948661804, 0.1127387285232544, 0.2377278208732605, 0.22498103976249695, 0.16748309135437012, 0.0]","[-1.0770506858825684, -1.1100655794143677, -1.0062731504440308, -1.17025625705719, -1.5115607976913452, -0.8232526779174805]",1.7917588949203491,5.999992847442627,"[0.16676831245422363, 0.16654391586780548, 0.1670122742652893, 0.16649867594242096, 0.16668175160884857, 0.16649502515792847]",0.4248706102371216,,0.0
ate_poor_overlap,20000006,static_ate,1,0,1.0,2.061153470123145e-09,0.22807493805885315,0.006692850962281227,0.0,-0.7726839184761047,-0.7726839184761047,linear,"[0.3072206377983093, 0.09477061033248901, 0.18007533252239227, 0.24933521449565887, 0.1685982197523117, 0.0]","[-0.7679014205932617, -0.7517741322517395, -0.7472115159034729, -0.7388404011726379, -0.8704090118408203, -2.549269914627075]",1.7917587757110596,5.999992847442627,"[0.16676892340183258, 0.16654537618160248, 0.167011097073555, 0.16649721562862396, 0.16668201982975006, 0.16649532318115234]",0.4277770221233368,,0.0
ate_poor_overlap,20000007,static_ate,1,0,1.0,2.061153470123145e-09,0.22423723340034485,0.006692850962281227,0.0,-0.821636438369751,-0.821636438369751,linear,"[0.285077840089798, 0.10817579180002213, 0.21443673968315125, 0.23493154346942902, 0.15737810730934143, 0.0]","[-0.7619638442993164, -1.2048165798187256, -0.4745572507381439, -0.7791366577148438, -1.2027031183242798, -1.4612396955490112]",1.7917588949203491,5.999992370605469,"[0.16676923632621765, 0.1665440797805786, 0.16701245307922363, 0.16649825870990753, 0.1666807383298874, 0.16649529337882996]",0.4242972731590271,,0.0
ate_poor_overlap,20000008,static_ate,1,0,1.0,2.061153470123145e-09,0.3274788558483124,0.006692850962281227,0.0,-0.5513598918914795,-0.5513598918914795,spline,"[0.22211827337741852, 0.13075728714466095, 0.22957396507263184, 0.21289803087711334, 0.20465245842933655, 0.0]","[-0.3958737552165985, -0.4874531328678131, -0.7557535171508789, -0.48529675602912903, -0.6003885865211487, 0.13894233107566833]",1.7917588949203491,5.999992370605469,"[0.16676899790763855, 0.16654403507709503, 0.16701242327690125, 0.1664983630180359, 0.1666809618473053, 0.16649524867534637]",0.3932879567146301,,0.0
ate_poor_overlap,20000009,static_ate,1,0,1.0,2.061153470123145e-09,0.5767785906791687,0.006692850962281227,0.0,0.758359432220459,0.758359432220459,linear,"[0.2528819739818573, 0.10124640166759491, 0.1957540661096573, 0.24536862969398499, 0.20474892854690552, 0.0]","[0.8017861247062683, 0.6195691823959351, 0.6716725826263428, 0.7687122225761414, 0.8438262939453125, -0.18720334768295288]",1.7917588949203491,5.999992847442627,"[0.16676893830299377, 0.1665443629026413, 0.167012020945549, 0.1664980798959732, 0.16668127477169037, 0.16649532318115234]",0.5735747218132019,,0.0
ate_poor_overlap,20000010,static_ate,1,0,1.0,2.061153470123145e-09,0.20957154035568237,0.006692850962281227,0.0,-1.0342775583267212,-1.0342775583267212,interaction,"[0.25997281074523926, 0.07969128340482712, 0.16450373828411102, 0.30173563957214355, 0.19409656524658203, 0.0]","[-1.1791350841522217, -0.36682403087615967, -1.0036522150039673, -1.1130062341690063, -1.0178630352020264, -2.016922950744629]",1.7917587757110596,5.999992847442627,"[0.16676880419254303, 0.166544571518898, 0.16701173782348633, 0.16649791598320007, 0.16668163239955902, 0.16649529337882996]",0.47489500045776367,,0.0
ate_poor_overlap,20000011,static_ate,1,0,1.0,2.061153470123145e-09,0.7126488089561462,0.006692850962281227,0.0,1.2656309604644775,1.2656309604644775,spline,"[0.18369734287261963, 0.1104336529970169, 0.2429821491241455, 0.22945494949817657, 0.2334318906068802, 0.0]","[1.1124616861343384, 1.1937291622161865, 1.1898821592330933, 1.0056145191192627, 1.7546159029006958, 2.157654047012329]",1.7917590141296387,5.999992370605469,"[0.16676819324493408, 0.16654378175735474, 0.1670122742652893, 0.1664988249540329, 0.16668185591697693, 0.16649509966373444]",0.5978624224662781,,0.0
ate_poor_overlap,20000012,static_ate,1,0,1.0,2.061153470123145e-09,0.7154422998428345,0.006692850962281227,0.0,1.365259051322937,1.365259051322937,interaction,"[0.19075386226177216, 0.12471190094947815, 0.226370170712471, 0.23972415924072266, 0.2184399962425232, 0.0]","[1.6828818321228027, 1.3407658338546753, 1.196643352508545, 1.3211692571640015, 1.324999451637268, 2.749746322631836]",1.7917587757110596,5.999992370605469,"[0.16677002608776093, 0.16654488444328308, 0.16701200604438782, 0.16649705171585083, 0.1666804850101471, 0.16649556159973145]",0.5929099917411804,,0.0
ate_poor_overlap,20000013,static_ate,1,0,1.0,2.061153470123145e-09,0.6453123688697815,0.006692850962281227,1.3974678836348176e-07,1.0229512453079224,1.022951364517212,interaction,"[0.22519537806510925, 0.09896911680698395, 0.2017669677734375, 0.2543022930622101, 0.21976622939109802, 0.0]","[0.933891236782074, 1.2427140474319458, 0.8818739652633667, 0.9731941819190979, 1.202343225479126, 0.5675384402275085]",1.7917588949203491,5.9999918937683105,"[0.16676829755306244, 0.16654357314109802, 0.1670125275850296, 0.1664990931749344, 0.1666814237833023, 0.1664951592683792]",0.6164891123771667,,0.0
ate_poor_overlap,20000014,static_ate,1,0,1.0,2.061153470123145e-09,0.5885263681411743,0.006692850962281227,0.0,1.1979233026504517,1.1979233026504517,interaction,"[0.24447683990001678, 0.09110640734434128, 0.2015664279460907, 0.25455474853515625, 0.20829564332962036, 0.0]","[1.1622511148452759, 1.2058441638946533, 1.0910758972167969, 1.094362497329712, 1.466282606124878, -0.16487134993076324]",1.7917590141296387,5.999992847442627,"[0.16676931083202362, 0.16654521226882935, 0.16701149940490723, 0.1664971262216568, 0.16668157279491425, 0.16649529337882996]",0.6073926091194153,,0.0
ate_poor_overlap,20000015,static_ate,1,0,1.0,2.061153470123145e-09,0.5445910096168518,0.006692850962281227,0.0,1.0584547519683838,1.0584547519683838,linear,"[0.23782405257225037, 0.09518780559301376, 0.21062055230140686, 0.2316868007183075, 0.2246808260679245, 0.0]","[0.7795571088790894, 0.8302863240242004, 1.188777208328247, 0.7157660126686096, 1.6815396547317505, -0.2693837583065033]",1.7917588949203491,5.999992847442627,"[0.16676893830299377, 0.16654329001903534, 0.16701292991638184, 0.16649910807609558, 0.16668039560317993, 0.16649533808231354]",0.5270804762840271,,0.0
ate_poor_overlap,20000016,static_ate,1,0,1.0,2.061153470123145e-09,0.408150851726532,0.006692850962281227,0.0,-0.19393008947372437,-0.19393008947372437,spline,"[0.22244110703468323, 0.14167067408561707, 0.22309045493602753, 0.1984950751066208, 0.21430270373821259, 0.0]","[-0.24438214302062988, -0.2717129588127136, 0.015058165416121483, -0.29233497381210327, -0.21655334532260895, 0.3304448425769806]",1.7917588949203491,5.999992847442627,"[0.16676941514015198, 0.1665440946817398, 0.16701242327690125, 0.16649800539016724, 0.1666804999113083, 0.16649557650089264]",0.4033620059490204,,0.0
ate_poor_overlap,20000017,static_ate,1,0,1.0,2.061153470123145e-09,0.6024306416511536,0.006692850962281227,1.1914773523358235e-07,1.0990066528320312,1.0990067720413208,linear,"[0.23744261264801025, 0.09833478927612305, 0.22514761984348297, 0.2363937795162201, 0.20268121361732483, 0.0]","[0.9545367360115051, 0.8866904377937317, 1.275362253189087, 0.9783403277397156, 1.3160971403121948, 0.011140278540551662]",1.7917590141296387,5.9999918937683105,"[0.16676877439022064, 0.1665436327457428, 0.16701266169548035, 0.16649869084358215, 0.16668103635311127, 0.16649527847766876]",0.6088227033615112,,0.0
ate_poor_overlap,20000018,static_ate,1,0,1.0,2.061153470123145e-09,0.6949601769447327,0.006692850962281227,0.0,1.4652193784713745,1.4652193784713745,interaction,"[0.21072325110435486, 0.11649595201015472, 0.21677914261817932, 0.2458386868238449, 0.2101629376411438, 0.0]","[1.5218360424041748, 1.5115516185760498, 1.4309666156768799, 1.5257762670516968, 1.3472639322280884, 1.689895749092102]",1.7917588949203491,5.999992847442627,"[0.16676926612854004, 0.16654382646083832, 0.1670127511024475, 0.1664983034133911, 0.16668055951595306, 0.16649532318115234]",0.627640426158905,,0.0
ate_poor_overlap,20000019,static_ate,1,0,1.0,2.061153470123145e-09,0.5442520380020142,0.006692850962281227,3.7275103892397965e-08,0.5393394827842712,0.539339542388916,interaction,"[0.23908279836177826, 0.12042739987373352, 0.19540563225746155, 0.24162326753139496, 0.20346088707447052, 0.0]","[0.6578507423400879, 0.4582502245903015, 0.6643840074539185, 0.44931837916374207, 0.43488773703575134, 0.11403877288103104]",1.7917588949203491,5.999992370605469,"[0.16676843166351318, 0.16654324531555176, 0.1670127809047699, 0.16649925708770752, 0.166681170463562, 0.16649514436721802]",0.5149753093719482,,0.0
ate_poor_overlap,20000020,static_ate,1,0,1.0,2.061153470123145e-09,0.23671385645866394,0.006692850962281227,0.0,-1.5343316793441772,-1.5343316793441772,spline,"[0.24156782031059265, 0.11240588873624802, 0.2603454887866974, 0.21815888583660126, 0.16752193868160248, 0.0]","[-1.5974857807159424, -1.513354778289795, -1.4470841884613037, -1.4387482404708862, -1.717404842376709, -0.7730399370193481]",1.7917588949203491,5.999992847442627,"[0.1667691469192505, 0.16654418408870697, 0.16701221466064453, 0.16649816930294037, 0.16668090224266052, 0.16649536788463593]",0.4383423328399658,,0.0
ate_poor_overlap,20000021,static_ate,1,0,1.0,2.061153470123145e-09,0.21018998324871063,0.006692850962281227,0.0,-0.988805890083313,-0.988805890083313,linear,"[0.2977621257305145, 0.08683724701404572, 0.19928805530071259, 0.25127485394477844, 0.16483762860298157, 0.0]","[-0.9744287133216858, -0.9224347472190857, -0.8713874816894531, -1.185816764831543, -0.8913811445236206, -2.1542460918426514]",1.7917588949203491,5.999992847442627,"[0.16676996648311615, 0.1665448546409607, 0.16701197624206543, 0.1664971262216568, 0.1666804552078247, 0.16649562120437622]",0.4383154809474945,,0.0
ate_poor_overlap,20000022,static_ate,1,0,1.0,2.061153470123145e-09,0.3719635605812073,0.006692850962281227,0.0,0.06551315635442734,0.06551315635442734,linear,"[0.2752564549446106, 0.12983085215091705, 0.16130946576595306, 0.24239204823970795, 0.19121114909648895, 0.0]","[0.1437828093767166, 0.10395466536283493, 0.04289253428578377, 0.20767657458782196, -0.2343934029340744, -0.3457619249820709]",1.7917587757110596,5.999992847442627,"[0.16676881909370422, 0.16654378175735474, 0.16701248288154602, 0.1664990782737732, 0.1666804850101471, 0.16649532318115234]",0.4509965479373932,,0.0
ate_poor_overlap,20000023,static_ate,1,0,1.0,2.061153470123145e-09,0.7183677554130554,0.006692850962281227,0.0,1.1596498489379883,1.1596498489379883,interaction,"[0.19987758994102478, 0.12383311241865158, 0.22279603779315948, 0.23664382100105286, 0.2168494462966919, 0.0]","[1.2046304941177368, 1.1809983253479004, 1.021918773651123, 1.2751742601394653, 1.1214369535446167, 1.9868656396865845]",1.7917587757110596,5.999992847442627,"[0.16676971316337585, 0.16654422879219055, 0.16701237857341766, 0.16649778187274933, 0.16668027639389038, 0.16649560630321503]",0.6196582913398743,,0.0
ate_poor_overlap,20000024,static_ate,1,0,1.0,2.061153470123145e-09,0.6574341058731079,0.006692850962281227,0.0,1.2684924602508545,1.2684924602508545,interaction,"[0.22438552975654602, 0.1172458827495575, 0.20140774548053741, 0.25443124771118164, 0.20252956449985504, 0.0]","[1.3681056499481201, 1.3499364852905273, 1.3131625652313232, 1.3138829469680786, 1.0095365047454834, 0.8948972225189209]",1.7917588949203491,5.999992847442627,"[0.16676895320415497, 0.16654516756534576, 0.1670113205909729, 0.1664973348379135, 0.1666819006204605, 0.16649530827999115]",0.6255146265029907,,0.0
ate_poor_overlap,20000025,static_ate,1,0,1.0,2.061153470123145e-09,0.25060170888900757,0.006692850962281227,0.0,-0.5593783855438232,-0.5593783855438232,linear,"[0.2478276789188385, 0.11173155903816223, 0.24214592576026917, 0.20652464032173157, 0.19177013635635376, 0.0]","[-0.6428777575492859, -0.6712167263031006, -0.4596511721611023, -0.6548417806625366, -0.409426212310791, -0.3581467866897583]",1.7917587757110596,5.999992847442627,"[0.16676898300647736, 0.16654415428638458, 0.16701234877109528, 0.16649816930294037, 0.16668111085891724, 0.166495218873024]",0.3999885618686676,,0.0
ate_poor_overlap,20000026,static_ate,1,0,1.0,2.061153470123145e-09,0.3945907950401306,0.006692850962281227,0.0,-0.8980340361595154,-0.8980340361595154,spline,"[0.20626933872699738, 0.15591149032115936, 0.23811374604701996, 0.18630339205265045, 0.21340204775333405, 0.0]","[-0.8206660151481628, -0.8551413416862488, -0.8690171837806702, -0.8430157899856567, -1.084562063217163, 0.9773648381233215]",1.7917588949203491,5.999992847442627,"[0.16676871478557587, 0.16654431819915771, 0.16701194643974304, 0.16649819910526276, 0.16668157279491425, 0.16649524867534637]",0.39268621802330017,,0.0
ate_poor_overlap,20000027,static_ate,1,0,1.0,2.061153470123145e-09,0.24360404908657074,0.006692850962281227,0.0,-0.632366955280304,-0.632366955280304,linear,"[0.27468928694725037, 0.105404794216156, 0.1977810561656952, 0.2402787059545517, 0.18184615671634674, 0.0]","[-0.5824497938156128, -0.6225407123565674, -0.6969155073165894, -0.5724843144416809, -0.7223851084709167, -1.038257122039795]",1.7917587757110596,5.999992847442627,"[0.16676916182041168, 0.16654470562934875, 0.16701176762580872, 0.16649766266345978, 0.16668115556240082, 0.16649554669857025]",0.41147834062576294,,0.0
ate_poor_overlap,20000028,static_ate,1,0,1.0,2.061153470123145e-09,0.2719492018222809,0.006692850962281227,0.0,-1.5037105083465576,-1.5037105083465576,spline,"[0.21925851702690125, 0.13228709995746613, 0.2765202224254608, 0.19489137828350067, 0.17704276740550995, 0.0]","[-1.4202762842178345, -1.5422720909118652, -1.395637035369873, -1.4141484498977661, -1.8456155061721802, 0.14347438514232635]",1.7917588949203491,5.999993324279785,"[0.1667695939540863, 0.16654327511787415, 0.16701316833496094, 0.1664988100528717, 0.16667966544628143, 0.1664954572916031]",0.4188631474971771,,0.0
ate_poor_overlap,20000029,static_ate,1,0,1.0,2.061153470123145e-09,0.6656914353370667,0.006692850962281227,0.0,0.9545806646347046,0.9545806646347046,interaction,"[0.21681922674179077, 0.1277603805065155, 0.20107243955135345, 0.23499810695648193, 0.21934984624385834, 0.0]","[0.9210997223854065, 1.082750916481018, 0.9650595188140869, 1.0335739850997925, 0.8187881112098694, 1.0959116220474243]",1.7917590141296387,5.999992847442627,"[0.16676971316337585, 0.16654448211193085, 0.1670122891664505, 0.1664975881576538, 0.16668052971363068, 0.1664954125881195]",0.5864258408546448,,0.0
ate_hidden_confounding,20000000,static_ate,0,1,2.061153470123145e-09,0.9984847903251648,0.6920357346534729,0.006692850962281227,0.0,2.2144923210144043,2.2144923210144043,interaction,"[0.21470528841018677, 0.10872795432806015, 0.23288778960704803, 0.2399522066116333, 0.20372681319713593, 0.0]","[2.204332113265991, 1.9421037435531616, 2.2527260780334473, 2.340646266937256, 2.1782796382904053, 2.497617483139038]",1.7917588949203491,5.999992370605469,"[0.16676467657089233, 0.16653938591480255, 0.16702252626419067, 0.16649627685546875, 0.1666857898235321, 0.1664913445711136]",0.622944712638855,,0.0
ate_hidden_confounding,20000001,static_ate,0,1,2.061153470123145e-09,0.9987142086029053,0.5804716944694519,0.006692850962281227,0.0,0.9368845820426941,0.9368845820426941,interaction,"[0.23779352009296417, 0.11431987583637238, 0.18378286063671112, 0.2436770498752594, 0.2204267531633377, 0.0]","[0.8624424338340759, 1.1233093738555908, 0.8447261452674866, 1.0088900327682495, 0.9177433848381042, 0.31628748774528503]",1.7917587757110596,5.999992370605469,"[0.16676519811153412, 0.1665399670600891, 0.16702231764793396, 0.16649562120437622, 0.1666853427886963, 0.1664915531873703]",0.5506536960601807,,0.0
ate_hidden_confounding,20000002,static_ate,0,1,2.061153470123145e-09,0.9985402822494507,0.6478515267372131,0.006692850962281227,0.0,1.6562235355377197,1.6562235355377197,interaction,"[0.2346760332584381, 0.09212467074394226, 0.2192544788122177, 0.25278186798095703, 0.20116294920444489, 0.0]","[1.6354202032089233, 1.838662028312683, 1.649246335029602, 1.6442627906799316, 1.6195781230926514, 1.6820321083068848]",1.7917587757110596,5.9999918937683105,"[0.16676396131515503, 0.16653898358345032, 0.16702261567115784, 0.16649684309959412, 0.16668620705604553, 0.16649141907691956]",0.6080203652381897,,0.0
ate_hidden_confounding,20000003,static_ate,0,1,2.061153470123145e-09,0.9989016056060791,0.34024447202682495,0.006692850962281227,-2.509900021152589e-08,-0.3691343367099762,-0.3691343665122986,interaction,"[0.2286604344844818, 0.11579226702451706, 0.18737433850765228, 0.24775424599647522, 0.22041872143745422, 0.0]","[-0.34737280011177063, 0.08927872776985168, -0.46286541223526, -0.45270806550979614, -0.45890963077545166, 0.0873822569847107]",1.7917587757110596,5.9999918937683105,"[0.16676484048366547, 0.16653968393802643, 0.1670224517583847, 0.16649603843688965, 0.1666855812072754, 0.16649143397808075]",0.425787091255188,,0.0
ate_hidden_confounding,20000004,static_ate,0,1,2.061153470123145e-09,0.9984874725341797,0.6710606217384338,0.006692850962281227,0.0,2.518007516860962,2.518007516860962,interaction,"[0.21856661140918732, 0.10655666887760162, 0.211234912276268, 0.2581419348716736, 0.20549985766410828, 0.0]","[2.5746262073516846, 2.9738059043884277, 2.486922264099121, 2.463782787322998, 2.321514368057251, 2.3364453315734863]",1.7917587757110596,5.999992847442627,"[0.1667647510766983, 0.16653959453105927, 0.1670224368572235, 0.1664961278438568, 0.16668571531772614, 0.16649137437343597]",0.6338813304901123,,0.0
ate_hidden_confounding,20000005,static_ate,0,1,2.061153470123145e-09,0.9986674785614014,0.489854633808136,0.006692850962281227,0.0,0.4173068702220917,0.4173068702220917,interaction,"[0.25197917222976685, 0.08324594050645828, 0.15758340060710907, 0.2859722375869751, 0.22121916711330414, 0.0]","[0.29823219776153564, 1.3344883918762207, 0.3686244487762451, 0.33764058351516724, 0.3454623818397522, 0.37864553928375244]",1.7917587757110596,5.999993324279785,"[0.16676461696624756, 0.16653941571712494, 0.16702261567115784, 0.16649623215198517, 0.1666858047246933, 0.16649124026298523]",0.5668712854385376,,0.0
ate_hidden_confounding,20000006,static_ate,0,1,2.061153470123145e-09,0.9986960291862488,0.6147669553756714,0.006692850962281227,-1.4073540910430893e-07,1.358605980873108,1.3586058616638184,interaction,"[0.22487863898277283, 0.10923270136117935, 0.1940034180879593, 0.24854271113872528, 0.22334253787994385, 0.0]","[1.163193702697754, 1.8835546970367432, 1.4759756326675415, 1.2232683897018433, 1.347276210784912, 1.110276460647583]",1.7917587757110596,5.999992847442627,"[0.16676518321037292, 0.1665397733449936, 0.16702240705490112, 0.16649577021598816, 0.16668540239334106, 0.16649144887924194]",0.573996901512146,,0.0
ate_hidden_confounding,20000007,static_ate,0,1,2.061153470123145e-09,0.9988622665405273,0.37254706025123596,0.006692850962281227,0.0,-0.06485285609960556,-0.06485285609960556,linear,"[0.24551832675933838, 0.1090305745601654, 0.18450044095516205, 0.2424551546573639, 0.21849556267261505, 0.0]","[-0.13757865130901337, 0.11286492645740509, -0.12386543303728104, -0.07483858615159988, -0.010903062298893929, -0.18165482580661774]",1.7917587757110596,5.9999918937683105,"[0.16676443815231323, 0.16653946042060852, 0.1670224368572235, 0.1664963811635971, 0.16668596863746643, 0.1664913445711136]",0.4356843829154968,,0.0
ate_hidden_confounding,20000008,static_ate,0,1,2.061153470123145e-09,0.9987898468971252,0.5558458566665649,0.006692850962281227,-4.856423529986387e-08,0.5638287663459778,0.563828706741333,interaction,"[0.22645796835422516, 0.09294568747282028, 0.17780405282974243, 0.2744058668613434, 0.22838638722896576, 0.0]","[0.49837926030158997, 1.3023682832717896, 0.4465728998184204, 0.41921812295913696, 0.59320068359375, 0.8114410638809204]",1.7917587757110596,5.999992847442627,"[0.16676485538482666, 0.16653971374034882, 0.1670224368572235, 0.16649594902992249, 0.16668562591075897, 0.16649135947227478]",0.5559321641921997,,0.0
ate_hidden_confounding,20000009,static_ate,0,1,2.061153470123145e-09,0.9984588623046875,0.6923248171806335,0.006692850962281227,-2.3123345727071865e-07,2.3092141151428223,2.309213876724243,interaction,"[0.2101079672574997, 0.1084410697221756, 0.2309538722038269, 0.2452729046344757, 0.20522411167621613, 0.0]","[2.4320993423461914, 2.0452229976654053, 2.271258592605591, 2.3216166496276855, 2.350790023803711, 2.2739315032958984]",1.7917588949203491,5.999992847442627,"[0.16676552593708038, 0.16653995215892792, 0.16702234745025635, 0.16649535298347473, 0.1666850745677948, 0.16649168729782104]",0.6285487413406372,,0.0
ate_hidden_confounding,20000010,static_ate,0,1,2.061153470123145e-09,0.9988866448402405,0.3649493157863617,0.006692850962281227,3.226858336091709e-09,-0.03098040446639061,-0.03098040260374546,interaction,"[0.24961060285568237, 0.10864631086587906, 0.17372821271419525, 0.2549225389957428, 0.21309228241443634, 0.0]","[0.01526607945561409, 0.2421126812696457, -0.17985518276691437, -0.02889283187687397, -0.10551425814628601, -0.29390236735343933]",1.7917587757110596,5.999992847442627,"[0.16676536202430725, 0.16653989255428314, 0.16702233254909515, 0.16649556159973145, 0.1666853129863739, 0.1664915233850479]",0.4414191246032715,,0.0
ate_hidden_confounding,20000011,static_ate,0,1,2.061153470123145e-09,0.9984647035598755,0.6952553987503052,0.006692850962281227,-2.5770310685402364e-07,2.637850284576416,2.637850046157837,interaction,"[0.2064252644777298, 0.1101512536406517, 0.23405534029006958, 0.2428736388683319, 0.2064944952726364, 0.0]","[2.6481451988220215, 2.375903844833374, 2.7249581813812256, 2.6136693954467773, 2.6969966888427734, 2.8683547973632812]",1.7917587757110596,5.999992847442627,"[0.16676491498947144, 0.16653954982757568, 0.16702254116535187, 0.16649597883224487, 0.166685551404953, 0.16649143397808075]",0.6308895945549011,,0.0
ate_hidden_confounding,20000012,static_ate,0,1,2.061153470123145e-09,0.998424768447876,0.6884490847587585,0.006692850962281227,0.0,2.882941961288452,2.882941961288452,interaction,"[0.21475373208522797, 0.1040463075041771, 0.22591924667358398, 0.2516259551048279, 0.20365479588508606, 0.0]","[2.9228458404541016, 2.980592727661133, 2.816826343536377, 2.899470329284668, 2.8438966274261475, 2.9557487964630127]",1.7917588949203491,5.9999918937683105,"[0.1667647361755371, 0.16653956472873688, 0.1670224815607071, 0.1664961725473404, 0.1666857898235321, 0.1664912849664688]",0.6393026113510132,,0.0
ate_hidden_confounding,20000013,static_ate,0,1,2.061153470123145e-09,0.9983970522880554,0.6946417689323425,0.006692850962281227,0.0,2.803708076477051,2.803708076477051,spline,"[0.2128966748714447, 0.10913237184286118, 0.2402675747871399, 0.23737362027168274, 0.20032978057861328, 0.0]","[2.83202862739563, 2.146653413772583, 2.9254302978515625, 2.960806131362915, 2.7994134426116943, 2.761373519897461]",1.7917590141296387,5.9999918937683105,"[0.1667642444372177, 0.16653934121131897, 0.16702251136302948, 0.16649653017520905, 0.1666860431432724, 0.16649140417575836]",0.6317458152770996,,0.0
ate_hidden_confounding,20000014,static_ate,0,1,2.061153470123145e-09,0.9984514713287354,0.6881182193756104,0.006692850962281227,0.0,2.3934476375579834,2.3934476375579834,spline,"[0.2166629582643509, 0.10594254732131958, 0.26479098200798035, 0.22434265911579132, 0.18826086819171906, 0.0]","[2.5802061557769775, 0.8725313544273376, 2.6658267974853516, 2.57859468460083, 2.430663585662842, 2.4171581268310547]",1.7917587757110596,5.999992370605469,"[0.16676442325115204, 0.1665392816066742, 0.16702264547348022, 0.16649651527404785, 0.16668598353862762, 0.16649115085601807]",0.6004477143287659,,0.0
ate_hidden_confounding,20000015,static_ate,0,1,2.061153470123145e-09,0.9985466599464417,0.6675084233283997,0.006692850962281227,0.0,2.096428394317627,2.096428394317627,interaction,"[0.21844135224819183, 0.10586336255073547, 0.218911275267601, 0.24482810497283936, 0.21195591986179352, 0.0]","[2.0361135005950928, 2.1196236610412598, 2.0801796913146973, 2.0520548820495605, 2.215041160583496, 1.8040521144866943]",1.7917587757110596,5.9999918937683105,"[0.16676418483257294, 0.16653938591480255, 0.16702242195606232, 0.16649654507637024, 0.16668598353862762, 0.16649150848388672]",0.6076832413673401,,0.0
ate_hidden_confounding,20000016,static_ate,0,1,2.061153470123145e-09,0.9987624883651733,0.644122302532196,0.006692850962281227,1.0693965890595791e-07,0.9015294313430786,0.9015295505523682,spline,"[0.21338655054569244, 0.112749382853508, 0.2535878121852875, 0.21542461216449738, 0.2048516422510147, 0.0]","[0.9822789430618286, 0.18757019937038422, 1.0276329517364502, 0.9249364137649536, 1.0296556949615479, 1.1673195362091064]",1.7917587757110596,5.9999918937683105,"[0.16676512360572815, 0.16653969883918762, 0.1670224368572235, 0.1664956957101822, 0.16668537259101868, 0.16649170219898224]",0.5322994589805603,,0.0
ate_hidden_confounding,20000017,static_ate,0,1,2.061153470123145e-09,0.9984608888626099,0.6769111752510071,0.006692850962281227,0.0,2.0989370346069336,2.0989370346069336,interaction,"[0.21530354022979736, 0.1083088368177414, 0.22606579959392548, 0.24516773223876953, 0.20515406131744385, 0.0]","[2.1214137077331543, 1.919721245765686, 2.1665337085723877, 2.0865728855133057, 2.1102538108825684, 1.7247140407562256]",1.7917588949203491,5.9999918937683105,"[0.16676519811153412, 0.16653963923454285, 0.16702255606651306, 0.16649571061134338, 0.1666853427886963, 0.16649161279201508]",0.6262489557266235,,0.0
ate_hidden_confounding,20000018,static_ate,0,1,2.061153470123145e-09,0.9985139966011047,0.674758791923523,0.006692850962281227,0.0,1.8401230573654175,1.8401230573654175,interaction,"[0.2174835503101349, 0.10660918802022934, 0.21624845266342163, 0.2528192698955536, 0.20683956146240234, 0.0]","[1.8764735460281372, 2.0204434394836426, 1.8296912908554077, 1.8127293586730957, 1.7533506155014038, 1.7706995010375977]",1.7917587757110596,5.999992847442627,"[0.16676469147205353, 0.16653957962989807, 0.1670224964618683, 0.16649608314037323, 0.1666857749223709, 0.1664913445711136]",0.625728189945221,,0.0
ate_hidden_confounding,20000019,static_ate,0,1,2.061153470123145e-09,0.9985032081604004,0.6834951639175415,0.006692850962281227,0.0,1.8222880363464355,1.8222880363464355,interaction,"[0.21710975468158722, 0.1088189035654068, 0.22786562144756317, 0.24049505591392517, 0.20571066439151764, 0.0]","[1.8490791320800781, 1.58828604221344, 1.7963106632232666, 1.9144654273986816, 1.8388078212738037, 1.7621628046035767]",1.7917587757110596,5.9999918937683105,"[0.16676466166973114, 0.16653947532176971, 0.1670224368572235, 0.1664961576461792, 0.16668574512004852, 0.1664915382862091]",0.6156817078590393,,0.0
ate_hidden_confounding,20000020,static_ate,0,1,2.061153470123145e-09,0.9988250136375427,0.3228129744529724,0.006692850962281227,0.0,-0.23541682958602905,-0.23541682958602905,interaction,"[0.2462550848722458, 0.09850726276636124, 0.20710138976573944, 0.2465592324733734, 0.20157693326473236, 0.0]","[-0.2073799967765808, -0.4271506369113922, -0.22723180055618286, -0.2777102291584015, -0.13264895975589752, -0.3939629793167114]",1.7917588949203491,5.9999918937683105,"[0.1667647808790207, 0.16653962433338165, 0.1670224368572235, 0.16649609804153442, 0.16668562591075897, 0.16649144887924194]",0.41983872652053833,,0.0
ate_hidden_confounding,20000021,static_ate,0,1,2.061153470123145e-09,0.9985302686691284,0.23210923373699188,0.006692850962281227,0.0,-0.7205231785774231,-0.7205231785774231,interaction,"[0.25842487812042236, 0.09055697917938232, 0.1687520295381546, 0.28268659114837646, 0.19957955181598663, 0.0]","[-0.7995144724845886, 0.04255848377943039, -0.7377777695655823, -0.791172206401825, -0.8498237133026123, -1.1023608446121216]",1.7917588949203491,5.999992370605469,"[0.16676537692546844, 0.16653989255428314, 0.16702237725257874, 0.16649551689624786, 0.16668525338172913, 0.1664915829896927]",0.455576628446579,,0.0
ate_hidden_confounding,20000022,static_ate,0,1,2.061153470123145e-09,0.9984872341156006,0.6784793734550476,0.006692850962281227,0.0,1.939244031906128,1.939244031906128,interaction,"[0.21540816128253937, 0.1091497391462326, 0.2232811450958252, 0.2452307939529419, 0.20693010091781616, 0.0]","[1.948151707649231, 1.8757463693618774, 1.9695210456848145, 1.936496615409851, 1.9340516328811646, 1.7273792028427124]",1.7917588949203491,5.999992370605469,"[0.16676537692546844, 0.16653986275196075, 0.16702237725257874, 0.16649548709392548, 0.16668514907360077, 0.16649174690246582]",0.6244001984596252,,0.0
ate_hidden_confounding,20000023,static_ate,0,1,2.061153470123145e-09,0.9983684420585632,0.6938074231147766,0.006692850962281227,0.0,2.686213731765747,2.686213731765747,interaction,"[0.21122770011425018, 0.10297027975320816, 0.23969048261642456, 0.2465580552816391, 0.1995534896850586, 0.0]","[2.7157390117645264, 2.313267230987549, 2.7083654403686523, 2.7314717769622803, 2.7648775577545166, 2.72202730178833]",1.7917587757110596,5.999992370605469,"[0.1667647659778595, 0.16653956472873688, 0.1670224517583847, 0.16649608314037323, 0.16668561100959778, 0.1664915233850479]",0.6430190801620483,,0.0
ate_hidden_confounding,20000024,static_ate,0,1,2.061153470123145e-09,0.9984116554260254,0.6889301538467407,0.006692850962281227,0.0,2.395721435546875,2.395721435546875,interaction,"[0.21328799426555634, 0.10781823098659515, 0.23014765977859497, 0.24446062743663788, 0.20428544282913208, 0.0]","[2.3805739879608154, 2.219158887863159, 2.417562484741211, 2.4531242847442627, 2.411426067352295, 2.2915163040161133]",1.7917587757110596,5.999992370605469,"[0.16676488518714905, 0.16653972864151, 0.16702240705490112, 0.16649597883224487, 0.16668573021888733, 0.16649127006530762]",0.6369431614875793,,0.0
ate_hidden_confounding,20000025,static_ate,0,1,2.061153470123145e-09,0.9986124038696289,0.6049715280532837,0.006692850962281227,0.0,0.7995286583900452,0.7995286583900452,interaction,"[0.24133650958538055, 0.08986326307058334, 0.2105734944343567, 0.25456321239471436, 0.20366352796554565, 0.0]","[0.7897173762321472, 0.8819701075553894, 0.79766446352005, 0.7929291725158691, 0.7849549055099487, 0.6846324801445007]",1.7917588949203491,5.9999918937683105,"[0.16676495969295502, 0.16653972864151, 0.16702254116535187, 0.16649584472179413, 0.166685551404953, 0.16649138927459717]",0.5825621485710144,,0.0
ate_hidden_confounding,20000026,static_ate,0,1,2.061153470123145e-09,0.9988242983818054,0.5203024744987488,0.006692850962281227,0.0,0.5091239809989929,0.5091239809989929,interaction,"[0.2293701022863388, 0.10560638457536697, 0.1646135449409485, 0.2706163823604584, 0.229793518781662, 0.0]","[0.37553492188453674, 1.5862858295440674, 0.4226324260234833, 0.4219226837158203, 0.31208622455596924, 0.861449122428894]",1.7917587757110596,5.999992847442627,"[0.1667645424604416, 0.1665395051240921, 0.1670224368572235, 0.16649632155895233, 0.16668587923049927, 0.16649129986763]",0.5289605259895325,,0.0
ate_hidden_confounding,20000027,static_ate,0,1,2.061153470123145e-09,0.998969316482544,0.4273231327533722,0.006692850962281227,0.0,-0.00911878701299429,-0.00911878701299429,linear,"[0.23675258457660675, 0.12490439414978027, 0.22515228390693665, 0.2094835489988327, 0.20370717346668243, 0.0]","[0.07357516139745712, -0.45706820487976074, 0.0796385183930397, 0.010576477274298668, 0.051080867648124695, -0.018044443801045418]",1.7917587757110596,5.9999918937683105,"[0.16676442325115204, 0.16653947532176971, 0.1670224368572235, 0.1664963662624359, 0.16668590903282166, 0.16649141907691956]",0.4099821448326111,,0.0
ate_hidden_confounding,20000028,static_ate,0,1,2.061153470123145e-09,0.9988400340080261,0.3187258541584015,0.006692850962281227,0.0,-0.42116063833236694,-0.42116063833236694,linear,"[0.24009016156196594, 0.11615530401468277, 0.20460514724254608, 0.2319418340921402, 0.2072075754404068, 0.0]","[-0.4937439262866974, -0.3827153444290161, -0.27952349185943604, -0.4469222128391266, -0.4696316123008728, -0.19008123874664307]",1.7917587757110596,5.999992847442627,"[0.16676537692546844, 0.16654019057750702, 0.16702218353748322, 0.16649535298347473, 0.16668520867824554, 0.16649164259433746]",0.41232943534851074,,0.0
ate_hidden_confounding,20000029,static_ate,0,1,2.061153470123145e-09,0.9986394047737122,0.6886041760444641,0.006692850962281227,9.97031150973271e-08,1.2769408226013184,1.2769408226013184,spline,"[0.20665735006332397, 0.1141902282834053, 0.24820223450660706, 0.22181537747383118, 0.2091347724199295, 0.0]","[1.341045618057251, 0.6720877885818481, 1.3206632137298584, 1.3206541538238525, 1.4455987215042114, 1.5373350381851196]",1.7917587757110596,5.9999918937683105,"[0.1667652577161789, 0.16653978824615479, 0.1670224815607071, 0.1664956659078598, 0.16668535768985748, 0.16649149358272552]",0.5796967148780823,,0.0
regime_linear_split,20100000,observed_regime,1,1,1.0,0.999319314956665,0.2569217085838318,0.006692850962281227,0.0,0.0,0.0,linear,"[0.0, 0.0, 0.0, 0.0, 0.0, 0.0]","[0.0, 0.0, 0.0, 0.0, 0.0, 0.0]",1.7917592525482178,5.999999523162842,"[0.16663937270641327, 0.16656887531280518, 0.16676339507102966, 0.16661898791790009, 0.16669908165931702, 0.16671022772789001]",0.5072346925735474,0.16512218862771988,0.06461194902658463
regime_linear_split,20100001,observed_regime,1,1,1.0,0.9993667006492615,0.259056955575943,0.006692850962281227,0.0,0.0,0.0,linear,"[0.0, 0.0, 0.0, 0.0, 0.0, 0.0]","[0.0, 0.0, 0.0, 0.0, 0.0, 0.0]",1.7917594909667969,5.999999523162842,"[0.16663937270641327, 0.1665690541267395, 0.1667633056640625, 0.16661888360977173, 0.16669897735118866, 0.16671042144298553]",0.4607389569282532,0.5998900979757309,0.08926799148321152
regime_linear_split,20100002,observed_regime,1,1,1.0,0.9993463158607483,0.25694817304611206,0.006692850962281227,0.0,0.0,0.0,linear,"[0.0, 0.0, 0.0, 0.0, 0.0, 0.0]","[0.0, 0.0, 0.0, 0.0, 0.0, 0.0]",1.7917594909667969,5.999999523162842,"[0.16663947701454163, 0.16656926274299622, 0.1667630970478058, 0.16661915183067322, 0.1666989028453827, 0.16671012341976166]",0.4791412651538849,0.7108598947525024,0.0
regime_linear_split,20100003,observed_regime,1,1,1.0,0.9993740916252136,0.26021409034729004,0.006692850962281227,0.0,0.0,0.0,linear,"[0.0, 0.0, 0.0, 0.0, 0.0, 0.0]","[0.0, 0.0, 0.0, 0.0, 0.0, 0.0]",1.7917592525482178,5.999999523162842,"[0.16663935780525208, 0.16656892001628876, 0.16676336526870728, 0.16661903262138367, 0.16669918596744537, 0.16671010851860046]",0.4543658494949341,0.43375536799430847,0.3274410665035248
regime_linear_split,20100004,observed_regime,1,1,1.0,0.9993420243263245,0.2567017376422882,0.006692850962281227,0.0,0.0,0.0,linear,"[0.0, 0.0, 0.0, 0.0, 0.0, 0.0]","[0.0, 0.0, 0.0, 0.0, 0.0, 0.0]",1.7917594909667969,5.999998092651367,"[0.16663920879364014, 0.16656839847564697, 0.16676373779773712, 0.1666189730167389, 0.1666993349790573, 0.16671039164066315]",0.48309090733528137,0.9639567732810974,0.27786049246788025
regime_linear_split,20100005,observed_regime,1,1,1.0,0.9993365406990051,0.25650879740715027,0.006692850962281227,0.0,0.0,0.0,linear,"[0.0, 0.0, 0.0, 0.0, 0.0, 0.0]","[0.0, 0.0, 0.0, 0.0, 0.0, 0.0]",1.7917594909667969,5.999998569488525,"[0.1666392982006073, 0.16656874120235443, 0.1667635142803192, 0.16661898791790009, 0.16669915616512299, 0.16671033203601837]",0.4884403944015503,0.6597744822502136,0.12822325527668
regime_linear_split,20100006,observed_regime,1,1,1.0,0.9993509650230408,0.25728172063827515,0.006692850962281227,0.0,0.0,0.0,linear,"[0.0, 0.0, 0.0, 0.0, 0.0, 0.0]","[0.0, 0.0, 0.0, 0.0, 0.0, 0.0]",1.7917593717575073,6.0,"[0.16663923859596252, 0.16656889021396637, 0.1667633056640625, 0.16661907732486725, 0.1666991114616394, 0.16671033203601837]",0.47477447986602783,0.3239985704421997,0.05599372461438179
regime_linear_split,20100007,observed_regime,1,1,1.0,0.999402642250061,0.2666458189487457,0.006692850962281227,0.0,0.0,0.0,linear,"[0.0, 0.0, 0.0, 0.0, 0.0, 0.0]","[0.0, 0.0, 0.0, 0.0, 0.0, 0.0]",1.7917594909667969,5.999998569488525,"[0.1666393280029297, 0.16656868159770966, 0.166763573884964, 0.16661903262138367, 0.16669915616512299, 0.1667102426290512]",0.43183860182762146,0.8229689598083496,0.17323900759220123
regime_linear_split,20100008,observed_regime,1,1,1.0,0.9993415474891663,0.2566750943660736,0.006692850962281227,0.0,0.0,0.0,linear,"[0.0, 0.0, 0.0, 0.0, 0.0, 0.0]","[0.0, 0.0, 0.0, 0.0, 0.0, 0.0]",1.7917594909667969,5.999999523162842,"[0.16663944721221924, 0.16656914353370667, 0.16676326096057892, 0.1666189581155777, 0.16669893264770508, 0.1667102575302124]",0.48384571075439453,1.06085205078125,0.06300744414329529
regime_linear_split,20100009,observed_regime,1,1,1.0,0.9993662238121033,0.25899171829223633,0.006692850962281227,0.0,0.0,0.0,linear,"[0.0, 0.0, 0.0, 0.0, 0.0, 0.0]","[0.0, 0.0, 0.0, 0.0, 0.0, 0.0]",1.7917593717575073,5.999999523162842,"[0.1666395217180252, 0.16656918823719025, 0.16676321625709534, 0.1666189283132553, 0.1666988730430603, 0.1667102724313736]",0.4612206220626831,0.9078965187072754,0.0
regime_linear_split,20100010,observed_regime,1,1,1.0,0.9993436932563782,0.25679096579551697,0.006692850962281227,0.0,0.0,0.0,linear,"[0.0, 0.0, 0.0, 0.0, 0.0, 0.0]","[0.0, 0.0, 0.0, 0.0, 0.0, 0.0]",1.7917594909667969,5.999999523162842,"[0.16663917899131775, 0.16656844317913055, 0.16676363348960876, 0.16661910712718964, 0.16669940948486328, 0.16671018302440643]",0.4811400771141052,0.30523668229579926,0.3484959006309509
regime_linear_split,20100011,observed_regime,1,1,1.0,0.9993622899055481,0.25847432017326355,0.006692850962281227,0.0,0.0,0.0,linear,"[0.0, 0.0, 0.0, 0.0, 0.0, 0.0]","[0.0, 0.0, 0.0, 0.0, 0.0, 0.0]",1.7917593717575073,5.999999523162842,"[0.1666390299797058, 0.1665683090686798, 0.16676364839076996, 0.1666191816329956, 0.16669949889183044, 0.16671031713485718]",0.464753121137619,1.0193126201629639,0.009777305647730827
regime_linear_split,20100012,observed_regime,1,1,1.0,0.9993429780006409,0.2567451596260071,0.006692850962281227,0.0,0.0,0.0,linear,"[0.0, 0.0, 0.0, 0.0, 0.0, 0.0]","[0.0, 0.0, 0.0, 0.0, 0.0, 0.0]",1.7917592525482178,5.999999523162842,"[0.1666392982006073, 0.1665688306093216, 0.16676343977451324, 0.1666189283132553, 0.16669915616512299, 0.16671030223369598]",0.48228883743286133,0.3480791747570038,0.0
regime_linear_split,20100013,observed_regime,1,1,1.0,0.9993533492088318,0.25749120116233826,0.006692850962281227,0.0,0.0,0.0,linear,"[0.0, 0.0, 0.0, 0.0, 0.0, 0.0]","[0.0, 0.0, 0.0, 0.0, 0.0, 0.0]",1.7917594909667969,5.999998569488525,"[0.1666393280029297, 0.16656863689422607, 0.16676366329193115, 0.16661883890628815, 0.16669917106628418, 0.16671039164066315]",0.4727073013782501,0.7027133703231812,0.0
regime_linear_split,20100014,observed_regime,1,1,1.0,0.9994009733200073,0.2661559283733368,0.006692850962281227,0.0,0.0,0.0,linear,"[0.0, 0.0, 0.0, 0.0, 0.0, 0.0]","[0.0, 0.0, 0.0, 0.0, 0.0, 0.0]",1.7917594909667969,5.999999523162842,"[0.16663937270641327, 0.16656889021396637, 0.16676342487335205, 0.1666189581155777, 0.16669903695583344, 0.16671033203601837]",0.43314480781555176,0.9194689989089966,0.1994163990020752
regime_linear_split,20100015,observed_regime,1,1,1.0,0.9993786811828613,0.2610577344894409,0.006692850962281227,0.0,0.0,0.0,linear,"[0.0, 0.0, 0.0, 0.0, 0.0, 0.0]","[0.0, 0.0, 0.0, 0.0, 0.0, 0.0]",1.7917593717575073,6.0,"[0.16663958132266998, 0.16656939685344696, 0.16676312685012817, 0.16661889851093292, 0.16669872403144836, 0.16671022772789001]",0.45089319348335266,0.7632818818092346,0.0
regime_linear_split,20100016,observed_regime,1,1,1.0,0.9993677735328674,0.25922322273254395,0.006692850962281227,0.0,0.0,0.0,linear,"[0.0, 0.0, 0.0, 0.0, 0.0, 0.0]","[0.0, 0.0, 0.0, 0.0, 0.0, 0.0]",1.7917593717575073,5.999999523162842,"[0.16663938760757446, 0.16656890511512756, 0.16676340997219086, 0.1666189432144165, 0.16669905185699463, 0.16671030223369598]",0.45958036184310913,0.8330608010292053,0.4864829480648041
regime_linear_split,20100017,observed_regime,1,1,1.0,0.9993488192558289,0.2571060359477997,0.006692850962281227,0.0,0.0,0.0,linear,"[0.0, 0.0, 0.0, 0.0, 0.0, 0.0]","[0.0, 0.0, 0.0, 0.0, 0.0, 0.0]",1.7917593717575073,5.999999523162842,"[0.16663967072963715, 0.16656942665576935, 0.1667630672454834, 0.1666189283132553, 0.16669870913028717, 0.16671016812324524]",0.4765784442424774,0.9167885184288025,0.04934288561344147
regime_linear_split,20100018,observed_regime,1,1,1.0,0.9993659853935242,0.2589692175388336,0.006692850962281227,0.0,0.0,0.0,linear,"[0.0, 0.0, 0.0, 0.0, 0.0, 0.0]","[0.0, 0.0, 0.0, 0.0, 0.0, 0.0]",1.7917593717575073,5.999999523162842,"[0.16663919389247894, 0.1665688008069992, 0.16676339507102966, 0.16661906242370605, 0.16669920086860657, 0.16671036183834076]",0.4610843062400818,0.31882505863904953,0.35021892189979553
regime_linear_split,20100019,observed_regime,1,1,1.0,0.9993419051170349,0.25669044256210327,0.006692850962281227,0.0,0.0,0.0,linear,"[0.0, 0.0, 0.0, 0.0, 0.0, 0.0]","[0.0, 0.0, 0.0, 0.0, 0.0, 0.0]",1.7917593717575073,5.999998569488525,"[0.1666393131017685, 0.16656865179538727, 0.16676363348960876, 0.16661889851093292, 0.16669923067092896, 0.1667102873325348]",0.4834429919719696,0.2520689442753792,0.020004963502287865
regime_linear_split,20100020,observed_regime,1,1,1.0,0.9993976354598999,0.2652892768383026,0.006692850962281227,0.0,0.0,0.0,linear,"[0.0, 0.0, 0.0, 0.0, 0.0, 0.0]","[0.0, 0.0, 0.0, 0.0, 0.0, 0.0]",1.7917593717575073,5.999998569488525,"[0.16663941740989685, 0.16656887531280518, 0.16676349937915802, 0.1666189432144165, 0.16669905185699463, 0.1667102426290512]",0.4358803629875183,0.3218473196029663,0.0
regime_linear_split,20100021,observed_regime,1,1,1.0,0.9993630051612854,0.2585586607456207,0.006692850962281227,0.0,0.0,0.0,linear,"[0.0, 0.0, 0.0, 0.0, 0.0, 0.0]","[0.0, 0.0, 0.0, 0.0, 0.0, 0.0]",1.7917594909667969,6.0,"[0.16663938760757446, 0.16656894981861115, 0.16676340997219086, 0.16661883890628815, 0.16669900715351105, 0.16671034693717957]",0.4638940989971161,0.36138488352298737,0.2053629755973816
regime_linear_split,20100022,observed_regime,1,1,1.0,0.999360978603363,0.2583039104938507,0.006692850962281227,0.0,0.0,0.0,linear,"[0.0, 0.0, 0.0, 0.0, 0.0, 0.0]","[0.0, 0.0, 0.0, 0.0, 0.0, 0.0]",1.7917593717575073,6.000000476837158,"[0.1666393280029297, 0.16656871140003204, 0.166763573884964, 0.16661882400512695, 0.16669906675815582, 0.16671042144298553]",0.46603521704673767,0.8479617238044739,0.0
regime_linear_split,20100023,observed_regime,1,1,1.0,0.9993395209312439,0.2565954327583313,0.006692850962281227,0.0,0.0,0.0,linear,"[0.0, 0.0, 0.0, 0.0, 0.0, 0.0]","[0.0, 0.0, 0.0, 0.0, 0.0, 0.0]",1.7917594909667969,5.999999523162842,"[0.16663940250873566, 0.16656890511512756, 0.16676345467567444, 0.1666189581155777, 0.16669902205467224, 0.1667102426290512]",0.48571866750717163,0.9433671236038208,0.0
regime_linear_split,20100024,observed_regime,1,1,1.0,0.9993467926979065,0.2569631040096283,0.006692850962281227,0.0,0.0,0.0,linear,"[0.0, 0.0, 0.0, 0.0, 0.0, 0.0]","[0.0, 0.0, 0.0, 0.0, 0.0, 0.0]",1.7917593717575073,5.999998092651367,"[0.16663934290409088, 0.16656868159770966, 0.16676364839076996, 0.16661879420280457, 0.16669915616512299, 0.16671042144298553]",0.47859323024749756,0.26424572616815567,0.08268427103757858
regime_linear_split,20100025,observed_regime,1,1,1.0,0.9993786811828613,0.2610509991645813,0.006692850962281227,0.0,0.0,0.0,linear,"[0.0, 0.0, 0.0, 0.0, 0.0, 0.0]","[0.0, 0.0, 0.0, 0.0, 0.0, 0.0]",1.7917593717575073,6.0,"[0.16663940250873566, 0.16656872630119324, 0.1667635440826416, 0.1666189730167389, 0.16669917106628418, 0.16671012341976166]",0.45060381293296814,0.2708422392606735,0.4245242774486542
regime_linear_split,20100026,observed_regime,1,1,1.0,0.9993438124656677,0.25679051876068115,0.006692850962281227,0.0,0.0,0.0,linear,"[0.0, 0.0, 0.0, 0.0, 0.0, 0.0]","[0.0, 0.0, 0.0, 0.0, 0.0, 0.0]",1.7917593717575073,5.999998092651367,"[0.1666392683982849, 0.1665685623884201, 0.16676367819309235, 0.1666189283132553, 0.16669927537441254, 0.16671034693717957]",0.4814399778842926,0.5953948348760605,0.0
regime_linear_split,20100027,observed_regime,1,1,1.0,0.9993506073951721,0.2572559416294098,0.006692850962281227,0.0,0.0,0.0,linear,"[0.0, 0.0, 0.0, 0.0, 0.0, 0.0]","[0.0, 0.0, 0.0, 0.0, 0.0, 0.0]",1.7917594909667969,5.999998569488525,"[0.16663923859596252, 0.16656874120235443, 0.16676345467567444, 0.16661904752254486, 0.1666991263628006, 0.16671040654182434]",0.47486940026283264,0.2352045178413391,0.3270055651664734
regime_linear_split,20100028,observed_regime,1,1,1.0,0.9993607401847839,0.25826847553253174,0.006692850962281227,0.0,0.0,0.0,linear,"[0.0, 0.0, 0.0, 0.0, 0.0, 0.0]","[0.0, 0.0, 0.0, 0.0, 0.0, 0.0]",1.7917593717575073,5.999998092651367,"[0.1666392683982849, 0.1665685772895813, 0.16676367819309235, 0.16661882400512695, 0.16669927537441254, 0.16671043634414673]",0.46601513028144836,0.22898748144507408,0.13909830152988434
regime_linear_split,20100029,observed_regime,1,1,1.0,0.9993771910667419,0.2607578635215759,0.006692850962281227,0.0,0.0,0.0,linear,"[0.0, 0.0, 0.0, 0.0, 0.0, 0.0]","[0.0, 0.0, 0.0, 0.0, 0.0, 0.0]",1.7917594909667969,5.999998569488525,"[0.1666392832994461, 0.16656894981861115, 0.1667633056640625, 0.16661904752254486, 0.16669905185699463, 0.16671037673950195]",0.4517916440963745,0.6635360568761826,0.36329540610313416
regime_weak_split,20100000,observed_regime,1,1,1.0,0.9993163347244263,0.2571679353713989,0.006692850962281227,0.0,0.0,0.0,linear,"[0.0, 0.0, 0.0, 0.0, 0.0, 0.0]","[0.0, 0.0, 0.0, 0.0, 0.0, 0.0]",1.7917594909667969,5.999998569488525,"[0.1666392832994461, 0.16656897962093353, 0.1667632758617401, 0.16661904752254486, 0.16669905185699463, 0.16671039164066315]",0.5106326937675476,0.9684162735939026,0.0
regime_weak_split,20100001,observed_regime,1,1,1.0,0.9993543028831482,0.2575730085372925,0.006692850962281227,0.0,0.0,0.0,linear,"[0.0, 0.0, 0.0, 0.0, 0.0, 0.0]","[0.0, 0.0, 0.0, 0.0, 0.0, 0.0]",1.7917593717575073,5.999999523162842,"[0.16663935780525208, 0.16656917333602905, 0.16676321625709534, 0.16661885380744934, 0.16669897735118866, 0.16671039164066315]",0.4718623161315918,0.8133388161659241,0.0
regime_weak_split,20100002,observed_regime,1,1,1.0,0.9993589520454407,0.25807008147239685,0.006692850962281227,0.0,0.0,0.0,linear,"[0.0, 0.0, 0.0, 0.0, 0.0, 0.0]","[0.0, 0.0, 0.0, 0.0, 0.0, 0.0]",1.7917594909667969,5.999999523162842,"[0.16663946211338043, 0.16656924784183502, 0.16676315665245056, 0.16661910712718964, 0.1666988730430603, 0.16671013832092285]",0.4677828550338745,0.7108598947525024,0.0
regime_weak_split,20100003,observed_regime,1,1,1.0,0.9993439316749573,0.2567930817604065,0.006692850962281227,0.0,0.0,0.0,linear,"[0.0, 0.0, 0.0, 0.0, 0.0, 0.0]","[0.0, 0.0, 0.0, 0.0, 0.0, 0.0]",1.7917594909667969,5.999999523162842,"[0.16663935780525208, 0.1665688455104828, 0.16676348447799683, 0.1666189730167389, 0.1666991412639618, 0.16671018302440643]",0.4813936650753021,0.43375536799430847,0.0
regime_weak_split,20100004,observed_regime,1,1,1.0,0.9993392825126648,0.25658929347991943,0.006692850962281227,0.0,0.0,0.0,linear,"[0.0, 0.0, 0.0, 0.0, 0.0, 0.0]","[0.0, 0.0, 0.0, 0.0, 0.0, 0.0]",1.7917593717575073,6.000000476837158,"[0.16663920879364014, 0.16656850278377533, 0.16676364839076996, 0.1666189283132553, 0.16669929027557373, 0.16671034693717957]",0.48615825176239014,0.32851729542016983,0.0
regime_weak_split,20100005,observed_regime,1,1,1.0,0.9993487000465393,0.25710511207580566,0.006692850962281227,0.0,0.0,0.0,linear,"[0.0, 0.0, 0.0, 0.0, 0.0, 0.0]","[0.0, 0.0, 0.0, 0.0, 0.0, 0.0]",1.7917593717575073,5.999999523162842,"[0.1666392683982849, 0.1665685772895813, 0.16676364839076996, 0.1666189432144165, 0.16669924557209015, 0.16671031713485718]",0.4769690930843353,0.6597744822502136,0.0
regime_weak_split,20100006,observed_regime,1,1,1.0,0.9993261098861694,0.25656378269195557,0.006692850962281227,0.0,0.0,0.0,linear,"[0.0, 0.0, 0.0, 0.0, 0.0, 0.0]","[0.0, 0.0, 0.0, 0.0, 0.0, 0.0]",1.7917594909667969,5.999998569488525,"[0.1666392683982849, 0.1665686070919037, 0.166763573884964, 0.16661900281906128, 0.16669927537441254, 0.16671030223369598]",0.49980542063713074,0.7573293447494507,0.0
regime_weak_split,20100007,observed_regime,1,1,1.0,0.9993839263916016,0.262077659368515,0.006692850962281227,0.0,0.0,0.0,linear,"[0.0, 0.0, 0.0, 0.0, 0.0, 0.0]","[0.0, 0.0, 0.0, 0.0, 0.0, 0.0]",1.7917593717575073,5.999998569488525,"[0.16663944721221924, 0.1665688455104828, 0.1667635142803192, 0.1666189432144165, 0.16669900715351105, 0.1667102575302124]",0.4467267394065857,0.654243528842926,0.0
regime_weak_split,20100008,observed_regime,1,1,1.0,0.9993232488632202,0.2566867470741272,0.006692850962281227,0.0,0.0,0.0,linear,"[0.0, 0.0, 0.0, 0.0, 0.0, 0.0]","[0.0, 0.0, 0.0, 0.0, 0.0, 0.0]",1.7917592525482178,5.999999523162842,"[0.16663935780525208, 0.16656866669654846, 0.166763573884964, 0.16661898791790009, 0.16669923067092896, 0.16671013832092285]",0.5030162334442139,0.44620709121227264,0.0
regime_weak_split,20100009,observed_regime,1,1,1.0,0.9993352293968201,0.2564845681190491,0.006692850962281227,0.0,0.0,0.0,linear,"[0.0, 0.0, 0.0, 0.0, 0.0, 0.0]","[0.0, 0.0, 0.0, 0.0, 0.0, 0.0]",1.7917594909667969,6.0,"[0.1666395217180252, 0.16656911373138428, 0.1667632758617401, 0.1666189581155777, 0.16669894754886627, 0.16671013832092285]",0.4899734556674957,0.6162871718406677,0.0
regime_weak_split,20100010,observed_regime,1,1,1.0,0.9993507266044617,0.2572607398033142,0.006692850962281227,0.0,0.0,0.0,linear,"[0.0, 0.0, 0.0, 0.0, 0.0, 0.0]","[0.0, 0.0, 0.0, 0.0, 0.0, 0.0]",1.7917594909667969,5.999999523162842,"[0.16663937270641327, 0.16656897962093353, 0.1667633354663849, 0.1666189730167389, 0.16669908165931702, 0.1667102426290512]",0.47521620988845825,0.9992861747741699,0.0
regime_weak_split,20100011,observed_regime,1,1,1.0,0.999349057674408,0.2571377456188202,0.006692850962281227,0.0,0.0,0.0,linear,"[0.0, 0.0, 0.0, 0.0, 0.0, 0.0]","[0.0, 0.0, 0.0, 0.0, 0.0, 0.0]",1.7917593717575073,5.999998092651367,"[0.16663913428783417, 0.16656892001628876, 0.16676320135593414, 0.16661924123764038, 0.16669923067092896, 0.16671031713485718]",0.47675564885139465,0.8745973706245422,0.0
regime_weak_split,20100012,observed_regime,1,1,1.0,0.9993304014205933,0.25646767020225525,0.006692850962281227,0.0,0.0,0.0,linear,"[0.0, 0.0, 0.0, 0.0, 0.0, 0.0]","[0.0, 0.0, 0.0, 0.0, 0.0, 0.0]",1.7917594909667969,5.999999523162842,"[0.1666393131017685, 0.1665688008069992, 0.16676343977451324, 0.1666189581155777, 0.16669915616512299, 0.16671031713485718]",0.49513915181159973,0.9276670217514038,0.0
regime_weak_split,20100013,observed_regime,1,1,1.0,0.9993427395820618,0.25673434138298035,0.006692850962281227,0.0,0.0,0.0,linear,"[0.0, 0.0, 0.0, 0.0, 0.0, 0.0]","[0.0, 0.0, 0.0, 0.0, 0.0, 0.0]",1.7917593717575073,5.999999523162842,"[0.1666393280029297, 0.16656845808029175, 0.1667638123035431, 0.16661879420280457, 0.16669923067092896, 0.16671039164066315]",0.4826980233192444,0.7027133703231812,0.0
regime_weak_split,20100014,observed_regime,1,1,1.0,0.999383807182312,0.2620522081851959,0.006692850962281227,0.0,0.0,0.0,linear,"[0.0, 0.0, 0.0, 0.0, 0.0, 0.0]","[0.0, 0.0, 0.0, 0.0, 0.0, 0.0]",1.7917593717575073,5.999999523162842,"[0.16663946211338043, 0.16656896471977234, 0.16676345467567444, 0.16661888360977173, 0.16669891774654388, 0.16671031713485718]",0.4468221068382263,0.9021291732788086,0.0
regime_weak_split,20100015,observed_regime,1,1,1.0,0.9993731379508972,0.2600536346435547,0.006692850962281227,0.0,0.0,0.0,linear,"[0.0, 0.0, 0.0, 0.0, 0.0, 0.0]","[0.0, 0.0, 0.0, 0.0, 0.0, 0.0]",1.7917594909667969,5.999998092651367,"[0.1666395515203476, 0.16656926274299622, 0.16676326096057892, 0.16661888360977173, 0.1666988581418991, 0.1667102426290512]",0.45551443099975586,0.7632818818092346,0.0
regime_weak_split,20100016,observed_regime,1,1,1.0,0.9993436932563782,0.25677502155303955,0.006692850962281227,0.0,0.0,0.0,linear,"[0.0, 0.0, 0.0, 0.0, 0.0, 0.0]","[0.0, 0.0, 0.0, 0.0, 0.0, 0.0]",1.7917594909667969,5.999998092651367,"[0.16663943231105804, 0.1665690392255783, 0.16676339507102966, 0.1666189581155777, 0.16669896245002747, 0.1667102724313736]",0.4816693961620331,0.8774047493934631,0.0
regime_weak_split,20100017,observed_regime,1,1,1.0,0.9993280172348022,0.25649550557136536,0.006692850962281227,0.0,0.0,0.0,linear,"[0.0, 0.0, 0.0, 0.0, 0.0, 0.0]","[0.0, 0.0, 0.0, 0.0, 0.0, 0.0]",1.7917594909667969,5.999999523162842,"[0.1666395366191864, 0.1665692776441574, 0.16676315665245056, 0.1666189432144165, 0.1666988581418991, 0.16671021282672882]",0.49746280908584595,0.9167885184288025,0.0
regime_weak_split,20100018,observed_regime,1,1,1.0,0.9993574023246765,0.2579076886177063,0.006692850962281227,0.0,0.0,0.0,linear,"[0.0, 0.0, 0.0, 0.0, 0.0, 0.0]","[0.0, 0.0, 0.0, 0.0, 0.0, 0.0]",1.7917594909667969,5.999999523162842,"[0.16663911938667297, 0.16656866669654846, 0.16676345467567444, 0.16661912202835083, 0.16669923067092896, 0.16671036183834076]",0.46917012333869934,0.23772594705224037,0.0
regime_weak_split,20100019,observed_regime,1,1,1.0,0.9993219375610352,0.256740927696228,0.006692850962281227,0.0,0.0,0.0,linear,"[0.0, 0.0, 0.0, 0.0, 0.0, 0.0]","[0.0, 0.0, 0.0, 0.0, 0.0, 0.0]",1.7917593717575073,5.999999523162842,"[0.1666392982006073, 0.166568785905838, 0.16676349937915802, 0.1666189283132553, 0.1666991263628006, 0.16671036183834076]",0.5043152570724487,0.5549823194742203,0.0
regime_weak_split,20100020,observed_regime,1,1,1.0,0.9993867874145508,0.2626841962337494,0.006692850962281227,0.0,0.0,0.0,linear,"[0.0, 0.0, 0.0, 0.0, 0.0, 0.0]","[0.0, 0.0, 0.0, 0.0, 0.0, 0.0]",1.7917593717575073,5.999999523162842,"[0.16663946211338043, 0.16656890511512756, 0.16676343977451324, 0.1666189283132553, 0.16669906675815582, 0.16671016812324524]",0.4444635510444641,1.008721113204956,0.0
regime_weak_split,20100021,observed_regime,1,1,1.0,0.9993351101875305,0.2564840018749237,0.006692850962281227,0.0,0.0,0.0,linear,"[0.0, 0.0, 0.0, 0.0, 0.0, 0.0]","[0.0, 0.0, 0.0, 0.0, 0.0, 0.0]",1.7917593717575073,5.999999523162842,"[0.16663935780525208, 0.1665685772895813, 0.16676367819309235, 0.16661885380744934, 0.16669921576976776, 0.16671031713485718]",0.4901730716228485,1.1052474975585938,0.0
regime_weak_split,20100022,observed_regime,1,1,1.0,0.9993475079536438,0.25701606273651123,0.006692850962281227,0.0,0.0,0.0,linear,"[0.0, 0.0, 0.0, 0.0, 0.0, 0.0]","[0.0, 0.0, 0.0, 0.0, 0.0, 0.0]",1.7917594909667969,5.999998092651367,"[0.16663923859596252, 0.1665686070919037, 0.16676367819309235, 0.16661882400512695, 0.16669921576976776, 0.1667104810476303]",0.47811564803123474,0.25075335428118706,0.0
regime_weak_split,20100023,observed_regime,1,1,1.0,0.9993322491645813,0.25647056102752686,0.006692850962281227,0.0,0.0,0.0,linear,"[0.0, 0.0, 0.0, 0.0, 0.0, 0.0]","[0.0, 0.0, 0.0, 0.0, 0.0, 0.0]",1.7917593717575073,5.999999523162842,"[0.1666393280029297, 0.16656863689422607, 0.16676360368728638, 0.16661906242370605, 0.16669915616512299, 0.16671019792556763]",0.4931413233280182,0.8553920984268188,0.0
regime_weak_split,20100024,observed_regime,1,1,1.0,0.9993329644203186,0.2564684748649597,0.006692850962281227,0.0,0.0,0.0,linear,"[0.0, 0.0, 0.0, 0.0, 0.0, 0.0]","[0.0, 0.0, 0.0, 0.0, 0.0, 0.0]",1.7917593717575073,5.999999523162842,"[0.1666393280029297, 0.16656868159770966, 0.16676364839076996, 0.16661879420280457, 0.1666991412639618, 0.16671039164066315]",0.4925892651081085,0.6036951541900635,0.0
regime_weak_split,20100025,observed_regime,1,1,1.0,0.9993197917938232,0.25687626004219055,0.006692850962281227,0.0,0.0,0.0,linear,"[0.0, 0.0, 0.0, 0.0, 0.0, 0.0]","[0.0, 0.0, 0.0, 0.0, 0.0, 0.0]",1.7917594909667969,5.999999523162842,"[0.1666395515203476, 0.16656944155693054, 0.166763037443161, 0.16661904752254486, 0.1666988730430603, 0.1667100489139557]",0.5065645575523376,0.6511843204498291,0.0
regime_weak_split,20100026,observed_regime,1,1,1.0,0.9993239641189575,0.2566365599632263,0.006692850962281227,0.0,0.0,0.0,linear,"[0.0, 0.0, 0.0, 0.0, 0.0, 0.0]","[0.0, 0.0, 0.0, 0.0, 0.0, 0.0]",1.7917593717575073,5.999999523162842,"[0.16663938760757446, 0.166568785905838, 0.1667635440826416, 0.16661883890628815, 0.16669908165931702, 0.16671031713485718]",0.501999020576477,0.7537255883216858,0.0
regime_weak_split,20100027,observed_regime,1,1,1.0,0.9993454813957214,0.25689104199409485,0.006692850962281227,0.0,0.0,0.0,linear,"[0.0, 0.0, 0.0, 0.0, 0.0, 0.0]","[0.0, 0.0, 0.0, 0.0, 0.0, 0.0]",1.7917594909667969,5.999998092651367,"[0.16663914918899536, 0.16656848788261414, 0.16676363348960876, 0.16661904752254486, 0.16669929027557373, 0.16671043634414673]",0.47988981008529663,0.39941494911909103,0.0
regime_weak_split,20100028,observed_regime,1,1,1.0,0.9993277788162231,0.2565063536167145,0.006692850962281227,0.0,0.0,0.0,linear,"[0.0, 0.0, 0.0, 0.0, 0.0, 0.0]","[0.0, 0.0, 0.0, 0.0, 0.0, 0.0]",1.7917593717575073,5.999999523162842,"[0.16663938760757446, 0.1665688008069992, 0.1667635440826416, 0.16661879420280457, 0.16669908165931702, 0.16671039164066315]",0.49800315499305725,0.2860626354813576,0.0
regime_weak_split,20100029,observed_regime,1,1,1.0,0.999336302280426,0.25651267170906067,0.006692850962281227,0.0,0.0,0.0,linear,"[0.0, 0.0, 0.0, 0.0, 0.0, 0.0]","[0.0, 0.0, 0.0, 0.0, 0.0, 0.0]",1.7917593717575073,5.999999523162842,"[0.1666392683982849, 0.16656889021396637, 0.1667633354663849, 0.16661904752254486, 0.16669908165931702, 0.16671036183834076]",0.4889231026172638,0.8886669874191284,0.0
regime_stationary_nonlinear,20100000,observed_regime,1,1,1.0,0.9993541836738586,0.25756242871284485,0.006692850962281227,0.0,0.0,0.0,linear,"[0.0, 0.0, 0.0, 0.0, 0.0, 0.0]","[0.0, 0.0, 0.0, 0.0, 0.0, 0.0]",1.7917594909667969,5.999998092651367,"[0.16663947701454163, 0.16656924784183502, 0.16676317155361176, 0.16661889851093292, 0.1666988581418991, 0.16671040654182434]",0.4719913601875305,0.35060087591409683,0.0
regime_stationary_nonlinear,20100001,observed_regime,1,1,1.0,0.9993958473205566,0.26481762528419495,0.006692850962281227,0.0,0.0,0.0,linear,"[0.0, 0.0, 0.0, 0.0, 0.0, 0.0]","[0.0, 0.0, 0.0, 0.0, 0.0, 0.0]",1.7917593717575073,5.999999523162842,"[0.16663941740989685, 0.16656892001628876, 0.16676342487335205, 0.16661879420280457, 0.16669896245002747, 0.16671045124530792]",0.4373282194137573,0.7797550559043884,0.0
regime_stationary_nonlinear,20100002,observed_regime,1,1,1.0,0.9994193315505981,0.2719847559928894,0.006692850962281227,0.0,0.0,0.0,linear,"[0.0, 0.0, 0.0, 0.0, 0.0, 0.0]","[0.0, 0.0, 0.0, 0.0, 0.0, 0.0]",1.7917592525482178,6.000000476837158,"[0.1666397899389267, 0.16656993329524994, 0.1667625904083252, 0.1666189283132553, 0.1666986346244812, 0.1667100340127945]",0.41928911209106445,0.26241592317819595,0.10762277245521545
regime_stationary_nonlinear,20100003,observed_regime,1,1,1.0,0.9993937015533447,0.264303594827652,0.006692850962281227,0.0,0.0,0.0,linear,"[0.0, 0.0, 0.0, 0.0, 0.0, 0.0]","[0.0, 0.0, 0.0, 0.0, 0.0, 0.0]",1.7917593717575073,5.999998569488525,"[0.16663962602615356, 0.16656942665576935, 0.1667630821466446, 0.1666189283132553, 0.16669875383377075, 0.16671019792556763]",0.43881505727767944,0.43375536799430847,0.0
regime_stationary_nonlinear,20100004,observed_regime,1,1,1.0,0.9993873834609985,0.2628341615200043,0.006692850962281227,0.0,0.0,0.0,linear,"[0.0, 0.0, 0.0, 0.0, 0.0, 0.0]","[0.0, 0.0, 0.0, 0.0, 0.0, 0.0]",1.7917593717575073,5.999999523162842,"[0.16663943231105804, 0.16656890511512756, 0.16676340997219086, 0.16661885380744934, 0.16669897735118866, 0.16671037673950195]",0.4439659118652344,0.3892148658633232,0.0
regime_stationary_nonlinear,20100005,observed_regime,1,1,1.0,0.9994162321090698,0.2709026336669922,0.006692850962281227,0.0,0.0,0.0,linear,"[0.0, 0.0, 0.0, 0.0, 0.0, 0.0]","[0.0, 0.0, 0.0, 0.0, 0.0, 0.0]",1.7917594909667969,5.999999523162842,"[0.16663964092731476, 0.16656945645809174, 0.166763037443161, 0.16661874949932098, 0.16669878363609314, 0.16671031713485718]",0.4217420518398285,-0.07412488758563995,0.06147013604640961
regime_stationary_nonlinear,20100006,observed_regime,1,1,1.0,0.9994022846221924,0.26653799414634705,0.006692850962281227,0.0,0.0,0.0,linear,"[0.0, 0.0, 0.0, 0.0, 0.0, 0.0]","[0.0, 0.0, 0.0, 0.0, 0.0, 0.0]",1.7917594909667969,5.999999523162842,"[0.166639506816864, 0.1665690541267395, 0.1667633205652237, 0.16661882400512695, 0.16669896245002747, 0.16671031713485718]",0.4323776066303253,0.23727629706263542,0.0
regime_stationary_nonlinear,20100007,observed_regime,1,1,1.0,0.999398946762085,0.2656347155570984,0.006692850962281227,0.0,0.0,0.0,linear,"[0.0, 0.0, 0.0, 0.0, 0.0, 0.0]","[0.0, 0.0, 0.0, 0.0, 0.0, 0.0]",1.7917594909667969,5.999998569488525,"[0.166639506816864, 0.16656894981861115, 0.16676345467567444, 0.16661888360977173, 0.16669894754886627, 0.1667102724313736]",0.43455004692077637,0.2542438954114914,0.06038447096943855
regime_stationary_nonlinear,20100008,observed_regime,1,1,1.0,0.9993649125099182,0.25881269574165344,0.006692850962281227,0.0,0.0,0.0,linear,"[0.0, 0.0, 0.0, 0.0, 0.0, 0.0]","[0.0, 0.0, 0.0, 0.0, 0.0, 0.0]",1.7917593717575073,5.999999523162842,"[0.16663968563079834, 0.16656950116157532, 0.166763037443161, 0.16661889851093292, 0.16669872403144836, 0.16671016812324524]",0.4624248147010803,0.44620709121227264,0.0
regime_stationary_nonlinear,20100009,observed_regime,1,1,1.0,0.9993895292282104,0.2633228302001953,0.006692850962281227,0.0,0.0,0.0,linear,"[0.0, 0.0, 0.0, 0.0, 0.0, 0.0]","[0.0, 0.0, 0.0, 0.0, 0.0, 0.0]",1.7917593717575073,5.999999523162842,"[0.16663959622383118, 0.16656950116157532, 0.16676296293735504, 0.16661898791790009, 0.16669873893260956, 0.16671021282672882]",0.44212865829467773,0.9088159203529358,0.0
regime_stationary_nonlinear,20100010,observed_regime,1,1,1.0,0.9994142055511475,0.27023667097091675,0.006692850962281227,0.0,0.0,0.0,linear,"[0.0, 0.0, 0.0, 0.0, 0.0, 0.0]","[0.0, 0.0, 0.0, 0.0, 0.0, 0.0]",1.7917594909667969,5.999999523162842,"[0.16663970053195953, 0.16656967997550964, 0.16676278412342072, 0.16661882400512695, 0.16669875383377075, 0.16671021282672882]",0.4231512248516083,0.9992861747741699,0.0
regime_stationary_nonlinear,20100011,observed_regime,1,1,1.0,0.999390721321106,0.26358407735824585,0.006692850962281227,0.0,0.0,0.0,linear,"[0.0, 0.0, 0.0, 0.0, 0.0, 0.0]","[0.0, 0.0, 0.0, 0.0, 0.0, 0.0]",1.7917594909667969,5.999999523162842,"[0.1666392982006073, 0.1665692776441574, 0.16676296293735504, 0.1666191667318344, 0.1666988879442215, 0.16671039164066315]",0.44124743342399597,0.6828658580780029,0.0
regime_stationary_nonlinear,20100012,observed_regime,1,1,1.0,0.9993510842323303,0.25729212164878845,0.006692850962281227,0.0,0.0,0.0,linear,"[0.0, 0.0, 0.0, 0.0, 0.0, 0.0]","[0.0, 0.0, 0.0, 0.0, 0.0, 0.0]",1.7917594909667969,5.999999523162842,"[0.16663937270641327, 0.1665688157081604, 0.1667635142803192, 0.16661889851093292, 0.16669905185699463, 0.16671036183834076]",0.47469431161880493,0.9932301640510559,0.0
regime_stationary_nonlinear,20100013,observed_regime,1,1,1.0,0.9993777275085449,0.26086223125457764,0.006692850962281227,0.0,0.0,0.0,linear,"[0.0, 0.0, 0.0, 0.0, 0.0, 0.0]","[0.0, 0.0, 0.0, 0.0, 0.0, 0.0]",1.7917593717575073,5.999999523162842,"[0.16663940250873566, 0.16656862199306488, 0.16676370799541473, 0.16661874949932098, 0.16669908165931702, 0.16671039164066315]",0.45174282789230347,0.41248631477355957,0.0
regime_stationary_nonlinear,20100014,observed_regime,1,1,1.0,0.9994125366210938,0.2696192264556885,0.006692850962281227,0.0,0.0,0.0,linear,"[0.0, 0.0, 0.0, 0.0, 0.0, 0.0]","[0.0, 0.0, 0.0, 0.0, 0.0, 0.0]",1.7917594909667969,5.999998569488525,"[0.16663961112499237, 0.16656917333602905, 0.1667632758617401, 0.16661885380744934, 0.16669884324073792, 0.1667102575302124]",0.42455729842185974,0.12386739626526833,0.0
regime_stationary_nonlinear,20100015,observed_regime,1,1,1.0,0.9994059801101685,0.2676139771938324,0.006692850962281227,0.0,0.0,0.0,linear,"[0.0, 0.0, 0.0, 0.0, 0.0, 0.0]","[0.0, 0.0, 0.0, 0.0, 0.0, 0.0]",1.7917594909667969,5.999999523162842,"[0.16663964092731476, 0.16656923294067383, 0.16676323115825653, 0.16661879420280457, 0.1666988730430603, 0.16671021282672882]",0.4294601380825043,0.3856051117181778,0.0
regime_stationary_nonlinear,20100016,observed_regime,1,1,1.0,0.9993897676467896,0.26336297392845154,0.006692850962281227,0.0,0.0,0.0,linear,"[0.0, 0.0, 0.0, 0.0, 0.0, 0.0]","[0.0, 0.0, 0.0, 0.0, 0.0, 0.0]",1.7917593717575073,5.999998569488525,"[0.16663959622383118, 0.16656939685344696, 0.1667630821466446, 0.16661886870861053, 0.16669879853725433, 0.1667102873325348]",0.4418700635433197,0.5147732198238373,0.0
regime_stationary_nonlinear,20100017,observed_regime,1,1,1.0,0.9993892908096313,0.2632526159286499,0.006692850962281227,0.0,0.0,0.0,linear,"[0.0, 0.0, 0.0, 0.0, 0.0, 0.0]","[0.0, 0.0, 0.0, 0.0, 0.0, 0.0]",1.7917594909667969,5.999999523162842,"[0.16663965582847595, 0.1665695607662201, 0.16676293313503265, 0.16661885380744934, 0.16669867932796478, 0.16671033203601837]",0.44224801659584045,0.1992378793656826,0.0
regime_stationary_nonlinear,20100018,observed_regime,1,1,1.0,0.999387264251709,0.2628064453601837,0.006692850962281227,0.0,0.0,0.0,linear,"[0.0, 0.0, 0.0, 0.0, 0.0, 0.0]","[0.0, 0.0, 0.0, 0.0, 0.0, 0.0]",1.7917593717575073,5.999998569488525,"[0.16663937270641327, 0.16656838357448578, 0.1667638123035431, 0.16661885380744934, 0.16669930517673492, 0.16671030223369598]",0.4438077509403229,0.23772594705224037,0.0
regime_stationary_nonlinear,20100019,observed_regime,1,1,1.0,0.9993614554405212,0.25836214423179626,0.006692850962281227,0.0,0.0,0.0,linear,"[0.0, 0.0, 0.0, 0.0, 0.0, 0.0]","[0.0, 0.0, 0.0, 0.0, 0.0, 0.0]",1.7917593717575073,6.0,"[0.16663946211338043, 0.16656890511512756, 0.16676340997219086, 0.16661883890628815, 0.16669897735118866, 0.16671033203601837]",0.4654734432697296,0.008982042782008648,0.0
regime_stationary_nonlinear,20100020,observed_regime,1,1,1.0,0.9993938207626343,0.26430290937423706,0.006692850962281227,0.0,0.0,0.0,linear,"[0.0, 0.0, 0.0, 0.0, 0.0, 0.0]","[0.0, 0.0, 0.0, 0.0, 0.0, 0.0]",1.7917592525482178,5.999999523162842,"[0.16663964092731476, 0.16656911373138428, 0.16676339507102966, 0.16661879420280457, 0.1666988581418991, 0.16671018302440643]",0.4389389455318451,1.0607340335845947,0.0
regime_stationary_nonlinear,20100021,observed_regime,1,1,1.0,0.9993791580200195,0.2611508369445801,0.006692850962281227,0.0,0.0,0.0,linear,"[0.0, 0.0, 0.0, 0.0, 0.0, 0.0]","[0.0, 0.0, 0.0, 0.0, 0.0, 0.0]",1.7917593717575073,5.999999523162842,"[0.16663974523544312, 0.16656944155693054, 0.16676312685012817, 0.1666187345981598, 0.1666986644268036, 0.1667102873325348]",0.45037174224853516,0.47975219786167145,0.0
regime_stationary_nonlinear,20100022,observed_regime,1,1,1.0,0.9993805885314941,0.26141560077667236,0.006692850962281227,0.0,0.0,0.0,linear,"[0.0, 0.0, 0.0, 0.0, 0.0, 0.0]","[0.0, 0.0, 0.0, 0.0, 0.0, 0.0]",1.7917593717575073,5.999999523162842,"[0.16663958132266998, 0.16656950116157532, 0.16676302254199982, 0.1666187196969986, 0.16669870913028717, 0.16671045124530792]",0.4492947459220886,0.8275508880615234,0.011883275583386421
regime_stationary_nonlinear,20100023,observed_regime,1,1,1.0,0.999393105506897,0.26414984464645386,0.006692850962281227,0.0,0.0,0.0,linear,"[0.0, 0.0, 0.0, 0.0, 0.0, 0.0]","[0.0, 0.0, 0.0, 0.0, 0.0, 0.0]",1.7917593717575073,5.999998569488525,"[0.1666395664215088, 0.16656917333602905, 0.16676321625709534, 0.16661885380744934, 0.16669891774654388, 0.1667102873325348]",0.4390280842781067,0.5569508373737335,0.05198909714818001
regime_stationary_nonlinear,20100024,observed_regime,1,1,1.0,0.9993851184844971,0.26232677698135376,0.006692850962281227,0.0,0.0,0.0,linear,"[0.0, 0.0, 0.0, 0.0, 0.0, 0.0]","[0.0, 0.0, 0.0, 0.0, 0.0, 0.0]",1.7917593717575073,5.999999523162842,"[0.1666395366191864, 0.16656914353370667, 0.1667632758617401, 0.16661874949932098, 0.1666988730430603, 0.16671040654182434]",0.4458298683166504,0.6036951541900635,0.0
regime_stationary_nonlinear,20100025,observed_regime,1,1,1.0,0.9993651509284973,0.25885209441185,0.006692850962281227,0.0,0.0,0.0,linear,"[0.0, 0.0, 0.0, 0.0, 0.0, 0.0]","[0.0, 0.0, 0.0, 0.0, 0.0, 0.0]",1.7917592525482178,6.0,"[0.16663964092731476, 0.16656941175460815, 0.1667630970478058, 0.16661891341209412, 0.16669870913028717, 0.16671016812324524]",0.46216464042663574,0.3579745441675186,0.0
regime_stationary_nonlinear,20100026,observed_regime,1,1,1.0,0.9993749260902405,0.2603705823421478,0.006692850962281227,0.0,0.0,0.0,linear,"[0.0, 0.0, 0.0, 0.0, 0.0, 0.0]","[0.0, 0.0, 0.0, 0.0, 0.0, 0.0]",1.7917594909667969,5.999999523162842,"[0.1666395664215088, 0.16656911373138428, 0.1667633354663849, 0.1666187345981598, 0.1666988581418991, 0.16671039164066315]",0.453960657119751,0.24150081723928452,0.0
regime_stationary_nonlinear,20100027,observed_regime,1,1,1.0,0.9993828535079956,0.26187780499458313,0.006692850962281227,0.0,0.0,0.0,linear,"[0.0, 0.0, 0.0, 0.0, 0.0, 0.0]","[0.0, 0.0, 0.0, 0.0, 0.0, 0.0]",1.7917594909667969,5.999998569488525,"[0.1666393131017685, 0.166569322347641, 0.16676296293735504, 0.16661906242370605, 0.1666988879442215, 0.1667104810476303]",0.4473782181739807,0.31189844012260437,0.0
regime_stationary_nonlinear,20100028,observed_regime,1,1,1.0,0.999365508556366,0.25888562202453613,0.006692850962281227,0.0,0.0,0.0,linear,"[0.0, 0.0, 0.0, 0.0, 0.0, 0.0]","[0.0, 0.0, 0.0, 0.0, 0.0, 0.0]",1.7917594909667969,5.999999523162842,"[0.166639506816864, 0.16656902432441711, 0.16676342487335205, 0.16661867499351501, 0.1666988730430603, 0.1667104959487915]",0.46197348833084106,0.2860626354813576,0.0
regime_stationary_nonlinear,20100029,observed_regime,1,1,1.0,0.9993988275527954,0.2656000852584839,0.006692850962281227,0.0,0.0,0.0,linear,"[0.0, 0.0, 0.0, 0.0, 0.0, 0.0]","[0.0, 0.0, 0.0, 0.0, 0.0, 0.0]",1.7917593717575073,6.0,"[0.16663949191570282, 0.16656915843486786, 0.16676323115825653, 0.16661882400512695, 0.16669876873493195, 0.16671046614646912]",0.4348044693470001,0.9757131338119507,0.10555443167686462
regime_null,20100000,observed_regime,1,1,1.0,0.9993314743041992,0.2564733624458313,0.006692850962281227,0.0,0.0,0.0,linear,"[0.0, 0.0, 0.0, 0.0, 0.0, 0.0]","[0.0, 0.0, 0.0, 0.0, 0.0, 0.0]",1.7917593717575073,6.0,"[0.16663935780525208, 0.16656894981861115, 0.1667633056640625, 0.16661904752254486, 0.16669897735118866, 0.16671030223369598]",0.49406197667121887,0.43546005338430405,0.0
regime_null,20100001,observed_regime,1,1,1.0,0.9993619322776794,0.2584255039691925,0.006692850962281227,0.0,0.0,0.0,linear,"[0.0, 0.0, 0.0, 0.0, 0.0, 0.0]","[0.0, 0.0, 0.0, 0.0, 0.0, 0.0]",1.7917594909667969,5.999999523162842,"[0.16663940250873566, 0.16656897962093353, 0.16676339507102966, 0.16661886870861053, 0.16669899225234985, 0.16671036183834076]",0.4649890065193176,0.6865989565849304,0.0
regime_null,20100002,observed_regime,1,1,1.0,0.9993621706962585,0.25845643877983093,0.006692850962281227,0.0,0.0,0.0,linear,"[0.0, 0.0, 0.0, 0.0, 0.0, 0.0]","[0.0, 0.0, 0.0, 0.0, 0.0, 0.0]",1.7917593717575073,5.999999523162842,"[0.16663940250873566, 0.16656924784183502, 0.1667630672454834, 0.1666192263364792, 0.16669896245002747, 0.16671009361743927]",0.46492162346839905,0.7108598947525024,0.0
regime_null,20100003,observed_regime,1,1,1.0,0.9993383288383484,0.2565566599369049,0.006692850962281227,0.0,0.0,0.0,linear,"[0.0, 0.0, 0.0, 0.0, 0.0, 0.0]","[0.0, 0.0, 0.0, 0.0, 0.0, 0.0]",1.7917594909667969,5.999999523162842,"[0.16663949191570282, 0.16656915843486786, 0.16676323115825653, 0.16661900281906128, 0.16669897735118866, 0.16671010851860046]",0.4869021773338318,0.7720361948013306,0.0
regime_null,20100004,observed_regime,1,1,1.0,0.999347984790802,0.2570526599884033,0.006692850962281227,0.0,0.0,0.0,linear,"[0.0, 0.0, 0.0, 0.0, 0.0, 0.0]","[0.0, 0.0, 0.0, 0.0, 0.0, 0.0]",1.7917594909667969,5.999999523162842,"[0.16663920879364014, 0.16656853258609772, 0.16676361858844757, 0.1666189730167389, 0.16669932007789612, 0.16671034693717957]",0.47769996523857117,0.6610145270824432,0.0
regime_null,20100005,observed_regime,1,1,1.0,0.9993337988853455,0.25646957755088806,0.006692850962281227,0.0,0.0,0.0,linear,"[0.0, 0.0, 0.0, 0.0, 0.0, 0.0]","[0.0, 0.0, 0.0, 0.0, 0.0, 0.0]",1.7917593717575073,5.999999523162842,"[0.16663920879364014, 0.16656872630119324, 0.16676349937915802, 0.16661903262138367, 0.1666991263628006, 0.16671039164066315]",0.49146419763565063,0.8263187408447266,0.0
regime_null,20100006,observed_regime,1,1,1.0,0.9993292093276978,0.2564941644668579,0.006692850962281227,0.0,0.0,0.0,linear,"[0.0, 0.0, 0.0, 0.0, 0.0, 0.0]","[0.0, 0.0, 0.0, 0.0, 0.0, 0.0]",1.7917594909667969,5.999999523162842,"[0.1666393280029297, 0.1665690541267395, 0.16676323115825653, 0.16661909222602844, 0.16669905185699463, 0.1667102426290512]",0.4964595139026642,0.6107279658317566,0.0
regime_null,20100007,observed_regime,1,1,1.0,0.9993829727172852,0.2618861198425293,0.006692850962281227,0.0,0.0,0.0,linear,"[0.0, 0.0, 0.0, 0.0, 0.0, 0.0]","[0.0, 0.0, 0.0, 0.0, 0.0, 0.0]",1.7917594909667969,5.999998569488525,"[0.16663935780525208, 0.16656877100467682, 0.1667635440826416, 0.1666189730167389, 0.1666991114616394, 0.1667102724313736]",0.44740045070648193,0.8659979104995728,0.0
regime_null,20100008,observed_regime,1,1,1.0,0.9993299245834351,0.2564769983291626,0.006692850962281227,0.0,0.0,0.0,linear,"[0.0, 0.0, 0.0, 0.0, 0.0, 0.0]","[0.0, 0.0, 0.0, 0.0, 0.0, 0.0]",1.7917594909667969,5.999998092651367,"[0.1666395366191864, 0.16656917333602905, 0.16676324605941772, 0.16661891341209412, 0.16669897735118866, 0.16671019792556763]",0.4957011044025421,1.06085205078125,0.0
regime_null,20100009,observed_regime,1,1,1.0,0.9993391633033752,0.2565845251083374,0.006692850962281227,0.0,0.0,0.0,linear,"[0.0, 0.0, 0.0, 0.0, 0.0, 0.0]","[0.0, 0.0, 0.0, 0.0, 0.0, 0.0]",1.7917594909667969,5.999999523162842,"[0.16663943231105804, 0.16656897962093353, 0.1667633354663849, 0.16661903262138367, 0.16669903695583344, 0.16671018302440643]",0.4861040413379669,0.694666862487793,0.0
regime_null,20100010,observed_regime,1,1,1.0,0.9993537068367004,0.25753337144851685,0.006692850962281227,0.0,0.0,0.0,linear,"[0.0, 0.0, 0.0, 0.0, 0.0, 0.0]","[0.0, 0.0, 0.0, 0.0, 0.0, 0.0]",1.7917593717575073,5.999999523162842,"[0.16663923859596252, 0.16656868159770966, 0.16676348447799683, 0.16661907732486725, 0.16669926047325134, 0.1667102575302124]",0.47227272391319275,0.9992861747741699,0.0
regime_null,20100011,observed_regime,1,1,1.0,0.9993595480918884,0.25814467668533325,0.006692850962281227,0.0,0.0,0.0,linear,"[0.0, 0.0, 0.0, 0.0, 0.0, 0.0]","[0.0, 0.0, 0.0, 0.0, 0.0, 0.0]",1.7917594909667969,5.999998569488525,"[0.1666390746831894, 0.16656845808029175, 0.1667635291814804, 0.166619211435318, 0.1666993945837021, 0.16671033203601837]",0.467244416475296,0.8965462446212769,0.0
regime_null,20100012,observed_regime,1,1,1.0,0.9993288516998291,0.25648754835128784,0.006692850962281227,0.0,0.0,0.0,linear,"[0.0, 0.0, 0.0, 0.0, 0.0, 0.0]","[0.0, 0.0, 0.0, 0.0, 0.0, 0.0]",1.7917594909667969,5.999999523162842,"[0.16663935780525208, 0.16656875610351562, 0.1667635440826416, 0.16661889851093292, 0.1666991412639618, 0.1667102724313736]",0.4967692792415619,0.9932301640510559,0.0
regime_null,20100013,observed_regime,1,1,1.0,0.9993461966514587,0.2569323182106018,0.006692850962281227,0.0,0.0,0.0,linear,"[0.0, 0.0, 0.0, 0.0, 0.0, 0.0]","[0.0, 0.0, 0.0, 0.0, 0.0, 0.0]",1.7917594909667969,5.999999523162842,"[0.1666392832994461, 0.16656863689422607, 0.16676360368728638, 0.16661886870861053, 0.16669917106628418, 0.16671040654182434]",0.4794420599937439,0.3288561776280403,0.0
regime_null,20100014,observed_regime,1,1,1.0,0.9993793964385986,0.2611845135688782,0.006692850962281227,0.0,0.0,0.0,linear,"[0.0, 0.0, 0.0, 0.0, 0.0, 0.0]","[0.0, 0.0, 0.0, 0.0, 0.0, 0.0]",1.7917593717575073,5.999999523162842,"[0.16663944721221924, 0.16656893491744995, 0.16676343977451324, 0.16661889851093292, 0.16669900715351105, 0.1667102873325348]",0.45032891631126404,0.9194689989089966,0.0
regime_null,20100015,observed_regime,1,1,1.0,0.9993574023246765,0.2578986585140228,0.006692850962281227,0.0,0.0,0.0,linear,"[0.0, 0.0, 0.0, 0.0, 0.0, 0.0]","[0.0, 0.0, 0.0, 0.0, 0.0, 0.0]",1.7917593717575073,6.0,"[0.16663958132266998, 0.16656933724880219, 0.16676315665245056, 0.16661886870861053, 0.16669878363609314, 0.16671021282672882]",0.4690230190753937,0.7632818818092346,0.0
regime_null,20100016,observed_regime,1,1,1.0,0.9993415474891663,0.2566663920879364,0.006692850962281227,0.0,0.0,0.0,linear,"[0.0, 0.0, 0.0, 0.0, 0.0, 0.0]","[0.0, 0.0, 0.0, 0.0, 0.0, 0.0]",1.7917593717575073,5.999999523162842,"[0.1666395217180252, 0.16656924784183502, 0.16676321625709534, 0.16661888360977173, 0.16669879853725433, 0.16671030223369598]",0.48376181721687317,0.7299065589904785,0.0
regime_null,20100017,observed_regime,1,1,1.0,0.9993225336074829,0.25669845938682556,0.006692850962281227,0.0,0.0,0.0,linear,"[0.0, 0.0, 0.0, 0.0, 0.0, 0.0]","[0.0, 0.0, 0.0, 0.0, 0.0, 0.0]",1.7917593717575073,5.999999523162842,"[0.166639506816864, 0.16656896471977234, 0.16676342487335205, 0.1666189283132553, 0.16669902205467224, 0.16671013832092285]",0.5034776329994202,0.931279182434082,0.0
regime_null,20100018,observed_regime,1,1,1.0,0.9993672966957092,0.2591572403907776,0.006692850962281227,0.0,0.0,0.0,linear,"[0.0, 0.0, 0.0, 0.0, 0.0, 0.0]","[0.0, 0.0, 0.0, 0.0, 0.0, 0.0]",1.7917593717575073,5.999999523162842,"[0.16663910448551178, 0.16656863689422607, 0.16676346957683563, 0.16661913692951202, 0.16669932007789612, 0.16671034693717957]",0.46048808097839355,0.6595311760902405,0.0
regime_null,20100019,observed_regime,1,1,1.0,0.9993165731430054,0.25715601444244385,0.006692850962281227,0.0,0.0,0.0,linear,"[0.0, 0.0, 0.0, 0.0, 0.0, 0.0]","[0.0, 0.0, 0.0, 0.0, 0.0, 0.0]",1.7917593717575073,6.000000476837158,"[0.16663925349712372, 0.16656841337680817, 0.16676373779773712, 0.1666189432144165, 0.16669930517673492, 0.1667102724313736]",0.5106766223907471,0.29291699081659317,0.0
regime_null,20100020,observed_regime,1,1,1.0,0.9993776679039001,0.26084068417549133,0.006692850962281227,0.0,0.0,0.0,linear,"[0.0, 0.0, 0.0, 0.0, 0.0, 0.0]","[0.0, 0.0, 0.0, 0.0, 0.0, 0.0]",1.7917592525482178,5.999999523162842,"[0.16663946211338043, 0.1665690392255783, 0.16676336526870728, 0.1666189283132553, 0.16669896245002747, 0.16671019792556763]",0.45189380645751953,0.2535937577486038,0.0
regime_null,20100021,observed_regime,1,1,1.0,0.9993374943733215,0.25653257966041565,0.006692850962281227,0.0,0.0,0.0,linear,"[0.0, 0.0, 0.0, 0.0, 0.0, 0.0]","[0.0, 0.0, 0.0, 0.0, 0.0, 0.0]",1.7917593717575073,5.999999523162842,"[0.16663935780525208, 0.16656889021396637, 0.16676342487335205, 0.1666189283132553, 0.16669905185699463, 0.16671033203601837]",0.48769712448120117,0.36138488352298737,0.0
regime_null,20100022,observed_regime,1,1,1.0,0.9993312358856201,0.2564610540866852,0.006692850962281227,0.0,0.0,0.0,linear,"[0.0, 0.0, 0.0, 0.0, 0.0, 0.0]","[0.0, 0.0, 0.0, 0.0, 0.0, 0.0]",1.7917592525482178,5.999999523162842,"[0.16663935780525208, 0.16656869649887085, 0.16676364839076996, 0.16661876440048218, 0.16669906675815582, 0.16671045124530792]",0.4943618178367615,0.32972242683172226,0.0
regime_null,20100023,observed_regime,1,1,1.0,0.99932861328125,0.2565000355243683,0.006692850962281227,0.0,0.0,0.0,linear,"[0.0, 0.0, 0.0, 0.0, 0.0, 0.0]","[0.0, 0.0, 0.0, 0.0, 0.0, 0.0]",1.7917594909667969,5.999998569488525,"[0.16663941740989685, 0.16656896471977234, 0.1667633354663849, 0.16661907732486725, 0.16669899225234985, 0.16671022772789001]",0.49697935581207275,0.9433671236038208,0.0
regime_null,20100024,observed_regime,1,1,1.0,0.9993404746055603,0.25663331151008606,0.006692850962281227,0.0,0.0,0.0,linear,"[0.0, 0.0, 0.0, 0.0, 0.0, 0.0]","[0.0, 0.0, 0.0, 0.0, 0.0, 0.0]",1.7917593717575073,5.999998092651367,"[0.1666392683982849, 0.1665685772895813, 0.16676364839076996, 0.16661889851093292, 0.16669924557209015, 0.16671039164066315]",0.4850021004676819,0.3659142851829529,0.0
regime_null,20100025,observed_regime,1,1,1.0,0.9993133544921875,0.2574794292449951,0.006692850962281227,0.0,0.0,0.0,linear,"[0.0, 0.0, 0.0, 0.0, 0.0, 0.0]","[0.0, 0.0, 0.0, 0.0, 0.0, 0.0]",1.7917593717575073,5.999999523162842,"[0.16663935780525208, 0.16656896471977234, 0.1667633354663849, 0.16661903262138367, 0.16669908165931702, 0.16671021282672882]",0.51426100730896,0.2708422392606735,0.0
regime_null,20100026,observed_regime,1,1,1.0,0.9993184804916382,0.256984144449234,0.006692850962281227,0.0,0.0,0.0,linear,"[0.0, 0.0, 0.0, 0.0, 0.0, 0.0]","[0.0, 0.0, 0.0, 0.0, 0.0, 0.0]",1.7917594909667969,5.999998092651367,"[0.16663941740989685, 0.16656869649887085, 0.16676364839076996, 0.16661882400512695, 0.16669915616512299, 0.16671033203601837]",0.5083674192428589,0.5953948348760605,0.0
regime_null,20100027,observed_regime,1,1,1.0,0.999347984790802,0.25706151127815247,0.006692850962281227,0.0,0.0,0.0,linear,"[0.0, 0.0, 0.0, 0.0, 0.0, 0.0]","[0.0, 0.0, 0.0, 0.0, 0.0, 0.0]",1.7917594909667969,5.999999523162842,"[0.16663911938667297, 0.16656869649887085, 0.16676340997219086, 0.16661915183067322, 0.1666991263628006, 0.1667105108499527]",0.4776401221752167,0.6322871446609497,0.0
regime_null,20100028,observed_regime,1,1,1.0,0.9993318915367126,0.25645238161087036,0.006692850962281227,0.0,0.0,0.0,linear,"[0.0, 0.0, 0.0, 0.0, 0.0, 0.0]","[0.0, 0.0, 0.0, 0.0, 0.0, 0.0]",1.7917593717575073,5.999999523162842,"[0.1666393280029297, 0.16656889021396637, 0.16676346957683563, 0.16661874949932098, 0.16669903695583344, 0.1667105108499527]",0.49357354640960693,0.22898748144507408,0.0
regime_null,20100029,observed_regime,1,1,1.0,0.9993341565132141,0.2564793825149536,0.006692850962281227,0.0,0.0,0.0,linear,"[0.0, 0.0, 0.0, 0.0, 0.0, 0.0]","[0.0, 0.0, 0.0, 0.0, 0.0, 0.0]",1.7917592525482178,5.999999523162842,"[0.16663922369480133, 0.166568785905838, 0.16676339507102966, 0.16661906242370605, 0.16669920086860657, 0.16671031713485718]",0.4912433922290802,0.6580155044794083,0.0
interference_linear,20200000,network_interference,1,1,1.0,0.9990178346633911,0.494952529668808,0.006692850962281227,1.361468093818985e-08,0.1945575475692749,0.1945575624704361,linear,"[0.227140411734581, 0.1424090564250946, 0.13417622447013855, 0.22196675837039948, 0.1554388552904129, 0.11886860430240631]","[0.12069123238325119, 0.07538609206676483, 0.4341333508491516, 0.14884136617183685, 0.4189417362213135, 0.0]",1.7917587757110596,5.9999918937683105,"[0.16656848788261414, 0.16635659337043762, 0.16694621741771698, 0.16661269962787628, 0.1666686236858368, 0.16684742271900177]",0.33529791235923767,,0.0
interference_linear,20200001,network_interference,1,1,1.0,0.9990234375,0.29959923028945923,0.006692850962281227,0.0,-0.3713514506816864,-0.3713514506816864,interaction,"[0.20142216980457306, 0.13939973711967468, 0.11529109627008438, 0.2330465167760849, 0.1371227502822876, 0.1737176924943924]","[-0.3916403353214264, -0.29330208897590637, -0.6169319748878479, -0.4213618040084839, -0.5998749136924744, 0.0]",1.7917587757110596,5.9999918937683105,"[0.1665666401386261, 0.16635529696941376, 0.16694629192352295, 0.16661441326141357, 0.16666924953460693, 0.1668481081724167]",0.28456178307533264,,0.0
interference_linear,20200002,network_interference,1,1,1.0,0.9991306662559509,0.4019034206867218,0.006692850962281227,2.2369133212407633e-09,-0.03742971271276474,-0.03742970898747444,interaction,"[0.21188127994537354, 0.1374826580286026, 0.09995607286691666, 0.24723035097122192, 0.14134743809700012, 0.16210219264030457]","[0.09503775089979172, 0.07369128614664078, -0.3476502001285553, -0.0282280333340168, -0.183725506067276, 0.0]",1.7917587757110596,5.999992847442627,"[0.16656742990016937, 0.16635653376579285, 0.16694679856300354, 0.1666145771741867, 0.1666685789823532, 0.16684603691101074]",0.2972862124443054,,0.0
interference_linear,20200003,network_interference,1,1,1.0,0.9989803433418274,0.2897331118583679,0.006692850962281227,0.0,-0.666054368019104,-0.666054368019104,interaction,"[0.2075267881155014, 0.1476207822561264, 0.1311238557100296, 0.2248786985874176, 0.13089050352573395, 0.15795937180519104]","[-0.6531399488449097, -0.6579806208610535, -1.0708868503570557, -0.6772011518478394, -1.0747287273406982, 0.0]",1.7917587757110596,5.9999918937683105,"[0.16656722128391266, 0.16635540127754211, 0.1669459491968155, 0.16661345958709717, 0.16666926443576813, 0.16684871912002563]",0.28526440262794495,,0.0
interference_linear,20200004,network_interference,1,1,1.0,0.9989821314811707,0.5174272656440735,0.006692850962281227,0.0,0.22733403742313385,0.22733403742313385,interaction,"[0.21601971983909607, 0.11285098642110825, 0.11408017575740814, 0.256061851978302, 0.16356520354747772, 0.1374220997095108]","[0.23657073080539703, 0.2669239938259125, 0.08197090774774551, 0.21408803761005402, 0.5009404420852661, 0.0]",1.7917588949203491,5.9999918937683105,"[0.1665678322315216, 0.1663566380739212, 0.1669461876153946, 0.1666133552789688, 0.16666902601718903, 0.16684699058532715]",0.356391042470932,,0.0
interference_linear,20200005,network_interference,1,1,1.0,0.9990850687026978,0.3277691602706909,0.006692850962281227,3.37832339880606e-08,-0.35709598660469055,-0.35709595680236816,linear,"[0.22276580333709717, 0.16362011432647705, 0.13614118099212646, 0.20402385294437408, 0.1396762579679489, 0.13377287983894348]","[-0.45605531334877014, -0.5138267278671265, -0.17046713829040527, -0.4491071105003357, -0.4051789939403534, 0.0]",1.7917587757110596,5.999992847442627,"[0.16656731069087982, 0.16635523736476898, 0.16694633662700653, 0.1666138619184494, 0.16666874289512634, 0.16684846580028534]",0.27177658677101135,,0.0
interference_linear,20200006,network_interference,1,1,1.0,0.998978853225708,0.5322203636169434,0.006692850962281227,0.0,0.30966082215309143,0.30966082215309143,interaction,"[0.2291443794965744, 0.1457308530807495, 0.10669397562742233, 0.24543555080890656, 0.1457769125699997, 0.1272183507680893]","[0.3823854327201843, 0.32105737924575806, 0.3086089491844177, 0.40825560688972473, 0.28896352648735046, 0.0]",1.7917587757110596,5.9999918937683105,"[0.16656650602817535, 0.16635601222515106, 0.1669466644525528, 0.16661503911018372, 0.16666921973228455, 0.16684658825397491]",0.37020453810691833,,0.0
interference_linear,20200007,network_interference,1,1,1.0,0.9990057349205017,0.3637475073337555,0.006692850962281227,0.0,-0.23118239641189575,-0.23118239641189575,interaction,"[0.20062510669231415, 0.12925386428833008, 0.09821608662605286, 0.24584122002124786, 0.13739968836307526, 0.188664048910141]","[-0.129294753074646, -0.0308157317340374, -1.083698034286499, -0.14556173980236053, -0.429680198431015, 0.0]",1.7917587757110596,5.9999918937683105,"[0.16656583547592163, 0.1663556694984436, 0.16694660484790802, 0.1666155606508255, 0.16666966676712036, 0.16684666275978088]",0.2978173494338989,,0.0
interference_linear,20200008,network_interference,1,1,1.0,0.9989956021308899,0.29662689566612244,0.006692850962281227,0.0,-0.574905276298523,-0.574905276298523,interaction,"[0.211304172873497, 0.15054887533187866, 0.13220803439617157, 0.21667370200157166, 0.1352764219045639, 0.1539887636899948]","[-0.6357851028442383, -0.6336259841918945, -0.7874408960342407, -0.6204305291175842, -0.7882569432258606, 0.0]",1.7917588949203491,5.9999918937683105,"[0.16656778752803802, 0.1663568764925003, 0.1669463813304901, 0.1666138619184494, 0.16666893661022186, 0.16684621572494507]",0.2781531512737274,,0.0
interference_linear,20200009,network_interference,1,1,1.0,0.9990409016609192,0.4883110821247101,0.006692850962281227,0.0,0.1869146227836609,0.1869146227836609,interaction,"[0.220566526055336, 0.12399134039878845, 0.11040761321783066, 0.2538580000400543, 0.1494443565607071, 0.14173217117786407]","[0.24259380996227264, 0.21435311436653137, 0.11855923384428024, 0.19931969046592712, 0.2886684834957123, 0.0]",1.7917587757110596,5.9999918937683105,"[0.16656659543514252, 0.16635558009147644, 0.16694676876068115, 0.16661503911018372, 0.16666896641254425, 0.16684705018997192]",0.34222152829170227,,0.0
interference_linear,20200010,network_interference,1,1,1.0,0.9990772008895874,0.455988347530365,0.006692850962281227,1.4887368671168133e-08,0.14418070018291473,0.14418071508407593,interaction,"[0.22326825559139252, 0.13983209431171417, 0.11111180484294891, 0.24360665678977966, 0.14020901918411255, 0.141972154378891]","[0.21154296398162842, 0.11391396075487137, 0.23121368885040283, 0.17750483751296997, 0.08622201532125473, 0.0]",1.7917588949203491,5.9999918937683105,"[0.1665678322315216, 0.16635705530643463, 0.16694648563861847, 0.1666138917207718, 0.16666889190673828, 0.16684590280056]",0.32897406816482544,,0.0
interference_linear,20200011,network_interference,1,1,1.0,0.9989917874336243,0.5024333000183105,0.006692850962281227,0.0,0.22037507593631744,0.22037507593631744,interaction,"[0.22525516152381897, 0.12694142758846283, 0.10561319440603256, 0.2538386881351471, 0.14420732855796814, 0.1441442221403122]","[0.26958873867988586, 0.2665143311023712, 0.16541025042533875, 0.29002314805984497, 0.24082353711128235, 0.0]",1.7917587757110596,5.999992370605469,"[0.16656696796417236, 0.16635578870773315, 0.16694651544094086, 0.1666143387556076, 0.16666895151138306, 0.16684742271900177]",0.3595561981201172,,0.0
interference_linear,20200012,network_interference,1,1,1.0,0.9990409016609192,0.39682698249816895,0.006692850962281227,-3.4482334765328915e-09,0.038578927516937256,0.038578927516937256,linear,"[0.23260584473609924, 0.15674898028373718, 0.13252755999565125, 0.21364188194274902, 0.13625353574752808, 0.1282222867012024]","[-0.06145361810922623, -0.10162919759750366, 0.6345294117927551, -0.08200892060995102, 0.016378123313188553, 0.0]",1.7917587757110596,5.999992847442627,"[0.1665651649236679, 0.16635462641716003, 0.1669463813304901, 0.16661563515663147, 0.16666990518569946, 0.16684821248054504]",0.3123961389064789,,0.0
interference_linear,20200013,network_interference,1,1,1.0,0.9990954399108887,0.4730096161365509,0.006692850962281227,0.0,0.17423833906650543,0.17423833906650543,interaction,"[0.2212044894695282, 0.1461181789636612, 0.10130687803030014, 0.24534010887145996, 0.14706867933273315, 0.13896168768405914]","[0.23343093693256378, 0.26743271946907043, 0.08743967860937119, 0.23281501233577728, 0.11932164430618286, 0.0]",1.7917587757110596,5.999992847442627,"[0.1665666550397873, 0.16635511815547943, 0.16694611310958862, 0.16661405563354492, 0.16666929423809052, 0.16684871912002563]",0.33716607093811035,,0.0
interference_linear,20200014,network_interference,1,1,1.0,0.9990561604499817,0.30363109707832336,0.006692850962281227,0.0,-0.334695965051651,-0.334695965051651,linear,"[0.21696576476097107, 0.15305429697036743, 0.13302189111709595, 0.20907121896743774, 0.14479875564575195, 0.14308816194534302]","[-0.4490487575531006, -0.3994273841381073, -0.10361317545175552, -0.5380513072013855, -0.3443385064601898, 0.0]",1.7917587757110596,5.999992847442627,"[0.16656939685344696, 0.16635644435882568, 0.16694658994674683, 0.16661259531974792, 0.16666743159294128, 0.16684751212596893]",0.27079129219055176,,0.0
interference_linear,20200015,network_interference,1,1,1.0,0.999115526676178,0.45488494634628296,0.006692850962281227,0.0,0.10141988098621368,0.10141988098621368,interaction,"[0.2188941091299057, 0.1459420770406723, 0.10007335990667343, 0.24443760514259338, 0.14625295996665955, 0.14439982175827026]","[0.1608629822731018, 0.18108555674552917, -0.033541761338710785, 0.15521296858787537, 0.03553212434053421, 0.0]",1.7917587757110596,5.999992370605469,"[0.16656692326068878, 0.16635505855083466, 0.16694609820842743, 0.1666138619184494, 0.16666916012763977, 0.16684888303279877]",0.3268372416496277,,0.0
interference_linear,20200016,network_interference,1,1,1.0,0.9991214871406555,0.3926914632320404,0.006692850962281227,0.0,-0.001940454705618322,-0.001940454705618322,interaction,"[0.22256909310817719, 0.1614828258752823, 0.09951469302177429, 0.2328387200832367, 0.13474266231060028, 0.14885200560092926]","[0.035217929631471634, 0.11828640848398209, 0.07023035734891891, 0.008485652506351471, -0.2808675467967987, 0.0]",1.7917588949203491,5.9999918937683105,"[0.16656802594661713, 0.1663563847541809, 0.16694675385951996, 0.16661392152309418, 0.16666822135448456, 0.16684670746326447]",0.3074468970298767,,0.0
interference_linear,20200017,network_interference,1,1,1.0,0.9989892840385437,0.5104174613952637,0.006692850962281227,0.0,0.3519812822341919,0.3519812822341919,interaction,"[0.22390680015087128, 0.12002506107091904, 0.1102399230003357, 0.26997053623199463, 0.15157648921012878, 0.12428119033575058]","[0.41974836587905884, 0.5131831169128418, 0.43070176243782043, 0.28885596990585327, 0.4680064916610718, 0.0]",1.7917588949203491,5.9999918937683105,"[0.1665690541267395, 0.16635605692863464, 0.16694624722003937, 0.16661226749420166, 0.16666780412197113, 0.16684859991073608]",0.384349524974823,,0.0
interference_linear,20200018,network_interference,1,1,1.0,0.9990391731262207,0.3137665092945099,0.006692850962281227,0.0,-0.5790669918060303,-0.5790669918060303,interaction,"[0.2119872272014618, 0.15178723633289337, 0.1281939148902893, 0.21471230685710907, 0.13907533884048462, 0.15424399077892303]","[-0.636170506477356, -0.6801284551620483, -0.7823525667190552, -0.6395177245140076, -0.7432445883750916, 0.0]",1.7917587757110596,5.999992370605469,"[0.16656792163848877, 0.16635602712631226, 0.1669459044933319, 0.16661274433135986, 0.1666691154241562, 0.16684827208518982]",0.2725619375705719,,0.0
interference_linear,20200019,network_interference,1,1,1.0,0.9989804625511169,0.2889837324619293,0.006692850962281227,0.0,-0.565112829208374,-0.565112829208374,linear,"[0.21549591422080994, 0.1570858508348465, 0.13337548077106476, 0.21181127429008484, 0.13265396654605865, 0.14957749843597412]","[-0.6632391810417175, -0.6456946730613708, -0.5808864235877991, -0.62359619140625, -0.8382507562637329, 0.0]",1.7917587757110596,5.999992370605469,"[0.16656799614429474, 0.16635644435882568, 0.16694672405719757, 0.16661392152309418, 0.16666816174983978, 0.16684675216674805]",0.27767473459243774,,0.0
interference_linear,20200020,network_interference,1,1,1.0,0.999051034450531,0.31699198484420776,0.006692850962281227,2.5015964411068126e-08,-0.37780091166496277,-0.3778008818626404,linear,"[0.21524886786937714, 0.15677471458911896, 0.1403091698884964, 0.20663483440876007, 0.13714881241321564, 0.1438836306333542]","[-0.37340444326400757, -0.5484787225723267, -0.5157420635223389, -0.37922683358192444, -0.442684143781662, 0.0]",1.7917587757110596,5.999992847442627,"[0.166567862033844, 0.16635657846927643, 0.1669466644525528, 0.16661390662193298, 0.16666854918003082, 0.166846364736557]",0.268187940120697,,0.0
interference_linear,20200021,network_interference,1,1,1.0,0.9990414977073669,0.5249501466751099,0.006692850962281227,0.0,0.3484031558036804,0.3484031558036804,interaction,"[0.2234543412923813, 0.13751088082790375, 0.09164968878030777, 0.26648786664009094, 0.1442483514547348, 0.13664887845516205]","[0.5375486016273499, 0.5035851001739502, 0.008719772100448608, 0.47639691829681396, 0.21687594056129456, 0.0]",1.7917587757110596,5.999992847442627,"[0.1665688306093216, 0.16635629534721375, 0.16694602370262146, 0.16661223769187927, 0.16666829586029053, 0.166848286986351]",0.37327441573143005,,0.0
interference_linear,20200022,network_interference,1,1,1.0,0.9988412261009216,0.562705397605896,0.006692850962281227,0.0,0.747307538986206,0.747307538986206,interaction,"[0.23157992959022522, 0.13103781640529633, 0.1070125550031662, 0.26513200998306274, 0.14665310084819794, 0.11858464777469635]","[0.8741455078125, 0.9313119053840637, 0.7413013577461243, 0.8733521699905396, 0.7633911371231079, 0.0]",1.7917588949203491,5.9999918937683105,"[0.16656716167926788, 0.16635599732398987, 0.1669461876153946, 0.16661366820335388, 0.1666693240404129, 0.16684769093990326]",0.42281869053840637,,0.0
interference_linear,20200023,network_interference,1,1,1.0,0.99908447265625,0.43572500348091125,0.006692850962281227,-8.558580510964475e-10,-0.010484104044735432,-0.010484104044735432,interaction,"[0.2090528905391693, 0.13291090726852417, 0.09871941059827805, 0.24401257932186127, 0.149324432015419, 0.1659797579050064]","[0.09208783507347107, 0.040968157351017, -0.49645671248435974, 0.07090318202972412, -0.023250043392181396, 0.0]",1.7917590141296387,5.999990940093994,"[0.1665663719177246, 0.16635607182979584, 0.16694733500480652, 0.16661609709262848, 0.16666853427886963, 0.1668456792831421]",0.3040468990802765,,0.0
interference_linear,20200024,network_interference,1,1,1.0,0.9990789890289307,0.3282795548439026,0.006692850962281227,0.0,-0.24286793172359467,-0.24286793172359467,linear,"[0.2143867462873459, 0.1470421850681305, 0.12933912873268127, 0.21292603015899658, 0.1483716517686844, 0.14793424308300018]","[-0.33820828795433044, -0.2994777262210846, -0.12944629788398743, -0.3901548385620117, -0.1786603182554245, 0.0]",1.7917587757110596,5.999992370605469,"[0.1665683388710022, 0.16635695099830627, 0.16694633662700653, 0.1666131168603897, 0.1666686087846756, 0.1668466329574585]",0.2713056206703186,,0.0
interference_linear,20200025,network_interference,1,1,1.0,0.9989787340164185,0.30406805872917175,0.006692850962281227,5.8197482388777644e-08,-0.5157285928726196,-0.5157285332679749,interaction,"[0.20824694633483887, 0.14519339799880981, 0.13602735102176666, 0.21511991322040558, 0.13950803875923157, 0.1559043675661087]","[-0.5704159140586853, -0.601836621761322, -0.8634383082389832, -0.5233177542686462, -0.5700832009315491, 0.0]",1.7917588949203491,5.9999918937683105,"[0.16656871140003204, 0.16635602712631226, 0.16694611310958862, 0.16661235690116882, 0.16666831076145172, 0.16684848070144653]",0.2792525887489319,,0.0
interference_linear,20200026,network_interference,1,1,1.0,0.9990713596343994,0.3307749927043915,0.006692850962281227,0.0,-0.3693816363811493,-0.3693816363811493,linear,"[0.2178889960050583, 0.15272177755832672, 0.1338028907775879, 0.20943526923656464, 0.1450364589691162, 0.14111454784870148]","[-0.4835364520549774, -0.48313307762145996, -0.3327620327472687, -0.4704766571521759, -0.32530078291893005, 0.0]",1.7917588949203491,5.9999918937683105,"[0.1665661484003067, 0.16635596752166748, 0.16694648563861847, 0.1666153222322464, 0.16666968166828156, 0.1668464094400406]",0.2738456428050995,,0.0
interference_linear,20200027,network_interference,1,1,1.0,0.9990243911743164,0.4747503101825714,0.006692850962281227,-1.3834612566654414e-08,0.2278624325990677,0.2278624176979065,interaction,"[0.229488343000412, 0.14498351514339447, 0.09915587306022644, 0.24890901148319244, 0.13511548936367035, 0.1423477977514267]","[0.2989698052406311, 0.32010889053344727, 0.3235609531402588, 0.30718153715133667, 0.03181448206305504, 0.0]",1.7917587757110596,5.999992370605469,"[0.1665673553943634, 0.16635529696941376, 0.16694580018520355, 0.16661293804645538, 0.1666690707206726, 0.1668495088815689]",0.3579607307910919,,0.0
interference_linear,20200028,network_interference,1,1,1.0,0.9991216063499451,0.35887646675109863,0.006692850962281227,0.0,-0.22873391211032867,-0.22873391211032867,interaction,"[0.21874453127384186, 0.15767525136470795, 0.11720705777406693, 0.2202131599187851, 0.14068950712680817, 0.14547057449817657]","[-0.2412826269865036, -0.2523973286151886, -0.23185014724731445, -0.25245076417922974, -0.37949079275131226, 0.0]",1.7917587757110596,5.999992847442627,"[0.1665681004524231, 0.1663556843996048, 0.16694621741771698, 0.1666131615638733, 0.1666683852672577, 0.16684842109680176]",0.2824260890483856,,0.0
interference_linear,20200029,network_interference,1,1,1.0,0.999007523059845,0.49668368697166443,0.006692850962281227,1.9253397098850655e-08,0.32116374373435974,0.32116377353668213,interaction,"[0.22473227977752686, 0.13334016501903534, 0.11902525275945663, 0.2397891730070114, 0.15599003434181213, 0.127123162150383]","[0.26213517785072327, 0.36357980966567993, 0.5219704508781433, 0.26859161257743835, 0.5592709183692932, 0.0]",1.7917587757110596,5.9999918937683105,"[0.16656871140003204, 0.16635672748088837, 0.166947141289711, 0.16661366820335388, 0.16666728258132935, 0.16684648394584656]",0.3521721363067627,,0.0
interference_threshold,20200000,network_interference,1,1,1.0,0.9989938139915466,0.48985108733177185,0.006692850962281227,0.0,0.2503431737422943,0.2503431737422943,linear,"[0.2327628880739212, 0.15207147598266602, 0.1342092901468277, 0.2205846607685089, 0.14776746928691864, 0.11260425299406052]","[0.16521631181240082, 0.13139301538467407, 0.7060924172401428, 0.18376801908016205, 0.3830697238445282, 0.0]",1.7917587757110596,5.9999918937683105,"[0.16656853258609772, 0.1663568615913391, 0.1669461578130722, 0.16661259531974792, 0.16666878759860992, 0.1668470948934555]",0.34765344858169556,,0.0
interference_threshold,20200001,network_interference,1,1,1.0,0.9989782571792603,0.2988634407520294,0.006692850962281227,-2.8709493449241563e-08,-0.46042218804359436,-0.46042221784591675,interaction,"[0.19806645810604095, 0.13820524513721466, 0.10826447606086731, 0.2443249225616455, 0.1286809742450714, 0.18245787918567657]","[-0.4119693338871002, -0.18120823800563812, -1.0480785369873047, -0.46171334385871887, -0.9908471703529358, 0.0]",1.7917588949203491,5.999991416931152,"[0.1665666699409485, 0.1663554608821869, 0.16694621741771698, 0.16661430895328522, 0.16666944324970245, 0.16684795916080475]",0.2964314818382263,,0.0
interference_threshold,20200002,network_interference,1,1,1.0,0.9991053938865662,0.4502784311771393,0.006692850962281227,0.0,0.08866727352142334,0.08866727352142334,interaction,"[0.21393509209156036, 0.12665203213691711, 0.11336281895637512, 0.24518504738807678, 0.15618284046649933, 0.1446821242570877]","[0.13767798244953156, 0.11207109689712524, -0.055468905717134476, 0.026779644191265106, 0.2864670157432556, 0.0]",1.7917587757110596,5.999992370605469,"[0.16656747460365295, 0.16635659337043762, 0.16694681346416473, 0.1666146218776703, 0.1666685789823532, 0.16684590280056]",0.30950137972831726,,0.0
interference_threshold,20200003,network_interference,1,1,1.0,0.9989328980445862,0.2911664843559265,0.006692850962281227,0.0,-0.8659734129905701,-0.8659734129905701,interaction,"[0.19986271858215332, 0.14175014197826385, 0.12902182340621948, 0.23712360858917236, 0.12364811450242996, 0.16859358549118042]","[-0.7096195220947266, -0.7296486496925354, -1.8292168378829956, -0.7524821758270264, -1.6682746410369873, 0.0]",1.7917587757110596,5.999992847442627,"[0.16656719148159027, 0.1663554459810257, 0.16694600880146027, 0.16661354899406433, 0.16666916012763977, 0.16684859991073608]",0.29686129093170166,,0.0
interference_threshold,20200004,network_interference,1,1,1.0,0.9989135265350342,0.5373097062110901,0.006692850962281227,0.0,0.35213950276374817,0.35213950276374817,interaction,"[0.2238530069589615, 0.11740197986364365, 0.13695576786994934, 0.24409376084804535, 0.16392827033996582, 0.11376716941595078]","[0.2787410616874695, 0.2981155514717102, 0.5287344455718994, 0.24804377555847168, 0.7429099678993225, 0.0]",1.7917588949203491,5.9999918937683105,"[0.1665678769350052, 0.1663566380739212, 0.16694624722003937, 0.16661342978477478, 0.16666893661022186, 0.16684691607952118]",0.37672045826911926,,0.0
interference_threshold,20200005,network_interference,1,1,1.0,0.9990315437316895,0.3231516480445862,0.006692850962281227,0.0,-0.4066840410232544,-0.4066840410232544,linear,"[0.20849645137786865, 0.144284188747406, 0.13302204012870789, 0.20847873389720917, 0.15053251385688782, 0.1551860272884369]","[-0.5258088111877441, -0.5278915166854858, -0.5611611008644104, -0.5071153044700623, -0.26916980743408203, 0.0]",1.7917587757110596,5.999992370605469,"[0.1665673404932022, 0.16635532677173615, 0.16694635152816772, 0.1666138768196106, 0.16666874289512634, 0.1668483465909958]",0.269022136926651,,0.0
interference_threshold,20200006,network_interference,1,1,1.0,0.998791515827179,0.5694221258163452,0.006692850962281227,0.0,0.5796930193901062,0.5796930193901062,interaction,"[0.2293873280286789, 0.1342775523662567, 0.15055668354034424, 0.23090513050556183, 0.15689028799533844, 0.0979829803109169]","[0.4276610314846039, 0.3837437927722931, 1.0339406728744507, 0.5074790716171265, 1.0020928382873535, 0.0]",1.7917587757110596,5.9999918937683105,"[0.16656653583049774, 0.16635622084140778, 0.16694673895835876, 0.1666150987148285, 0.16666916012763977, 0.16684626042842865]",0.40703141689300537,,0.0
interference_threshold,20200007,network_interference,1,1,1.0,0.9989571571350098,0.3645355701446533,0.006692850962281227,-1.4966971662033757e-08,-0.23980997502803802,-0.23980998992919922,interaction,"[0.19565024971961975, 0.11917024105787277, 0.09410706162452698, 0.2534227669239044, 0.1354989856481552, 0.20215071737766266]","[-0.10225779563188553, 0.03845617547631264, -1.3383444547653198, -0.16703380644321442, -0.4140858054161072, 0.0]",1.7917588949203491,5.999991416931152,"[0.16656582057476044, 0.16635555028915405, 0.1669466495513916, 0.16661566495895386, 0.1666695773601532, 0.16684681177139282]",0.30150115489959717,,0.0
interference_threshold,20200008,network_interference,1,1,1.0,0.998940646648407,0.2965458035469055,0.006692850962281227,0.0,-0.7315710783004761,-0.7315710783004761,interaction,"[0.20295313000679016, 0.1409369558095932, 0.13161177933216095, 0.22837817668914795, 0.1317373812198639, 0.16438265144824982]","[-0.6982731819152832, -0.7057647705078125, -1.4425678253173828, -0.693189799785614, -1.0795540809631348, 0.0]",1.7917587757110596,5.999992847442627,"[0.16656765341758728, 0.16635660827159882, 0.16694627702236176, 0.16661377251148224, 0.16666902601718903, 0.1668466329574585]",0.28951287269592285,,0.0
interference_threshold,20200009,network_interference,1,1,1.0,0.9989755153656006,0.5152854919433594,0.006692850962281227,0.0,0.28518134355545044,0.28518134355545044,interaction,"[0.22633782029151917, 0.1294783651828766, 0.12458274513483047, 0.2427835911512375, 0.15301722288131714, 0.12380032241344452]","[0.2715652585029602, 0.2416408210992813, 0.4409857988357544, 0.26596981287002563, 0.4765232503414154, 0.0]",1.7917588949203491,5.9999918937683105,"[0.1665666401386261, 0.16635556519031525, 0.16694685816764832, 0.1666150987148285, 0.1666688323020935, 0.16684702038764954]",0.3609606623649597,,0.0
interference_threshold,20200010,network_interference,1,1,1.0,0.9989898800849915,0.5042625665664673,0.006692850962281227,0.0,0.27742427587509155,0.27742427587509155,interaction,"[0.22814929485321045, 0.12925535440444946, 0.13317328691482544, 0.23838695883750916, 0.14847145974636078, 0.12256375700235367]","[0.2722233831882477, 0.1288694143295288, 0.5168622136116028, 0.24190039932727814, 0.48602938652038574, 0.0]",1.7917588949203491,5.9999918937683105,"[0.16656775772571564, 0.1663569211959839, 0.16694645583629608, 0.1666138470172882, 0.16666895151138306, 0.16684608161449432]",0.350767582654953,,0.0
interference_threshold,20200011,network_interference,1,1,1.0,0.9989196062088013,0.5292389392852783,0.006692850962281227,2.519473163431485e-08,0.3087087571620941,0.3087087869644165,interaction,"[0.22927777469158173, 0.12730984389781952, 0.12060575187206268, 0.2467224895954132, 0.1497388482093811, 0.12634539604187012]","[0.30077311396598816, 0.29783734679222107, 0.4232035279273987, 0.33835265040397644, 0.4495195746421814, 0.0]",1.7917588949203491,5.9999918937683105,"[0.16656701266765594, 0.1663558930158615, 0.16694651544094086, 0.16661436855793, 0.16666893661022186, 0.16684728860855103]",0.3794797658920288,,0.0
interference_threshold,20200012,network_interference,1,1,1.0,0.9990918636322021,0.396267831325531,0.006692850962281227,0.0,0.01759948767721653,0.01759948767721653,interaction,"[0.2228793501853943, 0.14073796570301056, 0.13036465644836426, 0.2266363948583603, 0.14469510316848755, 0.13468658924102783]","[-0.038342300802469254, -0.0755138024687767, 0.39423584938049316, -0.12313016504049301, 0.0918082445859909, 0.0]",1.7917587757110596,5.9999918937683105,"[0.16656523942947388, 0.16635479032993317, 0.1669464260339737, 0.16661566495895386, 0.16666987538337708, 0.16684801876544952]",0.30565574765205383,,0.0
interference_threshold,20200013,network_interference,1,1,1.0,0.9990382194519043,0.5046091079711914,0.006692850962281227,0.0,0.27568310499191284,0.27568310499191284,interaction,"[0.22628672420978546, 0.1440282016992569, 0.1167951300740242, 0.23902039229869843, 0.15260787308216095, 0.12126164138317108]","[0.2636081576347351, 0.2899167835712433, 0.4109596908092499, 0.2766815721988678, 0.3941161632537842, 0.0]",1.7917587757110596,5.999992847442627,"[0.1665666401386261, 0.1663551777601242, 0.16694608330726624, 0.16661402583122253, 0.1666693240404129, 0.16684868931770325]",0.35506385564804077,,0.0
interference_threshold,20200014,network_interference,1,1,1.0,0.9990264177322388,0.29524850845336914,0.006692850962281227,-2.8274895313984416e-08,-0.41880548000335693,-0.4188055098056793,interaction,"[0.2104249894618988, 0.14681880176067352, 0.1339392513036728, 0.21257749199867249, 0.14501366019248962, 0.1512257605791092]","[-0.5176669955253601, -0.47842592000961304, -0.3922176957130432, -0.5911184549331665, -0.4236956834793091, 0.0]",1.7917588949203491,5.9999918937683105,"[0.16656936705112457, 0.1663563847541809, 0.16694658994674683, 0.16661259531974792, 0.16666747629642487, 0.16684764623641968]",0.2712509036064148,,0.0
interference_threshold,20200015,network_interference,1,1,1.0,0.9990620017051697,0.49973610043525696,0.006692850962281227,0.0,0.22536776959896088,0.22536776959896088,interaction,"[0.2228003740310669, 0.14067187905311584, 0.11885413527488708, 0.2420458197593689, 0.15631191432476044, 0.11931592226028442]","[0.20990920066833496, 0.23946337401866913, 0.3283775746822357, 0.19882196187973022, 0.36952465772628784, 0.0]",1.7917587757110596,5.9999918937683105,"[0.16656698286533356, 0.1663552075624466, 0.1669461578130722, 0.1666138917207718, 0.16666913032531738, 0.16684867441654205]",0.3540250360965729,,0.0
interference_threshold,20200016,network_interference,1,1,1.0,0.9990894794464111,0.45682698488235474,0.006692850962281227,0.0,0.12516063451766968,0.12516063451766968,interaction,"[0.22342534363269806, 0.14582674205303192, 0.12394387274980545, 0.22798317670822144, 0.15531174838542938, 0.12350907176733017]","[0.05378108471632004, 0.118614062666893, 0.34646937251091003, 0.03580695390701294, 0.28807446360588074, 0.0]",1.7917587757110596,5.9999918937683105,"[0.16656796634197235, 0.16635634005069733, 0.1669466644525528, 0.16661380231380463, 0.1666683703660965, 0.1668468713760376]",0.323383629322052,,0.0
interference_threshold,20200017,network_interference,1,1,1.0,0.9989161491394043,0.5212589502334595,0.006692850962281227,0.0,0.47700950503349304,0.47700950503349304,interaction,"[0.22911687195301056, 0.12176898866891861, 0.11612322181463242, 0.26923778653144836, 0.14813996851444244, 0.11561315506696701]","[0.5323391556739807, 0.6395163536071777, 0.7278577089309692, 0.3998807668685913, 0.5736746788024902, 0.0]",1.7917587757110596,5.999992370605469,"[0.1665690690279007, 0.16635608673095703, 0.16694624722003937, 0.16661222279071808, 0.16666780412197113, 0.1668485552072525]",0.40919047594070435,,0.0
interference_threshold,20200018,network_interference,1,1,1.0,0.9989892840385437,0.30488038063049316,0.006692850962281227,0.0,-0.8182691335678101,-0.8182691335678101,interaction,"[0.2074355036020279, 0.14818492531776428, 0.12406240403652191, 0.2260964810848236, 0.1305389553308487, 0.16368170082569122]","[-0.7644240856170654, -0.8032768964767456, -1.5166865587234497, -0.747027575969696, -1.4064984321594238, 0.0]",1.7917587757110596,5.999992370605469,"[0.16656802594661713, 0.16635620594024658, 0.1669459491968155, 0.16661283373832703, 0.1666690558195114, 0.16684791445732117]",0.28398093581199646,,0.0
interference_threshold,20200019,network_interference,1,1,1.0,0.9989173412322998,0.29080313444137573,0.006692850962281227,0.0,-0.8166164755821228,-0.8166164755821228,interaction,"[0.20279331505298615, 0.14524653553962708, 0.13215719163417816, 0.22785584628582, 0.12754783034324646, 0.16439935564994812]","[-0.7909489870071411, -0.8044782280921936, -1.513310194015503, -0.7243247032165527, -1.3668063879013062, 0.0]",1.7917587757110596,5.9999918937683105,"[0.16656795144081116, 0.16635659337043762, 0.1669466197490692, 0.16661381721496582, 0.16666841506958008, 0.1668466031551361]",0.29129838943481445,,0.0
interference_threshold,20200020,network_interference,1,1,1.0,0.9990102052688599,0.3076508939266205,0.006692850962281227,0.0,-0.46493521332740784,-0.46493521332740784,interaction,"[0.2104654759168625, 0.1516665518283844, 0.13587194681167603, 0.2156023532152176, 0.13284407556056976, 0.15354955196380615]","[-0.40969449281692505, -0.5902135372161865, -0.8103812336921692, -0.41977640986442566, -0.6667977571487427, 0.0]",1.7917587757110596,5.999992370605469,"[0.16656780242919922, 0.16635648906230927, 0.16694660484790802, 0.16661383211612701, 0.16666869819164276, 0.16684657335281372]",0.2763276994228363,,0.0
interference_threshold,20200021,network_interference,1,1,1.0,0.9988887906074524,0.571445643901825,0.006692850962281227,0.0,0.6094760894775391,0.6094760894775391,interaction,"[0.22186844050884247, 0.11717052757740021, 0.12282529473304749, 0.269271582365036, 0.1602431684732437, 0.10862097144126892]","[0.6793774962425232, 0.6656837463378906, 0.5262438058853149, 0.571183979511261, 1.0128698348999023, 0.0]",1.7917587757110596,5.999992847442627,"[0.1665688008069992, 0.1663561761379242, 0.16694597899913788, 0.1666121631860733, 0.16666832566261292, 0.16684852540493011]",0.41132012009620667,,0.0
interference_threshold,20200022,network_interference,1,1,1.0,0.9987431168556213,0.572766900062561,0.006692850962281227,0.0,1.0524137020111084,1.0524137020111084,interaction,"[0.23006077110767365, 0.12558236718177795, 0.13207237422466278, 0.258500874042511, 0.1522086262702942, 0.10157497972249985]","[1.02830970287323, 1.088779330253601, 1.4782299995422363, 1.0166581869125366, 1.4524023532867432, 0.0]",1.7917587757110596,5.999992847442627,"[0.16656716167926788, 0.16635601222515106, 0.16694632172584534, 0.16661380231380463, 0.16666913032531738, 0.16684752702713013]",0.43977099657058716,,0.0
interference_threshold,20200023,network_interference,1,1,1.0,0.9990769624710083,0.4567534029483795,0.006692850962281227,-3.4074101318282146e-09,0.032168444246053696,0.0321684405207634,interaction,"[0.21055293083190918, 0.13089841604232788, 0.10700801759958267, 0.23806318640708923, 0.1585523635149002, 0.1549251824617386]","[0.07240071892738342, 0.03507206216454506, -0.3072356879711151, 0.08097289502620697, 0.1635635793209076, 0.0]",1.7917588949203491,5.999992370605469,"[0.1665663719177246, 0.16635604202747345, 0.1669473797082901, 0.16661615669727325, 0.16666840016841888, 0.16684561967849731]",0.3075371980667114,,0.0
interference_threshold,20200024,network_interference,1,1,1.0,0.9990546107292175,0.3156445622444153,0.006692850962281227,0.0,-0.3209611177444458,-0.3209611177444458,interaction,"[0.2092202752828598, 0.14357779920101166, 0.1262577921152115, 0.21794459223747253, 0.14633774757385254, 0.1566617786884308]","[-0.38308122754096985, -0.3361712098121643, -0.40557610988616943, -0.4415000379085541, -0.3083028495311737, 0.0]",1.7917587757110596,5.999992847442627,"[0.1665683388710022, 0.16635693609714508, 0.16694632172584534, 0.1666131168603897, 0.1666686087846756, 0.1668466329574585]",0.27159252762794495,,0.0
interference_threshold,20200025,network_interference,1,1,1.0,0.9989103078842163,0.29418572783470154,0.006692850962281227,-6.480952663423523e-08,-0.7792419195175171,-0.7792420387268066,interaction,"[0.20193953812122345, 0.1444946825504303, 0.13351072371006012, 0.22676821053028107, 0.12831170856952667, 0.1649751216173172]","[-0.7420803308486938, -0.7875781059265137, -1.5620248317718506, -0.6397557258605957, -1.2622572183609009, 0.0]",1.7917587757110596,5.9999918937683105,"[0.16656875610351562, 0.1663561314344406, 0.16694621741771698, 0.166612446308136, 0.16666826605796814, 0.16684821248054504]",0.29272279143333435,,0.0
interference_threshold,20200026,network_interference,1,1,1.0,0.9990062117576599,0.3026754558086395,0.006692850962281227,0.0,-0.6172159910202026,-0.6172159910202026,interaction,"[0.20592226088047028, 0.14290212094783783, 0.12207949906587601, 0.23276358842849731, 0.13171719014644623, 0.16461530327796936]","[-0.5549209117889404, -0.5116411447525024, -1.1810311079025269, -0.6342546343803406, -1.0478492975234985, 0.0]",1.7917587757110596,5.999992847442627,"[0.16656605899333954, 0.16635571420192719, 0.1669464111328125, 0.166615292429924, 0.16666974127292633, 0.16684675216674805]",0.28668439388275146,,0.0
interference_threshold,20200027,network_interference,1,1,1.0,0.9989834427833557,0.4807003140449524,0.006692850962281227,0.0,0.29727014899253845,0.29727014899253845,interaction,"[0.23566043376922607, 0.1547704041004181, 0.10860741138458252, 0.23943769931793213, 0.13500641286373138, 0.126517653465271]","[0.3281046748161316, 0.3488144874572754, 0.6597990393638611, 0.33320048451423645, 0.10757177323102951, 0.0]",1.7917587757110596,5.9999918937683105,"[0.16656748950481415, 0.16635553538799286, 0.1669459044933319, 0.16661298274993896, 0.16666901111602783, 0.1668490767478943]",0.3703162372112274,,0.0
interference_threshold,20200028,network_interference,1,1,1.0,0.9991008043289185,0.3444766402244568,0.006692850962281227,0.0,-0.3126899003982544,-0.3126899003982544,interaction,"[0.21561333537101746, 0.15571004152297974, 0.1136673092842102, 0.22413946688175201, 0.1365460753440857, 0.15432380139827728]","[-0.2861526906490326, -0.294531911611557, -0.5088619589805603, -0.2893919050693512, -0.6036414504051208, 0.0]",1.7917587757110596,5.9999918937683105,"[0.1665680706501007, 0.1663556843996048, 0.1669461578130722, 0.1666131168603897, 0.16666850447654724, 0.16684848070144653]",0.2824929654598236,,0.0
interference_threshold,20200029,network_interference,1,1,1.0,0.9989651441574097,0.5056440830230713,0.006692850962281227,0.0,0.40927430987358093,0.40927430987358093,interaction,"[0.22670643031597137, 0.13111916184425354, 0.1265094131231308, 0.23849903047084808, 0.15671426057815552, 0.12045160681009293]","[0.29949432611465454, 0.4157969653606415, 0.7945656180381775, 0.30566084384918213, 0.7238537073135376, 0.0]",1.7917588949203491,5.9999918937683105,"[0.16656871140003204, 0.1663566380739212, 0.16694723069667816, 0.16661372780799866, 0.16666719317436218, 0.16684652864933014]",0.36475563049316406,,0.0
interference_null,20200000,network_interference,1,1,1.0,0.999091625213623,0.38899096846580505,0.006692850962281227,-6.186092971205426e-09,-0.0763499066233635,-0.0763499066233635,interaction,"[0.20877717435359955, 0.1361902952194214, 0.10245635360479355, 0.23913364112377167, 0.1421748697757721, 0.17126770317554474]","[-0.027489231899380684, -0.035564787685871124, -0.35170111060142517, -0.03243944048881531, -0.15456901490688324, 0.0]",1.7917590141296387,5.9999918937683105,"[0.16656862199306488, 0.1663566678762436, 0.16694645583629608, 0.16661295294761658, 0.16666826605796814, 0.1668470948934555]",0.29288211464881897,,0.0
interference_null,20200001,network_interference,1,1,1.0,0.9990633130073547,0.4016386866569519,0.006692850962281227,0.0,0.004920912440866232,0.004920912440866232,interaction,"[0.20784051716327667, 0.12147597968578339, 0.09420395642518997, 0.2550264894962311, 0.1438503861427307, 0.17760272324085236]","[0.012527057901024818, 0.29030877351760864, -0.28417614102363586, 0.0030357069335877895, -0.048327501863241196, 0.0]",1.7917587757110596,5.9999918937683105,"[0.1665671020746231, 0.16635653376579285, 0.1669463962316513, 0.16661441326141357, 0.16666927933692932, 0.16684629023075104]",0.31728821992874146,,0.0
interference_null,20200002,network_interference,1,1,1.0,0.9990460276603699,0.5013431310653687,0.006692850962281227,0.0,0.17570994794368744,0.17570994794368744,interaction,"[0.2234504669904709, 0.14232414960861206, 0.12041384726762772, 0.2345576137304306, 0.15712930262088776, 0.12212461233139038]","[0.14634518325328827, 0.15770721435546875, 0.2702437937259674, 0.16403719782829285, 0.3153214156627655, 0.0]",1.7917587757110596,5.999992370605469,"[0.16656725108623505, 0.1663564294576645, 0.16694656014442444, 0.1666143387556076, 0.16666898131370544, 0.16684642434120178]",0.3442727029323578,,0.0
interference_null,20200003,network_interference,1,1,1.0,0.9991058707237244,0.40595564246177673,0.006692850962281227,0.0,-0.034804269671440125,-0.034804269671440125,interaction,"[0.2152850180864334, 0.1444816142320633, 0.11989454180002213, 0.22026172280311584, 0.15637484192848206, 0.14370225369930267]","[-0.08072251826524734, -0.05808504670858383, -0.025425856932997704, -0.07220800966024399, 0.06343336403369904, 0.0]",1.7917587757110596,5.9999918937683105,"[0.16656722128391266, 0.16635525226593018, 0.16694627702236176, 0.16661383211612701, 0.1666688174009323, 0.16684859991073608]",0.2900155186653137,,0.0
interference_null,20200004,network_interference,1,1,1.0,0.9990102052688599,0.477763831615448,0.006692850962281227,0.0,0.16117562353610992,0.16117562353610992,linear,"[0.22851385176181793, 0.13851231336593628, 0.1409159004688263, 0.22090324759483337, 0.15604186058044434, 0.11511287838220596]","[0.06186087429523468, 0.05916188657283783, 0.4980107545852661, 0.04619507119059563, 0.37465986609458923, 0.0]",1.7917587757110596,5.999992370605469,"[0.16656774282455444, 0.16635596752166748, 0.1669461578130722, 0.16661344468593597, 0.1666688323020935, 0.166847825050354]",0.3354255259037018,,0.0
interference_null,20200005,network_interference,1,1,1.0,0.9990612864494324,0.4449804127216339,0.006692850962281227,0.0,0.13306066393852234,0.13306066393852234,interaction,"[0.2218713015317917, 0.13848409056663513, 0.11683843284845352, 0.23131051659584045, 0.15366533398628235, 0.13783036172389984]","[0.04558710381388664, 0.17506363987922668, 0.34387025237083435, 0.0600065141916275, 0.29053574800491333, 0.0]",1.7917587757110596,5.9999918937683105,"[0.16656768321990967, 0.1663559079170227, 0.16694653034210205, 0.16661393642425537, 0.16666851937770844, 0.16684742271900177]",0.32275375723838806,,0.0
interference_null,20200006,network_interference,1,1,1.0,0.9990608096122742,0.3826906681060791,0.006692850962281227,0.0,-0.13665437698364258,-0.13665437698364258,interaction,"[0.2064412534236908, 0.13436995446681976, 0.10357818752527237, 0.2391754388809204, 0.13455089926719666, 0.1818842589855194]","[-0.03275598585605621, -0.17380684614181519, -0.6059717535972595, -0.0071865227073431015, -0.3125469386577606, 0.0]",1.7917587757110596,5.999992847442627,"[0.16656659543514252, 0.16635631024837494, 0.16694682836532593, 0.16661520302295685, 0.1666691154241562, 0.1668459177017212]",0.2902371287345886,,0.0
interference_null,20200007,network_interference,1,1,1.0,0.9990872144699097,0.45621517300605774,0.006692850962281227,1.5318459389845884e-08,0.13377563655376434,0.13377565145492554,interaction,"[0.2231559306383133, 0.1427708864212036, 0.12027248740196228, 0.23250870406627655, 0.15487922728061676, 0.1264127939939499]","[0.08602047711610794, 0.15433239936828613, 0.34170180559158325, 0.03768276423215866, 0.27561208605766296, 0.0]",1.7917588949203491,5.999991416931152,"[0.16656611859798431, 0.16635584831237793, 0.1669471263885498, 0.16661614179611206, 0.1666688621044159, 0.16684596240520477]",0.32372480630874634,,0.0
interference_null,20200008,network_interference,1,1,1.0,0.9990886449813843,0.44825637340545654,0.006692850962281227,0.0,0.09148675203323364,0.09148675203323364,interaction,"[0.22452150285243988, 0.14948739111423492, 0.11330540478229523, 0.22909419238567352, 0.1499280482530594, 0.13366341590881348]","[0.07185936719179153, 0.1049247458577156, 0.21088796854019165, 0.07589277625083923, 0.12263558059930801, 0.0]",1.7917587757110596,5.9999918937683105,"[0.1665676385164261, 0.16635626554489136, 0.16694657504558563, 0.16661398112773895, 0.16666845977306366, 0.1668470948934555]",0.31943079829216003,,0.0
interference_null,20200009,network_interference,1,1,1.0,0.9990952014923096,0.4580966830253601,0.006692850962281227,6.004723829278191e-09,0.07967329770326614,0.07967330515384674,interaction,"[0.22086358070373535, 0.14345668256282806, 0.1158936470746994, 0.2319684624671936, 0.15376901626586914, 0.13404861092567444]","[0.064684197306633, 0.08340398967266083, 0.11410034447908401, 0.0597631111741066, 0.17126592993736267, 0.0]",1.7917587757110596,5.9999918937683105,"[0.16656675934791565, 0.1663559079170227, 0.16694685816764832, 0.1666150987148285, 0.16666880249977112, 0.16684658825397491]",0.3168296813964844,,0.0
interference_null,20200010,network_interference,1,1,1.0,0.99909508228302,0.4472368061542511,0.006692850962281227,0.0,0.10851790010929108,0.10851790010929108,linear,"[0.22497592866420746, 0.1515316516160965, 0.13093043863773346, 0.22019977867603302, 0.14898419380187988, 0.12337794899940491]","[0.06822066754102707, -0.040016040205955505, 0.4109354019165039, 0.047034163028001785, 0.23541241884231567, 0.0]",1.7917588949203491,5.999991416931152,"[0.16656805574893951, 0.1663573980331421, 0.1669466644525528, 0.1666140854358673, 0.16666869819164276, 0.1668451577425003]",0.31253406405448914,,0.0
interference_null,20200011,network_interference,1,1,1.0,0.9991422891616821,0.40771982073783875,0.006692850962281227,0.0,0.00021543593902606517,0.00021543593902606517,interaction,"[0.22174951434135437, 0.14872238039970398, 0.12217549979686737, 0.2268810123205185, 0.1496485322713852, 0.13082297146320343]","[-0.018889427185058594, -0.012182160280644894, 0.1561463177204132, -0.1031520664691925, 0.07044443488121033, 0.0]",1.7917587757110596,5.999992370605469,"[0.16656698286533356, 0.16635629534721375, 0.16694627702236176, 0.16661398112773895, 0.16666939854621887, 0.16684705018997192]",0.2972358167171478,,0.0
interference_null,20200012,network_interference,1,1,1.0,0.9991165995597839,0.4502972960472107,0.006692850962281227,0.0,0.08363392949104309,0.08363392949104309,interaction,"[0.2129831314086914, 0.13340388238430023, 0.1014523059129715, 0.25129878520965576, 0.1489020138978958, 0.15195991098880768]","[0.17654642462730408, 0.15933701395988464, -0.16457262635231018, 0.10652735829353333, 0.0987389087677002, 0.0]",1.79175865650177,5.9999918937683105,"[0.16656532883644104, 0.16635514795780182, 0.1669463962316513, 0.16661562025547028, 0.16666997969150543, 0.16684751212596893]",0.31685560941696167,,0.0
interference_null,20200013,network_interference,1,1,1.0,0.9991176724433899,0.41611379384994507,0.006692850962281227,-5.160119886937764e-09,-0.0442856140434742,-0.044285617768764496,interaction,"[0.21523809432983398, 0.14181101322174072, 0.11425057053565979, 0.2301192283630371, 0.15323032438755035, 0.14535069465637207]","[-0.0677061602473259, -0.02743309922516346, -0.19380724430084229, -0.06793878972530365, 0.07801493257284164, 0.0]",1.7917587757110596,5.9999918937683105,"[0.16656675934791565, 0.16635504364967346, 0.16694635152816772, 0.16661430895328522, 0.16666898131370544, 0.16684859991073608]",0.2975003123283386,,0.0
interference_null,20200014,network_interference,1,1,1.0,0.9990677237510681,0.3396395444869995,0.006692850962281227,0.0,-0.1805809736251831,-0.1805809736251831,interaction,"[0.20051991939544678, 0.12108571082353592, 0.10191003978252411, 0.2530304491519928, 0.13642537593841553, 0.18702857196331024]","[-0.1475018709897995, -0.06848658621311188, -0.416273295879364, -0.21226657927036285, -0.3414234220981598, 0.0]",1.7917588949203491,5.9999918937683105,"[0.16656939685344696, 0.16635644435882568, 0.16694657504558563, 0.16661250591278076, 0.16666749119758606, 0.1668476015329361]",0.2972561717033386,,0.0
interference_null,20200015,network_interference,1,1,1.0,0.9991140961647034,0.38650041818618774,0.006692850962281227,0.0,-0.0784585103392601,-0.0784585103392601,interaction,"[0.2129913568496704, 0.14857693016529083, 0.10315454751253128, 0.23240159451961517, 0.14322960376739502, 0.1596459448337555]","[-0.047992393374443054, -0.018324952572584152, -0.2797170877456665, -0.03171693533658981, -0.20448791980743408, 0.0]",1.7917587757110596,5.999992370605469,"[0.16656695306301117, 0.16635490953922272, 0.16694621741771698, 0.1666141301393509, 0.16666895151138306, 0.166848823428154]",0.2955581247806549,,0.0
interference_null,20200016,network_interference,1,1,1.0,0.9990867376327515,0.43492692708969116,0.006692850962281227,0.0,0.09148388355970383,0.09148388355970383,interaction,"[0.2176649421453476, 0.141169011592865, 0.10793711990118027, 0.23744513094425201, 0.15526092052459717, 0.14052283763885498]","[0.018134189769625664, 0.2357604205608368, 0.1863134652376175, 0.03567187488079071, 0.16536284983158112, 0.0]",1.7917587757110596,5.999992370605469,"[0.1665680855512619, 0.16635659337043762, 0.1669466495513916, 0.16661377251148224, 0.1666683852672577, 0.16684649884700775]",0.3263974189758301,,0.0
interference_null,20200017,network_interference,1,1,1.0,0.9990178346633911,0.3320274353027344,0.006692850962281227,0.0,-0.30626124143600464,-0.30626124143600464,interaction,"[0.2090669721364975, 0.15273912250995636, 0.11810861527919769, 0.21365967392921448, 0.14079605042934418, 0.16562959551811218]","[-0.37415891885757446, -0.3521411716938019, -0.5309542417526245, -0.2375374436378479, -0.4317505955696106, 0.0]",1.7917587757110596,5.999992847442627,"[0.16656886041164398, 0.16635540127754211, 0.1669463813304901, 0.16661249101161957, 0.16666750609874725, 0.16684933006763458]",0.2780778706073761,,0.0
interference_null,20200018,network_interference,1,1,1.0,0.9990367889404297,0.5137274265289307,0.006692850962281227,0.0,0.2688095271587372,0.2688095271587372,interaction,"[0.2218688726425171, 0.13446149230003357, 0.11314091086387634, 0.24636366963386536, 0.15802383422851562, 0.12614130973815918]","[0.26650264859199524, 0.31541720032691956, 0.21777045726776123, 0.28796258568763733, 0.453647643327713, 0.0]",1.7917587757110596,5.999992370605469,"[0.166567862033844, 0.16635583341121674, 0.16694605350494385, 0.166612908244133, 0.16666877269744873, 0.1668485403060913]",0.35824596881866455,,0.0
interference_null,20200019,network_interference,1,1,1.0,0.9991053938865662,0.370908260345459,0.006692850962281227,0.0,-0.18788574635982513,-0.18788574635982513,interaction,"[0.21483823657035828, 0.1540510654449463, 0.11053785681724548, 0.22503970563411713, 0.13889220356941223, 0.15664096176624298]","[-0.13856591284275055, -0.19731362164020538, -0.4671354591846466, -0.11013761907815933, -0.3693411946296692, 0.0]",1.7917587757110596,5.999992370605469,"[0.1665680855512619, 0.1663564145565033, 0.1669466644525528, 0.16661375761032104, 0.16666822135448456, 0.16684682667255402]",0.28524357080459595,,0.0
interference_null,20200020,network_interference,1,1,1.0,0.9990208148956299,0.40120717883110046,0.006692850962281227,0.0,0.03160954266786575,0.03160954266786575,interaction,"[0.2073853313922882, 0.11344324797391891, 0.09251407533884048, 0.25756269693374634, 0.149203360080719, 0.17989124357700348]","[-0.02303517609834671, 0.27909377217292786, -0.03021470084786415, -0.0023854041937738657, 0.054523371160030365, 0.0]",1.7917587757110596,5.999992370605469,"[0.16656799614429474, 0.16635671257972717, 0.16694676876068115, 0.16661402583122253, 0.1666683852672577, 0.16684609651565552]",0.3357076346874237,,0.0
interference_null,20200021,network_interference,1,1,1.0,0.9991030693054199,0.43623286485671997,0.006692850962281227,0.0,0.06597663462162018,0.06597663462162018,interaction,"[0.21870435774326324, 0.14316822588443756, 0.11284873634576797, 0.23197808861732483, 0.15053106844425201, 0.14276959002017975]","[0.06152332201600075, 0.0700090080499649, 0.09194530546665192, 0.051174428313970566, 0.13452965021133423, 0.0]",1.7917588949203491,5.9999918937683105,"[0.16656869649887085, 0.16635587811470032, 0.16694624722003937, 0.16661252081394196, 0.16666801273822784, 0.16684865951538086]",0.3079667091369629,,0.0
interference_null,20200022,network_interference,1,1,1.0,0.9991093277931213,0.4145054221153259,0.006692850962281227,0.0,-0.036917466670274734,-0.036917466670274734,interaction,"[0.21526004374027252, 0.14692039787769318, 0.11024508625268936, 0.22740983963012695, 0.14743158221244812, 0.15273308753967285]","[-0.012366917915642262, -0.061082031577825546, -0.16519062221050262, -0.0023910256568342447, -0.044264379888772964, 0.0]",1.7917587757110596,5.9999918937683105,"[0.16656716167926788, 0.16635586321353912, 0.16694609820842743, 0.1666136234998703, 0.1666693389415741, 0.16684791445732117]",0.2915806174278259,,0.0
interference_null,20200023,network_interference,1,1,1.0,0.999071478843689,0.3934786319732666,0.006692850962281227,-3.6986451679155152e-09,-0.04472316801548004,-0.04472317174077034,linear,"[0.22003673017024994, 0.1446884125471115, 0.12438759952783585, 0.21594193577766418, 0.15222913026809692, 0.14271612465381622]","[-0.16901977360248566, -0.09212905913591385, 0.18121832609176636, -0.1353621780872345, 0.08202406764030457, 0.0]",1.7917588949203491,5.999991416931152,"[0.16656629741191864, 0.16635611653327942, 0.16694706678390503, 0.16661587357521057, 0.16666898131370544, 0.16684572398662567]",0.2940664291381836,,0.0
interference_null,20200024,network_interference,1,1,1.0,0.9990941286087036,0.4022394120693207,0.006692850962281227,0.0,0.0027279616333544254,0.0027279616333544254,interaction,"[0.207038015127182, 0.1250503808259964, 0.0886969268321991, 0.2619761526584625, 0.13862431049346924, 0.17861422896385193]","[0.11052677780389786, 0.2562715709209442, -0.4313616454601288, 0.027760032564401627, -0.15303343534469604, 0.0]",1.7917587757110596,5.9999918937683105,"[0.16656826436519623, 0.16635659337043762, 0.1669463962316513, 0.16661323606967926, 0.16666848957538605, 0.16684705018997192]",0.3143935799598694,,0.0
interference_null,20200025,network_interference,1,1,1.0,0.9990819692611694,0.3849714398384094,0.006692850962281227,0.0,-0.13373616337776184,-0.13373616337776184,interaction,"[0.21080070734024048, 0.14475616812705994, 0.10752366483211517, 0.22704903781414032, 0.14479678869247437, 0.1650736927986145]","[-0.10830414295196533, -0.12480250746011734, -0.45007750391960144, -0.0712694302201271, -0.19519774615764618, 0.0]",1.7917587757110596,5.999992370605469,"[0.16656889021396637, 0.166356161236763, 0.16694653034210205, 0.16661281883716583, 0.16666772961616516, 0.16684786975383759]",0.2856849133968353,,0.0
interference_null,20200026,network_interference,1,1,1.0,0.9990924596786499,0.446682870388031,0.006692850962281227,0.0,0.07254336029291153,0.07254336029291153,interaction,"[0.21996061503887177, 0.14461547136306763, 0.11988344043493271, 0.22627410292625427, 0.15750083327293396, 0.13176551461219788]","[-0.017033349722623825, 0.07648725062608719, 0.16541536152362823, 0.02986123226583004, 0.24534094333648682, 0.0]",1.7917587757110596,5.999992370605469,"[0.16656631231307983, 0.16635668277740479, 0.16694658994674683, 0.166615292429924, 0.16666974127292633, 0.16684536635875702]",0.3170654773712158,,0.0
interference_null,20200027,network_interference,1,1,1.0,0.9991239905357361,0.3986339569091797,0.006692850962281227,0.0,-0.08418244868516922,-0.08418244868516922,interaction,"[0.2208532691001892, 0.1551966369152069, 0.11644265800714493, 0.22110506892204285, 0.14588019251823425, 0.14052210748195648]","[-0.10941341519355774, -0.11916273832321167, -0.07196774333715439, -0.08161845058202744, -0.10349669307470322, 0.0]",1.7917587757110596,5.999992847442627,"[0.16656747460365295, 0.16635572910308838, 0.16694584488868713, 0.16661296784877777, 0.16666926443576813, 0.16684868931770325]",0.29188525676727295,,0.0
interference_null,20200028,network_interference,1,1,1.0,0.9990988969802856,0.46908050775527954,0.006692850962281227,0.0,0.145651176571846,0.145651176571846,interaction,"[0.22062307596206665, 0.14298398792743683, 0.11612146347761154, 0.23353871703147888, 0.15477928519248962, 0.13195344805717468]","[0.1359705775976181, 0.13029621541500092, 0.1417083591222763, 0.1379712074995041, 0.3123522400856018, 0.0]",1.7917587757110596,5.9999918937683105,"[0.16656824946403503, 0.1663561314344406, 0.1669463962316513, 0.16661325097084045, 0.16666829586029053, 0.16684767603874207]",0.32015904784202576,,0.0
interference_null,20200029,network_interference,1,1,1.0,0.9991129040718079,0.39949360489845276,0.006692850962281227,0.0,-0.01913362182676792,-0.01913362182676792,interaction,"[0.21965676546096802, 0.15695418417453766, 0.10043223947286606, 0.2315395176410675, 0.13818074762821198, 0.15323661267757416]","[0.020426953211426735, 0.09279794991016388, -0.03951993212103844, 0.02004571631550789, -0.28121042251586914, 0.0]",1.7917587757110596,5.999992370605469,"[0.16656868159770966, 0.16635678708553314, 0.16694669425487518, 0.16661325097084045, 0.1666679084300995, 0.16684667766094208]",0.30183321237564087,,0.0
interference_poor_support,20200000,network_interference,1,0,1.0,2.061153470123145e-09,0.4855574071407318,0.006692850962281227,0.0,0.21110019087791443,0.21110019087791443,linear,"[0.23106133937835693, 0.1576845943927765, 0.10785652697086334, 0.22829455137252808, 0.14629873633384705, 0.12880432605743408]","[0.23749035596847534, 0.22943393886089325, 0.31663504242897034, 0.2849445641040802, 0.14248035848140717, 0.0]",1.79175865650177,5.999990940093994,"[0.16655875742435455, 0.16632457077503204, 0.16693396866321564, 0.16663415729999542, 0.1666557490825653, 0.16689279675483704]",0.34390097856521606,,0.0
interference_poor_support,20200001,network_interference,1,0,1.0,2.061153470123145e-09,0.42861396074295044,0.006692850962281227,-3.2287199580594006e-09,0.04303517937660217,0.043035175651311874,interaction,"[0.22193259000778198, 0.15017591416835785, 0.10788463801145554, 0.22528408467769623, 0.14985863864421844, 0.14486414194107056]","[0.0446380153298378, 0.07694906741380692, 0.05951068922877312, 0.053555842489004135, 0.02059996873140335, 0.0]",1.79175865650177,5.999991416931152,"[0.16655439138412476, 0.1663225293159485, 0.16693411767482758, 0.1666378378868103, 0.1666581928730011, 0.1668928861618042]",0.3051389455795288,,0.0
interference_poor_support,20200002,network_interference,1,0,1.0,2.061153470123145e-09,0.4840554893016815,0.006692850962281227,0.0,0.27388137578964233,0.27388137578964233,interaction,"[0.2295718491077423, 0.13215401768684387, 0.11563108116388321, 0.23996107280254364, 0.1440836638212204, 0.13859835267066956]","[0.3292817771434784, 0.21394942700862885, 0.38510480523109436, 0.3489551246166229, 0.28974539041519165, 0.0]",1.79175865650177,5.999990940093994,"[0.16655488312244415, 0.16632294654846191, 0.1669340580701828, 0.16663745045661926, 0.16665805876255035, 0.16689260303974152]",0.3475196659564972,,0.0
interference_poor_support,20200003,network_interference,1,0,1.0,2.061153470123145e-09,0.387844055891037,0.006692850962281227,0.0,-0.09841288626194,-0.09841288626194,interaction,"[0.21845020353794098, 0.14883337914943695, 0.12100554257631302, 0.21872158348560333, 0.1520211100578308, 0.1409682035446167]","[-0.10986248403787613, -0.13541555404663086, -0.14646242558956146, -0.1318063884973526, -0.05069945380091667, 0.0]",1.7917587757110596,5.999990940093994,"[0.16655443608760834, 0.16632245481014252, 0.16693410277366638, 0.16663773357868195, 0.16665823757648468, 0.16689302027225494]",0.28342899680137634,,0.0
interference_poor_support,20200004,network_interference,1,0,1.0,2.061153470123145e-09,0.2742008864879608,0.006692850962281227,0.0,-0.4577743709087372,-0.4577743709087372,interaction,"[0.1923084706068039, 0.12394270300865173, 0.09907712042331696, 0.2522008419036865, 0.12861129641532898, 0.20385950803756714]","[-0.5368608832359314, -0.09747648239135742, -0.7394421696662903, -0.5257258415222168, -1.062112808227539, 0.0]",1.7917587757110596,5.999990940093994,"[0.1665559858083725, 0.16632328927516937, 0.1669340878725052, 0.16663646697998047, 0.16665731370449066, 0.1668928861618042]",0.3080902397632599,,0.0
interference_poor_support,20200005,network_interference,1,0,1.0,2.061153470123145e-09,0.29126569628715515,0.006692850962281227,0.0,-0.49106088280677795,-0.49106088280677795,interaction,"[0.20414172112941742, 0.14452742040157318, 0.11274413764476776, 0.22616951167583466, 0.13487449288368225, 0.17754271626472473]","[-0.5872486233711243, -0.3337480127811432, -0.7626009583473206, -0.5071316957473755, -0.9065215587615967, 0.0]",1.7917587757110596,5.999990940093994,"[0.166554793715477, 0.16632264852523804, 0.16693420708179474, 0.16663767397403717, 0.16665799915790558, 0.16689270734786987]",0.28591451048851013,,0.0
interference_poor_support,20200006,network_interference,1,0,1.0,2.061153470123145e-09,0.40753138065338135,0.006692850962281227,0.0,-0.0021016052924096584,-0.0021016052924096584,linear,"[0.21575942635536194, 0.1203668862581253, 0.1244560107588768, 0.20528379082679749, 0.17150786519050598, 0.1626260131597519]","[-0.36773547530174255, -0.053098101168870926, 0.18958309292793274, -0.055029626935720444, 0.41592246294021606, 0.0]",1.79175865650177,5.999990940093994,"[0.16655606031417847, 0.1663231998682022, 0.16693410277366638, 0.1666364222764969, 0.1666572242975235, 0.16689299046993256]",0.318022221326828,,0.0
interference_poor_support,20200007,network_interference,1,0,1.0,2.061153470123145e-09,0.4430761933326721,0.006692850962281227,0.0,0.07229284197092056,0.07229284197092056,interaction,"[0.22524629533290863, 0.15546655654907227, 0.1106455996632576, 0.22618679702281952, 0.14865288138389587, 0.13380183279514313]","[0.08364510536193848, 0.08413399010896683, 0.11153406649827957, 0.1003711000084877, 0.03584663197398186, 0.0]",1.79175865650177,5.999990940093994,"[0.16655327379703522, 0.16632208228111267, 0.16693410277366638, 0.16663874685764313, 0.16665907204151154, 0.16689272224903107]",0.31485477089881897,,0.0
interference_poor_support,20200008,network_interference,1,0,1.0,2.061153470123145e-09,0.2914049029350281,0.006692850962281227,0.0,-0.45913195610046387,-0.45913195610046387,interaction,"[0.20537376403808594, 0.1422424167394638, 0.12768319249153137, 0.2106756716966629, 0.14805158972740173, 0.16597329080104828]","[-0.6361026167869568, -0.4815378785133362, -0.5580872297286987, -0.5622104406356812, -0.4748050272464752, 0.0]",1.7917587757110596,5.999990940093994,"[0.16655580699443817, 0.16632340848445892, 0.16693395376205444, 0.1666366159915924, 0.166657492518425, 0.16689272224903107]",0.27570006251335144,,0.0
interference_poor_support,20200009,network_interference,1,0,1.0,2.061153470123145e-09,0.4815591275691986,0.006692850962281227,0.0,0.20904585719108582,0.20904585719108582,linear,"[0.2313644289970398, 0.15929828584194183, 0.10650290548801422, 0.22740338742733002, 0.14476238191127777, 0.13066862523555756]","[0.24169208109378815, 0.2304748296737671, 0.3222405016422272, 0.28999587893486023, 0.11154183745384216, 0.0]",1.79175865650177,5.999991416931152,"[0.16655462980270386, 0.16632245481014252, 0.16693423688411713, 0.16663767397403717, 0.16665810346603394, 0.1668928861618042]",0.3413721024990082,,0.0
interference_poor_support,20200010,network_interference,1,0,1.0,2.061153470123145e-09,0.381038635969162,0.006692850962281227,0.0,-0.09459885209798813,-0.09459885209798813,interaction,"[0.21452321112155914, 0.14362265169620514, 0.11074131727218628, 0.2243357002735138, 0.15140320360660553, 0.1553739756345749]","[-0.10786560922861099, -0.042648155242204666, -0.21228118240833282, -0.12365054339170456, -0.09303899854421616, 0.0]",1.79175865650177,5.9999918937683105,"[0.16655567288398743, 0.16632339358329773, 0.1669340431690216, 0.16663672029972076, 0.16665759682655334, 0.16689252853393555]",0.2859853208065033,,0.0
interference_poor_support,20200011,network_interference,1,0,1.0,2.061153470123145e-09,0.5483201146125793,0.006692850962281227,5.3316473014319854e-08,0.45368459820747375,0.45368462800979614,interaction,"[0.23028504848480225, 0.12569181621074677, 0.12372537702322006, 0.24854280054569244, 0.15795788168907166, 0.11379702389240265]","[0.44681352376937866, 0.4902368187904358, 0.5477766990661621, 0.46239784359931946, 0.674051821231842, 0.0]",1.7917587757110596,5.999989986419678,"[0.166557177901268, 0.16632379591464996, 0.16693410277366638, 0.16663555800914764, 0.16665664315223694, 0.16689279675483704]",0.40664491057395935,,0.0
interference_poor_support,20200012,network_interference,1,0,1.0,2.061153470123145e-09,0.3759016692638397,0.006692850962281227,0.0,-0.02955814264714718,-0.02955814264714718,interaction,"[0.2154713273048401, 0.12409023940563202, 0.11261840164661407, 0.2410113364458084, 0.14099307358264923, 0.16581560671329498]","[-0.017854390665888786, -0.041225235909223557, 0.024190247058868408, -0.05300668254494667, -0.07478693872690201, 0.0]",1.7917587757110596,5.999990940093994,"[0.16655577719211578, 0.16632312536239624, 0.16693411767482758, 0.166636660695076, 0.16665734350681305, 0.16689297556877136]",0.3066052794456482,,0.0
interference_poor_support,20200013,network_interference,1,0,1.0,2.061153470123145e-09,0.34847965836524963,0.006692850962281227,0.0,-0.03068515472114086,-0.03068515472114086,interaction,"[0.2218482941389084, 0.16592757403850555, 0.07656625658273697, 0.24163737893104553, 0.11099497228860855, 0.183025524020195]","[0.3028794527053833, 0.38883885741233826, -0.49412208795547485, 0.13007822632789612, -1.4054348468780518, 0.0]",1.7917587757110596,5.999990940093994,"[0.16655613481998444, 0.16632327437400818, 0.1669340431690216, 0.16663645207881927, 0.1666572391986847, 0.166892871260643]",0.31890618801116943,,0.0
interference_poor_support,20200014,network_interference,1,0,1.0,2.061153470123145e-09,0.42904961109161377,0.006692850962281227,-6.812614028461894e-09,0.07542932033538818,0.07542932033538818,linear,"[0.23653100430965424, 0.16405192017555237, 0.12220687419176102, 0.19966545701026917, 0.13818185031414032, 0.13936281204223633]","[-0.06624162197113037, -0.030112991109490395, 0.4537639915943146, 0.1812996119260788, 0.031735461205244064, 0.0]",1.79175865650177,5.999991416931152,"[0.16655698418617249, 0.16632354259490967, 0.16693411767482758, 0.1666358858346939, 0.16665664315223694, 0.16689279675483704]",0.32303667068481445,,0.0
interference_poor_support,20200015,network_interference,1,0,1.0,2.061153470123145e-09,0.4607659876346588,0.006692850962281227,0.0,0.10331130772829056,0.10331130772829056,interaction,"[0.2157490998506546, 0.12189284712076187, 0.13909250497817993, 0.21973806619644165, 0.17434051632881165, 0.1291869580745697]","[-0.00041511852759867907, -0.01571696810424328, 0.15463370084762573, -0.05049803480505943, 0.5443634390830994, 0.0]",1.79175865650177,5.999990940093994,"[0.1665586233139038, 0.1663244217634201, 0.16693393886089325, 0.16663438081741333, 0.1666557639837265, 0.166892871260643]",0.30660149455070496,,0.0
interference_poor_support,20200016,network_interference,1,0,1.0,2.061153470123145e-09,0.4769570529460907,0.006692850962281227,0.0,0.2207242101430893,0.2207242101430893,interaction,"[0.2296847105026245, 0.15592949092388153, 0.10564246028661728, 0.2310524880886078, 0.14670079946517944, 0.13099007308483124]","[0.24282856285572052, 0.2821868360042572, 0.32374948263168335, 0.29135406017303467, 0.13244080543518066, 0.0]",1.7917587757110596,5.9999918937683105,"[0.16655734181404114, 0.16632387042045593, 0.16693411767482758, 0.1666354387998581, 0.1666565239429474, 0.16689267754554749]",0.34352701902389526,,0.0
interference_poor_support,20200017,network_interference,1,0,1.0,2.061153470123145e-09,0.4703311324119568,0.006692850962281227,0.0,0.15604020655155182,0.15604020655155182,interaction,"[0.2226809710264206, 0.14016751945018768, 0.10889994353055954, 0.23551496863365173, 0.15291503071784973, 0.1398216187953949]","[0.1934989094734192, 0.18537043035030365, 0.11817658692598343, 0.18292772769927979, 0.2028389573097229, 0.0]",1.7917587757110596,5.999990940093994,"[0.16655851900577545, 0.16632457077503204, 0.16693398356437683, 0.1666344553232193, 0.16665594279766083, 0.16689252853393555]",0.32482317090034485,,0.0
interference_poor_support,20200018,network_interference,1,0,1.0,2.061153470123145e-09,0.3476668894290924,0.006692850962281227,0.0,-0.30384886264801025,-0.30384886264801025,linear,"[0.21860630810260773, 0.1601707637310028, 0.11267795413732529, 0.2180708348751068, 0.1357802003622055, 0.15469399094581604]","[-0.22160093486309052, -0.3240777254104614, -0.548964262008667, -0.2264637053012848, -0.67945396900177, 0.0]",1.79175865650177,5.999990940093994,"[0.1665557473897934, 0.1663231998682022, 0.1669340580701828, 0.16663673520088196, 0.1666574329137802, 0.1668928563594818]",0.2779659926891327,,0.0
interference_poor_support,20200019,network_interference,1,0,1.0,2.061153470123145e-09,0.2674035429954529,0.006692850962281227,-6.074557035162798e-08,-0.5795657634735107,-0.5795658230781555,interaction,"[0.19175788760185242, 0.12494783103466034, 0.12423409521579742, 0.22592076659202576, 0.14872799813747406, 0.18441136181354523]","[-0.810189425945282, -0.5222977995872498, -0.7921544909477234, -0.7790828347206116, -0.5682991147041321, 0.0]",1.79175865650177,5.999990940093994,"[0.16655845940113068, 0.16632455587387085, 0.16693395376205444, 0.1666344702243805, 0.16665588319301605, 0.16689269244670868]",0.28916001319885254,,0.0
interference_poor_support,20200020,network_interference,1,0,1.0,2.061153470123145e-09,0.44817519187927246,0.006692850962281227,5.74201264313956e-09,0.05529487505555153,0.055294882506132126,interaction,"[0.2226298451423645, 0.14914879202842712, 0.11488591879606247, 0.22576168179512024, 0.15424422919750214, 0.1333295851945877]","[0.050083693116903305, 0.050014521926641464, 0.06676981598138809, 0.06008869782090187, 0.10015613585710526, 0.0]",1.7917587757110596,5.999990940093994,"[0.16655606031417847, 0.16632342338562012, 0.16693414747714996, 0.16663651168346405, 0.16665731370449066, 0.16689258813858032]",0.31204092502593994,,0.0
interference_poor_support,20200021,network_interference,1,0,1.0,2.061153470123145e-09,0.45788124203681946,0.006692850962281227,0.0,0.25065121054649353,0.25065121054649353,interaction,"[0.2230926752090454, 0.1408187597990036, 0.0907244086265564, 0.25196385383605957, 0.14532551169395447, 0.14807480573654175]","[0.3330853283405304, 0.5591698884963989, 0.11184291541576385, 0.3153233826160431, 0.05507449805736542, 0.0]",1.7917587757110596,5.999990940093994,"[0.16655878722667694, 0.1663244068622589, 0.16693399846553802, 0.16663427650928497, 0.1666555106639862, 0.16689302027225494]",0.35178670287132263,,0.0
interference_poor_support,20200022,network_interference,1,0,1.0,2.061153470123145e-09,0.5121122002601624,0.006692850962281227,0.0,0.4360586404800415,0.4360586404800415,linear,"[0.23731637001037598, 0.16600032150745392, 0.11711032688617706, 0.21962353587150574, 0.1401616930961609, 0.11978767812252045]","[0.5459937453269958, 0.2145960032939911, 0.7279400825500488, 0.6550963521003723, 0.2977880835533142, 0.0]",1.7917585372924805,5.999991416931152,"[0.16655732691287994, 0.16632376611232758, 0.166934072971344, 0.16663533449172974, 0.16665644943714142, 0.16689302027225494]",0.3496445119380951,,0.0
interference_poor_support,20200023,network_interference,1,0,1.0,2.061153470123145e-09,0.5480194091796875,0.006692850962281227,2.8317865385929508e-08,0.29441577196121216,0.29441580176353455,linear,"[0.22018076479434967, 0.11781275272369385, 0.1558719128370285, 0.19919070601463318, 0.18803128600120544, 0.11891257762908936]","[0.00943093840032816, 0.02426515333354473, 0.36183708906173706, 0.22915072739124298, 0.996832013130188, 0.0]",1.7917587757110596,5.999990940093994,"[0.1665547788143158, 0.1663227379322052, 0.16693417727947235, 0.16663751006126404, 0.16665814816951752, 0.16689269244670868]",0.35451507568359375,,0.0
interference_poor_support,20200024,network_interference,1,0,1.0,2.061153470123145e-09,0.29736945033073425,0.006692850962281227,2.6716820755723347e-08,-0.3310855031013489,-0.3310854732990265,interaction,"[0.2093251496553421, 0.15377986431121826, 0.1108429953455925, 0.2268770933151245, 0.12035275250673294, 0.17882215976715088]","[-0.33748525381088257, -0.3550710380077362, -0.435751736164093, -0.2092706859111786, -0.9144769310951233, 0.0]",1.7917587757110596,5.999991416931152,"[0.16655851900577545, 0.16632458567619324, 0.16693390905857086, 0.16663429141044617, 0.16665580868721008, 0.16689284145832062]",0.28757378458976746,,0.0
interference_poor_support,20200025,network_interference,1,0,1.0,2.061153470123145e-09,0.30407264828681946,0.006692850962281227,0.0,-0.24321851134300232,-0.24321851134300232,linear,"[0.2194945216178894, 0.15684083104133606, 0.1103094294667244, 0.21659980714321136, 0.1386687010526657, 0.15808667242527008]","[-0.3395823538303375, -0.0921747162938118, -0.12042275816202164, -0.3282952308654785, -0.5035948157310486, 0.0]",1.7917587757110596,5.999990940093994,"[0.16656005382537842, 0.16632501780986786, 0.16693393886089325, 0.16663317382335663, 0.1666547954082489, 0.16689302027225494]",0.28776681423187256,,0.0
interference_poor_support,20200026,network_interference,1,0,1.0,2.061153470123145e-09,0.36817505955696106,0.006692850962281227,0.0,-0.15424180030822754,-0.15424180030822754,interaction,"[0.21253694593906403, 0.14020609855651855, 0.11467486619949341, 0.22284503281116486, 0.15445585548877716, 0.15528123080730438]","[-0.20106378197669983, -0.0976775512099266, -0.2680836319923401, -0.24125400185585022, -0.08616454154253006, 0.0]",1.79175865650177,5.999990940093994,"[0.16655333340168, 0.16632220149040222, 0.1669340431690216, 0.16663876175880432, 0.16665905714035034, 0.1668926179409027]",0.2817201614379883,,0.0
interference_poor_support,20200027,network_interference,1,0,1.0,2.061153470123145e-09,0.3655715584754944,0.006692850962281227,0.0,-0.03144722059369087,-0.03144722059369087,interaction,"[0.21916161477565765, 0.1563938409090042, 0.09347892552614212, 0.23271673917770386, 0.13216491043567657, 0.16608388721942902]","[0.005071812309324741, 0.14122599363327026, 0.006514985114336014, 0.02787812612950802, -0.4671615660190582, 0.0]",1.7917587757110596,5.999990940093994,"[0.16655585169792175, 0.16632342338562012, 0.16693401336669922, 0.16663654148578644, 0.16665738821029663, 0.16689279675483704]",0.31055590510368347,,0.0
interference_poor_support,20200028,network_interference,1,0,1.0,2.061153470123145e-09,0.4104629456996918,0.006692850962281227,2.3913868663072435e-09,0.019623124971985817,0.019623126834630966,linear,"[0.22420896589756012, 0.14844121038913727, 0.1298651248216629, 0.2092614471912384, 0.1607334017753601, 0.1274898499250412]","[-0.18235652148723602, -0.010313913226127625, 0.35794922709465027, -0.13940346240997314, 0.27826669812202454, 0.0]",1.7917587757110596,5.999989986419678,"[0.16655492782592773, 0.16632284224033356, 0.166934072971344, 0.1666376143693924, 0.16665813326835632, 0.16689248383045197]",0.3028503954410553,,0.0
interference_poor_support,20200029,network_interference,1,0,1.0,2.061153470123145e-09,0.40087559819221497,0.006692850962281227,-2.558243172856578e-09,-0.022390877828001976,-0.022390879690647125,interaction,"[0.21863582730293274, 0.1487964689731598, 0.10218074172735214, 0.2254708856344223, 0.14507368206977844, 0.159842386841774]","[-0.04026546701788902, 0.08349958062171936, -0.12991711497306824, 0.05637010931968689, -0.17540493607521057, 0.0]",1.7917587757110596,5.999990940093994,"[0.1665547639131546, 0.16632290184497833, 0.16693417727947235, 0.1666373908519745, 0.16665811836719513, 0.16689269244670868]",0.30121496319770813,,0.0
interference_hidden_confounding,20200000,network_interference,0,1,2.061153470123145e-09,0.9990679621696472,0.48569008708000183,0.006692850962281227,-1.1162040181034172e-08,0.18348310887813568,0.1834830939769745,interaction,"[0.2197248637676239, 0.13226015865802765, 0.12345431745052338, 0.22683069109916687, 0.15924392640590668, 0.13848599791526794]","[0.18346236646175385, -0.011163241229951382, 0.04612359404563904, 0.23607580363750458, 0.5363150238990784, 0.0]",1.79175865650177,5.9999918937683105,"[0.16655908524990082, 0.16633354127407074, 0.16693861782550812, 0.1666213423013687, 0.16666600108146667, 0.16688136756420135]",0.3152715861797333,,0.0
interference_hidden_confounding,20200001,network_interference,0,1,2.061153470123145e-09,0.9991012811660767,0.32490330934524536,0.006692850962281227,4.6029239086919915e-08,-0.4629192352294922,-0.4629191756248474,interaction,"[0.214483842253685, 0.15281584858894348, 0.11937335133552551, 0.21874581277370453, 0.13847076892852783, 0.15611030161380768]","[-0.45305702090263367, -0.4846617877483368, -0.7379159927368164, -0.46534475684165955, -0.7351885437965393, 0.0]",1.7917587757110596,5.9999918937683105,"[0.1665579378604889, 0.16633357107639313, 0.1669388860464096, 0.1666228473186493, 0.1666666567325592, 0.1668800711631775]",0.27587804198265076,,0.0
interference_hidden_confounding,20200002,network_interference,0,1,2.061153470123145e-09,0.9991186261177063,0.4388921558856964,0.006692850962281227,-1.217007739029441e-08,0.17233261466026306,0.17233259975910187,interaction,"[0.22438915073871613, 0.15484018623828888, 0.10726562142372131, 0.23032429814338684, 0.1473168283700943, 0.13586391508579254]","[0.15960335731506348, 0.2837027609348297, 0.40231555700302124, 0.1691369116306305, 0.07113781571388245, 0.0]",1.7917587757110596,5.9999918937683105,"[0.16655777394771576, 0.1663336157798767, 0.16693906486034393, 0.1666230708360672, 0.16666670143604279, 0.16687971353530884]",0.32263073325157166,,0.0
interference_hidden_confounding,20200003,network_interference,0,1,2.061153470123145e-09,0.9991210103034973,0.37478476762771606,0.006692850962281227,-1.2312078467857646e-08,-0.1948387622833252,-0.1948387771844864,linear,"[0.21982982754707336, 0.15507785975933075, 0.12772272527217865, 0.20645692944526672, 0.15196232497692108, 0.1389503926038742]","[-0.35180070996284485, -0.37298446893692017, 0.11653193831443787, -0.31974589824676514, -0.05613799765706062, 0.0]",1.7917587757110596,5.999990940093994,"[0.1665579229593277, 0.16633309423923492, 0.16693878173828125, 0.1666225790977478, 0.16666656732559204, 0.16688109934329987]",0.27778130769729614,,0.0
interference_hidden_confounding,20200004,network_interference,0,1,2.061153470123145e-09,0.9991223216056824,0.46189457178115845,0.006692850962281227,0.0,0.21094126999378204,0.21094126999378204,interaction,"[0.22549135982990265, 0.15745754539966583, 0.10307437926530838, 0.23231282830238342, 0.14176784455776215, 0.13989603519439697]","[0.3617415428161621, 0.21031415462493896, 0.13476763665676117, 0.357999712228775, -0.005663264077156782, 0.0]",1.7917587757110596,5.999990940093994,"[0.1665583848953247, 0.16633340716362, 0.16693884134292603, 0.16662220656871796, 0.16666632890701294, 0.16688084602355957]",0.3198072612285614,,0.0
interference_hidden_confounding,20200005,network_interference,0,1,2.061153470123145e-09,0.9991095662117004,0.34351927042007446,0.006692850962281227,0.0,-0.3477470278739929,-0.3477470278739929,interaction,"[0.21430432796478271, 0.15183588862419128, 0.12096185982227325, 0.21529018878936768, 0.1426176130771637, 0.15499015152454376]","[-0.41610756516456604, -0.4919385015964508, -0.28453850746154785, -0.3795686364173889, -0.4750024378299713, 0.0]",1.79175865650177,5.999991416931152,"[0.16655971109867096, 0.16633401811122894, 0.1669389009475708, 0.16662150621414185, 0.16666552424430847, 0.16688032448291779]",0.2754867970943451,,0.0
interference_hidden_confounding,20200006,network_interference,0,1,2.061153470123145e-09,0.9989922642707825,0.5087588429450989,0.006692850962281227,0.0,0.5308167338371277,0.5308167338371277,linear,"[0.23341114819049835, 0.15159036219120026, 0.13997109234333038, 0.2215481698513031, 0.1486651599407196, 0.10481403023004532]","[0.4305833876132965, 0.23986589908599854, 1.3494699001312256, 0.40386757254600525, 0.7775160074234009, 0.0]",1.7917587757110596,5.999991416931152,"[0.16655829548835754, 0.16633322834968567, 0.1669388860464096, 0.16662226617336273, 0.16666634380817413, 0.1668809950351715]",0.3578950762748718,,0.0
interference_hidden_confounding,20200007,network_interference,0,1,2.061153470123145e-09,0.9991087317466736,0.38523441553115845,0.006692850962281227,-1.2023362749857824e-08,-0.1529267579317093,-0.15292677283287048,interaction,"[0.20824845135211945, 0.1307007521390915, 0.11889956891536713, 0.22466567158699036, 0.15979307889938354, 0.15769249200820923]","[-0.24979323148727417, -0.1720169484615326, -0.3814752697944641, -0.25758621096611023, 0.15521982312202454, 0.0]",1.79175865650177,5.999990940093994,"[0.1665581315755844, 0.16633333265781403, 0.16693885624408722, 0.16662250459194183, 0.16666649281978607, 0.16688071191310883]",0.2853616774082184,,0.0
interference_hidden_confounding,20200008,network_interference,0,1,2.061153470123145e-09,0.9990668892860413,0.31217634677886963,0.006692850962281227,-4.9985121819418055e-08,-0.5087602138519287,-0.5087602734565735,interaction,"[0.21026824414730072, 0.1404382288455963, 0.13230551779270172, 0.21258121728897095, 0.1478682905435562, 0.15653850138187408]","[-0.7457610368728638, -0.732086181640625, -0.25174736976623535, -0.7472647428512573, -0.38531211018562317, 0.0]",1.7917587757110596,5.999990940093994,"[0.16655781865119934, 0.16633343696594238, 0.1669388860464096, 0.16662277281284332, 0.16666662693023682, 0.16688048839569092]",0.2736116945743561,,0.0
interference_hidden_confounding,20200009,network_interference,0,1,2.061153470123145e-09,0.9990329742431641,0.5063478350639343,0.006692850962281227,0.0,0.35485324263572693,0.35485324263572693,interaction,"[0.2253355234861374, 0.14077146351337433, 0.12330431491136551, 0.2280375063419342, 0.15864816308021545, 0.12390296906232834]","[0.29064658284187317, 0.27102071046829224, 0.541898787021637, 0.3509123921394348, 0.6578621864318848, 0.0]",1.7917587757110596,5.999990940093994,"[0.16655677556991577, 0.1663326621055603, 0.16693903505802155, 0.16662362217903137, 0.1666671484708786, 0.1668807864189148]",0.3420347273349762,,0.0
interference_hidden_confounding,20200010,network_interference,0,1,2.061153470123145e-09,0.9989890456199646,0.5136029124259949,0.006692850962281227,0.0,0.4016992449760437,0.4016992449760437,interaction,"[0.21398434042930603, 0.10712489485740662, 0.10982020199298859, 0.25448548793792725, 0.1670442521572113, 0.14754082262516022]","[0.42777204513549805, 0.513104259967804, -0.1801418513059616, 0.41101497411727905, 1.0199835300445557, 0.0]",1.7917587757110596,5.999991416931152,"[0.16655868291854858, 0.16633367538452148, 0.1669388711452484, 0.1666221171617508, 0.16666613519191742, 0.1668805032968521]",0.3487561047077179,,0.0
interference_hidden_confounding,20200011,network_interference,0,1,2.061153470123145e-09,0.9990978240966797,0.38088783621788025,0.006692850962281227,-1.047795183950484e-08,-0.1553822010755539,-0.1553822159767151,interaction,"[0.21156944334506989, 0.14749787747859955, 0.09525787830352783, 0.23393265902996063, 0.13656684756278992, 0.17517532408237457]","[-0.049868542701005936, 0.0024303540121763945, -0.7297849655151367, -0.0003979982575401664, -0.5534223318099976, 0.0]",1.7917587757110596,5.999990940093994,"[0.16655783355236053, 0.16633301973342896, 0.16693894565105438, 0.16662265360355377, 0.16666658222675323, 0.16688098013401031]",0.2932296097278595,,0.0
interference_hidden_confounding,20200012,network_interference,0,1,2.061153470123145e-09,0.9991556406021118,0.38510361313819885,0.006692850962281227,0.0,-0.1447237730026245,-0.1447237730026245,linear,"[0.22584551572799683, 0.16772472858428955, 0.12746678292751312, 0.20685464143753052, 0.14429065585136414, 0.12781769037246704]","[-0.22523777186870575, -0.3144358992576599, 0.1596217006444931, -0.18753080070018768, -0.15712040662765503, 0.0]",1.7917587757110596,5.999990940093994,"[0.16655759513378143, 0.16633278131484985, 0.1669389307498932, 0.16662293672561646, 0.16666655242443085, 0.1668812334537506]",0.2850421369075775,,0.0
interference_hidden_confounding,20200013,network_interference,0,1,2.061153470123145e-09,0.9991275668144226,0.4423222541809082,0.006692850962281227,0.0,0.16994339227676392,0.16994339227676392,interaction,"[0.22777625918388367, 0.16008329391479492, 0.10386514663696289, 0.23113399744033813, 0.14133776724338531, 0.13580350577831268]","[0.22346629202365875, 0.25412607192993164, 0.3023759126663208, 0.24007998406887054, -0.06038886308670044, 0.0]",1.7917587757110596,5.999990940093994,"[0.16655829548835754, 0.16633352637290955, 0.16693896055221558, 0.16662268340587616, 0.16666638851165771, 0.16688014566898346]",0.3249885141849518,,0.0
interference_hidden_confounding,20200014,network_interference,0,1,2.061153470123145e-09,0.9991239905357361,0.3471231758594513,0.006692850962281227,0.0,-0.277302622795105,-0.277302622795105,interaction,"[0.21478518843650818, 0.15046551823616028, 0.11316416412591934, 0.2252988964319229, 0.14190669357776642, 0.15437956154346466]","[-0.27840062975883484, -0.21597768366336823, -0.4553874135017395, -0.2976880669593811, -0.46796080470085144, 0.0]",1.7917587757110596,5.999990940093994,"[0.16655920445919037, 0.16633346676826477, 0.1669388860464096, 0.16662155091762543, 0.16666562855243683, 0.16688129305839539]",0.2832823395729065,,0.0
interference_hidden_confounding,20200015,network_interference,0,1,2.061153470123145e-09,0.9990754127502441,0.3598155081272125,0.006692850962281227,0.0,-0.3044545650482178,-0.3044545650482178,interaction,"[0.20307131111621857, 0.13461987674236298, 0.09858132153749466, 0.239887073636055, 0.13909564912319183, 0.18474477529525757]","[-0.17875562608242035, -0.07430537045001984, -1.2448354959487915, -0.19092369079589844, -0.6444039940834045, 0.0]",1.7917587757110596,5.9999918937683105,"[0.16655771434307098, 0.16633321344852448, 0.1669389307498932, 0.16662287712097168, 0.1666666567325592, 0.16688059270381927]",0.2901935577392578,,0.0
interference_hidden_confounding,20200016,network_interference,0,1,2.061153470123145e-09,0.9991047978401184,0.3353234827518463,0.006692850962281227,-2.238267704512964e-08,-0.36742597818374634,-0.3674260079860687,interaction,"[0.21125784516334534, 0.1499963402748108, 0.11967813968658447, 0.21740859746932983, 0.14241398870944977, 0.15924499928951263]","[-0.40638184547424316, -0.46721968054771423, -0.4845721423625946, -0.3680160641670227, -0.5160368084907532, 0.0]",1.7917587757110596,5.999990940093994,"[0.16655950248241425, 0.16633374989032745, 0.16693878173828125, 0.1666213721036911, 0.16666559875011444, 0.1668810397386551]",0.27538493275642395,,0.0
interference_hidden_confounding,20200017,network_interference,0,1,2.061153470123145e-09,0.9991527795791626,0.37995827198028564,0.006692850962281227,1.0258464300250125e-08,-0.08634845912456512,-0.08634845167398453,interaction,"[0.2122584730386734, 0.14507724344730377, 0.09743086248636246, 0.24198289215564728, 0.14117072522640228, 0.16207976639270782]","[0.015878867357969284, 0.13109686970710754, -0.35667353868484497, -0.08665283769369125, -0.37556329369544983, 0.0]",1.79175865650177,5.9999918937683105,"[0.166560098528862, 0.16633431613445282, 0.16693878173828125, 0.16662101447582245, 0.16666540503501892, 0.16688033938407898]",0.2978869676589966,,0.0
interference_hidden_confounding,20200018,network_interference,0,1,2.061153470123145e-09,0.9990918636322021,0.3230040371417999,0.006692850962281227,0.0,-0.5934191942214966,-0.5934191942214966,interaction,"[0.2112385779619217, 0.1497136652469635, 0.12824027240276337, 0.21162955462932587, 0.14773015677928925, 0.15144775807857513]","[-0.7272749543190002, -0.6905695199966431, -0.7578157186508179, -0.7279685735702515, -0.5764621496200562, 0.0]",1.7917587757110596,5.9999918937683105,"[0.16655807197093964, 0.1663331240415573, 0.16693878173828125, 0.16662238538265228, 0.16666637361049652, 0.1668812334537506]",0.2715749442577362,,0.0
interference_hidden_confounding,20200019,network_interference,0,1,2.061153470123145e-09,0.9990517497062683,0.29218441247940063,0.006692850962281227,4.676953935245365e-08,-0.7030251622200012,-0.7030251026153564,linear,"[0.2151731550693512, 0.16031984984874725, 0.13036249577999115, 0.21000492572784424, 0.13454732298851013, 0.14959226548671722]","[-0.7848884463310242, -0.853962242603302, -0.5821757912635803, -0.8171138167381287, -1.1129121780395508, 0.0]",1.79175865650177,5.9999918937683105,"[0.1665583699941635, 0.16633334755897522, 0.1669388711452484, 0.1666223406791687, 0.16666607558727264, 0.16688098013401031]",0.2717960774898529,,0.0
interference_hidden_confounding,20200020,network_interference,0,1,2.061153470123145e-09,0.998988687992096,0.28326261043548584,0.006692850962281227,0.0,-0.9068351984024048,-0.9068351984024048,interaction,"[0.20377400517463684, 0.14518322050571442, 0.13028258085250854, 0.22125856578350067, 0.13507935404777527, 0.16442228853702545]","[-0.9680041670799255, -0.9518585801124573, -1.3670024871826172, -0.9769614338874817, -1.3112990856170654, 0.0]",1.7917588949203491,5.999991416931152,"[0.1665581911802292, 0.1663334220647812, 0.1669389307498932, 0.16662251949310303, 0.1666664481163025, 0.1668805032968521]",0.2794170081615448,,0.0
interference_hidden_confounding,20200021,network_interference,0,1,2.061153470123145e-09,0.9991421699523926,0.45635709166526794,0.006692850962281227,-2.324480163906628e-08,0.24079610407352448,0.24079608917236328,interaction,"[0.22377796471118927, 0.15369415283203125, 0.09985983371734619, 0.24332211911678314, 0.14365875720977783, 0.1356871873140335]","[0.37045034766197205, 0.3802647888660431, 0.24621859192848206, 0.3085256516933441, -0.0014301922637969255, 0.0]",1.79175865650177,5.9999918937683105,"[0.1665598303079605, 0.16633401811122894, 0.16693885624408722, 0.16662125289440155, 0.16666533052921295, 0.16688063740730286]",0.335213840007782,,0.0
interference_hidden_confounding,20200022,network_interference,0,1,2.061153470123145e-09,0.9989257454872131,0.5431011319160461,0.006692850962281227,4.566118860793722e-08,0.7260667681694031,0.7260668277740479,interaction,"[0.23029369115829468, 0.14146500825881958, 0.1310637891292572, 0.23737379908561707, 0.15425467491149902, 0.10554894059896469]","[0.6636205315589905, 0.6225400567054749, 1.2594400644302368, 0.6807579398155212, 1.027589201927185, 0.0]",1.7917587757110596,5.999990940093994,"[0.1665586233139038, 0.1663333922624588, 0.16693876683712006, 0.1666218787431717, 0.166666179895401, 0.16688118875026703]",0.39219042658805847,,0.0
interference_hidden_confounding,20200023,network_interference,0,1,2.061153470123145e-09,0.9990777969360352,0.4711764454841614,0.006692850962281227,0.0,0.2959003746509552,0.2959003746509552,interaction,"[0.2262338101863861, 0.15042829513549805, 0.0963423103094101, 0.2414248287677765, 0.14317560195922852, 0.14239518344402313]","[0.3713473081588745, 0.4949056804180145, 0.2858361005783081, 0.41013482213020325, 0.0760352611541748, 0.0]",1.7917587757110596,5.999991416931152,"[0.16655759513378143, 0.1663333773612976, 0.166938915848732, 0.16662302613258362, 0.1666668802499771, 0.16688022017478943]",0.3445262610912323,,0.0
interference_hidden_confounding,20200024,network_interference,0,1,2.061153470123145e-09,0.9990881681442261,0.3492163419723511,0.006692850962281227,2.363235829250243e-08,-0.34300297498703003,-0.34300294518470764,linear,"[0.22528989613056183, 0.16235122084617615, 0.13788601756095886, 0.19379329681396484, 0.14938081800937653, 0.13129881024360657]","[-0.6370082497596741, -0.5683592557907104, 0.020110290497541428, -0.44951486587524414, -0.15314967930316925, 0.0]",1.7917585372924805,5.9999918937683105,"[0.16655994951725006, 0.16633400321006775, 0.1669386923313141, 0.16662079095840454, 0.16666540503501892, 0.16688108444213867]",0.2764585614204407,,0.0
interference_hidden_confounding,20200025,network_interference,0,1,2.061153470123145e-09,0.9991415739059448,0.3613121509552002,0.006692850962281227,0.0,-0.2528426945209503,-0.2528426945209503,linear,"[0.2239077240228653, 0.1583225131034851, 0.13468234241008759, 0.20474371314048767, 0.1481466442346573, 0.13019710779190063]","[-0.37172603607177734, -0.43872448801994324, -0.04703701287508011, -0.3565657138824463, -0.1404741257429123, 0.0]",1.7917587757110596,5.9999918937683105,"[0.1665596216917038, 0.1663336455821991, 0.16693879663944244, 0.1666211634874344, 0.1666654795408249, 0.166881263256073]",0.27626481652259827,,0.0
interference_hidden_confounding,20200026,network_interference,0,1,2.061153470123145e-09,0.9990358352661133,0.3127082288265228,0.006692850962281227,0.0,-0.69162917137146,-0.69162917137146,interaction,"[0.20660065114498138, 0.14487294852733612, 0.11932294815778732, 0.2201385349035263, 0.14093810319900513, 0.16812670230865479]","[-0.7715542912483215, -0.6755872964859009, -1.207127332687378, -0.7080445885658264, -0.9539317488670349, 0.0]",1.7917587757110596,5.999990940093994,"[0.16655750572681427, 0.16633306443691254, 0.1669388860464096, 0.1666231006383896, 0.16666680574417114, 0.16688066720962524]",0.2768044173717499,,0.0
interference_hidden_confounding,20200027,network_interference,0,1,2.061153470123145e-09,0.9991244673728943,0.4626442492008209,0.006692850962281227,0.0,0.17745241522789001,0.17745241522789001,interaction,"[0.21879512071609497, 0.1404326856136322, 0.10079577565193176, 0.24449163675308228, 0.15009137988090515, 0.14539334177970886]","[0.27113065123558044, 0.3212682008743286, -0.15045800805091858, 0.2640721797943115, 0.15734341740608215, 0.0]",1.7917587757110596,5.999991416931152,"[0.166559100151062, 0.16633395850658417, 0.16693885624408722, 0.16662172973155975, 0.16666583716869354, 0.1668805330991745]",0.3261220455169678,,0.0
interference_hidden_confounding,20200028,network_interference,0,1,2.061153470123145e-09,0.9991196990013123,0.3451661169528961,0.006692850962281227,-2.5840313000458082e-08,-0.37762051820755005,-0.37762054800987244,interaction,"[0.2147938311100006, 0.15504992008209229, 0.11236876249313354, 0.22093668580055237, 0.13860714435577393, 0.15824367105960846]","[-0.32627907395362854, -0.3741120398044586, -0.6452305316925049, -0.3468764126300812, -0.7242790460586548, 0.0]",1.7917587757110596,5.999990940093994,"[0.16655850410461426, 0.16633369028568268, 0.16693902015686035, 0.1666226089000702, 0.16666623950004578, 0.16687998175621033]",0.27713364362716675,,0.0
interference_hidden_confounding,20200029,network_interference,0,1,2.061153470123145e-09,0.9991470575332642,0.3899015188217163,0.006692850962281227,0.0,-0.06711005419492722,-0.06711005419492722,interaction,"[0.2202659249305725, 0.15728759765625, 0.10210990905761719, 0.2299671620130539, 0.1387435793876648, 0.1516258418560028]","[0.013193640857934952, 0.059879887849092484, -0.13589416444301605, -0.022342104464769363, -0.4354827404022217, 0.0]",1.79175865650177,5.999990940093994,"[0.16655795276165009, 0.16633330285549164, 0.1669388860464096, 0.16662245988845825, 0.16666652262210846, 0.16688087582588196]",0.297210693359375,,0.0
