scenario,seed,task,method,truth,estimate,latent_estimate,answered,correct,split_truth,split_predicted,absolute_error,lower,upper,covered
ate_linear,20000000,static_ate,CWFM-Direct,0.29129559334550326,0.7536787390708923,0.7536787390708923,True,,,,0.4623831457253891,0.5692478062212467,0.938109671920538,0.0
ate_linear,20000000,static_ate,CWFM-Calibrated,0.29129559334550326,0.6382389749923714,0.6382389749923714,True,,,,0.3469433816468681,-0.041104355780515967,1.3175823057652587,1.0
ate_linear,20000000,static_ate,Linear g-computation,0.29129559334550326,0.620154857635498,0.620154857635498,True,,,,0.3288592642899948,0.332401137981797,0.907908577289199,0.0
ate_linear,20000000,static_ate,Random forest g-computation,0.29129559334550326,0.013244068076457815,0.013244068076457815,True,,,,0.2780515252690454,-0.869839300362467,0.8963274365153827,1.0
ate_linear,20000000,static_ate,AIPW,0.29129559334550326,0.391740337662539,0.391740337662539,True,,,,0.10044474431703576,0.0050432537918508324,0.7784374215332273,1.0
ate_linear,20000001,static_ate,CWFM-Direct,-0.31096785916828606,0.30313363671302795,0.30313363671302795,True,,,,0.614101495881314,-1.0458721470832826,1.6521394205093385,1.0
ate_linear,20000001,static_ate,CWFM-Calibrated,-0.31096785916828606,-0.029460090639416375,-0.029460090639416375,True,,,,0.2815077685288697,-0.7088034214123037,0.649883240133471,1.0
ate_linear,20000001,static_ate,Linear g-computation,-0.31096785916828606,-0.4596172571182251,-0.4596172571182251,True,,,,0.14864939794993903,-0.7473709767719261,-0.17186353746452404,1.0
ate_linear,20000001,static_ate,Random forest g-computation,-0.31096785916828606,-0.005328356005002745,-0.005328356005002745,True,,,,0.3056395031632833,-0.8884117244439276,0.8777550124339222,1.0
ate_linear,20000001,static_ate,AIPW,-0.31096785916828606,-0.23439321137644945,-0.23439321137644945,True,,,,0.07657464779183662,-0.6210902952471377,0.15230387249423874,1.0
ate_linear,20000002,static_ate,CWFM-Direct,0.05964699132592344,0.57309889793396,0.57309889793396,True,,,,0.5134519066080365,-0.4277433973550797,1.5739411932229996,1.0
ate_linear,20000002,static_ate,CWFM-Calibrated,0.05964699132592344,0.3871174520764151,0.3871174520764151,True,,,,0.3274704607504917,-0.2922258786964722,1.0664607828493025,1.0
ate_linear,20000002,static_ate,Linear g-computation,0.05964699132592344,0.1503475457429886,0.1503475457429886,True,,,,0.09070055441706515,-0.13740617391071247,0.43810126539668964,1.0
ate_linear,20000002,static_ate,Random forest g-computation,0.05964699132592344,0.03961241889952794,0.03961241889952794,True,,,,0.020034572426395496,-0.8434709495393969,0.9226957873384528,1.0
ate_linear,20000002,static_ate,AIPW,0.05964699132592344,0.26828735949385113,0.26828735949385113,True,,,,0.2086403681679277,-0.11840972437683706,0.6549844433645393,1.0
ate_linear,20000003,static_ate,CWFM-Direct,-1.3133856925809904,-0.20945806801319122,-0.20945806801319122,True,,,,1.1039276245677991,-1.3810530281066895,0.9621368920803071,1.0
ate_linear,20000003,static_ate,CWFM-Calibrated,-1.3133856925809904,-0.6451907360145801,-0.6451907360145801,True,,,,0.6681949565664103,-1.3245340667874674,0.03415259475830723,1.0
ate_linear,20000003,static_ate,Linear g-computation,-1.3133856925809904,-1.2085541486740112,-1.2085541486740112,True,,,,0.10483154390697913,-1.4963078683277122,-0.9208004290203102,1.0
ate_linear,20000003,static_ate,Random forest g-computation,-1.3133856925809904,-0.4465536733819564,-0.4465536733819564,True,,,,0.866832019199034,-1.3296370418208814,0.4365296950569685,1.0
ate_linear,20000003,static_ate,AIPW,-1.3133856925809904,-0.9151196425393607,-0.9151196425393607,True,,,,0.3982660500416296,-1.3018167264100489,-0.5284225586686726,0.0
ate_linear,20000004,static_ate,CWFM-Direct,1.16935636040009,1.1199198961257935,1.1199198961257935,True,,,,0.0494364642742966,1.112028749973979,1.127811042277608,0.0
ate_linear,20000004,static_ate,CWFM-Calibrated,1.16935636040009,1.119854254180396,1.119854254180396,True,,,,0.049502106219694086,0.44051092340750864,1.7991975849532833,1.0
ate_linear,20000004,static_ate,Linear g-computation,1.16935636040009,1.1857514381408691,1.1857514381408691,True,,,,0.016395077740779085,0.8979977184871681,1.4735051577945701,1.0
ate_linear,20000004,static_ate,Random forest g-computation,1.16935636040009,0.49068494756183934,0.49068494756183934,True,,,,0.6786714128382507,-0.39239842087708554,1.3737683160007643,1.0
ate_linear,20000004,static_ate,AIPW,1.16935636040009,1.0315977051317782,1.0315977051317782,True,,,,0.13775865526831188,0.6449006212610899,1.4182947890024664,1.0
ate_linear,20000005,static_ate,CWFM-Direct,-0.7662616301931423,0.13904614746570587,0.13904614746570587,True,,,,0.9053077776588482,-0.9727488270401954,1.2508411219716071,1.0
ate_linear,20000005,static_ate,CWFM-Calibrated,-0.7662616301931423,-0.2523315647031798,-0.2523315647031798,True,,,,0.5139300654899626,-0.9316748954760672,0.42701176606970753,1.0
ate_linear,20000005,static_ate,Linear g-computation,-0.7662616301931423,-0.7303480505943298,-0.7303480505943298,True,,,,0.03591357959881247,-1.0181017702480308,-0.4425943309406288,1.0
ate_linear,20000005,static_ate,Random forest g-computation,-0.7662616301931423,-0.1012187684337316,-0.1012187684337316,True,,,,0.6650428617594107,-0.9843021368726564,0.7818646000051933,1.0
ate_linear,20000005,static_ate,AIPW,-0.7662616301931423,-0.5287879495820342,-0.5287879495820342,True,,,,0.23747368061110807,-0.9154850334527225,-0.14209086571134605,1.0
ate_linear,20000006,static_ate,CWFM-Direct,-0.5449120220191831,0.5747979879379272,0.5747979879379272,True,,,,1.1197100099571102,-0.9937493735551834,2.143345349431038,1.0
ate_linear,20000006,static_ate,CWFM-Calibrated,-0.5449120220191831,0.20176931100345535,0.20176931100345535,True,,,,0.7466813330226385,-0.477574019769432,0.8811126417763426,0.0
ate_linear,20000006,static_ate,Linear g-computation,-0.5449120220191831,-0.24865208566188812,-0.24865208566188812,True,,,,0.296259936357295,-0.5364058053155891,0.039101633991812934,0.0
ate_linear,20000006,static_ate,Random forest g-computation,-0.5449120220191831,-0.024791554510131004,-0.024791554510131004,True,,,,0.520120467509052,-0.9078749229490559,0.8582918139287938,1.0
ate_linear,20000006,static_ate,AIPW,-0.5449120220191831,-0.06710868099771437,-0.06710868099771437,True,,,,0.4778033410214687,-0.4538057648684026,0.3195884028729738,0.0
ate_linear,20000007,static_ate,CWFM-Direct,-1.2480458109199863,-0.06755224615335464,-0.06755224615335464,True,,,,1.1804935647666317,-1.25972841411829,1.1246239218115808,1.0
ate_linear,20000007,static_ate,CWFM-Calibrated,-1.2480458109199863,-0.6255525675854381,-0.6255525675854381,True,,,,0.6224932433345483,-1.3048958983583254,0.05379076318744924,1.0
ate_linear,20000007,static_ate,Linear g-computation,-1.2480458109199863,-1.2430371046066284,-1.2430371046066284,True,,,,0.005008706313357925,-1.5307908242603294,-0.9552833849529274,1.0
ate_linear,20000007,static_ate,Random forest g-computation,-1.2480458109199863,-0.7952501236997188,-0.7952501236997188,True,,,,0.45279568722026753,-1.6783334921386437,0.08783324473920606,1.0
ate_linear,20000007,static_ate,AIPW,-1.2480458109199863,-1.105062684796605,-1.105062684796605,True,,,,0.14298312612338138,-1.4917597686672932,-0.7183656009259167,1.0
ate_linear,20000008,static_ate,CWFM-Direct,-0.7273852167112221,-0.027995774522423744,-0.027995774522423744,True,,,,0.6993894421887984,-1.0833017037063837,1.0273101546615362,1.0
ate_linear,20000008,static_ate,CWFM-Calibrated,-0.7273852167112221,-0.44965915613268453,-0.44965915613268453,True,,,,0.2777260605785376,-1.129002486905572,0.2296841746402028,1.0
ate_linear,20000008,static_ate,Linear g-computation,-0.7273852167112221,-0.9170137643814087,-0.9170137643814087,True,,,,0.18962854767018655,-1.2047674840351097,-0.6292600447277077,1.0
ate_linear,20000008,static_ate,Random forest g-computation,-0.7273852167112221,-0.41733670393532224,-0.41733670393532224,True,,,,0.3100485127758999,-1.3004200723742472,0.46574666450360264,1.0
ate_linear,20000008,static_ate,AIPW,-0.7273852167112221,-0.8111271526737008,-0.8111271526737008,True,,,,0.0837419359624787,-1.197824236544389,-0.42443006880301265,1.0
ate_linear,20000009,static_ate,CWFM-Direct,1.1771525024044343,1.13457453250885,1.13457453250885,True,,,,0.042577969895584156,1.1277823297935539,1.1413667352241463,0.0
ate_linear,20000009,static_ate,CWFM-Calibrated,1.1771525024044343,1.2388940362544658,1.2388940362544658,True,,,,0.06174153385003156,0.5595507054815785,1.9182373670273531,1.0
ate_linear,20000009,static_ate,Linear g-computation,1.1771525024044343,1.455601453781128,1.455601453781128,True,,,,0.2784489513766937,1.167847734127427,1.743355173434829,1.0
ate_linear,20000009,static_ate,Random forest g-computation,1.1771525024044343,0.8270564856292658,0.8270564856292658,True,,,,0.35009601677516844,-0.05602688280965906,1.7101398540681907,1.0
ate_linear,20000009,static_ate,AIPW,1.1771525024044343,1.1937797980493148,1.1937797980493148,True,,,,0.016627295644880524,0.8070827141786265,1.580476881920003,1.0
ate_linear,20000010,static_ate,CWFM-Direct,-1.297732520314866,-0.1927298754453659,-0.1927298754453659,True,,,,1.1050026448695,-1.453299295604229,1.0678395447134972,1.0
ate_linear,20000010,static_ate,CWFM-Calibrated,-1.297732520314866,-0.7823638644025235,-0.7823638644025235,True,,,,0.5153686559123425,-1.4617071951754108,-0.10302053362963615,1.0
ate_linear,20000010,static_ate,Linear g-computation,-1.297732520314866,-1.3367643356323242,-1.3367643356323242,True,,,,0.03903181531745825,-1.6245180552860252,-1.0490106159786232,1.0
ate_linear,20000010,static_ate,Random forest g-computation,-1.297732520314866,-1.320155670512036,-1.320155670512036,True,,,,0.022423150197170116,-2.203239038950961,-0.4370723020731112,1.0
ate_linear,20000010,static_ate,AIPW,-1.297732520314866,-1.4191926762499971,-1.4191926762499971,True,,,,0.12146015593513115,-1.8058897601206854,-1.0324955923793089,1.0
ate_linear,20000011,static_ate,CWFM-Direct,1.0267257185674878,1.0266228914260864,1.0266228914260864,True,,,,0.00010282714140141813,1.018688411929179,1.0345573709229938,1.0
ate_linear,20000011,static_ate,CWFM-Calibrated,1.0267257185674878,1.1210452467975165,1.1210452467975165,True,,,,0.09431952823002865,0.44170191602462916,1.8003885775704038,1.0
ate_linear,20000011,static_ate,Linear g-computation,1.0267257185674878,1.2354518175125122,1.2354518175125122,True,,,,0.20872609894502436,0.9476980978588112,1.5232055371662132,1.0
ate_linear,20000011,static_ate,Random forest g-computation,1.0267257185674878,1.0402945515781095,1.0402945515781095,True,,,,0.013568833010621617,0.15721118313918458,1.9233779200170344,1.0
ate_linear,20000011,static_ate,AIPW,1.0267257185674878,1.1888358238829413,1.1888358238829413,True,,,,0.16211010531545345,0.802138740012253,1.5755329077536295,1.0
ate_linear,20000012,static_ate,CWFM-Direct,1.4897268784677415,0.9808624386787415,0.9808624386787415,True,,,,0.5088644397890001,0.973410477549769,0.988314399807714,0.0
ate_linear,20000012,static_ate,CWFM-Calibrated,1.4897268784677415,1.1088780061299415,1.1088780061299415,True,,,,0.38084887233780007,0.42953467535705414,1.7882213369028288,1.0
ate_linear,20000012,static_ate,Linear g-computation,1.4897268784677415,1.3471380472183228,1.3471380472183228,True,,,,0.1425888312494188,1.0593843275646218,1.6348917668720238,1.0
ate_linear,20000012,static_ate,Random forest g-computation,1.4897268784677415,0.5087462822481904,0.5087462822481904,True,,,,0.9809805962195511,-0.37433708619073447,1.3918296506871153,0.0
ate_linear,20000012,static_ate,AIPW,1.4897268784677415,1.090018521992987,1.090018521992987,True,,,,0.39970835647475456,0.7033214381222987,1.4767156058636752,0.0
ate_linear,20000013,static_ate,CWFM-Direct,1.1242578967527883,0.8426676988601685,0.8426676988601685,True,,,,0.28159019789261985,0.8360129533149302,0.8493224444054067,0.0
ate_linear,20000013,static_ate,CWFM-Calibrated,1.1242578967527883,0.8823794179482527,0.8823794179482527,True,,,,0.2418784788045356,0.20303608717536537,1.56172274872114,1.0
ate_linear,20000013,static_ate,Linear g-computation,1.1242578967527883,0.9922483563423157,0.9922483563423157,True,,,,0.13200954041047264,0.7044946366886147,1.2800020759960167,1.0
ate_linear,20000013,static_ate,Random forest g-computation,1.1242578967527883,0.5779281849422472,0.5779281849422472,True,,,,0.5463297118105411,-0.3051551834966777,1.461011553381172,1.0
ate_linear,20000013,static_ate,AIPW,1.1242578967527883,0.8292328224057766,0.8292328224057766,True,,,,0.29502507434701175,0.4425357385350884,1.2159299062764648,1.0
ate_linear,20000014,static_ate,CWFM-Direct,1.2568556373102167,1.1842290163040161,1.1842290163040161,True,,,,0.07262662100620054,1.1762333568953909,1.1922246757126413,0.0
ate_linear,20000014,static_ate,CWFM-Calibrated,1.2568556373102167,1.2387239649015118,1.2387239649015118,True,,,,0.018131672408704835,0.5593806341286245,1.9180672956743992,1.0
ate_linear,20000014,static_ate,Linear g-computation,1.2568556373102167,1.4456394910812378,1.4456394910812378,True,,,,0.18878385377102114,1.1578857714275368,1.7333932107349388,1.0
ate_linear,20000014,static_ate,Random forest g-computation,1.2568556373102167,0.6890637719705066,0.6890637719705066,True,,,,0.56779186533971,-0.19401959646841827,1.5721471404094314,1.0
ate_linear,20000014,static_ate,AIPW,1.2568556373102167,1.087382468005827,1.087382468005827,True,,,,0.1694731693043896,0.7006853841351388,1.4740795518765153,1.0
ate_linear,20000015,static_ate,CWFM-Direct,0.9641421285392263,1.2748370170593262,1.2748370170593262,True,,,,0.31069488852009985,1.2635960057005287,1.2860780284181237,0.0
ate_linear,20000015,static_ate,CWFM-Calibrated,0.9641421285392263,1.12765194190956,1.12765194190956,True,,,,0.16350981337033377,0.44830861113667275,1.8069952726824474,1.0
ate_linear,20000015,static_ate,Linear g-computation,0.9641421285392263,1.1059833765029907,1.1059833765029907,True,,,,0.1418412479637644,0.8182296568492897,1.3937370961566917,1.0
ate_linear,20000015,static_ate,Random forest g-computation,0.9641421285392263,0.2162201043011218,0.2162201043011218,True,,,,0.7479220242381045,-0.6668632641378031,1.0993034727400466,1.0
ate_linear,20000015,static_ate,AIPW,0.9641421285392263,0.8174287847026225,0.8174287847026225,True,,,,0.14671334383660384,0.4307317008319343,1.2041258685733107,1.0
ate_linear,20000016,static_ate,CWFM-Direct,-0.10488957563439172,0.2651078701019287,0.2651078701019287,True,,,,0.36999744573632043,-0.9766945546865464,1.5069102948904038,1.0
ate_linear,20000016,static_ate,CWFM-Calibrated,-0.10488957563439172,-0.049541627360060625,-0.049541627360060625,True,,,,0.055347948274331094,-0.728884958132948,0.6298017034128267,1.0
ate_linear,20000016,static_ate,Linear g-computation,-0.10488957563439172,-0.39695635437965393,-0.39695635437965393,True,,,,0.2920667787452622,-0.6847100740333549,-0.10920263472595287,0.0
ate_linear,20000016,static_ate,Random forest g-computation,-0.10488957563439172,-0.04048745178948233,-0.04048745178948233,True,,,,0.0644021238449094,-0.9235708202284072,0.8425959166494426,1.0
ate_linear,20000016,static_ate,AIPW,-0.10488957563439172,-0.3210880191655154,-0.3210880191655154,True,,,,0.21619844353112366,-0.7077851030362036,0.0656090647051728,1.0
ate_linear,20000017,static_ate,CWFM-Direct,1.1965007917819879,1.110459804534912,1.110459804534912,True,,,,0.08604098724707576,1.1036822625389322,1.117237346530892,0.0
ate_linear,20000017,static_ate,CWFM-Calibrated,1.1965007917819879,1.2249126801947248,1.2249126801947248,True,,,,0.028411888412736896,0.5455693494218374,1.904256010967612,1.0
ate_linear,20000017,static_ate,Linear g-computation,1.1965007917819879,1.3677177429199219,1.3677177429199219,True,,,,0.171216951137934,1.0799640232662209,1.6554714625736229,1.0
ate_linear,20000017,static_ate,Random forest g-computation,1.1965007917819879,0.9952221142737901,0.9952221142737901,True,,,,0.20127867750819772,0.11213874583486527,1.878305482712715,1.0
ate_linear,20000017,static_ate,AIPW,1.1965007917819879,1.3019455246486042,1.3019455246486042,True,,,,0.10544473286661638,0.915248440777916,1.6886426085192925,1.0
ate_linear,20000018,static_ate,CWFM-Direct,0.9764400862697703,0.7786552309989929,0.7786552309989929,True,,,,0.19778485527077738,0.7721839439915493,0.7851265180064365,0.0
ate_linear,20000018,static_ate,CWFM-Calibrated,0.9764400862697703,0.7692280239178992,0.7692280239178992,True,,,,0.20721206235187106,0.0898846931450119,1.4485713546907866,1.0
ate_linear,20000018,static_ate,Linear g-computation,0.9764400862697703,0.7816690802574158,0.7816690802574158,True,,,,0.19477100601235453,0.4939153606037147,1.0694227999111168,1.0
ate_linear,20000018,static_ate,Random forest g-computation,0.9764400862697703,0.5892384102452778,0.5892384102452778,True,,,,0.3872016760244925,-0.2938449581936471,1.4723217786842027,1.0
ate_linear,20000018,static_ate,AIPW,0.9764400862697703,0.7309587081151147,0.7309587081151147,True,,,,0.24548137815465565,0.34426162424442647,1.1176557919858028,1.0
ate_linear,20000019,static_ate,CWFM-Direct,0.7393593714332791,0.6645030975341797,0.6645030975341797,True,,,,0.07485627389909943,0.229396835565567,1.0996093595027925,1.0
ate_linear,20000019,static_ate,CWFM-Calibrated,0.7393593714332791,0.5917999878564123,0.5917999878564123,True,,,,0.14755938357686682,-0.08754334291647503,1.2711433186292997,1.0
ate_linear,20000019,static_ate,Linear g-computation,0.7393593714332791,0.5322917699813843,0.5322917699813843,True,,,,0.20706760145189484,0.24453805032768322,0.8200454896350853,1.0
ate_linear,20000019,static_ate,Random forest g-computation,0.7393593714332791,0.0664049726552426,0.0664049726552426,True,,,,0.6729543987780365,-0.8166783957836823,0.9494883410941675,1.0
ate_linear,20000019,static_ate,AIPW,0.7393593714332791,0.5016222558345323,0.5016222558345323,True,,,,0.23773711559874677,0.11492517196384416,0.8883193397052205,1.0
ate_linear,20000020,static_ate,CWFM-Direct,-1.3161253312117835,-0.2414121776819229,-0.2414121776819229,True,,,,1.0747131535298606,-1.5188639810681344,1.0360396257042885,1.0
ate_linear,20000020,static_ate,CWFM-Calibrated,-1.3161253312117835,-0.8692409405058641,-0.8692409405058641,True,,,,0.44688439070591945,-1.5485842712787514,-0.18989760973297676,1.0
ate_linear,20000020,static_ate,Linear g-computation,-1.3161253312117835,-1.514695167541504,-1.514695167541504,True,,,,0.19856983632972036,-1.802448887195205,-1.226941447887803,1.0
ate_linear,20000020,static_ate,Random forest g-computation,-1.3161253312117835,-1.4184883720098025,-1.4184883720098025,True,,,,0.10236304079801894,-2.3015717404487273,-0.5354050035708776,1.0
ate_linear,20000020,static_ate,AIPW,-1.3161253312117835,-1.4736697876721057,-1.4736697876721057,True,,,,0.1575444564603221,-1.860366871542794,-1.0869727038014174,1.0
ate_linear,20000021,static_ate,CWFM-Direct,-1.2420045316754693,-0.1500689536333084,-0.1500689536333084,True,,,,1.091935578042161,-1.42816396266222,1.1280260553956032,1.0
ate_linear,20000021,static_ate,CWFM-Calibrated,-1.2420045316754693,-0.7735953336155957,-0.7735953336155957,True,,,,0.4684091980598736,-1.452938664388483,-0.0942520028427084,1.0
ate_linear,20000021,static_ate,Linear g-computation,-1.2420045316754693,-1.391291618347168,-1.391291618347168,True,,,,0.14928708667169865,-1.679045338000869,-1.103537898693467,1.0
ate_linear,20000021,static_ate,Random forest g-computation,-1.2420045316754693,-1.0326709581628581,-1.0326709581628581,True,,,,0.20933357351261117,-1.9157543266017831,-0.14958758972393327,1.0
ate_linear,20000021,static_ate,AIPW,-1.2420045316754693,-1.4048933804662713,-1.4048933804662713,True,,,,0.162888848790802,-1.7915904643369596,-1.018196296595583,1.0
ate_linear,20000022,static_ate,CWFM-Direct,0.35423724982817556,0.6963933706283569,0.6963933706283569,True,,,,0.3421561208001814,0.6905545566580258,0.7022321845986881,0.0
ate_linear,20000022,static_ate,CWFM-Calibrated,0.35423724982817556,0.6635744813815242,0.6635744813815242,True,,,,0.30933723155334863,-0.015768849391363138,1.3429178121544116,1.0
ate_linear,20000022,static_ate,Linear g-computation,0.35423724982817556,0.681830644607544,0.681830644607544,True,,,,0.3275933947793684,0.3940769249538429,0.969584364261245,0.0
ate_linear,20000022,static_ate,Random forest g-computation,0.35423724982817556,0.1950903661915937,0.1950903661915937,True,,,,0.15914688363658186,-0.6879930022473312,1.0781737346305187,1.0
ate_linear,20000022,static_ate,AIPW,0.35423724982817556,0.5634291423241891,0.5634291423241891,True,,,,0.2091918924960135,0.17673205845350087,0.9501262261948773,1.0
ate_linear,20000023,static_ate,CWFM-Direct,1.3030525777244855,1.0512959957122803,1.0512959957122803,True,,,,0.2517565820122052,1.0456056334939785,1.056986357930582,0.0
ate_linear,20000023,static_ate,CWFM-Calibrated,1.3030525777244855,1.1899831551865039,1.1899831551865039,True,,,,0.11306942253798158,0.5106398244136165,1.8693264859593912,1.0
ate_linear,20000023,static_ate,Linear g-computation,1.3030525777244855,1.33564293384552,1.33564293384552,True,,,,0.03259035612103456,1.047889214191819,1.623396653499221,1.0
ate_linear,20000023,static_ate,Random forest g-computation,1.3030525777244855,1.2619061761178274,1.2619061761178274,True,,,,0.041146401606658056,0.37882280767890253,2.1449895445567524,1.0
ate_linear,20000023,static_ate,AIPW,1.3030525777244855,1.3194051462455956,1.3194051462455956,True,,,,0.01635256852111011,0.9327080623749073,1.7061022301162838,1.0
ate_linear,20000024,static_ate,CWFM-Direct,1.0851981449217192,1.0833426713943481,1.0833426713943481,True,,,,0.001855473527371032,1.0769021405675447,1.0897832022211515,1.0
ate_linear,20000024,static_ate,CWFM-Calibrated,1.0851981449217192,1.158464805925545,1.158464805925545,True,,,,0.07326666100382573,0.47912147515265757,1.8378081366984322,1.0
ate_linear,20000024,static_ate,Linear g-computation,1.0851981449217192,1.2873629331588745,1.2873629331588745,True,,,,0.20216478823715534,0.9996092135051735,1.5751166528125755,1.0
ate_linear,20000024,static_ate,Random forest g-computation,1.0851981449217192,0.9880265314060984,0.9880265314060984,True,,,,0.09717161351562076,0.10494316296717354,1.8711098998450233,1.0
ate_linear,20000024,static_ate,AIPW,1.0851981449217192,1.1613409281719609,1.1613409281719609,True,,,,0.07614278325024171,0.7746438443012726,1.5480380120426491,1.0
ate_linear,20000025,static_ate,CWFM-Direct,-0.2607794993263579,0.18448181450366974,0.18448181450366974,True,,,,0.44526131383002765,-0.5206664925813675,0.889630121588707,1.0
ate_linear,20000025,static_ate,CWFM-Calibrated,-0.2607794993263579,-0.01583803853463714,-0.01583803853463714,True,,,,0.24494146079172077,-0.6951813693075245,0.6635052922382502,1.0
ate_linear,20000025,static_ate,Linear g-computation,-0.2607794993263579,-0.2515740692615509,-0.2515740692615509,True,,,,0.009205430064807008,-0.5393277889152519,0.03617965039215015,1.0
ate_linear,20000025,static_ate,Random forest g-computation,-0.2607794993263579,-0.03905089555588174,-0.03905089555588174,True,,,,0.22172860377047618,-0.9221342639948066,0.8440324728830432,1.0
ate_linear,20000025,static_ate,AIPW,-0.2607794993263579,-0.16950793003364995,-0.16950793003364995,True,,,,0.09127156929270797,-0.5562050139043382,0.21718915383703824,1.0
ate_linear,20000026,static_ate,CWFM-Direct,-0.8126217016998396,0.33779746294021606,0.33779746294021606,True,,,,1.1504191646400557,-1.461166554093361,2.136761479973793,1.0
ate_linear,20000026,static_ate,CWFM-Calibrated,-0.8126217016998396,-0.18256603077108802,-0.18256603077108802,True,,,,0.6300556709287516,-0.8619093615439753,0.4967773000017993,1.0
ate_linear,20000026,static_ate,Linear g-computation,-0.8126217016998396,-0.6931312084197998,-0.6931312084197998,True,,,,0.1194904932800398,-0.9808849280735008,-0.40537748876609875,1.0
ate_linear,20000026,static_ate,Random forest g-computation,-0.8126217016998396,-0.013042005995613122,-0.013042005995613122,True,,,,0.7995796957042265,-0.896125374434538,0.8700413624433118,1.0
ate_linear,20000026,static_ate,AIPW,-0.8126217016998396,-0.7159826522164389,-0.7159826522164389,True,,,,0.09663904948340074,-1.102679736087127,-0.3292855683457507,1.0
ate_linear,20000027,static_ate,CWFM-Direct,-0.9474060716686732,0.005645659752190113,0.005645659752190113,True,,,,0.9530517314208633,-1.2650137547776104,1.2763050742819906,1.0
ate_linear,20000027,static_ate,CWFM-Calibrated,-0.9474060716686732,-0.48834069280956705,-0.48834069280956705,True,,,,0.45906537885910614,-1.1676840235824544,0.1910026379633203,1.0
ate_linear,20000027,static_ate,Linear g-computation,-0.9474060716686732,-1.0894004106521606,-1.0894004106521606,True,,,,0.14199433898348746,-1.3771541303058616,-0.8016466909984596,1.0
ate_linear,20000027,static_ate,Random forest g-computation,-0.9474060716686732,-0.27645715248011415,-0.27645715248011415,True,,,,0.670948919188559,-1.159540520919039,0.6066262159588107,1.0
ate_linear,20000027,static_ate,AIPW,-0.9474060716686732,-0.8403341041611053,-0.8403341041611053,True,,,,0.10707196750756787,-1.2270311880317935,-0.45363702029041714,1.0
ate_linear,20000028,static_ate,CWFM-Direct,-1.3460658583644791,-0.057036034762859344,-0.057036034762859344,True,,,,1.2890298236016198,-1.572260471880436,1.4581884023547174,1.0
ate_linear,20000028,static_ate,CWFM-Calibrated,-1.3460658583644791,-0.6043764140260953,-0.6043764140260953,True,,,,0.7416894443383838,-1.2837197447989825,0.07496691674679201,0.0
ate_linear,20000028,static_ate,Linear g-computation,-1.3460658583644791,-1.2473890781402588,-1.2473890781402588,True,,,,0.09867678022422033,-1.5351427977939598,-0.9596353584865578,1.0
ate_linear,20000028,static_ate,Random forest g-computation,-1.3460658583644791,-0.4827493699473299,-0.4827493699473299,True,,,,0.8633164884171491,-1.3658327383862547,0.40033399849159496,1.0
ate_linear,20000028,static_ate,AIPW,-1.3460658583644791,-1.0269666638442918,-1.0269666638442918,True,,,,0.3190991945201873,-1.41366374771498,-0.6402695799736036,1.0
ate_linear,20000029,static_ate,CWFM-Direct,0.6213270083420159,0.6094378232955933,0.6094378232955933,True,,,,0.011889185046422668,-0.16034000247716906,1.3792156490683556,1.0
ate_linear,20000029,static_ate,CWFM-Calibrated,0.6213270083420159,0.44006247042691066,0.44006247042691066,True,,,,0.18126453791510527,-0.23928086034597668,1.119405801199798,1.0
ate_linear,20000029,static_ate,Linear g-computation,0.6213270083420159,0.3243875801563263,0.3243875801563263,True,,,,0.29693942818568964,0.03663386050262524,0.6121412998100273,0.0
ate_linear,20000029,static_ate,Random forest g-computation,0.6213270083420159,0.07097917534286581,0.07097917534286581,True,,,,0.5503478329991501,-0.8121041930960591,0.9540625437817907,1.0
ate_linear,20000029,static_ate,AIPW,0.6213270083420159,0.1993972986745025,0.1993972986745025,True,,,,0.4219297096675134,-0.18729978519618568,0.5860943825451908,0.0
ate_nonlinear,20000000,static_ate,CWFM-Direct,0.28707909754690547,0.7119116187095642,0.7119116187095642,True,,,,0.42483252116265874,-0.2687248027324677,1.6925480401515962,1.0
ate_nonlinear,20000000,static_ate,CWFM-Calibrated,0.28707909754690547,0.4732118647962287,0.4732118647962287,True,,,,0.1861327672493232,-0.20613146597665866,1.152555195569116,1.0
ate_nonlinear,20000000,static_ate,Linear g-computation,0.28707909754690547,0.30276501178741455,0.30276501178741455,True,,,,0.01568591424050908,0.015011292133713494,0.5905187314411156,1.0
ate_nonlinear,20000000,static_ate,Random forest g-computation,0.28707909754690547,0.07358355659094361,0.07358355659094361,True,,,,0.21349554095596185,-0.8094998118479813,0.9566669250298685,1.0
ate_nonlinear,20000000,static_ate,AIPW,0.28707909754690547,0.14270695654593835,0.14270695654593835,True,,,,0.14437214100096712,-0.24399012732474984,0.5294040404166265,1.0
ate_nonlinear,20000001,static_ate,CWFM-Direct,-0.27774182884054444,0.54606693983078,0.54606693983078,True,,,,0.8238087686713245,-0.5491403886675834,1.6412742683291435,1.0
ate_nonlinear,20000001,static_ate,CWFM-Calibrated,-0.27774182884054444,0.3165680542229115,0.3165680542229115,True,,,,0.5943098830634559,-0.3627752765499758,0.9959113849957988,1.0
ate_nonlinear,20000001,static_ate,Linear g-computation,-0.27774182884054444,0.04891667142510414,0.04891667142510414,True,,,,0.3266585002656486,-0.23883704822859692,0.3366703910788052,0.0
ate_nonlinear,20000001,static_ate,Random forest g-computation,-0.27774182884054444,0.030851700573311085,0.030851700573311085,True,,,,0.30859352941385554,-0.8522316678656138,0.913935069012236,1.0
ate_nonlinear,20000001,static_ate,AIPW,-0.27774182884054444,0.1368078979302205,0.1368078979302205,True,,,,0.41454972677076496,-0.2498891859404677,0.5235049818009087,0.0
ate_nonlinear,20000002,static_ate,CWFM-Direct,0.07109538080702306,0.8231213092803955,0.8231213092803955,True,,,,0.7520259284733725,-0.25771694242954246,1.9039595609903335,1.0
ate_nonlinear,20000002,static_ate,CWFM-Calibrated,0.07109538080702306,0.5999917960375691,0.5999917960375691,True,,,,0.5288964152305461,-0.0793515347353182,1.2793351268104565,1.0
ate_nonlinear,20000002,static_ate,Linear g-computation,0.07109538080702306,0.36900269985198975,0.36900269985198975,True,,,,0.2979073190449667,0.08124898019828869,0.6567564195056907,0.0
ate_nonlinear,20000002,static_ate,Random forest g-computation,0.07109538080702306,0.1103144859807474,0.1103144859807474,True,,,,0.039219105173724345,-0.7727688824581774,0.9933978544196723,1.0
ate_nonlinear,20000002,static_ate,AIPW,0.07109538080702306,0.3872352660373058,0.3872352660373058,True,,,,0.31613988523028275,0.0005381821666176068,0.773932349907994,1.0
ate_nonlinear,20000003,static_ate,CWFM-Direct,-1.3129440357004507,0.0715990886092186,0.0715990886092186,True,,,,1.3845431243096693,-1.4304150223731995,1.5736131995916367,1.0
ate_nonlinear,20000003,static_ate,CWFM-Calibrated,-1.3129440357004507,-0.5319193306399946,-0.5319193306399946,True,,,,0.7810247050604561,-1.2112626614128819,0.1474240001328927,0.0
ate_nonlinear,20000003,static_ate,Linear g-computation,-1.3129440357004507,-1.1520403623580933,-1.1520403623580933,True,,,,0.16090367334235745,-1.4397940820117943,-0.8642866427043923,1.0
ate_nonlinear,20000003,static_ate,Random forest g-computation,-1.3129440357004507,-0.5686534707433717,-0.5686534707433717,True,,,,0.744290564957079,-1.4517368391822965,0.3144298976955532,1.0
ate_nonlinear,20000003,static_ate,AIPW,-1.3129440357004507,-1.113868813723406,-1.113868813723406,True,,,,0.19907522197704464,-1.5005658975940943,-0.7271717298527178,1.0
ate_nonlinear,20000004,static_ate,CWFM-Direct,1.1936761092963264,1.0034536123275757,1.0034536123275757,True,,,,0.1902224969687507,0.9950981904030778,1.0118090342520736,0.0
ate_nonlinear,20000004,static_ate,CWFM-Calibrated,1.1936761092963264,1.0413290261304944,1.0413290261304944,True,,,,0.152347083165832,0.36198569535760705,1.7206723569033817,1.0
ate_nonlinear,20000004,static_ate,Linear g-computation,1.1936761092963264,1.1782631874084473,1.1782631874084473,True,,,,0.015412921887879127,0.8905094677547463,1.4660169070621483,1.0
ate_nonlinear,20000004,static_ate,Random forest g-computation,1.1936761092963264,0.27782242094217335,0.27782242094217335,True,,,,0.915853688354153,-0.6052609474967515,1.1609057893810983,0.0
ate_nonlinear,20000004,static_ate,AIPW,1.1936761092963264,0.9471011321468307,0.9471011321468307,True,,,,0.24657497714949572,0.5604040482761425,1.3337982160175188,1.0
ate_nonlinear,20000005,static_ate,CWFM-Direct,-0.788136214826148,0.021686358377337456,0.021686358377337456,True,,,,0.8098225732034855,-1.3825871644169092,1.4259598811715841,1.0
ate_nonlinear,20000005,static_ate,CWFM-Calibrated,-0.788136214826148,-0.41881372956970275,-0.41881372956970275,True,,,,0.3693224852564453,-1.09815706034259,0.2605296012031846,1.0
ate_nonlinear,20000005,static_ate,Linear g-computation,-0.788136214826148,-0.8765163421630859,-0.8765163421630859,True,,,,0.0883801273369379,-1.164270061816787,-0.5887626225093849,1.0
ate_nonlinear,20000005,static_ate,Random forest g-computation,-0.788136214826148,-0.21312672931878454,-0.21312672931878454,True,,,,0.5750094855073635,-1.0962100977577094,0.6699566391201404,1.0
ate_nonlinear,20000005,static_ate,AIPW,-0.788136214826148,-0.8365272560804845,-0.8365272560804845,True,,,,0.048391041254336464,-1.2232243399511726,-0.4498301722097963,1.0
ate_nonlinear,20000006,static_ate,CWFM-Direct,-0.5582332967643752,0.3177848160266876,0.3177848160266876,True,,,,0.8760181127910628,-1.2161275884509086,1.8516972205042839,1.0
ate_nonlinear,20000006,static_ate,CWFM-Calibrated,-0.5582332967643752,-0.06341012160068227,-0.06341012160068227,True,,,,0.4948231751636929,-0.7427534523735696,0.6159332091722051,1.0
ate_nonlinear,20000006,static_ate,Linear g-computation,-0.5582332967643752,-0.6158226728439331,-0.6158226728439331,True,,,,0.05758937607955794,-0.9035763924976341,-0.32806895319023205,1.0
ate_nonlinear,20000006,static_ate,Random forest g-computation,-0.5582332967643752,-0.05266919162578652,-0.05266919162578652,True,,,,0.5055641051385886,-0.9357525600647114,0.8304141768131383,1.0
ate_nonlinear,20000006,static_ate,AIPW,-0.5582332967643752,-0.21445438781653178,-0.21445438781653178,True,,,,0.34377890894784335,-0.6011514716872199,0.1722426960541564,1.0
ate_nonlinear,20000007,static_ate,CWFM-Direct,-1.241046470562962,-0.17500561475753784,-0.17500561475753784,True,,,,1.0660408558054242,-1.515586777329445,1.1655755478143692,1.0
ate_nonlinear,20000007,static_ate,CWFM-Calibrated,-1.241046470562962,-0.7891998224036147,-0.7891998224036147,True,,,,0.4518466481593473,-1.468543153176502,-0.10985649163072742,1.0
ate_nonlinear,20000007,static_ate,Linear g-computation,-1.241046470562962,-1.57289457321167,-1.57289457321167,True,,,,0.3318481026487079,-1.860648292865371,-1.285140853557969,0.0
ate_nonlinear,20000007,static_ate,Random forest g-computation,-1.241046470562962,-0.3440862937181161,-0.3440862937181161,True,,,,0.8969601768448459,-1.227169662157041,0.5389970747208088,0.0
ate_nonlinear,20000007,static_ate,AIPW,-1.241046470562962,-1.1806832765573294,-1.1806832765573294,True,,,,0.060363194005632614,-1.5673803604280176,-0.7939861926866412,1.0
ate_nonlinear,20000008,static_ate,CWFM-Direct,-0.7272725103261343,0.2732624411582947,0.2732624411582947,True,,,,1.000534951484429,-0.8321773478388785,1.378702230155468,1.0
ate_nonlinear,20000008,static_ate,CWFM-Calibrated,-0.7272725103261343,-0.04350642125056575,-0.04350642125056575,True,,,,0.6837660890755686,-0.7228497520234531,0.6358369095223215,0.0
ate_nonlinear,20000008,static_ate,Linear g-computation,-0.7272725103261343,-0.3710576593875885,-0.3710576593875885,True,,,,0.35621485093854577,-0.6588113790412895,-0.08330393973388744,0.0
ate_nonlinear,20000008,static_ate,Random forest g-computation,-0.7272725103261343,-0.08344550766368568,-0.08344550766368568,True,,,,0.6438270026624486,-0.9665288761026105,0.7996378607752392,1.0
ate_nonlinear,20000008,static_ate,AIPW,-0.7272725103261343,-0.34606295522336183,-0.34606295522336183,True,,,,0.38120955510277243,-0.7327600390940501,0.04063412864732635,1.0
ate_nonlinear,20000009,static_ate,CWFM-Direct,1.1854364937968895,1.2792608737945557,1.2792608737945557,True,,,,0.09382437999766613,1.2722956249536947,1.2862261226354166,0.0
ate_nonlinear,20000009,static_ate,CWFM-Calibrated,1.1854364937968895,1.3820259056562827,1.3820259056562827,True,,,,0.19658941185939316,0.7026825748833954,2.06136923642917,1.0
ate_nonlinear,20000009,static_ate,Linear g-computation,1.1854364937968895,1.537401556968689,1.537401556968689,True,,,,0.35196506317179943,1.249647837314988,1.82515527662239,0.0
ate_nonlinear,20000009,static_ate,Random forest g-computation,1.1854364937968895,1.2174461939747534,1.2174461939747534,True,,,,0.032009700177863865,0.3343628255358285,2.100529562413678,1.0
ate_nonlinear,20000009,static_ate,AIPW,1.1854364937968895,1.4151196835700963,1.4151196835700963,True,,,,0.2296831897732068,1.028422599699408,1.8018167674407846,1.0
ate_nonlinear,20000010,static_ate,CWFM-Direct,-1.3075768721788554,0.05720141902565956,0.05720141902565956,True,,,,1.364778291204515,-1.3220922909677029,1.436495129019022,1.0
ate_nonlinear,20000010,static_ate,CWFM-Calibrated,-1.3075768721788554,-0.5566569149185501,-0.5566569149185501,True,,,,0.7509199572603054,-1.2360002456914374,0.12268641585433726,0.0
ate_nonlinear,20000010,static_ate,Linear g-computation,-1.3075768721788554,-1.157541275024414,-1.157541275024414,True,,,,0.15003559715444137,-1.445294994678115,-0.8697875553707131,1.0
ate_nonlinear,20000010,static_ate,Random forest g-computation,-1.3075768721788554,-1.0442531315246055,-1.0442531315246055,True,,,,0.2633237406542499,-1.9273364999635305,-0.16116976308568065,1.0
ate_nonlinear,20000010,static_ate,AIPW,-1.3075768721788554,-1.187894831770704,-1.187894831770704,True,,,,0.11968204040815134,-1.5745919156413923,-0.8011977479000159,1.0
ate_nonlinear,20000011,static_ate,CWFM-Direct,1.006476962792729,1.1272152662277222,1.1272152662277222,True,,,,0.12073830343499314,1.1174224771698937,1.1370080552855506,0.0
ate_nonlinear,20000011,static_ate,CWFM-Calibrated,1.006476962792729,1.1139776025714938,1.1139776025714938,True,,,,0.10750063977876478,0.4346342717986065,1.7933209333443811,1.0
ate_nonlinear,20000011,static_ate,Linear g-computation,1.006476962792729,1.1248021125793457,1.1248021125793457,True,,,,0.11832514978661668,0.8370483929256447,1.4125558322330467,1.0
ate_nonlinear,20000011,static_ate,Random forest g-computation,1.006476962792729,0.3365937516437854,0.3365937516437854,True,,,,0.6698832111489437,-0.5464896167951394,1.2196771200827103,1.0
ate_nonlinear,20000011,static_ate,AIPW,1.006476962792729,1.0687366181198,1.0687366181198,True,,,,0.062259655327070895,0.6820395342491117,1.4554337019904882,1.0
ate_nonlinear,20000012,static_ate,CWFM-Direct,1.5090971533809265,1.3653486967086792,1.3653486967086792,True,,,,0.14374845667224734,1.3556674230308272,1.3750299703865312,0.0
ate_nonlinear,20000012,static_ate,CWFM-Calibrated,1.5090971533809265,1.4372326423720696,1.4372326423720696,True,,,,0.07186451100885693,0.7578893115991823,2.1165759731449567,1.0
ate_nonlinear,20000012,static_ate,Linear g-computation,1.5090971533809265,1.6300380229949951,1.6300380229949951,True,,,,0.12094086961406858,1.3422843033412941,1.9177917426486961,1.0
ate_nonlinear,20000012,static_ate,Random forest g-computation,1.5090971533809265,0.8762593056722663,0.8762593056722663,True,,,,0.6328378477086603,-0.00682406276665859,1.759342674111191,1.0
ate_nonlinear,20000012,static_ate,AIPW,1.5090971533809265,1.3480177006911749,1.3480177006911749,True,,,,0.16107945268975166,0.9613206168204866,1.7347147845618631,1.0
ate_nonlinear,20000013,static_ate,CWFM-Direct,1.1121268716412176,0.898535966873169,0.898535966873169,True,,,,0.21359090476804865,0.8911467375978828,0.9059251961484551,0.0
ate_nonlinear,20000013,static_ate,CWFM-Calibrated,1.1121268716412176,0.8613621210496405,0.8613621210496405,True,,,,0.2507647505915771,0.18201879027675316,1.5407054518225278,1.0
ate_nonlinear,20000013,static_ate,Linear g-computation,1.1121268716412176,0.9491351842880249,0.9491351842880249,True,,,,0.1629916873531927,0.6613814646343239,1.236888903941726,1.0
ate_nonlinear,20000013,static_ate,Random forest g-computation,1.1121268716412176,0.3949942312006585,0.3949942312006585,True,,,,0.7171326404405591,-0.48808913723826636,1.2780775996395835,1.0
ate_nonlinear,20000013,static_ate,AIPW,1.1121268716412176,0.659815480888767,0.659815480888767,True,,,,0.45231139075245064,0.2731183970180788,1.046512564759455,0.0
ate_nonlinear,20000014,static_ate,CWFM-Direct,1.2325716614876139,0.8111207485198975,0.8111207485198975,True,,,,0.4214509129677164,0.8046343756560236,0.8176071213837713,0.0
ate_nonlinear,20000014,static_ate,CWFM-Calibrated,1.2325716614876139,0.8664863587864918,0.8664863587864918,True,,,,0.36608530270112205,0.1871430280136045,1.5458296895593793,1.0
ate_nonlinear,20000014,static_ate,Linear g-computation,1.2325716614876139,0.9864063858985901,0.9864063858985901,True,,,,0.2461652755890238,0.6986526662448891,1.274160105552291,1.0
ate_nonlinear,20000014,static_ate,Random forest g-computation,1.2325716614876139,0.5061607968773137,0.5061607968773137,True,,,,0.7264108646103001,-0.37692257156161113,1.3892441653162386,1.0
ate_nonlinear,20000014,static_ate,AIPW,1.2325716614876139,0.8349598292650132,0.8349598292650132,True,,,,0.39761183222260066,0.44826274539432504,1.2216569131357014,0.0
ate_nonlinear,20000015,static_ate,CWFM-Direct,0.9886543623208995,1.0265002250671387,1.0265002250671387,True,,,,0.037845862746239134,0.30969312936067583,1.7433073207736016,1.0
ate_nonlinear,20000015,static_ate,CWFM-Calibrated,0.9886543623208995,0.8484192709452612,0.8484192709452612,True,,,,0.1402350913756384,0.16907594017237382,1.5277626017181485,1.0
ate_nonlinear,20000015,static_ate,Linear g-computation,0.9886543623208995,0.7444379925727844,0.7444379925727844,True,,,,0.24421636974811511,0.45668427291908337,1.0321917122264854,1.0
ate_nonlinear,20000015,static_ate,Random forest g-computation,0.9886543623208995,0.12462450752861516,0.12462450752861516,True,,,,0.8640298547922843,-0.7584588609103097,1.00770787596754,1.0
ate_nonlinear,20000015,static_ate,AIPW,0.9886543623208995,0.5743949546615824,0.5743949546615824,True,,,,0.4142594076593171,0.18769787079089423,0.9610920385322705,0.0
ate_nonlinear,20000016,static_ate,CWFM-Direct,-0.10301029175897923,0.5037566423416138,0.5037566423416138,True,,,,0.606766934100593,-0.8987589484453202,1.9062722331285478,1.0
ate_nonlinear,20000016,static_ate,CWFM-Calibrated,-0.10301029175897923,0.2109439845584362,0.2109439845584362,True,,,,0.3139542763174154,-0.4683993462144511,0.8902873153313235,1.0
ate_nonlinear,20000016,static_ate,Linear g-computation,-0.10301029175897923,-0.2450079768896103,-0.2450079768896103,True,,,,0.14199768513063105,-0.5327616965433113,0.042745742764090766,1.0
ate_nonlinear,20000016,static_ate,Random forest g-computation,-0.10301029175897923,0.027092049642292063,0.027092049642292063,True,,,,0.1301023414012713,-0.8559913187966328,0.9101754180812169,1.0
ate_nonlinear,20000016,static_ate,AIPW,-0.10301029175897923,0.13190495155085066,0.13190495155085066,True,,,,0.23491524330982988,-0.25479213231983755,0.5186020354215388,1.0
ate_nonlinear,20000017,static_ate,CWFM-Direct,1.1863986533038131,1.1600338220596313,1.1600338220596313,True,,,,0.026364831244181763,1.1525444687809796,1.167523175338283,0.0
ate_nonlinear,20000017,static_ate,CWFM-Calibrated,1.1863986533038131,1.1904091929598422,1.1904091929598422,True,,,,0.004010539656029044,0.5110658621869548,1.8697525237327295,1.0
ate_nonlinear,20000017,static_ate,Linear g-computation,1.1863986533038131,1.2302241325378418,1.2302241325378418,True,,,,0.043825479234028686,0.9424704128841408,1.5179778521915428,1.0
ate_nonlinear,20000017,static_ate,Random forest g-computation,1.1863986533038131,1.070120587967313,1.070120587967313,True,,,,0.11627806533650009,0.18703721952838814,1.953203956406238,1.0
ate_nonlinear,20000017,static_ate,AIPW,1.1863986533038131,1.2084004096951164,1.2084004096951164,True,,,,0.022001756391303307,0.8217033258244282,1.5950974935658047,1.0
ate_nonlinear,20000018,static_ate,CWFM-Direct,1.00520431030359,1.0960050821304321,1.0960050821304321,True,,,,0.09080077182684221,1.0886103750974871,1.103399789163377,0.0
ate_nonlinear,20000018,static_ate,CWFM-Calibrated,1.00520431030359,1.1569781509812405,1.1569781509812405,True,,,,0.15177384067765054,0.47763482020835313,1.8363214817541278,1.0
ate_nonlinear,20000018,static_ate,Linear g-computation,1.00520431030359,1.2401559352874756,1.2401559352874756,True,,,,0.23495162498388567,0.9524022156337746,1.5279096549411766,1.0
ate_nonlinear,20000018,static_ate,Random forest g-computation,1.00520431030359,0.9381417645747337,0.9381417645747337,True,,,,0.06706254572885617,0.055058396135808874,1.8212251330136586,1.0
ate_nonlinear,20000018,static_ate,AIPW,1.00520431030359,1.188709635324744,1.188709635324744,True,,,,0.18350532502115402,0.8020125514540557,1.5754067191954322,1.0
ate_nonlinear,20000019,static_ate,CWFM-Direct,0.7598310379872716,0.527514636516571,0.527514636516571,True,,,,0.23231640147070054,-0.5555468907952308,1.6105761638283729,1.0
ate_nonlinear,20000019,static_ate,CWFM-Calibrated,0.7598310379872716,0.25442945472063994,0.25442945472063994,True,,,,0.5054015832666316,-0.4249138760522474,0.9337727854935273,1.0
ate_nonlinear,20000019,static_ate,Linear g-computation,0.7598310379872716,0.042581383138895035,0.042581383138895035,True,,,,0.7172496548483765,-0.24517233651480602,0.3303351027925961,0.0
ate_nonlinear,20000019,static_ate,Random forest g-computation,0.7598310379872716,0.06508540917620038,0.06508540917620038,True,,,,0.6947456288110712,-0.8179979592627245,0.9481687776151253,1.0
ate_nonlinear,20000019,static_ate,AIPW,0.7598310379872716,-0.0993311631540369,-0.0993311631540369,True,,,,0.8591622011413085,-0.4860282470247251,0.2873659207166513,0.0
ate_nonlinear,20000020,static_ate,CWFM-Direct,-1.2897413146312056,0.08771845698356628,0.08771845698356628,True,,,,1.3774597716147718,-1.5314484041929246,1.7068853181600572,1.0
ate_nonlinear,20000020,static_ate,CWFM-Calibrated,-1.2897413146312056,-0.4494331200807302,-0.4494331200807302,True,,,,0.8403081945504753,-1.1287764508536176,0.2299102106921571,0.0
ate_nonlinear,20000020,static_ate,Linear g-computation,-1.2897413146312056,-1.1321988105773926,-1.1321988105773926,True,,,,0.15754250405381298,-1.4199525302310936,-0.8444450909236916,1.0
ate_nonlinear,20000020,static_ate,Random forest g-computation,-1.2897413146312056,-0.12985471223997194,-0.12985471223997194,True,,,,1.1598866023912335,-1.0129380806788968,0.753228656198953,0.0
ate_nonlinear,20000020,static_ate,AIPW,-1.2897413146312056,-0.7937126816599669,-0.7937126816599669,True,,,,0.49602863297123867,-1.1804097655306551,-0.4070155977892787,0.0
ate_nonlinear,20000021,static_ate,CWFM-Direct,-1.2045506565484054,-0.0942322239279747,-0.0942322239279747,True,,,,1.1103184326204307,-1.3555468213558197,1.1670823734998703,1.0
ate_nonlinear,20000021,static_ate,CWFM-Calibrated,-1.2045506565484054,-0.7819296354243144,-0.7819296354243144,True,,,,0.42262102112409106,-1.4612729661972017,-0.10258630465142704,1.0
ate_nonlinear,20000021,static_ate,Linear g-computation,-1.2045506565484054,-1.4921443462371826,-1.4921443462371826,True,,,,0.2875936896887772,-1.7798980658908836,-1.2043906265834816,1.0
ate_nonlinear,20000021,static_ate,Random forest g-computation,-1.2045506565484054,-1.284391889579602,-1.284391889579602,True,,,,0.07984123303119661,-2.167475258018527,-0.40130852114067717,1.0
ate_nonlinear,20000021,static_ate,AIPW,-1.2045506565484054,-1.4396779831050786,-1.4396779831050786,True,,,,0.23512732655667312,-1.8263750669757668,-1.0529808992343903,1.0
ate_nonlinear,20000022,static_ate,CWFM-Direct,0.3714619640853729,0.47756367921829224,0.47756367921829224,True,,,,0.10610171513291933,-0.27469630360603337,1.2298236620426177,1.0
ate_nonlinear,20000022,static_ate,CWFM-Calibrated,0.3714619640853729,0.3569160831207997,0.3569160831207997,True,,,,0.01454588096457321,-0.32242724765208763,1.0362594138936871,1.0
ate_nonlinear,20000022,static_ate,Linear g-computation,0.3714619640853729,0.17286303639411926,0.17286303639411926,True,,,,0.19859892769125365,-0.1148906832595818,0.4606167560478203,1.0
ate_nonlinear,20000022,static_ate,Random forest g-computation,0.3714619640853729,0.06941559391631591,0.06941559391631591,True,,,,0.302046370169057,-0.813667774522609,0.9524989623552408,1.0
ate_nonlinear,20000022,static_ate,AIPW,0.3714619640853729,0.3193620939306953,0.3193620939306953,True,,,,0.0520998701546776,-0.06733498993999287,0.7060591778013835,1.0
ate_nonlinear,20000023,static_ate,CWFM-Direct,1.2271127555227457,1.1065921783447266,1.1065921783447266,True,,,,0.12052057717801912,1.096663919154089,1.1165204375353641,0.0
ate_nonlinear,20000023,static_ate,CWFM-Calibrated,1.2271127555227457,1.042116722824153,1.042116722824153,True,,,,0.18499603269859266,0.3627733920512657,1.7214600535970404,1.0
ate_nonlinear,20000023,static_ate,Linear g-computation,1.2271127555227457,1.0432517528533936,1.0432517528533936,True,,,,0.18386100266935212,0.7554980331996926,1.3310054725070946,1.0
ate_nonlinear,20000023,static_ate,Random forest g-computation,1.2271127555227457,0.522895470270259,0.522895470270259,True,,,,0.7042172852524867,-0.3601878981686659,1.4059788387091838,1.0
ate_nonlinear,20000023,static_ate,AIPW,1.2271127555227457,0.8906968481427052,0.8906968481427052,True,,,,0.33641590738004046,0.5039997642720171,1.2773939320133934,1.0
ate_nonlinear,20000024,static_ate,CWFM-Direct,1.0942029543785612,1.0334362983703613,1.0334362983703613,True,,,,0.06076665600819986,1.0270250185090117,1.039847578231711,0.0
ate_nonlinear,20000024,static_ate,CWFM-Calibrated,1.0942029543785612,1.1236994776226756,1.1236994776226756,True,,,,0.029496523244114448,0.4443561468497883,1.803042808395563,1.0
ate_nonlinear,20000024,static_ate,Linear g-computation,1.0942029543785612,1.2621796131134033,1.2621796131134033,True,,,,0.16797665873484213,0.9744258934597023,1.5499333327671043,1.0
ate_nonlinear,20000024,static_ate,Random forest g-computation,1.0942029543785612,1.0957778479599767,1.0957778479599767,True,,,,0.001574893581415493,0.2126944795210518,1.9788612163989017,1.0
ate_nonlinear,20000024,static_ate,AIPW,1.0942029543785612,1.1494327413953307,1.1494327413953307,True,,,,0.055229787016769505,0.7627356575246425,1.536129825266019,1.0
ate_nonlinear,20000025,static_ate,CWFM-Direct,-0.26317232310267075,0.03969256952404976,0.03969256952404976,True,,,,0.3028648926267205,-1.0472303487360477,1.1266154877841472,1.0
ate_nonlinear,20000025,static_ate,CWFM-Calibrated,-0.26317232310267075,-0.3121453426928126,-0.3121453426928126,True,,,,0.04897301959014183,-0.9914886734656999,0.36719798808007476,1.0
ate_nonlinear,20000025,static_ate,Linear g-computation,-0.26317232310267075,-0.7393495440483093,-0.7393495440483093,True,,,,0.4761772209456386,-1.0271032637020103,-0.45159582439460827,0.0
ate_nonlinear,20000025,static_ate,Random forest g-computation,-0.26317232310267075,-0.1420237888650772,-0.1420237888650772,True,,,,0.12114853423759356,-1.025107157304002,0.7410595795738477,1.0
ate_nonlinear,20000025,static_ate,AIPW,-0.26317232310267075,-0.5645572525753287,-0.5645572525753287,True,,,,0.301384929472658,-0.9512543364460169,-0.17786016870464055,1.0
ate_nonlinear,20000026,static_ate,CWFM-Direct,-0.8375119465221866,0.30845192074775696,0.30845192074775696,True,,,,1.1459638672699435,-1.8903967702388762,2.50730061173439,1.0
ate_nonlinear,20000026,static_ate,CWFM-Calibrated,-0.8375119465221866,-0.2793102765657748,-0.2793102765657748,True,,,,0.5582016699564119,-0.9586536073386621,0.40003305420711255,1.0
ate_nonlinear,20000026,static_ate,Linear g-computation,-0.8375119465221866,-0.8926441073417664,-0.8926441073417664,True,,,,0.05513216081957972,-1.1803978269954674,-0.6048903876880654,1.0
ate_nonlinear,20000026,static_ate,Random forest g-computation,-0.8375119465221866,-0.10190307110271546,-0.10190307110271546,True,,,,0.7356088754194712,-0.9849864395416403,0.7811802973362094,1.0
ate_nonlinear,20000026,static_ate,AIPW,-0.8375119465221866,-0.8329824354535637,-0.8329824354535637,True,,,,0.004529511068622982,-1.2196795193242518,-0.44628535158287547,1.0
ate_nonlinear,20000027,static_ate,CWFM-Direct,-0.9545105324668137,-0.06968141347169876,-0.06968141347169876,True,,,,0.884829118995115,-1.6391714242100717,1.4998085972666741,1.0
ate_nonlinear,20000027,static_ate,CWFM-Calibrated,-0.9545105324668137,-0.6649455913244211,-0.6649455913244211,True,,,,0.2895649411423926,-1.3442889220973084,0.014397739448466229,1.0
ate_nonlinear,20000027,static_ate,Linear g-computation,-0.9545105324668137,-1.4522432088851929,-1.4522432088851929,True,,,,0.49773267641837915,-1.7399969285388939,-1.1644894892314919,0.0
ate_nonlinear,20000027,static_ate,Random forest g-computation,-0.9545105324668137,-0.31577379305545955,-0.31577379305545955,True,,,,0.6387367394113541,-1.1988571614943844,0.5673095753834654,1.0
ate_nonlinear,20000027,static_ate,AIPW,-0.9545105324668137,-1.0061022999956515,-1.0061022999956515,True,,,,0.05159176752883776,-1.3927993838663397,-0.6194052161249632,1.0
ate_nonlinear,20000028,static_ate,CWFM-Direct,-1.378079670641777,0.21249887347221375,0.21249887347221375,True,,,,1.5905785441139908,-1.7362442058324814,2.161241952776909,1.0
ate_nonlinear,20000028,static_ate,CWFM-Calibrated,-1.378079670641777,-0.4821027087198435,-0.4821027087198435,True,,,,0.8959769619219335,-1.1614460394927308,0.19724062205304382,0.0
ate_nonlinear,20000028,static_ate,Linear g-computation,-1.378079670641777,-1.2116693258285522,-1.2116693258285522,True,,,,0.1664103448132248,-1.4994230454822532,-0.9239156061748512,1.0
ate_nonlinear,20000028,static_ate,Random forest g-computation,-1.378079670641777,-0.3582943389525768,-0.3582943389525768,True,,,,1.0197853316892003,-1.2413777073915018,0.5247890294863481,0.0
ate_nonlinear,20000028,static_ate,AIPW,-1.378079670641777,-1.1312135763860998,-1.1312135763860998,True,,,,0.2468660942556773,-1.517910660256788,-0.7445164925154115,1.0
ate_nonlinear,20000029,static_ate,CWFM-Direct,0.6112727013367222,0.6989436149597168,0.6989436149597168,True,,,,0.08767091362299462,0.15750545918941494,1.2403817707300187,1.0
ate_nonlinear,20000029,static_ate,CWFM-Calibrated,0.6112727013367222,0.5671950740380614,0.5671950740380614,True,,,,0.044077627298660826,-0.11214825673482598,1.2465384048109487,1.0
ate_nonlinear,20000029,static_ate,Linear g-computation,0.6112727013367222,0.455404669046402,0.455404669046402,True,,,,0.1558680322903202,0.16765094939270092,0.743158388700103,1.0
ate_nonlinear,20000029,static_ate,Random forest g-computation,0.6112727013367222,0.07287876101976723,0.07287876101976723,True,,,,0.538393940316955,-0.8102046074191577,0.9559621294586921,1.0
ate_nonlinear,20000029,static_ate,AIPW,0.6112727013367222,0.40894176495635365,0.40894176495635365,True,,,,0.20233093638036853,0.022244681085665463,0.7956388488270418,1.0
ate_randomized,20000000,static_ate,CWFM-Direct,0.29129559334550326,0.5610776543617249,0.5610776543617249,True,,,,0.2697820610162216,-0.615754038989544,1.7379093477129937,1.0
ate_randomized,20000000,static_ate,CWFM-Calibrated,0.29129559334550326,0.3205294246088949,0.3205294246088949,True,,,,0.02923383126339163,-0.35881390616399245,0.9998727553817822,1.0
ate_randomized,20000000,static_ate,Linear g-computation,0.29129559334550326,0.08443865180015564,0.08443865180015564,True,,,,0.20685694154534762,-0.20331506785354542,0.3721923714538567,1.0
ate_randomized,20000000,static_ate,Random forest g-computation,0.29129559334550326,-0.011830235543838517,-0.011830235543838517,True,,,,0.30312582888934175,-0.8949136039827634,0.8712531328950863,1.0
ate_randomized,20000000,static_ate,AIPW,0.29129559334550326,0.04479997605902128,0.04479997605902128,True,,,,0.24649561728648198,-0.34189710781166693,0.43149705992970944,1.0
ate_randomized,20000001,static_ate,CWFM-Direct,-0.31096785916828606,0.371021032333374,0.371021032333374,True,,,,0.6819888915016601,-0.8858608388900757,1.6279029035568238,1.0
ate_randomized,20000001,static_ate,CWFM-Calibrated,-0.31096785916828606,0.040849205823624446,0.040849205823624446,True,,,,0.3518170649919105,-0.6384941249492628,0.7201925365965118,1.0
ate_randomized,20000001,static_ate,Linear g-computation,-0.31096785916828606,-0.2984534800052643,-0.2984534800052643,True,,,,0.012514379163021783,-0.5862071996589653,-0.010699760351563226,1.0
ate_randomized,20000001,static_ate,Random forest g-computation,-0.31096785916828606,-0.013071576000731902,-0.013071576000731902,True,,,,0.2978962831675542,-0.8961549444396568,0.8700117924381929,1.0
ate_randomized,20000001,static_ate,AIPW,-0.31096785916828606,-0.21940977830800226,-0.21940977830800226,True,,,,0.0915580808602838,-0.6061068621786905,0.16728730556268592,1.0
ate_randomized,20000002,static_ate,CWFM-Direct,0.05964699132592344,0.6026774048805237,0.6026774048805237,True,,,,0.5430304135546002,-0.38380032390356067,1.5891551336646081,1.0
ate_randomized,20000002,static_ate,CWFM-Calibrated,0.05964699132592344,0.477168832980753,0.477168832980753,True,,,,0.4175218416548296,-0.2021744977921343,1.1565121637536404,1.0
ate_randomized,20000002,static_ate,Linear g-computation,0.05964699132592344,0.3678642511367798,0.3678642511367798,True,,,,0.30821725981085635,0.08011053148307873,0.6556179707904808,0.0
ate_randomized,20000002,static_ate,Random forest g-computation,0.05964699132592344,0.004450617542547575,0.004450617542547575,True,,,,0.055196373783375864,-0.8786327508963773,0.8875339859814725,1.0
ate_randomized,20000002,static_ate,AIPW,0.05964699132592344,0.22622002125825616,0.22622002125825616,True,,,,0.16657302993233272,-0.16047706261243203,0.6129171051289444,1.0
ate_randomized,20000003,static_ate,CWFM-Direct,-1.3133856925809904,-0.19208304584026337,-0.19208304584026337,True,,,,1.121302646740727,-1.6731325748562813,1.2889664831757546,1.0
ate_randomized,20000003,static_ate,CWFM-Calibrated,-1.3133856925809904,-0.8473675814476213,-0.8473675814476213,True,,,,0.4660181111333691,-1.5267109122205085,-0.16802425067473392,1.0
ate_randomized,20000003,static_ate,Linear g-computation,-1.3133856925809904,-1.526053786277771,-1.526053786277771,True,,,,0.21266809369678064,-1.813807505931472,-1.23830006662407,1.0
ate_randomized,20000003,static_ate,Random forest g-computation,-1.3133856925809904,-0.7034373664255072,-0.7034373664255072,True,,,,0.6099483261554831,-1.5865207348644321,0.17964600201341763,1.0
ate_randomized,20000003,static_ate,AIPW,-1.3133856925809904,-1.3247840899984065,-1.3247840899984065,True,,,,0.011398397417416106,-1.7114811738690947,-0.9380870061277182,1.0
ate_randomized,20000004,static_ate,CWFM-Direct,1.16935636040009,0.9957496523857117,0.9957496523857117,True,,,,0.17360670801437839,0.9876683833845891,1.0038309213868342,0.0
ate_randomized,20000004,static_ate,CWFM-Calibrated,1.16935636040009,1.0315975088709277,1.0315975088709277,True,,,,0.13775885152916234,0.3522541780980404,1.710940839643815,1.0
ate_randomized,20000004,static_ate,Linear g-computation,1.16935636040009,1.069069504737854,1.069069504737854,True,,,,0.10028685566223605,0.781315785084153,1.356823224391555,1.0
ate_randomized,20000004,static_ate,Random forest g-computation,1.16935636040009,0.7987992522177562,0.7987992522177562,True,,,,0.3705571081823339,-0.08428411622116871,1.681882620656681,1.0
ate_randomized,20000004,static_ate,AIPW,1.16935636040009,1.0547644355321524,1.0547644355321524,True,,,,0.11459192486793768,0.6680673516614641,1.4414615194028406,1.0
ate_randomized,20000005,static_ate,CWFM-Direct,-0.7662616301931423,0.06450998783111572,0.06450998783111572,True,,,,0.830771618024258,-1.1942486515641213,1.3232686272263527,1.0
ate_randomized,20000005,static_ate,CWFM-Calibrated,-0.7662616301931423,-0.2842770375675555,-0.2842770375675555,True,,,,0.4819845926255868,-0.9636203683404428,0.3950662932053318,1.0
ate_randomized,20000005,static_ate,Linear g-computation,-0.7662616301931423,-0.6453520059585571,-0.6453520059585571,True,,,,0.12090962423458518,-0.9331057256122581,-0.3575982863048561,1.0
ate_randomized,20000005,static_ate,Random forest g-computation,-0.7662616301931423,-0.0683447512308995,-0.0683447512308995,True,,,,0.6979168789622427,-0.9514281196698244,0.8147386172080253,1.0
ate_randomized,20000005,static_ate,AIPW,-0.7662616301931423,-0.5375532746704169,-0.5375532746704169,True,,,,0.2287083555227254,-0.924250358541105,-0.15085619079972873,1.0
ate_randomized,20000006,static_ate,CWFM-Direct,-0.5449120220191831,0.6087102293968201,0.6087102293968201,True,,,,1.153622251416003,-0.8285495457053185,2.0459700044989586,1.0
ate_randomized,20000006,static_ate,CWFM-Calibrated,-0.5449120220191831,0.3124232297782131,0.3124232297782131,True,,,,0.8573352517973962,-0.36692010099467426,0.9917665605511004,0.0
ate_randomized,20000006,static_ate,Linear g-computation,-0.5449120220191831,0.013542268425226212,0.013542268425226212,True,,,,0.5584542904444093,-0.27421145122847485,0.30129598807892727,0.0
ate_randomized,20000006,static_ate,Random forest g-computation,-0.5449120220191831,0.013830121605113,0.013830121605113,True,,,,0.5587421436242961,-0.8692532468338119,0.8969134900440379,1.0
ate_randomized,20000006,static_ate,AIPW,-0.5449120220191831,0.03657015983266542,0.03657015983266542,True,,,,0.5814821818518485,-0.35012692403802276,0.4232672437033536,0.0
ate_randomized,20000007,static_ate,CWFM-Direct,-1.2480458109199863,0.16633965075016022,0.16633965075016022,True,,,,1.4143854616701466,-1.2320438340306281,1.5647231355309486,0.0
ate_randomized,20000007,static_ate,CWFM-Calibrated,-1.2480458109199863,-0.6603979511704438,-0.6603979511704438,True,,,,0.5876478597495426,-1.339741281943331,0.01894537960244358,1.0
ate_randomized,20000007,static_ate,Linear g-computation,-1.2480458109199863,-1.491042137145996,-1.491042137145996,True,,,,0.24299632622600975,-1.778795856799697,-1.203288417492295,1.0
ate_randomized,20000007,static_ate,Random forest g-computation,-1.2480458109199863,-1.3024949018684782,-1.3024949018684782,True,,,,0.05444909094849182,-2.185578270307403,-0.4194115334295533,1.0
ate_randomized,20000007,static_ate,AIPW,-1.2480458109199863,-1.4569805054929308,-1.4569805054929308,True,,,,0.20893469457294445,-1.843677589363619,-1.0702834216222425,1.0
ate_randomized,20000008,static_ate,CWFM-Direct,-0.7273852167112221,-0.07420594990253448,-0.07420594990253448,True,,,,0.6531792668086877,-1.1810760870575905,1.0326641872525215,1.0
ate_randomized,20000008,static_ate,CWFM-Calibrated,-0.7273852167112221,-0.505524246823251,-0.505524246823251,True,,,,0.2218609698879711,-1.1848675775961384,0.1738190839496363,1.0
ate_randomized,20000008,static_ate,Linear g-computation,-0.7273852167112221,-0.951820433139801,-0.951820433139801,True,,,,0.2244352164285789,-1.239574152793502,-0.6640667134861,1.0
ate_randomized,20000008,static_ate,Random forest g-computation,-0.7273852167112221,-0.5378333554660838,-0.5378333554660838,True,,,,0.18955186124513834,-1.4209167239050087,0.3452500129728411,1.0
ate_randomized,20000008,static_ate,AIPW,-0.7273852167112221,-0.821075839020455,-0.821075839020455,True,,,,0.09369062230923286,-1.2077729228911431,-0.4343787551497668,1.0
ate_randomized,20000009,static_ate,CWFM-Direct,1.1771525024044343,0.82413250207901,0.82413250207901,True,,,,0.35302000032542424,0.4523599102348089,1.1959050939232112,1.0
ate_randomized,20000009,static_ate,CWFM-Calibrated,1.1771525024044343,0.9493221870739886,0.9493221870739886,True,,,,0.22783031533044562,0.2699788563011013,1.6286655178468759,1.0
ate_randomized,20000009,static_ate,Linear g-computation,1.1771525024044343,1.0845485925674438,1.0845485925674438,True,,,,0.0926039098369904,0.7967948729137428,1.3723023122211448,1.0
ate_randomized,20000009,static_ate,Random forest g-computation,1.1771525024044343,0.6875109906171367,0.6875109906171367,True,,,,0.48964151178729753,-0.19557237782178816,1.5705943590560616,1.0
ate_randomized,20000009,static_ate,AIPW,1.1771525024044343,0.9963359634052541,0.9963359634052541,True,,,,0.18081653899918015,0.609638879534566,1.3830330472759422,1.0
ate_randomized,20000010,static_ate,CWFM-Direct,-1.297732520314866,-0.656183660030365,-0.656183660030365,True,,,,0.641548860284501,-1.406002795100212,0.09363547503948211,1.0
ate_randomized,20000010,static_ate,CWFM-Calibrated,-1.297732520314866,-1.1098745606939848,-1.1098745606939848,True,,,,0.18785795962088114,-1.7892178914668722,-0.4305312299210975,1.0
ate_randomized,20000010,static_ate,Linear g-computation,-1.297732520314866,-1.5907542705535889,-1.5907542705535889,True,,,,0.2930217502387229,-1.8785079902072899,-1.3030005508998879,0.0
ate_randomized,20000010,static_ate,Random forest g-computation,-1.297732520314866,-0.5552449083876029,-0.5552449083876029,True,,,,0.7424876119272631,-1.4383282768265278,0.327838460051322,1.0
ate_randomized,20000010,static_ate,AIPW,-1.297732520314866,-1.3497961936520912,-1.3497961936520912,True,,,,0.05206367333722528,-1.7364932775227795,-0.963099109781403,1.0
ate_randomized,20000011,static_ate,CWFM-Direct,1.0267257185674878,1.0711084604263306,1.0711084604263306,True,,,,0.04438274185884272,1.0629936193814502,1.079223301471211,0.0
ate_randomized,20000011,static_ate,CWFM-Calibrated,1.0267257185674878,0.9518623273157547,0.9518623273157547,True,,,,0.07486339125173314,0.2725189965428674,1.631205658088642,1.0
ate_randomized,20000011,static_ate,Linear g-computation,1.0267257185674878,0.8527153134346008,0.8527153134346008,True,,,,0.174010405132887,0.5649615937808998,1.1404690330883018,1.0
ate_randomized,20000011,static_ate,Random forest g-computation,1.0267257185674878,0.20216332277271998,0.20216332277271998,True,,,,0.8245623957947679,-0.6809200456662049,1.085246691211645,1.0
ate_randomized,20000011,static_ate,AIPW,1.0267257185674878,0.67584361452765,0.67584361452765,True,,,,0.3508821040398379,0.2891465306569618,1.062540698398338,1.0
ate_randomized,20000012,static_ate,CWFM-Direct,1.4897268784677415,1.6267653703689575,1.6267653703689575,True,,,,0.13703849190121598,1.6180797777697444,1.6354509629681706,0.0
ate_randomized,20000012,static_ate,CWFM-Calibrated,1.4897268784677415,1.6266797947723823,1.6266797947723823,True,,,,0.1369529163046408,0.947336463999495,2.30602312554527,1.0
ate_randomized,20000012,static_ate,Linear g-computation,1.4897268784677415,1.6403688192367554,1.6403688192367554,True,,,,0.15064194076901383,1.3526150995830544,1.9281225388904564,1.0
ate_randomized,20000012,static_ate,Random forest g-computation,1.4897268784677415,1.1564408687397676,1.1564408687397676,True,,,,0.33328600972797395,0.2733575003008427,2.0395242371786924,1.0
ate_randomized,20000012,static_ate,AIPW,1.4897268784677415,1.5188478949308355,1.5188478949308355,True,,,,0.02912101646309395,1.1321508110601473,1.9055449788015237,1.0
ate_randomized,20000013,static_ate,CWFM-Direct,1.1242578967527883,1.0049935579299927,1.0049935579299927,True,,,,0.11926433882279563,0.9985204907087609,1.0114666251512245,0.0
ate_randomized,20000013,static_ate,CWFM-Calibrated,1.1242578967527883,1.0766628884075886,1.0766628884075886,True,,,,0.047595008345199696,0.3973195576347013,1.756006219180476,1.0
ate_randomized,20000013,static_ate,Linear g-computation,1.1242578967527883,1.1529017686843872,1.1529017686843872,True,,,,0.028643871931598897,0.8651480490306862,1.4406554883380882,1.0
ate_randomized,20000013,static_ate,Random forest g-computation,1.1242578967527883,0.7790209589095346,0.7790209589095346,True,,,,0.3452369378432537,-0.10406240952939028,1.6621043273484595,1.0
ate_randomized,20000013,static_ate,AIPW,1.1242578967527883,1.1130046860049485,1.1130046860049485,True,,,,0.011253210747839804,0.7263076021342603,1.4997017698756367,1.0
ate_randomized,20000014,static_ate,CWFM-Direct,1.2568556373102167,1.2497529983520508,1.2497529983520508,True,,,,0.007102638958165874,1.2437696396780666,1.255736357026035,0.0
ate_randomized,20000014,static_ate,CWFM-Calibrated,1.2568556373102167,1.2768830988744748,1.2768830988744748,True,,,,0.020027461564258164,0.5975397681015875,1.9562264296473622,1.0
ate_randomized,20000014,static_ate,Linear g-computation,1.2568556373102167,1.2937071323394775,1.2937071323394775,True,,,,0.03685149502926088,1.0059534126857765,1.5814608519931785,1.0
ate_randomized,20000014,static_ate,Random forest g-computation,1.2568556373102167,0.841877922458648,0.841877922458648,True,,,,0.41497771485156865,-0.04120544598027687,1.7249612908975729,1.0
ate_randomized,20000014,static_ate,AIPW,1.2568556373102167,1.3854542632578666,1.3854542632578666,True,,,,0.12859862594764992,0.9987571793871783,1.7721513471285548,1.0
ate_randomized,20000015,static_ate,CWFM-Direct,0.9641421285392263,1.1639745235443115,1.1639745235443115,True,,,,0.1998323950050852,0.21063080787658695,2.117318239212036,1.0
ate_randomized,20000015,static_ate,CWFM-Calibrated,0.9641421285392263,1.0901487764512692,1.0901487764512692,True,,,,0.12600664791204286,0.41080544567838184,1.7694921072241565,1.0
ate_randomized,20000015,static_ate,Linear g-computation,0.9641421285392263,1.0085324048995972,1.0085324048995972,True,,,,0.04439027636037085,0.7207786852458962,1.2962861245532982,1.0
ate_randomized,20000015,static_ate,Random forest g-computation,0.9641421285392263,0.47542612528777467,0.47542612528777467,True,,,,0.48871600325145165,-0.4076572431511502,1.3585094937266995,1.0
ate_randomized,20000015,static_ate,AIPW,0.9641421285392263,1.0755506033721904,1.0755506033721904,True,,,,0.11140847483296412,0.6888535195015022,1.4622476872428787,1.0
ate_randomized,20000016,static_ate,CWFM-Direct,-0.10488957563439172,0.42957738041877747,0.42957738041877747,True,,,,0.5344669560531692,-0.6469239395856858,1.5060787004232408,1.0
ate_randomized,20000016,static_ate,CWFM-Calibrated,-0.10488957563439172,0.19165877310001558,0.19165877310001558,True,,,,0.2965483487344073,-0.4876845576728718,0.8710021038729029,1.0
ate_randomized,20000016,static_ate,Linear g-computation,-0.10488957563439172,-0.03435701131820679,-0.03435701131820679,True,,,,0.07053256431618493,-0.32211073097190784,0.25339670833549427,1.0
ate_randomized,20000016,static_ate,Random forest g-computation,-0.10488957563439172,-0.02012301504295994,-0.02012301504295994,True,,,,0.08476656059143178,-0.9032063834818849,0.8629603533959649,1.0
ate_randomized,20000016,static_ate,AIPW,-0.10488957563439172,-0.13795182077380988,-0.13795182077380988,True,,,,0.03306224513941816,-0.5246489046444981,0.2487452630968783,1.0
ate_randomized,20000017,static_ate,CWFM-Direct,1.1965007917819879,1.02688729763031,1.02688729763031,True,,,,0.1696134941516778,1.0200026364019141,1.033771958858706,0.0
ate_randomized,20000017,static_ate,CWFM-Calibrated,1.1965007917819879,1.066257253949277,1.066257253949277,True,,,,0.13024353783271092,0.3869139231763896,1.7456005847221643,1.0
ate_randomized,20000017,static_ate,Linear g-computation,1.1965007917819879,1.1002262830734253,1.1002262830734253,True,,,,0.09627450870856258,0.8124725634197243,1.3879800027271263,1.0
ate_randomized,20000017,static_ate,Random forest g-computation,1.1965007917819879,1.04245937354814,1.04245937354814,True,,,,0.15404141823384787,0.15937600510921512,1.9255427419870648,1.0
ate_randomized,20000017,static_ate,AIPW,1.1965007917819879,1.1473280762797708,1.1473280762797708,True,,,,0.049172715502217024,0.7606309924090826,1.534025160150459,1.0
ate_randomized,20000018,static_ate,CWFM-Direct,0.9764400862697703,1.346287488937378,1.346287488937378,True,,,,0.3698474026676076,1.3399886046047322,1.3525863732700236,0.0
ate_randomized,20000018,static_ate,CWFM-Calibrated,0.9764400862697703,1.3583459411173255,1.3583459411173255,True,,,,0.38190585484755524,0.6790026103444382,2.037689271890213,1.0
ate_randomized,20000018,static_ate,Linear g-computation,0.9764400862697703,1.3720703125,1.3720703125,True,,,,0.3956302262302297,1.084316592846299,1.659824032153701,0.0
ate_randomized,20000018,static_ate,Random forest g-computation,0.9764400862697703,1.232285933070159,1.232285933070159,True,,,,0.2558458468003887,0.3492025646312341,2.1153693015090838,1.0
ate_randomized,20000018,static_ate,AIPW,0.9764400862697703,1.3575206437341396,1.3575206437341396,True,,,,0.3810805574643693,0.9708235598634514,1.7442177276048279,1.0
ate_randomized,20000019,static_ate,CWFM-Direct,0.7393593714332791,0.6652474403381348,0.6652474403381348,True,,,,0.07411193109514436,0.03800864234566692,1.2924862383306026,1.0
ate_randomized,20000019,static_ate,CWFM-Calibrated,0.7393593714332791,0.6099179067839591,0.6099179067839591,True,,,,0.12944146464932005,-0.06942542398892826,1.2892612375568464,1.0
ate_randomized,20000019,static_ate,Linear g-computation,0.7393593714332791,0.5779929757118225,0.5779929757118225,True,,,,0.1613663957214566,0.29023925605812145,0.8657466953655235,1.0
ate_randomized,20000019,static_ate,Random forest g-computation,0.7393593714332791,0.1319099404650775,0.1319099404650775,True,,,,0.6074494309682016,-0.7511734279738473,1.0149933089040024,1.0
ate_randomized,20000019,static_ate,AIPW,0.7393593714332791,0.37307119540626643,0.37307119540626643,True,,,,0.3662881760270127,-0.013625888464421754,0.7597682792769547,1.0
ate_randomized,20000020,static_ate,CWFM-Direct,-1.3161253312117835,0.10941119492053986,0.10941119492053986,True,,,,1.4255365261323234,-1.1656603553891183,1.384482745230198,0.0
ate_randomized,20000020,static_ate,CWFM-Calibrated,-1.3161253312117835,-0.5439928856405564,-0.5439928856405564,True,,,,0.7721324455712272,-1.2233362164134438,0.13535044513233097,0.0
ate_randomized,20000020,static_ate,Linear g-computation,-1.3161253312117835,-1.2121853828430176,-1.2121853828430176,True,,,,0.10393994836876597,-1.4999391024967186,-0.9244316631893166,1.0
ate_randomized,20000020,static_ate,Random forest g-computation,-1.3161253312117835,-0.562017052700921,-0.562017052700921,True,,,,0.7541082785108626,-1.4451004211398457,0.3210663157380039,1.0
ate_randomized,20000020,static_ate,AIPW,-1.3161253312117835,-1.0823156595401462,-1.0823156595401462,True,,,,0.23380967167163735,-1.4690127434108344,-0.695618575669458,1.0
ate_randomized,20000021,static_ate,CWFM-Direct,-1.2420045316754693,-0.43595871329307556,-0.43595871329307556,True,,,,0.8060458183823938,-1.202765978127718,0.3308485515415669,0.0
ate_randomized,20000021,static_ate,CWFM-Calibrated,-1.2420045316754693,-0.7659072909125546,-0.7659072909125546,True,,,,0.4760972407629147,-1.445250621685442,-0.08656396013966727,1.0
ate_randomized,20000021,static_ate,Linear g-computation,-1.2420045316754693,-1.1140989065170288,-1.1140989065170288,True,,,,0.1279056251584405,-1.4018526261707298,-0.8263451868633278,1.0
ate_randomized,20000021,static_ate,Random forest g-computation,-1.2420045316754693,-0.5712101633096305,-0.5712101633096305,True,,,,0.6707943683658388,-1.4542935317485552,0.3118732051292944,1.0
ate_randomized,20000021,static_ate,AIPW,-1.2420045316754693,-0.9535607769983806,-0.9535607769983806,True,,,,0.2884437546770887,-1.3402578608690687,-0.5668636931276925,1.0
ate_randomized,20000022,static_ate,CWFM-Direct,0.35423724982817556,0.5414168238639832,0.5414168238639832,True,,,,0.1871795740358076,-0.06002776101231577,1.142861408740282,1.0
ate_randomized,20000022,static_ate,CWFM-Calibrated,0.35423724982817556,0.5372026154886054,0.5372026154886054,True,,,,0.1829653656604298,-0.14214071528428196,1.2165459462614927,1.0
ate_randomized,20000022,static_ate,Linear g-computation,0.35423724982817556,0.5405901074409485,0.5405901074409485,True,,,,0.18635285761277293,0.25283638778724743,0.8283438270946495,1.0
ate_randomized,20000022,static_ate,Random forest g-computation,0.35423724982817556,0.10442771297871152,0.10442771297871152,True,,,,0.24980953684946405,-0.7786556554602133,0.9875110814176364,1.0
ate_randomized,20000022,static_ate,AIPW,0.35423724982817556,0.47432665160897397,0.47432665160897397,True,,,,0.12008940178079841,0.08762956773828579,0.8610237354796622,1.0
ate_randomized,20000023,static_ate,CWFM-Direct,1.3030525777244855,0.8015215992927551,0.8015215992927551,True,,,,0.5015309784317303,0.7956346789514646,0.8074085196340457,0.0
ate_randomized,20000023,static_ate,CWFM-Calibrated,1.3030525777244855,1.033168584183417,1.033168584183417,True,,,,0.2698839935410684,0.3538252534105297,1.7125119149563044,1.0
ate_randomized,20000023,static_ate,Linear g-computation,1.3030525777244855,1.2772412300109863,1.2772412300109863,True,,,,0.025811347713499133,0.9894875103572853,1.5649949496646873,1.0
ate_randomized,20000023,static_ate,Random forest g-computation,1.3030525777244855,0.8922056424838911,0.8922056424838911,True,,,,0.41084693524059435,0.009122274044966239,1.7752890109228159,1.0
ate_randomized,20000023,static_ate,AIPW,1.3030525777244855,1.1678447785390043,1.1678447785390043,True,,,,0.1352077991854812,0.781147694668316,1.5545418624096925,1.0
ate_randomized,20000024,static_ate,CWFM-Direct,1.0851981449217192,0.7594479918479919,0.7594479918479919,True,,,,0.32575015307372723,0.7543851105612702,0.7645108731347137,0.0
ate_randomized,20000024,static_ate,CWFM-Calibrated,1.0851981449217192,0.8391257921251272,0.8391257921251272,True,,,,0.246072352796592,0.15978246135223984,1.5184691228980145,1.0
ate_randomized,20000024,static_ate,Linear g-computation,1.0851981449217192,0.9249048233032227,0.9249048233032227,True,,,,0.16029332161849652,0.6371511036495217,1.2126585429569237,1.0
ate_randomized,20000024,static_ate,Random forest g-computation,1.0851981449217192,0.591827449720133,0.591827449720133,True,,,,0.49337069520158616,-0.29125591871879186,1.4749108181590578,1.0
ate_randomized,20000024,static_ate,AIPW,1.0851981449217192,0.8708466907967933,0.8708466907967933,True,,,,0.21435145412492584,0.48414960692610515,1.2575437746674816,1.0
ate_randomized,20000025,static_ate,CWFM-Direct,-0.2607794993263579,0.2877708971500397,0.2877708971500397,True,,,,0.5485503964763976,-0.6619276270270348,1.237469421327114,1.0
ate_randomized,20000025,static_ate,CWFM-Calibrated,-0.2607794993263579,0.002511347338587794,0.002511347338587794,True,,,,0.26329084666494573,-0.6768319834342995,0.6818546781114752,1.0
ate_randomized,20000025,static_ate,Linear g-computation,-0.2607794993263579,-0.27962470054626465,-0.27962470054626465,True,,,,0.018845201219906738,-0.5673784201999656,0.008129019107436408,1.0
ate_randomized,20000025,static_ate,Random forest g-computation,-0.2607794993263579,-0.044211523750058324,-0.044211523750058324,True,,,,0.2165679755762996,-0.9272948921889832,0.8388718446888666,1.0
ate_randomized,20000025,static_ate,AIPW,-0.2607794993263579,-0.3069307796899115,-0.3069307796899115,True,,,,0.04615128036355359,-0.6936278635605997,0.07976630418077668,1.0
ate_randomized,20000026,static_ate,CWFM-Direct,-0.8126217016998396,0.2633632719516754,0.2633632719516754,True,,,,1.075984973651515,-1.7145668321847916,2.2412933760881426,1.0
ate_randomized,20000026,static_ate,CWFM-Calibrated,-0.8126217016998396,-0.24399001078973354,-0.24399001078973354,True,,,,0.5686316909101061,-0.9233333415626208,0.4353533199831538,1.0
ate_randomized,20000026,static_ate,Linear g-computation,-0.8126217016998396,-0.78852379322052,-0.78852379322052,True,,,,0.024097908479319585,-1.076277512874221,-0.500770073566819,1.0
ate_randomized,20000026,static_ate,Random forest g-computation,-0.8126217016998396,-0.025775244450049847,-0.025775244450049847,True,,,,0.7868464572497897,-0.9088586128889747,0.857308123988875,1.0
ate_randomized,20000026,static_ate,AIPW,-0.8126217016998396,-0.461043675572364,-0.461043675572364,True,,,,0.35157802612747563,-0.8477407594430522,-0.07434659170167579,1.0
ate_randomized,20000027,static_ate,CWFM-Direct,-0.9474060716686732,0.1384151726961136,0.1384151726961136,True,,,,1.0858212443647868,-1.2133485513925553,1.4901788967847824,1.0
ate_randomized,20000027,static_ate,CWFM-Calibrated,-0.9474060716686732,-0.41399563306787907,-0.41399563306787907,True,,,,0.5334104386007941,-1.0933389638407665,0.26534769770500827,1.0
ate_randomized,20000027,static_ate,Linear g-computation,-0.9474060716686732,-0.9850521683692932,-0.9850521683692932,True,,,,0.037646096700620024,-1.2728058880229942,-0.6972984487155922,1.0
ate_randomized,20000027,static_ate,Random forest g-computation,-0.9474060716686732,-0.29879038851118517,-0.29879038851118517,True,,,,0.6486156831574881,-1.18187375695011,0.5842929799277397,1.0
ate_randomized,20000027,static_ate,AIPW,-0.9474060716686732,-0.8214488492818495,-0.8214488492818495,True,,,,0.12595722238682372,-1.2081459331525377,-0.4347517654111613,1.0
ate_randomized,20000028,static_ate,CWFM-Direct,-1.3460658583644791,-0.010697922669351101,-0.010697922669351101,True,,,,1.335367935695128,-1.8337972509488463,1.812401405610144,1.0
ate_randomized,20000028,static_ate,CWFM-Calibrated,-1.3460658583644791,-0.6719465430435541,-0.6719465430435541,True,,,,0.6741193153209251,-1.3512898738164414,0.007396787729333276,1.0
ate_randomized,20000028,static_ate,Linear g-computation,-1.3460658583644791,-1.3616034984588623,-1.3616034984588623,True,,,,0.015537640094383187,-1.6493572181125633,-1.0738497788051613,1.0
ate_randomized,20000028,static_ate,Random forest g-computation,-1.3460658583644791,-0.4806381337670092,-0.4806381337670092,True,,,,0.86542772459747,-1.3637215022059341,0.4024452346719157,1.0
ate_randomized,20000028,static_ate,AIPW,-1.3460658583644791,-1.1164536307338886,-1.1164536307338886,True,,,,0.22961222763059053,-1.5031507146045768,-0.7297565468632004,1.0
ate_randomized,20000029,static_ate,CWFM-Direct,0.6213270083420159,0.6978712677955627,0.6978712677955627,True,,,,0.07654425945354681,0.28234752908349037,1.113395006507635,1.0
ate_randomized,20000029,static_ate,CWFM-Calibrated,0.6213270083420159,0.6619730930329001,0.6619730930329001,True,,,,0.040646084690884154,-0.01737023773998725,1.3413164238057873,1.0
ate_randomized,20000029,static_ate,Linear g-computation,0.6213270083420159,0.6294437646865845,0.6294437646865845,True,,,,0.008116756344568543,0.3416900450328834,0.9171974843402855,1.0
ate_randomized,20000029,static_ate,Random forest g-computation,0.6213270083420159,0.12115221938296909,0.12115221938296909,True,,,,0.5001747889590469,-0.7619311490559558,1.004235587821894,1.0
ate_randomized,20000029,static_ate,AIPW,0.6213270083420159,0.5998608050787116,0.5998608050787116,True,,,,0.021466203263304284,0.21316372120802346,0.9865578889493998,1.0
ate_poor_overlap,20000000,static_ate,CWFM-Direct,0.29129559334550326,0.22076934576034546,0.22076934576034546,True,,,,0.0705262475851578,-0.8635263323783875,1.3050650238990784,1.0
ate_poor_overlap,20000000,static_ate,CWFM-Calibrated,0.29129559334550326,,0.2675587101202575,False,,,,,,,
ate_poor_overlap,20000000,static_ate,Linear g-computation,0.29129559334550326,0.3160459101200104,0.3160459101200104,True,,,,0.02475031677450712,0.02829219046630932,0.6037996297737114,1.0
ate_poor_overlap,20000000,static_ate,Random forest g-computation,0.29129559334550326,-0.014338839632896998,-0.014338839632896998,True,,,,0.30563443297840026,-0.8974222080718218,0.8687445288060279,1.0
ate_poor_overlap,20000000,static_ate,AIPW,0.29129559334550326,0.055990785152032874,0.055990785152032874,True,,,,0.23530480819347038,-0.3307062987186553,0.44268786902272106,1.0
ate_poor_overlap,20000001,static_ate,CWFM-Direct,-0.31096785916828606,0.04595063999295235,0.04595063999295235,True,,,,0.3569184991612384,-1.3536043418943882,1.4455056218802929,1.0
ate_poor_overlap,20000001,static_ate,CWFM-Calibrated,-0.31096785916828606,,-0.21811677425583934,False,,,,,,,
ate_poor_overlap,20000001,static_ate,Linear g-computation,-0.31096785916828606,-0.4819442927837372,-0.4819442927837372,True,,,,0.17097643361545112,-0.7696980124374382,-0.19419057313003613,1.0
ate_poor_overlap,20000001,static_ate,Random forest g-computation,-0.31096785916828606,-0.2655262015306456,-0.2655262015306456,True,,,,0.045441657637640465,-1.1486095699695704,0.6175571669082793,1.0
ate_poor_overlap,20000001,static_ate,AIPW,-0.31096785916828606,-0.5173142943961184,-0.5173142943961184,True,,,,0.20634643522783236,-0.9040113782668067,-0.13061721052543024,1.0
ate_poor_overlap,20000002,static_ate,CWFM-Direct,0.05964699132592344,0.0877445638179779,0.0877445638179779,True,,,,0.028097572492054468,-1.2137091052532196,1.3891982328891754,1.0
ate_poor_overlap,20000002,static_ate,CWFM-Calibrated,0.05964699132592344,,-0.07230804454879128,False,,,,,,,
ate_poor_overlap,20000002,static_ate,Linear g-computation,0.05964699132592344,-0.2339651733636856,-0.2339651733636856,True,,,,0.29361216468960905,-0.5217188930173866,0.05378854629001545,0.0
ate_poor_overlap,20000002,static_ate,Random forest g-computation,0.05964699132592344,0.018903500943587143,0.018903500943587143,True,,,,0.040743490382336295,-0.8641798674953377,0.901986869382512,1.0
ate_poor_overlap,20000002,static_ate,AIPW,0.05964699132592344,0.007522961767684767,0.007522961767684767,True,,,,0.05212402955823867,-0.37917412210300344,0.39422004563837293,1.0
ate_poor_overlap,20000003,static_ate,CWFM-Direct,-1.3133856925809904,-0.3500025272369385,-0.3500025272369385,True,,,,0.9633831653440519,-1.3602025821805,0.660197527706623,1.0
ate_poor_overlap,20000003,static_ate,CWFM-Calibrated,-1.3133856925809904,,-0.9642089871278151,False,,,,,,,
ate_poor_overlap,20000003,static_ate,Linear g-computation,-1.3133856925809904,-1.5831223726272583,-1.5831223726272583,True,,,,0.26973668004626794,-1.8708760922809593,-1.2953686529735573,1.0
ate_poor_overlap,20000003,static_ate,Random forest g-computation,-1.3133856925809904,-0.6409604313878615,-0.6409604313878615,True,,,,0.6724252611931288,-1.5240437998267864,0.24212293705106336,1.0
ate_poor_overlap,20000003,static_ate,AIPW,-1.3133856925809904,-0.8892674109449962,-0.8892674109449962,True,,,,0.4241182816359942,-1.2759644948156843,-0.502570327074308,0.0
ate_poor_overlap,20000004,static_ate,CWFM-Direct,1.16935636040009,0.42102399468421936,0.42102399468421936,True,,,,0.7483323657158707,-0.7924058055877685,1.6344537949562072,1.0
ate_poor_overlap,20000004,static_ate,CWFM-Calibrated,1.16935636040009,,0.635092205099603,False,,,,,,,
ate_poor_overlap,20000004,static_ate,Linear g-computation,1.16935636040009,0.8485420346260071,0.8485420346260071,True,,,,0.320814325774083,0.5607883149723061,1.136295754279708,0.0
ate_poor_overlap,20000004,static_ate,Random forest g-computation,1.16935636040009,0.794911467344809,0.794911467344809,True,,,,0.37444489305528106,-0.08817190109411588,1.6779948357837338,1.0
ate_poor_overlap,20000004,static_ate,AIPW,1.16935636040009,0.9411926824674385,0.9411926824674385,True,,,,0.22816367793265158,0.5544955985967503,1.3278897663381266,1.0
ate_poor_overlap,20000005,static_ate,CWFM-Direct,-0.7662616301931423,-0.1084967702627182,-0.1084967702627182,True,,,,0.6577648599304241,-1.2099832957983017,0.9929897552728653,1.0
ate_poor_overlap,20000005,static_ate,CWFM-Calibrated,-0.7662616301931423,,-0.5906404488444662,False,,,,,,,
ate_poor_overlap,20000005,static_ate,Linear g-computation,-0.7662616301931423,-1.0771859884262085,-1.0771859884262085,True,,,,0.3109243582330662,-1.3649397080799095,-0.7894322687725075,0.0
ate_poor_overlap,20000005,static_ate,Random forest g-computation,-0.7662616301931423,-0.12425660111805477,-0.12425660111805477,True,,,,0.6420050290750875,-1.0073399695569796,0.7588267673208701,1.0
ate_poor_overlap,20000005,static_ate,AIPW,-0.7662616301931423,-0.4144220494486046,-0.4144220494486046,True,,,,0.3518395807445377,-0.8011191333192929,-0.027724965577916427,1.0
ate_poor_overlap,20000006,static_ate,CWFM-Direct,-0.5449120220191831,-0.04170643165707588,-0.04170643165707588,True,,,,0.5032055903621072,-1.9043978126347065,1.8209849493205548,1.0
ate_poor_overlap,20000006,static_ate,CWFM-Calibrated,-0.5449120220191831,,-0.4063808525911044,False,,,,,,,
ate_poor_overlap,20000006,static_ate,Linear g-computation,-0.5449120220191831,-0.7679311633110046,-0.7679311633110046,True,,,,0.22301914129182154,-1.0556848829647056,-0.4801774436573036,1.0
ate_poor_overlap,20000006,static_ate,Random forest g-computation,-0.5449120220191831,-1.139986516593434,-1.139986516593434,True,,,,0.5950744945742509,-2.023069885032359,-0.2569031481545091,1.0
ate_poor_overlap,20000006,static_ate,AIPW,-0.5449120220191831,-1.2454334634221271,-1.2454334634221271,True,,,,0.700521441402944,-1.6321305472928154,-0.8587363795514389,0.0
ate_poor_overlap,20000007,static_ate,CWFM-Direct,-1.2480458109199863,-0.07589899748563766,-0.07589899748563766,True,,,,1.1721468134343487,-1.277391352057457,1.1255933570861816,1.0
ate_poor_overlap,20000007,static_ate,CWFM-Calibrated,-1.2480458109199863,,-0.41918769658596405,False,,,,,,,
ate_poor_overlap,20000007,static_ate,Linear g-computation,-1.2480458109199863,-0.7620238065719604,-0.7620238065719604,True,,,,0.4860220043480259,-1.0497775262256615,-0.4742700869182594,0.0
ate_poor_overlap,20000007,static_ate,Random forest g-computation,-1.2480458109199863,-0.6476888256398964,-0.6476888256398964,True,,,,0.60035698528009,-1.5307721940788213,0.2353945427990285,1.0
ate_poor_overlap,20000007,static_ate,AIPW,-1.2480458109199863,-0.8297772525674633,-0.8297772525674633,True,,,,0.4182685583525231,-1.2164743364381514,-0.4430801686967751,0.0
ate_poor_overlap,20000008,static_ate,CWFM-Direct,-0.7273852167112221,0.007419685833156109,0.007419685833156109,True,,,,0.7348049025443782,-0.9036166884377599,0.9184560601040721,1.0
ate_poor_overlap,20000008,static_ate,CWFM-Calibrated,-0.7273852167112221,,-0.193511375244745,False,,,,,,,
ate_poor_overlap,20000008,static_ate,Linear g-computation,-0.7273852167112221,-0.395926296710968,-0.395926296710968,True,,,,0.3314589200002541,-0.683680016364669,-0.10817257705726696,0.0
ate_poor_overlap,20000008,static_ate,Random forest g-computation,-0.7273852167112221,-0.015404925188474231,-0.015404925188474231,True,,,,0.7119802915227479,-0.8984882936273991,0.8676784432504506,1.0
ate_poor_overlap,20000008,static_ate,AIPW,-0.7273852167112221,-0.17545515899022424,-0.17545515899022424,True,,,,0.5519300577209979,-0.5621522428609125,0.21124192488046395,0.0
ate_poor_overlap,20000009,static_ate,CWFM-Direct,1.1771525024044343,0.3317325711250305,0.3317325711250305,True,,,,0.8454199312794037,-0.3331766046583653,0.9966417469084263,0.0
ate_poor_overlap,20000009,static_ate,CWFM-Calibrated,1.1771525024044343,,0.5645379614886774,False,,,,,,,
ate_poor_overlap,20000009,static_ate,Linear g-computation,1.1771525024044343,0.8018903136253357,0.8018903136253357,True,,,,0.37526218877909856,0.5141365939716347,1.0896440332790367,0.0
ate_poor_overlap,20000009,static_ate,Random forest g-computation,1.1771525024044343,0.01309899654220402,0.01309899654220402,True,,,,1.1640535058622303,-0.8699843718967208,0.8961823649811289,0.0
ate_poor_overlap,20000009,static_ate,AIPW,1.1771525024044343,0.11658346825162214,0.11658346825162214,True,,,,1.0605690341528122,-0.27011361561906605,0.5032805521223103,0.0
ate_poor_overlap,20000010,static_ate,CWFM-Direct,-1.297732520314866,-0.15479978919029236,-0.15479978919029236,True,,,,1.1429327311245736,-1.4386857080459594,1.1290861296653747,1.0
ate_poor_overlap,20000010,static_ate,CWFM-Calibrated,-1.297732520314866,,-0.6671024819260079,False,,,,,,,
ate_poor_overlap,20000010,static_ate,Linear g-computation,-1.297732520314866,-1.179244875907898,-1.179244875907898,True,,,,0.11848764440696802,-1.466998595561599,-0.891491156254197,1.0
ate_poor_overlap,20000010,static_ate,Random forest g-computation,-1.297732520314866,-1.1549556774201848,-1.1549556774201848,True,,,,0.14277684289468118,-2.0380390458591098,-0.2718723089812599,1.0
ate_poor_overlap,20000010,static_ate,AIPW,-1.297732520314866,-1.2037386672803325,-1.2037386672803325,True,,,,0.09399385303453345,-1.5904357511510208,-0.8170415834096443,1.0
ate_poor_overlap,20000011,static_ate,CWFM-Direct,1.0267257185674878,0.41195234656333923,0.41195234656333923,True,,,,0.6147733720041486,-0.8300098010897636,1.653914494216442,1.0
ate_poor_overlap,20000011,static_ate,CWFM-Calibrated,1.0267257185674878,,0.7626369614755457,False,,,,,,,
ate_poor_overlap,20000011,static_ate,Linear g-computation,1.0267257185674878,1.1125515699386597,1.1125515699386597,True,,,,0.08582585137117182,0.8247978502849587,1.4003052895923607,1.0
ate_poor_overlap,20000011,static_ate,Random forest g-computation,1.0267257185674878,1.0873910835190777,1.0873910835190777,True,,,,0.060665364951589806,0.20430771508015277,1.9704744519580024,1.0
ate_poor_overlap,20000011,static_ate,AIPW,1.0267257185674878,1.2276009935652306,1.2276009935652306,True,,,,0.20087527499774271,0.8409039096945423,1.6142980774359188,1.0
ate_poor_overlap,20000012,static_ate,CWFM-Direct,1.4897268784677415,0.7678053975105286,0.7678053975105286,True,,,,0.721921480957213,-0.23120935052633285,1.76682014554739,1.0
ate_poor_overlap,20000012,static_ate,CWFM-Calibrated,1.4897268784677415,,1.2255160679041044,False,,,,,,,
ate_poor_overlap,20000012,static_ate,Linear g-computation,1.4897268784677415,1.683053731918335,1.683053731918335,True,,,,0.19332685345059342,1.395300012264634,1.970807451572036,1.0
ate_poor_overlap,20000012,static_ate,Random forest g-computation,1.4897268784677415,1.7442444388250598,1.7442444388250598,True,,,,0.2545175603573182,0.8611610703861349,2.6273278072639847,1.0
ate_poor_overlap,20000012,static_ate,AIPW,1.4897268784677415,1.7088729891424215,1.7088729891424215,True,,,,0.21914611067467993,1.3221759052717332,2.0955700730131097,1.0
ate_poor_overlap,20000013,static_ate,CWFM-Direct,1.1242578967527883,0.32818394899368286,0.32818394899368286,True,,,,0.7960739477591054,-0.548681046962738,1.2050489449501036,1.0
ate_poor_overlap,20000013,static_ate,CWFM-Calibrated,1.1242578967527883,,0.6289799159307025,False,,,,,,,
ate_poor_overlap,20000013,static_ate,Linear g-computation,1.1242578967527883,0.9339967370033264,0.9339967370033264,True,,,,0.1902611597494619,0.6462430173496254,1.2217504566570274,1.0
ate_poor_overlap,20000013,static_ate,Random forest g-computation,1.1242578967527883,0.03708750999787614,0.03708750999787614,True,,,,1.087170386754912,-0.8459958584410487,0.920170878436801,0.0
ate_poor_overlap,20000013,static_ate,AIPW,1.1242578967527883,0.30300073884562395,0.30300073884562395,True,,,,0.8212571579071644,-0.08369634502506423,0.6896978227163122,0.0
ate_poor_overlap,20000014,static_ate,CWFM-Direct,1.2568556373102167,0.448640912771225,0.448640912771225,True,,,,0.8082147245389917,-0.2775487001240253,1.1748305256664753,0.0
ate_poor_overlap,20000014,static_ate,CWFM-Calibrated,1.2568556373102167,,0.8023926499006343,False,,,,,,,
ate_poor_overlap,20000014,static_ate,Linear g-computation,1.2568556373102167,1.1624181270599365,1.1624181270599365,True,,,,0.09443751025028013,0.8746644074062355,1.4501718467136375,1.0
ate_poor_overlap,20000014,static_ate,Random forest g-computation,1.2568556373102167,0.05595351074401195,0.05595351074401195,True,,,,1.2009021265662048,-0.8271298576949129,0.9390368791829369,0.0
ate_poor_overlap,20000014,static_ate,AIPW,1.2568556373102167,0.20442571093181458,0.20442571093181458,True,,,,1.052429926378402,-0.1822713729388736,0.5911227948025027,0.0
ate_poor_overlap,20000015,static_ate,CWFM-Direct,0.9641421285392263,0.4250008165836334,0.4250008165836334,True,,,,0.5391413119555929,-1.1826320731639863,2.032633706331253,1.0
ate_poor_overlap,20000015,static_ate,CWFM-Calibrated,0.9641421285392263,,0.6001651377196884,False,,,,,,,
ate_poor_overlap,20000015,static_ate,Linear g-computation,0.9641421285392263,0.7796808481216431,0.7796808481216431,True,,,,0.18446128041758325,0.491927128467942,1.067434567775344,1.0
ate_poor_overlap,20000015,static_ate,Random forest g-computation,0.9641421285392263,-0.0033236822792422813,-0.0033236822792422813,True,,,,0.9674658108184686,-0.8864070507181672,0.8797596861596826,0.0
ate_poor_overlap,20000015,static_ate,AIPW,0.9641421285392263,0.14548460359070756,0.14548460359070756,True,,,,0.8186575249485187,-0.24121248027998063,0.5321816874613957,0.0
ate_poor_overlap,20000016,static_ate,CWFM-Direct,-0.10488957563439172,0.06870631873607635,0.06870631873607635,True,,,,0.17359589437046807,-1.1749524798989297,1.3123651173710824,1.0
ate_poor_overlap,20000016,static_ate,CWFM-Calibrated,-0.10488957563439172,,-0.08666816262431606,False,,,,,,,
ate_poor_overlap,20000016,static_ate,Linear g-computation,-0.10488957563439172,-0.24441973865032196,-0.24441973865032196,True,,,,0.13953016301593024,-0.532173458304023,0.043333981003379096,1.0
ate_poor_overlap,20000016,static_ate,Random forest g-computation,-0.10488957563439172,0.0010526471467440484,0.0010526471467440484,True,,,,0.10594222278113577,-0.8820307212921809,0.8841360155856689,1.0
ate_poor_overlap,20000016,static_ate,AIPW,-0.10488957563439172,0.11096823768242571,0.11096823768242571,True,,,,0.21585781331681742,-0.2757288461882625,0.4976653215531139,1.0
ate_poor_overlap,20000017,static_ate,CWFM-Direct,1.1965007917819879,0.3176426291465759,0.3176426291465759,True,,,,0.8788581626354119,-0.38742537528276444,1.0227106335759162,0.0
ate_poor_overlap,20000017,static_ate,CWFM-Calibrated,1.1965007917819879,,0.6339038343947593,False,,,,,,,
ate_poor_overlap,20000017,static_ate,Linear g-computation,1.1965007917819879,0.9546660780906677,0.9546660780906677,True,,,,0.24183471369132015,0.6669123584369667,1.2424197977443687,1.0
ate_poor_overlap,20000017,static_ate,Random forest g-computation,1.1965007917819879,0.10493030898498353,0.10493030898498353,True,,,,1.0915704827970043,-0.7781530594539413,0.9880136774239084,0.0
ate_poor_overlap,20000017,static_ate,AIPW,1.1965007917819879,0.27984734641105957,0.27984734641105957,True,,,,0.9166534453709283,-0.10684973745962861,0.6665444302817478,0.0
ate_poor_overlap,20000018,static_ate,CWFM-Direct,0.9764400862697703,0.6273037791252136,0.6273037791252136,True,,,,0.3491363071445567,0.0017687407135963396,1.2528388175368308,1.0
ate_poor_overlap,20000018,static_ate,CWFM-Calibrated,0.9764400862697703,,1.0745014465475,False,,,,,,,
ate_poor_overlap,20000018,static_ate,Linear g-computation,0.9764400862697703,1.5219662189483643,1.5219662189483643,True,,,,0.545526132678594,1.2342124992946633,1.8097199386020653,0.0
ate_poor_overlap,20000018,static_ate,Random forest g-computation,0.9764400862697703,1.4195681124686947,1.4195681124686947,True,,,,0.44312802619892444,0.5364847440297699,2.3026514809076195,1.0
ate_poor_overlap,20000018,static_ate,AIPW,0.9764400862697703,1.4822688188146678,1.4822688188146678,True,,,,0.5058287325448975,1.0955717349439795,1.868965902685356,0.0
ate_poor_overlap,20000019,static_ate,CWFM-Direct,0.7393593714332791,0.2731248140335083,0.2731248140335083,True,,,,0.4662345573997708,-0.7263005658984184,1.2725501939654351,1.0
ate_poor_overlap,20000019,static_ate,CWFM-Calibrated,0.7393593714332791,,0.4644270540666576,False,,,,,,,
ate_poor_overlap,20000019,static_ate,Linear g-computation,0.7393593714332791,0.6579256057739258,0.6579256057739258,True,,,,0.08143376565935334,0.3701718861202247,0.9456793254276268,1.0
ate_poor_overlap,20000019,static_ate,Random forest g-computation,0.7393593714332791,0.040452325974879834,0.040452325974879834,True,,,,0.6989070454583993,-0.8426310424640451,0.9235356944138047,1.0
ate_poor_overlap,20000019,static_ate,AIPW,0.7393593714332791,0.32672206707369056,0.32672206707369056,True,,,,0.41263730435958856,-0.05997501679699763,0.7134191509443788,0.0
ate_poor_overlap,20000020,static_ate,CWFM-Direct,-1.3161253312117835,-0.33110862970352173,-0.33110862970352173,True,,,,0.9850167015082618,-1.2598441407084464,0.5976268813014031,0.0
ate_poor_overlap,20000020,static_ate,CWFM-Calibrated,-1.3161253312117835,,-0.9611588489152088,False,,,,,,,
ate_poor_overlap,20000020,static_ate,Linear g-computation,-1.3161253312117835,-1.5976743698120117,-1.5976743698120117,True,,,,0.2815490386002282,-1.8854280894657127,-1.3099206501583107,1.0
ate_poor_overlap,20000020,static_ate,Random forest g-computation,-1.3161253312117835,-0.38068734736247717,-0.38068734736247717,True,,,,0.9354379838493063,-1.263770715801402,0.5023960210764478,0.0
ate_poor_overlap,20000020,static_ate,AIPW,-1.3161253312117835,-0.620172773524484,-0.620172773524484,True,,,,0.6959525576872996,-1.0068698573951722,-0.23347568965379578,0.0
ate_poor_overlap,20000021,static_ate,CWFM-Direct,-1.2420045316754693,-0.1989487111568451,-0.1989487111568451,True,,,,1.0430558205186242,-1.4842868432402612,1.086389420926571,1.0
ate_poor_overlap,20000021,static_ate,CWFM-Calibrated,-1.2420045316754693,,-0.5880508291707969,False,,,,,,,
ate_poor_overlap,20000021,static_ate,Linear g-computation,-1.2420045316754693,-0.974506139755249,-0.974506139755249,True,,,,0.2674983919202203,-1.26225985940895,-0.686752420101548,1.0
ate_poor_overlap,20000021,static_ate,Random forest g-computation,-1.2420045316754693,-1.2540888340823368,-1.2540888340823368,True,,,,0.012084302406867531,-2.1371722025212616,-0.37100546564341197,1.0
ate_poor_overlap,20000021,static_ate,AIPW,-1.2420045316754693,-1.3773814851851636,-1.3773814851851636,True,,,,0.13537695350969425,-1.7640785690558518,-0.9906844013144753,1.0
ate_poor_overlap,20000022,static_ate,CWFM-Direct,0.35423724982817556,0.15152384340763092,0.15152384340763092,True,,,,0.20271340642054464,-0.7332743489742279,1.0363220357894898,1.0
ate_poor_overlap,20000022,static_ate,CWFM-Calibrated,0.35423724982817556,,0.14694022069237966,False,,,,,,,
ate_poor_overlap,20000022,static_ate,Linear g-computation,0.35423724982817556,0.14380264282226562,0.14380264282226562,True,,,,0.21043460700590993,-0.14395107683143543,0.4315563624759667,1.0
ate_poor_overlap,20000022,static_ate,Random forest g-computation,0.35423724982817556,-0.029416473361308575,-0.029416473361308575,True,,,,0.38365372318948415,-0.9124998418002335,0.8536668950776163,1.0
ate_poor_overlap,20000022,static_ate,AIPW,0.35423724982817556,-0.07315865030583563,-0.07315865030583563,True,,,,0.4273959001340112,-0.4598557341765238,0.31353843356485256,0.0
ate_poor_overlap,20000023,static_ate,CWFM-Direct,1.3030525777244855,0.5661411881446838,0.5661411881446838,True,,,,0.7369113895798016,-0.016543902158737134,1.1488262784481047,0.0
ate_poor_overlap,20000023,static_ate,CWFM-Calibrated,1.3030525777244855,,0.8855237450319903,False,,,,,,,
ate_poor_overlap,20000023,static_ate,Linear g-computation,1.3030525777244855,1.2047289609909058,1.2047289609909058,True,,,,0.0983236167335797,0.9169752413372048,1.4924826806446068,1.0
ate_poor_overlap,20000023,static_ate,Random forest g-computation,1.3030525777244855,1.1716243097489276,1.1716243097489276,True,,,,0.13142826797555784,0.28854094131000274,2.0547076781878526,1.0
ate_poor_overlap,20000023,static_ate,AIPW,1.3030525777244855,1.231175824856648,1.231175824856648,True,,,,0.07187675286783746,0.8444787409859598,1.6178729087273362,1.0
ate_poor_overlap,20000024,static_ate,CWFM-Direct,1.0851981449217192,0.5359567999839783,0.5359567999839783,True,,,,0.5492413449377409,0.0036499582231044325,1.068263641744852,0.0
ate_poor_overlap,20000024,static_ate,CWFM-Calibrated,1.0851981449217192,,0.9496935500944869,False,,,,,,,
ate_poor_overlap,20000024,static_ate,Linear g-computation,1.0851981449217192,1.368245244026184,1.368245244026184,True,,,,0.2830470991044649,1.080491524372483,1.655998963679885,1.0
ate_poor_overlap,20000024,static_ate,Random forest g-computation,1.0851981449217192,0.3763293165292316,0.3763293165292316,True,,,,0.7088688283924875,-0.5067540519096934,1.2594126849681564,1.0
ate_poor_overlap,20000024,static_ate,AIPW,1.0851981449217192,0.6421612633185685,0.6421612633185685,True,,,,0.4430368816031507,0.2554641794478803,1.0288583471892567,0.0
ate_poor_overlap,20000025,static_ate,CWFM-Direct,-0.2607794993263579,-0.07580869644880295,-0.07580869644880295,True,,,,0.18497080287755496,-0.8025344447791577,0.6509170518815518,1.0
ate_poor_overlap,20000025,static_ate,CWFM-Calibrated,-0.2607794993263579,,-0.357477133386177,False,,,,,,,
ate_poor_overlap,20000025,static_ate,Linear g-computation,-0.2607794993263579,-0.642962634563446,-0.642962634563446,True,,,,0.38218313523708813,-0.930716354217147,-0.355208914909745,0.0
ate_poor_overlap,20000025,static_ate,Random forest g-computation,-0.2607794993263579,-0.01545242759907515,-0.01545242759907515,True,,,,0.24532707172728277,-0.898535796038,0.8676309408398497,1.0
ate_poor_overlap,20000025,static_ate,AIPW,-0.2607794993263579,-0.07447262440395784,-0.07447262440395784,True,,,,0.18630687492240006,-0.46116970827464604,0.31222445946673033,1.0
ate_poor_overlap,20000026,static_ate,CWFM-Direct,-0.8126217016998396,0.006794637069106102,0.006794637069106102,True,,,,0.8194163387689457,-1.7237925020605327,1.737381776198745,1.0
ate_poor_overlap,20000026,static_ate,CWFM-Calibrated,-0.8126217016998396,,-0.4041905781856685,False,,,,,,,
ate_poor_overlap,20000026,static_ate,Linear g-computation,-0.8126217016998396,-0.8207871913909912,-0.8207871913909912,True,,,,0.008165489691151606,-1.1085409110446922,-0.5330334717372902,1.0
ate_poor_overlap,20000026,static_ate,Random forest g-computation,-0.8126217016998396,0.004546471645006078,0.004546471645006078,True,,,,0.8171681733448457,-0.8785368967939188,0.887629840083931,1.0
ate_poor_overlap,20000026,static_ate,AIPW,-0.8126217016998396,0.02234065420377193,0.02234065420377193,True,,,,0.8349623559036116,-0.3643564296669163,0.4090377380744601,0.0
ate_poor_overlap,20000027,static_ate,CWFM-Direct,-0.9474060716686732,-0.020648913457989693,-0.020648913457989693,True,,,,0.9267571582106835,-1.2532991886883975,1.2120013617724181,1.0
ate_poor_overlap,20000027,static_ate,CWFM-Calibrated,-0.9474060716686732,,-0.3007504079144025,False,,,,,,,
ate_poor_overlap,20000027,static_ate,Linear g-computation,-0.9474060716686732,-0.5825165510177612,-0.5825165510177612,True,,,,0.36488952065091196,-0.8702702706714622,-0.2947628313640602,0.0
ate_poor_overlap,20000027,static_ate,Random forest g-computation,-0.9474060716686732,-0.07862392447984644,-0.07862392447984644,True,,,,0.8687821471888267,-0.9617072929187713,0.8044594439590784,1.0
ate_poor_overlap,20000027,static_ate,AIPW,-0.9474060716686732,-0.3303314512770758,-0.3303314512770758,True,,,,0.6170746203915973,-0.717028535147764,0.05636563259361238,0.0
ate_poor_overlap,20000028,static_ate,CWFM-Direct,-1.3460658583644791,-0.3755064904689789,-0.3755064904689789,True,,,,0.9705593678955002,-1.2940307196974754,0.5430177387595176,0.0
ate_poor_overlap,20000028,static_ate,CWFM-Calibrated,-1.3460658583644791,,-0.8949184676406253,False,,,,,,,
ate_poor_overlap,20000028,static_ate,Linear g-computation,-1.3460658583644791,-1.4204211235046387,-1.4204211235046387,True,,,,0.07435526514015955,-1.7081748431583397,-1.1326674038509377,1.0
ate_poor_overlap,20000028,static_ate,Random forest g-computation,-1.3460658583644791,-0.054025555251746675,-0.054025555251746675,True,,,,1.2920403031127325,-0.9371089236906716,0.8290578131871782,0.0
ate_poor_overlap,20000028,static_ate,AIPW,-1.3460658583644791,-0.5295129065133465,-0.5295129065133465,True,,,,0.8165529518511326,-0.9162099903840346,-0.1428158226426583,0.0
ate_poor_overlap,20000029,static_ate,CWFM-Direct,0.6213270083420159,0.46129918098449707,0.46129918098449707,True,,,,0.16002782735751886,-0.5649283623695374,1.4875267243385315,1.0
ate_poor_overlap,20000029,static_ate,CWFM-Calibrated,0.6213270083420159,,0.6902460365870413,False,,,,,,,
ate_poor_overlap,20000029,static_ate,Linear g-computation,0.6213270083420159,0.9211883544921875,0.9211883544921875,True,,,,0.29986134615017157,0.6334346348384865,1.2089420741458885,0.0
ate_poor_overlap,20000029,static_ate,Random forest g-computation,0.6213270083420159,0.45210489989227143,0.45210489989227143,True,,,,0.1692221084497445,-0.43097846854665345,1.3351882683311964,1.0
ate_poor_overlap,20000029,static_ate,AIPW,0.6213270083420159,0.6221869905280408,0.6221869905280408,True,,,,0.0008599821860248991,0.23548990665735264,1.008884074398729,1.0
ate_hidden_confounding,20000000,static_ate,CWFM-Direct,0.29129559334550326,1.2253243923187256,1.2253243923187256,True,,,,0.9340287989732223,0.04046204119920738,2.410186743438244,1.0
ate_hidden_confounding,20000000,static_ate,CWFM-Calibrated,0.29129559334550326,,1.7142178527206402,False,,,,,,,
ate_hidden_confounding,20000000,static_ate,Linear g-computation,0.29129559334550326,2.2044358253479004,2.2044358253479004,True,,,,1.9131402320023971,1.9166821056941994,2.4921895450016014,0.0
ate_hidden_confounding,20000000,static_ate,Random forest g-computation,0.29129559334550326,2.0582613168050283,2.0582613168050283,True,,,,1.766965723459525,1.1751779483661036,2.941344685243953,0.0
ate_hidden_confounding,20000000,static_ate,AIPW,0.29129559334550326,1.950989518176156,1.950989518176156,True,,,,1.6596939248306528,1.5642924343054678,2.337686602046844,0.0
ate_hidden_confounding,20000001,static_ate,CWFM-Direct,-0.31096785916828606,0.6858289837837219,0.6858289837837219,True,,,,0.996796842952008,-1.1706899762153626,2.5423479437828065,1.0
ate_hidden_confounding,20000001,static_ate,CWFM-Calibrated,-0.31096785916828606,,0.7732365032125769,False,,,,,,,
ate_hidden_confounding,20000001,static_ate,Linear g-computation,-0.31096785916828606,0.8624944686889648,0.8624944686889648,True,,,,1.173462327857251,0.5747407490352638,1.1502481883426658,0.0
ate_hidden_confounding,20000001,static_ate,Random forest g-computation,-0.31096785916828606,0.05931359838136082,0.05931359838136082,True,,,,0.37028145754964686,-0.823769770057564,0.9423969668202857,1.0
ate_hidden_confounding,20000001,static_ate,AIPW,-0.31096785916828606,0.5190538552269439,0.5190538552269439,True,,,,0.83002171439523,0.13235677135625573,0.9057509390976322,0.0
ate_hidden_confounding,20000002,static_ate,CWFM-Direct,0.05964699132592344,0.9278773665428162,0.9278773665428162,True,,,,0.8682303752168927,-0.725112698674202,2.5808674317598346,1.0
ate_hidden_confounding,20000002,static_ate,CWFM-Calibrated,0.05964699132592344,,1.2810568086045486,False,,,,,,,
ate_hidden_confounding,20000002,static_ate,Linear g-computation,0.05964699132592344,1.6354990005493164,1.6354990005493164,True,,,,1.575852009223393,1.3477452808956154,1.9232527202030174,0.0
ate_hidden_confounding,20000002,static_ate,Random forest g-computation,0.05964699132592344,0.6718191152550107,0.6718191152550107,True,,,,0.6121721239290873,-0.21126425318391417,1.5549024836939356,1.0
ate_hidden_confounding,20000002,static_ate,AIPW,0.05964699132592344,1.397594331105367,1.397594331105367,True,,,,1.3379473397794435,1.0108972472346787,1.7842914149760551,0.0
ate_hidden_confounding,20000003,static_ate,CWFM-Direct,-1.3133856925809904,0.08516474813222885,0.08516474813222885,True,,,,1.3985504407132192,-1.8212979534268379,1.9916274496912956,1.0
ate_hidden_confounding,20000003,static_ate,CWFM-Calibrated,-1.3133856925809904,,-0.1307836408178555,False,,,,,,,
ate_hidden_confounding,20000003,static_ate,Linear g-computation,-1.3133856925809904,-0.34739336371421814,-0.34739336371421814,True,,,,0.9659923288667722,-0.6351470833679191,-0.05963964406051708,0.0
ate_hidden_confounding,20000003,static_ate,Random forest g-computation,-1.3133856925809904,-0.059055296881148404,-0.059055296881148404,True,,,,1.254330395699842,-0.9421386653200733,0.8240280715577765,0.0
ate_hidden_confounding,20000003,static_ate,AIPW,-1.3133856925809904,-0.22583724455873652,-0.22583724455873652,True,,,,1.087548448022254,-0.6125343284294247,0.16085983931195166,0.0
ate_hidden_confounding,20000004,static_ate,CWFM-Direct,1.16935636040009,1.4200586080551147,1.4200586080551147,True,,,,0.2507022476550247,0.426264611184597,2.4138526049256326,1.0
ate_hidden_confounding,20000004,static_ate,CWFM-Calibrated,1.16935636040009,,1.9969209839867983,False,,,,,,,
ate_hidden_confounding,20000004,static_ate,Linear g-computation,1.16935636040009,2.574766159057617,2.574766159057617,True,,,,1.4054097986575271,2.287012439403916,2.862519878711318,0.0
ate_hidden_confounding,20000004,static_ate,Random forest g-computation,1.16935636040009,1.8490122365129962,1.8490122365129962,True,,,,0.6796558761129061,0.9659288680740713,2.732095604951921,1.0
ate_hidden_confounding,20000004,static_ate,AIPW,1.16935636040009,2.3884249654610343,2.3884249654610343,True,,,,1.2190686050609443,2.0017278815903463,2.7751220493317224,0.0
ate_hidden_confounding,20000005,static_ate,CWFM-Direct,-0.7662616301931423,0.30579471588134766,0.30579471588134766,True,,,,1.0720563460744899,-1.1347724696993828,1.7463619014620781,1.0
ate_hidden_confounding,20000005,static_ate,CWFM-Calibrated,-0.7662616301931423,,0.30205315020737933,False,,,,,,,
ate_hidden_confounding,20000005,static_ate,Linear g-computation,-0.7662616301931423,0.29824504256248474,0.29824504256248474,True,,,,1.064506672755627,0.010491322908783685,0.5859987622161857,0.0
ate_hidden_confounding,20000005,static_ate,Random forest g-computation,-0.7662616301931423,0.11703163084031955,0.11703163084031955,True,,,,0.8832932610334618,-0.7660517375986053,1.0001149992792444,0.0
ate_hidden_confounding,20000005,static_ate,AIPW,-0.7662616301931423,0.31074097362427333,0.31074097362427333,True,,,,1.0770026038174156,-0.07595611024641485,0.6974380574949615,0.0
ate_hidden_confounding,20000006,static_ate,CWFM-Direct,-0.5449120220191831,0.9125203490257263,0.9125203490257263,True,,,,1.4574323710449093,-1.3123779743909836,3.137418672442436,1.0
ate_hidden_confounding,20000006,static_ate,CWFM-Calibrated,-0.5449120220191831,,1.0369701091717045,False,,,,,,,
ate_hidden_confounding,20000006,static_ate,Linear g-computation,-0.5449120220191831,1.163249135017395,1.163249135017395,True,,,,1.708161157036578,0.875495415363694,1.451002854671096,0.0
ate_hidden_confounding,20000006,static_ate,Random forest g-computation,-0.5449120220191831,0.2256576108584829,0.2256576108584829,True,,,,0.770569632877666,-0.657425757580442,1.1087409792974077,1.0
ate_hidden_confounding,20000006,static_ate,AIPW,-0.5449120220191831,0.8124904371893534,0.8124904371893534,True,,,,1.3574024592085365,0.42579335331866525,1.1991875210600416,0.0
ate_hidden_confounding,20000007,static_ate,CWFM-Direct,-1.2480458109199863,0.16489450633525848,0.16489450633525848,True,,,,1.4129403172552448,-1.6102232497930526,1.9400122624635696,1.0
ate_hidden_confounding,20000007,static_ate,CWFM-Calibrated,-1.2480458109199863,,0.013837259772984375,False,,,,,,,
ate_hidden_confounding,20000007,static_ate,Linear g-computation,-1.2480458109199863,-0.1375858634710312,-0.1375858634710312,True,,,,1.1104599474489552,-0.42533958312473225,0.15016785618266987,0.0
ate_hidden_confounding,20000007,static_ate,Random forest g-computation,-1.2480458109199863,-0.012396616202334282,-0.012396616202334282,True,,,,1.235649194717652,-0.8954799846412591,0.8706867522365906,0.0
ate_hidden_confounding,20000007,static_ate,AIPW,-1.2480458109199863,-0.06893167865381751,-0.06893167865381751,True,,,,1.179114132266169,-0.4556287625245057,0.3177654052168707,0.0
ate_hidden_confounding,20000008,static_ate,CWFM-Direct,-0.7273852167112221,0.4551903307437897,0.4551903307437897,True,,,,1.182575547455012,-1.2314482140541076,2.141828875541687,1.0
ate_hidden_confounding,20000008,static_ate,CWFM-Calibrated,-0.7273852167112221,,0.4765636147154362,False,,,,,,,
ate_hidden_confounding,20000008,static_ate,Linear g-computation,-0.7273852167112221,0.49840059876441956,0.49840059876441956,True,,,,1.2257858154756418,0.2106468791107185,0.7861543184181206,0.0
ate_hidden_confounding,20000008,static_ate,Random forest g-computation,-0.7273852167112221,0.13578607301367251,0.13578607301367251,True,,,,0.8631712897248947,-0.7472972954252524,1.0188694414525974,1.0
ate_hidden_confounding,20000008,static_ate,AIPW,-0.7273852167112221,0.41178864836211576,0.41178864836211576,True,,,,1.1391738650733378,0.025091564491427576,0.798485732232804,0.0
ate_hidden_confounding,20000009,static_ate,CWFM-Direct,1.1771525024044343,1.6095666885375977,1.6095666885375977,True,,,,0.4324141861331634,1.5994763326086103,1.619657044466585,0.0
ate_hidden_confounding,20000009,static_ate,CWFM-Calibrated,1.1771525024044343,,2.0207844628658123,False,,,,,,,
ate_hidden_confounding,20000009,static_ate,Linear g-computation,1.1771525024044343,2.432215452194214,2.432215452194214,True,,,,1.2550629497897796,2.144461732540513,2.719969171847915,0.0
ate_hidden_confounding,20000009,static_ate,Random forest g-computation,1.1771525024044343,2.1850177648886393,2.1850177648886393,True,,,,1.007865262484205,1.3019343964497145,3.068101133327564,0.0
ate_hidden_confounding,20000009,static_ate,AIPW,1.1771525024044343,2.391801832178519,2.391801832178519,True,,,,1.2146493297740848,2.005104748307831,2.778498916049207,0.0
ate_hidden_confounding,20000010,static_ate,CWFM-Direct,-1.297732520314866,0.25124382972717285,0.25124382972717285,True,,,,1.5489763500420388,-1.6788178515434264,2.181305510997772,1.0
ate_hidden_confounding,20000010,static_ate,CWFM-Calibrated,-1.297732520314866,,0.1332929726504169,False,,,,,,,
ate_hidden_confounding,20000010,static_ate,Linear g-computation,-1.297732520314866,0.015274552628397942,0.015274552628397942,True,,,,1.313007072943264,-0.2724791670253031,0.303028272282099,0.0
ate_hidden_confounding,20000010,static_ate,Random forest g-computation,-1.297732520314866,-0.02171448177304035,-0.02171448177304035,True,,,,1.2760180385418256,-0.9047978502119652,0.8613688866658845,0.0
ate_hidden_confounding,20000010,static_ate,AIPW,-1.297732520314866,0.028153692184380835,0.028153692184380835,True,,,,1.3258862124992468,-0.35854339168630733,0.41485077605506904,0.0
ate_hidden_confounding,20000011,static_ate,CWFM-Direct,1.0267257185674878,1.5259703397750854,1.5259703397750854,True,,,,0.4992446212075976,1.5147249253746122,1.5372157541755587,0.0
ate_hidden_confounding,20000011,static_ate,CWFM-Calibrated,1.0267257185674878,,2.0867825503710518,False,,,,,,,
ate_hidden_confounding,20000011,static_ate,Linear g-computation,1.0267257185674878,2.648265838623047,2.648265838623047,True,,,,1.621540120055559,2.360512118969346,2.936019558276748,0.0
ate_hidden_confounding,20000011,static_ate,Random forest g-computation,1.0267257185674878,2.39045781508597,2.39045781508597,True,,,,1.363732096518482,1.5073744466470451,3.2735411835248946,0.0
ate_hidden_confounding,20000011,static_ate,AIPW,1.0267257185674878,2.5214559074242744,2.5214559074242744,True,,,,1.4947301888567865,2.1347588235535864,2.9081529912949624,0.0
ate_hidden_confounding,20000012,static_ate,CWFM-Direct,1.4897268784677415,1.5614567995071411,1.5614567995071411,True,,,,0.07172992103939957,1.334547575712204,1.7883660233020782,1.0
ate_hidden_confounding,20000012,static_ate,CWFM-Calibrated,1.4897268784677415,,2.2420474012383114,False,,,,,,,
ate_hidden_confounding,20000012,static_ate,Linear g-computation,1.4897268784677415,2.922996759414673,2.922996759414673,True,,,,1.4332698809469313,2.635243039760972,3.210750479068374,0.0
ate_hidden_confounding,20000012,static_ate,Random forest g-computation,1.4897268784677415,2.410111380009464,2.410111380009464,True,,,,0.9203845015417225,1.5270280115705392,3.2931947484483888,0.0
ate_hidden_confounding,20000012,static_ate,AIPW,1.4897268784677415,2.855275892369505,2.855275892369505,True,,,,1.3655490139017636,2.468578808498817,3.241972976240193,0.0
ate_hidden_confounding,20000013,static_ate,CWFM-Direct,1.1242578967527883,1.5374444723129272,1.5374444723129272,True,,,,0.41318657556013894,1.5262918381509372,1.5485971064749173,0.0
ate_hidden_confounding,20000013,static_ate,CWFM-Calibrated,1.1242578967527883,,2.184511051781051,False,,,,,,,
ate_hidden_confounding,20000013,static_ate,Linear g-computation,1.1242578967527883,2.832160472869873,2.832160472869873,True,,,,1.7079025761170847,2.544406753216172,3.119914192523574,0.0
ate_hidden_confounding,20000013,static_ate,Random forest g-computation,1.1242578967527883,2.5099008209208855,2.5099008209208855,True,,,,1.3856429241680972,1.6268174524819607,3.3929841893598103,0.0
ate_hidden_confounding,20000013,static_ate,AIPW,1.1242578967527883,2.7227559527698397,2.7227559527698397,True,,,,1.5984980560170514,2.3360588688991517,3.1094530366405277,0.0
ate_hidden_confounding,20000014,static_ate,CWFM-Direct,1.2568556373102167,1.3414890766143799,1.3414890766143799,True,,,,0.08463343930416323,0.45135168910026546,2.231626464128494,1.0
ate_hidden_confounding,20000014,static_ate,CWFM-Calibrated,1.2568556373102167,,1.9606747840689431,False,,,,,,,
ate_hidden_confounding,20000014,static_ate,Linear g-computation,1.2568556373102167,2.5803334712982178,2.5803334712982178,True,,,,1.3234778339880011,2.2925797516445168,2.8680871909519188,0.0
ate_hidden_confounding,20000014,static_ate,Random forest g-computation,1.2568556373102167,2.2825835781127446,2.2825835781127446,True,,,,1.025727940802528,1.3995002096738198,3.1656669465516694,0.0
ate_hidden_confounding,20000014,static_ate,AIPW,1.2568556373102167,2.489870323636745,2.489870323636745,True,,,,1.2330146863265286,2.103173239766057,2.8765674075074332,0.0
ate_hidden_confounding,20000015,static_ate,CWFM-Direct,0.9641421285392263,1.1714890003204346,1.1714890003204346,True,,,,0.20734687178120825,-0.7241276460886001,3.0671056467294693,1.0
ate_hidden_confounding,20000015,static_ate,CWFM-Calibrated,0.9641421285392263,,1.6029985411649863,False,,,,,,,
ate_hidden_confounding,20000015,static_ate,Linear g-computation,0.9641421285392263,2.0362179279327393,2.0362179279327393,True,,,,1.072075799393513,1.7484642082790383,2.3239716475864403,0.0
ate_hidden_confounding,20000015,static_ate,Random forest g-computation,0.9641421285392263,0.8259488563820551,0.8259488563820551,True,,,,0.13819327215717125,-0.05713451205686981,1.70903222482098,1.0
ate_hidden_confounding,20000015,static_ate,AIPW,0.9641421285392263,1.7210609277055233,1.7210609277055233,True,,,,0.756918799166297,1.334363843834835,2.1077580115762116,0.0
ate_hidden_confounding,20000016,static_ate,CWFM-Direct,-0.10488957563439172,0.7344288229942322,0.7344288229942322,True,,,,0.8393183986286239,-0.9159829288721084,2.384840574860573,1.0
ate_hidden_confounding,20000016,static_ate,CWFM-Calibrated,-0.10488957563439172,,0.857767500326327,False,,,,,,,
ate_hidden_confounding,20000016,static_ate,Linear g-computation,-0.10488957563439172,0.9823228716850281,0.9823228716850281,True,,,,1.0872124473194198,0.6945691520313271,1.270076591338729,0.0
ate_hidden_confounding,20000016,static_ate,Random forest g-computation,-0.10488957563439172,0.47236207256260104,0.47236207256260104,True,,,,0.5772516481969927,-0.41072129587632383,1.355445441001526,1.0
ate_hidden_confounding,20000016,static_ate,AIPW,-0.10488957563439172,0.7547489550757952,0.7547489550757952,True,,,,0.8596385307101869,0.368051871205107,1.1414460389464833,0.0
ate_hidden_confounding,20000017,static_ate,CWFM-Direct,1.1965007917819879,1.2735997438430786,1.2735997438430786,True,,,,0.07709895206109074,1.2640724165271968,1.2831270711589604,0.0
ate_hidden_confounding,20000017,static_ate,CWFM-Calibrated,1.1965007917819879,,1.6972930287691073,False,,,,,,,
ate_hidden_confounding,20000017,static_ate,Linear g-computation,1.1965007917819879,2.1215200424194336,2.1215200424194336,True,,,,0.9250192506374457,1.8337663227657326,2.4092737620731346,0.0
ate_hidden_confounding,20000017,static_ate,Random forest g-computation,1.1965007917819879,1.6910760935733087,1.6910760935733087,True,,,,0.4945753017913208,0.8079927251343838,2.5741594620122337,1.0
ate_hidden_confounding,20000017,static_ate,AIPW,1.1965007917819879,2.0210252015654384,2.0210252015654384,True,,,,0.8245244097834505,1.6343281176947502,2.4077222854361264,0.0
ate_hidden_confounding,20000018,static_ate,CWFM-Direct,0.9764400862697703,1.0912926197052002,1.0912926197052002,True,,,,0.1148525334354299,0.20629764169454579,1.9762875977158547,1.0
ate_hidden_confounding,20000018,static_ate,CWFM-Calibrated,0.9764400862697703,,1.4834677257306277,False,,,,,,,
ate_hidden_confounding,20000018,static_ate,Linear g-computation,0.9764400862697703,1.8765647411346436,1.8765647411346436,True,,,,0.9001246548648733,1.5888110214809426,2.1643184607883446,0.0
ate_hidden_confounding,20000018,static_ate,Random forest g-computation,0.9764400862697703,1.4804615218721422,1.4804615218721422,True,,,,0.5040214356023719,0.5973781534332173,2.363544890311067,1.0
ate_hidden_confounding,20000018,static_ate,AIPW,0.9764400862697703,1.7040691249625368,1.7040691249625368,True,,,,0.7276290386927665,1.3173720410918486,2.090766208833225,0.0
ate_hidden_confounding,20000019,static_ate,CWFM-Direct,0.7393593714332791,1.138171672821045,1.138171672821045,True,,,,0.3988123013877658,0.19146680027246477,2.084876545369625,1.0
ate_hidden_confounding,20000019,static_ate,CWFM-Calibrated,0.7393593714332791,,1.4932400191843942,False,,,,,,,
ate_hidden_confounding,20000019,static_ate,Linear g-computation,0.7393593714332791,1.8491584062576294,1.8491584062576294,True,,,,1.1097990348243503,1.5614046866039284,2.1369121259113304,0.0
ate_hidden_confounding,20000019,static_ate,Random forest g-computation,0.7393593714332791,1.242351927647962,1.242351927647962,True,,,,0.5029925562146829,0.3592685592090371,2.125435296086887,1.0
ate_hidden_confounding,20000019,static_ate,AIPW,0.7393593714332791,1.6884968046346742,1.6884968046346742,True,,,,0.9491374332013951,1.301799720763986,2.0751938885053622,0.0
ate_hidden_confounding,20000020,static_ate,CWFM-Direct,-1.3161253312117835,0.1218559518456459,0.1218559518456459,True,,,,1.4379812830574294,-1.614569455087185,1.8582813587784768,1.0
ate_hidden_confounding,20000020,static_ate,CWFM-Calibrated,-1.3161253312117835,,-0.042505296579869206,False,,,,,,,
ate_hidden_confounding,20000020,static_ate,Linear g-computation,-1.3161253312117835,-0.20738403499126434,-0.20738403499126434,True,,,,1.1087412962205192,-0.4951377546449654,0.08036968466243671,0.0
ate_hidden_confounding,20000020,static_ate,Random forest g-computation,-1.3161253312117835,-0.0531220347407782,-0.0531220347407782,True,,,,1.2630032964710054,-0.9362054031797031,0.8299613336981466,0.0
ate_hidden_confounding,20000020,static_ate,AIPW,-1.3161253312117835,-0.10954606562014903,-0.10954606562014903,True,,,,1.2065792655916345,-0.4962431494908372,0.27715101825053917,0.0
ate_hidden_confounding,20000021,static_ate,CWFM-Direct,-1.2420045316754693,-0.16985535621643066,-0.16985535621643066,True,,,,1.0721491754590387,-1.9021713066101074,1.562460594177246,1.0
ate_hidden_confounding,20000021,static_ate,CWFM-Calibrated,-1.2420045316754693,,-0.48422082566465874,False,,,,,,,
ate_hidden_confounding,20000021,static_ate,Linear g-computation,-1.2420045316754693,-0.7995487451553345,-0.7995487451553345,True,,,,0.44245578652013484,-1.0873024648090355,-0.5117950255016335,0.0
ate_hidden_confounding,20000021,static_ate,Random forest g-computation,-1.2420045316754693,-0.4353989475956325,-0.4353989475956325,True,,,,0.8066055840798367,-1.3184823160345573,0.44768442084329235,1.0
ate_hidden_confounding,20000021,static_ate,AIPW,-1.2420045316754693,-0.6168380936930064,-0.6168380936930064,True,,,,0.625166437982463,-1.0035351775636945,-0.23014100982231817,0.0
ate_hidden_confounding,20000022,static_ate,CWFM-Direct,0.35423724982817556,1.3009157180786133,1.3009157180786133,True,,,,0.9466784682504377,1.2915806806623005,1.310250755494926,0.0
ate_hidden_confounding,20000022,static_ate,CWFM-Calibrated,0.35423724982817556,,1.624225093504336,False,,,,,,,
ate_hidden_confounding,20000022,static_ate,Linear g-computation,0.35423724982817556,1.9482409954071045,1.9482409954071045,True,,,,1.5940037455789289,1.6604872757534035,2.2359947150608055,0.0
ate_hidden_confounding,20000022,static_ate,Random forest g-computation,0.35423724982817556,1.5404060580558652,1.5404060580558652,True,,,,1.1861688082276896,0.6573226896169403,2.42348942649479,0.0
ate_hidden_confounding,20000022,static_ate,AIPW,0.35423724982817556,1.815658917176294,1.815658917176294,True,,,,1.4614216673481184,1.4289618333056058,2.202356001046982,0.0
ate_hidden_confounding,20000023,static_ate,CWFM-Direct,1.3030525777244855,1.5361872911453247,1.5361872911453247,True,,,,0.23313471342083925,1.5265629475400784,1.545811634750571,0.0
ate_hidden_confounding,20000023,static_ate,CWFM-Calibrated,1.3030525777244855,,2.1258512480069154,False,,,,,,,
ate_hidden_confounding,20000023,static_ate,Linear g-computation,1.3030525777244855,2.715864896774292,2.715864896774292,True,,,,1.4128123190498065,2.428111177120591,3.003618616427993,0.0
ate_hidden_confounding,20000023,static_ate,Random forest g-computation,1.3030525777244855,2.4582698702674612,2.4582698702674612,True,,,,1.1552172925429758,1.5751865018285365,3.341353238706386,0.0
ate_hidden_confounding,20000023,static_ate,AIPW,1.3030525777244855,2.649818713771721,2.649818713771721,True,,,,1.3467661360472356,2.263121629901033,3.036515797642409,0.0
ate_hidden_confounding,20000024,static_ate,CWFM-Direct,1.0851981449217192,1.4102776050567627,1.4102776050567627,True,,,,0.3250794601350435,1.4004687795205972,1.4200864305929282,0.0
ate_hidden_confounding,20000024,static_ate,CWFM-Calibrated,1.0851981449217192,,1.8951753039883512,False,,,,,,,
ate_hidden_confounding,20000024,static_ate,Linear g-computation,1.0851981449217192,2.3806798458099365,2.3806798458099365,True,,,,1.2954817008882173,2.0929261261562355,2.6684335654636375,0.0
ate_hidden_confounding,20000024,static_ate,Random forest g-computation,1.0851981449217192,2.0643196316283894,2.0643196316283894,True,,,,0.9791214867066702,1.1812362631894646,2.947403000067314,0.0
ate_hidden_confounding,20000024,static_ate,AIPW,1.0851981449217192,2.2653183186462447,2.2653183186462447,True,,,,1.1801201737245255,1.8786212347755564,2.6520154025169327,0.0
ate_hidden_confounding,20000025,static_ate,CWFM-Direct,-0.2607794993263579,0.549666702747345,0.549666702747345,True,,,,0.8104462020737029,-0.5607193964719772,1.6600528019666672,1.0
ate_hidden_confounding,20000025,static_ate,CWFM-Calibrated,-0.2607794993263579,,0.6695630164792371,False,,,,,,,
ate_hidden_confounding,20000025,static_ate,Linear g-computation,-0.2607794993263579,0.7897552847862244,0.7897552847862244,True,,,,1.0505347841125823,0.5020015651325234,1.0775090044399254,0.0
ate_hidden_confounding,20000025,static_ate,Random forest g-computation,-0.2607794993263579,0.2739333208391546,0.2739333208391546,True,,,,0.5347128201655125,-0.6091500475997702,1.1570166892780795,1.0
ate_hidden_confounding,20000025,static_ate,AIPW,-0.2607794993263579,0.7345853772586199,0.7345853772586199,True,,,,0.9953648765849779,0.34788829338793176,1.1212824611293082,0.0
ate_hidden_confounding,20000026,static_ate,CWFM-Direct,-0.8126217016998396,0.47200486063957214,0.47200486063957214,True,,,,1.2846265623394117,-1.900040872693062,2.8440505939722063,1.0
ate_hidden_confounding,20000026,static_ate,CWFM-Calibrated,-0.8126217016998396,,0.42304731724091027,False,,,,,,,
ate_hidden_confounding,20000026,static_ate,Linear g-computation,-0.8126217016998396,0.3755432963371277,0.3755432963371277,True,,,,1.1881649980369673,0.08778957668342663,0.6632970159908287,0.0
ate_hidden_confounding,20000026,static_ate,Random forest g-computation,-0.8126217016998396,0.02160835434826709,0.02160835434826709,True,,,,0.8342300560481067,-0.8614750140906577,0.904691722787192,1.0
ate_hidden_confounding,20000026,static_ate,AIPW,-0.8126217016998396,0.10106999419103009,0.10106999419103009,True,,,,0.9136916958908697,-0.2856270896796581,0.48776707806171826,0.0
ate_hidden_confounding,20000027,static_ate,CWFM-Direct,-0.9474060716686732,0.2743704617023468,0.2743704617023468,True,,,,1.22177653337102,-1.647678799033165,2.1964197224378585,1.0
ate_hidden_confounding,20000027,static_ate,CWFM-Calibrated,-0.9474060716686732,,0.1735084607483381,False,,,,,,,
ate_hidden_confounding,20000027,static_ate,Linear g-computation,-0.9474060716686732,0.07358425855636597,0.07358425855636597,True,,,,1.0209903302250392,-0.2141694610973351,0.361337978210067,0.0
ate_hidden_confounding,20000027,static_ate,Random forest g-computation,-0.9474060716686732,-0.011934419990168229,-0.011934419990168229,True,,,,0.935471651678505,-0.8950177884290931,0.8711489484487567,0.0
ate_hidden_confounding,20000027,static_ate,AIPW,-0.9474060716686732,-0.10388611262826537,-0.10388611262826537,True,,,,0.8435199590404078,-0.49058319649895354,0.2828109712424228,0.0
ate_hidden_confounding,20000028,static_ate,CWFM-Direct,-1.3460658583644791,-0.016758708283305168,-0.016758708283305168,True,,,,1.329307150081174,-1.9617107962816953,1.928193379715085,1.0
ate_hidden_confounding,20000028,static_ate,CWFM-Calibrated,-1.3460658583644791,,-0.25493671738684276,False,,,,,,,
ate_hidden_confounding,20000028,static_ate,Linear g-computation,-1.3460658583644791,-0.4937751889228821,-0.4937751889228821,True,,,,0.852290669441597,-0.7815289085765831,-0.20602146926918102,0.0
ate_hidden_confounding,20000028,static_ate,Random forest g-computation,-1.3460658583644791,-0.019273877100533205,-0.019273877100533205,True,,,,1.326791981263946,-0.9023572455394581,0.8638094913383917,0.0
ate_hidden_confounding,20000028,static_ate,AIPW,-1.3460658583644791,-0.3718063337507403,-0.3718063337507403,True,,,,0.9742595246137389,-0.7585034176214285,0.014890750119947893,0.0
ate_hidden_confounding,20000029,static_ate,CWFM-Direct,0.6213270083420159,0.8983613848686218,0.8983613848686218,True,,,,0.2770343765266059,-0.2974988022446632,2.094221571981907,1.0
ate_hidden_confounding,20000029,static_ate,CWFM-Calibrated,0.6213270083420159,,1.1196718877171712,False,,,,,,,
ate_hidden_confounding,20000029,static_ate,Linear g-computation,0.6213270083420159,1.3411056995391846,1.3411056995391846,True,,,,0.7197786911971686,1.0533519798854836,1.6288594191928856,0.0
ate_hidden_confounding,20000029,static_ate,Random forest g-computation,0.6213270083420159,1.1282495121583507,1.1282495121583507,True,,,,0.5069225038163347,0.2451661437194258,2.0113328805972754,1.0
ate_hidden_confounding,20000029,static_ate,AIPW,0.6213270083420159,1.3177125741017832,1.3177125741017832,True,,,,0.6963855657597673,0.931015490231095,1.7044096579724715,0.0
regime_linear_split,20100000,observed_regime,CWFM-Direct,6.0,12.0,,True,0.0,1.0,0.0,,,,
regime_linear_split,20100000,observed_regime,CWFM-Calibrated,6.0,12.0,,True,0.0,1.0,0.0,,,,
regime_linear_split,20100000,observed_regime,MOB-like,6.0,6.0,,True,1.0,1.0,1.0,,,,
regime_linear_split,20100001,observed_regime,CWFM-Direct,2.0,12.0,,True,0.0,1.0,0.0,,,,
regime_linear_split,20100001,observed_regime,CWFM-Calibrated,2.0,12.0,,True,0.0,1.0,0.0,,,,
regime_linear_split,20100001,observed_regime,MOB-like,2.0,2.0,,True,1.0,1.0,1.0,,,,
regime_linear_split,20100002,observed_regime,CWFM-Direct,6.0,12.0,,True,0.0,1.0,0.0,,,,
regime_linear_split,20100002,observed_regime,CWFM-Calibrated,6.0,12.0,,True,0.0,1.0,0.0,,,,
regime_linear_split,20100002,observed_regime,MOB-like,6.0,12.0,,True,0.0,1.0,0.0,,,,
regime_linear_split,20100003,observed_regime,CWFM-Direct,6.0,6.0,,True,1.0,1.0,1.0,,,,
regime_linear_split,20100003,observed_regime,CWFM-Calibrated,6.0,6.0,,True,1.0,1.0,1.0,,,,
regime_linear_split,20100003,observed_regime,MOB-like,6.0,6.0,,True,1.0,1.0,1.0,,,,
regime_linear_split,20100004,observed_regime,CWFM-Direct,6.0,12.0,,True,0.0,1.0,0.0,,,,
regime_linear_split,20100004,observed_regime,CWFM-Calibrated,6.0,12.0,,True,0.0,1.0,0.0,,,,
regime_linear_split,20100004,observed_regime,MOB-like,6.0,6.0,,True,1.0,1.0,1.0,,,,
regime_linear_split,20100005,observed_regime,CWFM-Direct,5.0,12.0,,True,0.0,1.0,0.0,,,,
regime_linear_split,20100005,observed_regime,CWFM-Calibrated,5.0,12.0,,True,0.0,1.0,0.0,,,,
regime_linear_split,20100005,observed_regime,MOB-like,5.0,5.0,,True,1.0,1.0,1.0,,,,
regime_linear_split,20100006,observed_regime,CWFM-Direct,4.0,12.0,,True,0.0,1.0,0.0,,,,
regime_linear_split,20100006,observed_regime,CWFM-Calibrated,4.0,12.0,,True,0.0,1.0,0.0,,,,
regime_linear_split,20100006,observed_regime,MOB-like,4.0,4.0,,True,1.0,1.0,1.0,,,,
regime_linear_split,20100007,observed_regime,CWFM-Direct,2.0,12.0,,True,0.0,1.0,0.0,,,,
regime_linear_split,20100007,observed_regime,CWFM-Calibrated,2.0,12.0,,True,0.0,1.0,0.0,,,,
regime_linear_split,20100007,observed_regime,MOB-like,2.0,2.0,,True,1.0,1.0,1.0,,,,
regime_linear_split,20100008,observed_regime,CWFM-Direct,5.0,12.0,,True,0.0,1.0,0.0,,,,
regime_linear_split,20100008,observed_regime,CWFM-Calibrated,5.0,12.0,,True,0.0,1.0,0.0,,,,
regime_linear_split,20100008,observed_regime,MOB-like,5.0,0.0,,True,0.0,1.0,1.0,,,,
regime_linear_split,20100009,observed_regime,CWFM-Direct,4.0,12.0,,True,0.0,1.0,0.0,,,,
regime_linear_split,20100009,observed_regime,CWFM-Calibrated,4.0,12.0,,True,0.0,1.0,0.0,,,,
regime_linear_split,20100009,observed_regime,MOB-like,4.0,4.0,,True,1.0,1.0,1.0,,,,
regime_linear_split,20100010,observed_regime,CWFM-Direct,6.0,6.0,,True,1.0,1.0,1.0,,,,
regime_linear_split,20100010,observed_regime,CWFM-Calibrated,6.0,6.0,,True,1.0,1.0,1.0,,,,
regime_linear_split,20100010,observed_regime,MOB-like,6.0,6.0,,True,1.0,1.0,1.0,,,,
regime_linear_split,20100011,observed_regime,CWFM-Direct,3.0,12.0,,True,0.0,1.0,0.0,,,,
regime_linear_split,20100011,observed_regime,CWFM-Calibrated,3.0,12.0,,True,0.0,1.0,0.0,,,,
regime_linear_split,20100011,observed_regime,MOB-like,3.0,3.0,,True,1.0,1.0,1.0,,,,
regime_linear_split,20100012,observed_regime,CWFM-Direct,4.0,12.0,,True,0.0,1.0,0.0,,,,
regime_linear_split,20100012,observed_regime,CWFM-Calibrated,4.0,12.0,,True,0.0,1.0,0.0,,,,
regime_linear_split,20100012,observed_regime,MOB-like,4.0,4.0,,True,1.0,1.0,1.0,,,,
regime_linear_split,20100013,observed_regime,CWFM-Direct,3.0,12.0,,True,0.0,1.0,0.0,,,,
regime_linear_split,20100013,observed_regime,CWFM-Calibrated,3.0,12.0,,True,0.0,1.0,0.0,,,,
regime_linear_split,20100013,observed_regime,MOB-like,3.0,12.0,,True,0.0,1.0,0.0,,,,
regime_linear_split,20100014,observed_regime,CWFM-Direct,6.0,12.0,,True,0.0,1.0,0.0,,,,
regime_linear_split,20100014,observed_regime,CWFM-Calibrated,6.0,12.0,,True,0.0,1.0,0.0,,,,
regime_linear_split,20100014,observed_regime,MOB-like,6.0,6.0,,True,1.0,1.0,1.0,,,,
regime_linear_split,20100015,observed_regime,CWFM-Direct,3.0,12.0,,True,0.0,1.0,0.0,,,,
regime_linear_split,20100015,observed_regime,CWFM-Calibrated,3.0,12.0,,True,0.0,1.0,0.0,,,,
regime_linear_split,20100015,observed_regime,MOB-like,3.0,12.0,,True,0.0,1.0,0.0,,,,
regime_linear_split,20100016,observed_regime,CWFM-Direct,4.0,12.0,,True,0.0,1.0,0.0,,,,
regime_linear_split,20100016,observed_regime,CWFM-Calibrated,4.0,12.0,,True,0.0,1.0,0.0,,,,
regime_linear_split,20100016,observed_regime,MOB-like,4.0,4.0,,True,1.0,1.0,1.0,,,,
regime_linear_split,20100017,observed_regime,CWFM-Direct,2.0,12.0,,True,0.0,1.0,0.0,,,,
regime_linear_split,20100017,observed_regime,CWFM-Calibrated,2.0,12.0,,True,0.0,1.0,0.0,,,,
regime_linear_split,20100017,observed_regime,MOB-like,2.0,2.0,,True,1.0,1.0,1.0,,,,
regime_linear_split,20100018,observed_regime,CWFM-Direct,2.0,12.0,,True,0.0,1.0,0.0,,,,
regime_linear_split,20100018,observed_regime,CWFM-Calibrated,2.0,12.0,,True,0.0,1.0,0.0,,,,
regime_linear_split,20100018,observed_regime,MOB-like,2.0,2.0,,True,1.0,1.0,1.0,,,,
regime_linear_split,20100019,observed_regime,CWFM-Direct,4.0,12.0,,True,0.0,1.0,0.0,,,,
regime_linear_split,20100019,observed_regime,CWFM-Calibrated,4.0,12.0,,True,0.0,1.0,0.0,,,,
regime_linear_split,20100019,observed_regime,MOB-like,4.0,4.0,,True,1.0,1.0,1.0,,,,
regime_linear_split,20100020,observed_regime,CWFM-Direct,2.0,12.0,,True,0.0,1.0,0.0,,,,
regime_linear_split,20100020,observed_regime,CWFM-Calibrated,2.0,12.0,,True,0.0,1.0,0.0,,,,
regime_linear_split,20100020,observed_regime,MOB-like,2.0,12.0,,True,0.0,1.0,0.0,,,,
regime_linear_split,20100021,observed_regime,CWFM-Direct,3.0,12.0,,True,0.0,1.0,0.0,,,,
regime_linear_split,20100021,observed_regime,CWFM-Calibrated,3.0,12.0,,True,0.0,1.0,0.0,,,,
regime_linear_split,20100021,observed_regime,MOB-like,3.0,3.0,,True,1.0,1.0,1.0,,,,
regime_linear_split,20100022,observed_regime,CWFM-Direct,6.0,12.0,,True,0.0,1.0,0.0,,,,
regime_linear_split,20100022,observed_regime,CWFM-Calibrated,6.0,12.0,,True,0.0,1.0,0.0,,,,
regime_linear_split,20100022,observed_regime,MOB-like,6.0,12.0,,True,0.0,1.0,0.0,,,,
regime_linear_split,20100023,observed_regime,CWFM-Direct,5.0,12.0,,True,0.0,1.0,0.0,,,,
regime_linear_split,20100023,observed_regime,CWFM-Calibrated,5.0,12.0,,True,0.0,1.0,0.0,,,,
regime_linear_split,20100023,observed_regime,MOB-like,5.0,5.0,,True,1.0,1.0,1.0,,,,
regime_linear_split,20100024,observed_regime,CWFM-Direct,4.0,12.0,,True,0.0,1.0,0.0,,,,
regime_linear_split,20100024,observed_regime,CWFM-Calibrated,4.0,12.0,,True,0.0,1.0,0.0,,,,
regime_linear_split,20100024,observed_regime,MOB-like,4.0,4.0,,True,1.0,1.0,1.0,,,,
regime_linear_split,20100025,observed_regime,CWFM-Direct,2.0,12.0,,True,0.0,1.0,0.0,,,,
regime_linear_split,20100025,observed_regime,CWFM-Calibrated,2.0,12.0,,True,0.0,1.0,0.0,,,,
regime_linear_split,20100025,observed_regime,MOB-like,2.0,2.0,,True,1.0,1.0,1.0,,,,
regime_linear_split,20100026,observed_regime,CWFM-Direct,6.0,12.0,,True,0.0,1.0,0.0,,,,
regime_linear_split,20100026,observed_regime,CWFM-Calibrated,6.0,12.0,,True,0.0,1.0,0.0,,,,
regime_linear_split,20100026,observed_regime,MOB-like,6.0,6.0,,True,1.0,1.0,1.0,,,,
regime_linear_split,20100027,observed_regime,CWFM-Direct,5.0,12.0,,True,0.0,1.0,0.0,,,,
regime_linear_split,20100027,observed_regime,CWFM-Calibrated,5.0,12.0,,True,0.0,1.0,0.0,,,,
regime_linear_split,20100027,observed_regime,MOB-like,5.0,5.0,,True,1.0,1.0,1.0,,,,
regime_linear_split,20100028,observed_regime,CWFM-Direct,2.0,12.0,,True,0.0,1.0,0.0,,,,
regime_linear_split,20100028,observed_regime,CWFM-Calibrated,2.0,12.0,,True,0.0,1.0,0.0,,,,
regime_linear_split,20100028,observed_regime,MOB-like,2.0,2.0,,True,1.0,1.0,1.0,,,,
regime_linear_split,20100029,observed_regime,CWFM-Direct,2.0,12.0,,True,0.0,1.0,0.0,,,,
regime_linear_split,20100029,observed_regime,CWFM-Calibrated,2.0,12.0,,True,0.0,1.0,0.0,,,,
regime_linear_split,20100029,observed_regime,MOB-like,2.0,2.0,,True,1.0,1.0,1.0,,,,
regime_weak_split,20100000,observed_regime,CWFM-Direct,6.0,12.0,,True,0.0,1.0,0.0,,,,
regime_weak_split,20100000,observed_regime,CWFM-Calibrated,6.0,12.0,,True,0.0,1.0,0.0,,,,
regime_weak_split,20100000,observed_regime,MOB-like,6.0,12.0,,True,0.0,1.0,0.0,,,,
regime_weak_split,20100001,observed_regime,CWFM-Direct,2.0,12.0,,True,0.0,1.0,0.0,,,,
regime_weak_split,20100001,observed_regime,CWFM-Calibrated,2.0,12.0,,True,0.0,1.0,0.0,,,,
regime_weak_split,20100001,observed_regime,MOB-like,2.0,12.0,,True,0.0,1.0,0.0,,,,
regime_weak_split,20100002,observed_regime,CWFM-Direct,6.0,12.0,,True,0.0,1.0,0.0,,,,
regime_weak_split,20100002,observed_regime,CWFM-Calibrated,6.0,12.0,,True,0.0,1.0,0.0,,,,
regime_weak_split,20100002,observed_regime,MOB-like,6.0,12.0,,True,0.0,1.0,0.0,,,,
regime_weak_split,20100003,observed_regime,CWFM-Direct,6.0,12.0,,True,0.0,1.0,0.0,,,,
regime_weak_split,20100003,observed_regime,CWFM-Calibrated,6.0,12.0,,True,0.0,1.0,0.0,,,,
regime_weak_split,20100003,observed_regime,MOB-like,6.0,6.0,,True,1.0,1.0,1.0,,,,
regime_weak_split,20100004,observed_regime,CWFM-Direct,6.0,12.0,,True,0.0,1.0,0.0,,,,
regime_weak_split,20100004,observed_regime,CWFM-Calibrated,6.0,12.0,,True,0.0,1.0,0.0,,,,
regime_weak_split,20100004,observed_regime,MOB-like,6.0,12.0,,True,0.0,1.0,0.0,,,,
regime_weak_split,20100005,observed_regime,CWFM-Direct,5.0,12.0,,True,0.0,1.0,0.0,,,,
regime_weak_split,20100005,observed_regime,CWFM-Calibrated,5.0,12.0,,True,0.0,1.0,0.0,,,,
regime_weak_split,20100005,observed_regime,MOB-like,5.0,12.0,,True,0.0,1.0,0.0,,,,
regime_weak_split,20100006,observed_regime,CWFM-Direct,4.0,12.0,,True,0.0,1.0,0.0,,,,
regime_weak_split,20100006,observed_regime,CWFM-Calibrated,4.0,12.0,,True,0.0,1.0,0.0,,,,
regime_weak_split,20100006,observed_regime,MOB-like,4.0,12.0,,True,0.0,1.0,0.0,,,,
regime_weak_split,20100007,observed_regime,CWFM-Direct,2.0,12.0,,True,0.0,1.0,0.0,,,,
regime_weak_split,20100007,observed_regime,CWFM-Calibrated,2.0,12.0,,True,0.0,1.0,0.0,,,,
regime_weak_split,20100007,observed_regime,MOB-like,2.0,12.0,,True,0.0,1.0,0.0,,,,
regime_weak_split,20100008,observed_regime,CWFM-Direct,5.0,12.0,,True,0.0,1.0,0.0,,,,
regime_weak_split,20100008,observed_regime,CWFM-Calibrated,5.0,12.0,,True,0.0,1.0,0.0,,,,
regime_weak_split,20100008,observed_regime,MOB-like,5.0,12.0,,True,0.0,1.0,0.0,,,,
regime_weak_split,20100009,observed_regime,CWFM-Direct,4.0,12.0,,True,0.0,1.0,0.0,,,,
regime_weak_split,20100009,observed_regime,CWFM-Calibrated,4.0,12.0,,True,0.0,1.0,0.0,,,,
regime_weak_split,20100009,observed_regime,MOB-like,4.0,12.0,,True,0.0,1.0,0.0,,,,
regime_weak_split,20100010,observed_regime,CWFM-Direct,6.0,12.0,,True,0.0,1.0,0.0,,,,
regime_weak_split,20100010,observed_regime,CWFM-Calibrated,6.0,12.0,,True,0.0,1.0,0.0,,,,
regime_weak_split,20100010,observed_regime,MOB-like,6.0,12.0,,True,0.0,1.0,0.0,,,,
regime_weak_split,20100011,observed_regime,CWFM-Direct,3.0,12.0,,True,0.0,1.0,0.0,,,,
regime_weak_split,20100011,observed_regime,CWFM-Calibrated,3.0,12.0,,True,0.0,1.0,0.0,,,,
regime_weak_split,20100011,observed_regime,MOB-like,3.0,12.0,,True,0.0,1.0,0.0,,,,
regime_weak_split,20100012,observed_regime,CWFM-Direct,4.0,12.0,,True,0.0,1.0,0.0,,,,
regime_weak_split,20100012,observed_regime,CWFM-Calibrated,4.0,12.0,,True,0.0,1.0,0.0,,,,
regime_weak_split,20100012,observed_regime,MOB-like,4.0,12.0,,True,0.0,1.0,0.0,,,,
regime_weak_split,20100013,observed_regime,CWFM-Direct,3.0,12.0,,True,0.0,1.0,0.0,,,,
regime_weak_split,20100013,observed_regime,CWFM-Calibrated,3.0,12.0,,True,0.0,1.0,0.0,,,,
regime_weak_split,20100013,observed_regime,MOB-like,3.0,12.0,,True,0.0,1.0,0.0,,,,
regime_weak_split,20100014,observed_regime,CWFM-Direct,6.0,12.0,,True,0.0,1.0,0.0,,,,
regime_weak_split,20100014,observed_regime,CWFM-Calibrated,6.0,12.0,,True,0.0,1.0,0.0,,,,
regime_weak_split,20100014,observed_regime,MOB-like,6.0,12.0,,True,0.0,1.0,0.0,,,,
regime_weak_split,20100015,observed_regime,CWFM-Direct,3.0,12.0,,True,0.0,1.0,0.0,,,,
regime_weak_split,20100015,observed_regime,CWFM-Calibrated,3.0,12.0,,True,0.0,1.0,0.0,,,,
regime_weak_split,20100015,observed_regime,MOB-like,3.0,12.0,,True,0.0,1.0,0.0,,,,
regime_weak_split,20100016,observed_regime,CWFM-Direct,4.0,12.0,,True,0.0,1.0,0.0,,,,
regime_weak_split,20100016,observed_regime,CWFM-Calibrated,4.0,12.0,,True,0.0,1.0,0.0,,,,
regime_weak_split,20100016,observed_regime,MOB-like,4.0,12.0,,True,0.0,1.0,0.0,,,,
regime_weak_split,20100017,observed_regime,CWFM-Direct,2.0,12.0,,True,0.0,1.0,0.0,,,,
regime_weak_split,20100017,observed_regime,CWFM-Calibrated,2.0,12.0,,True,0.0,1.0,0.0,,,,
regime_weak_split,20100017,observed_regime,MOB-like,2.0,12.0,,True,0.0,1.0,0.0,,,,
regime_weak_split,20100018,observed_regime,CWFM-Direct,2.0,12.0,,True,0.0,1.0,0.0,,,,
regime_weak_split,20100018,observed_regime,CWFM-Calibrated,2.0,12.0,,True,0.0,1.0,0.0,,,,
regime_weak_split,20100018,observed_regime,MOB-like,2.0,12.0,,True,0.0,1.0,0.0,,,,
regime_weak_split,20100019,observed_regime,CWFM-Direct,4.0,12.0,,True,0.0,1.0,0.0,,,,
regime_weak_split,20100019,observed_regime,CWFM-Calibrated,4.0,12.0,,True,0.0,1.0,0.0,,,,
regime_weak_split,20100019,observed_regime,MOB-like,4.0,12.0,,True,0.0,1.0,0.0,,,,
regime_weak_split,20100020,observed_regime,CWFM-Direct,2.0,12.0,,True,0.0,1.0,0.0,,,,
regime_weak_split,20100020,observed_regime,CWFM-Calibrated,2.0,12.0,,True,0.0,1.0,0.0,,,,
regime_weak_split,20100020,observed_regime,MOB-like,2.0,12.0,,True,0.0,1.0,0.0,,,,
regime_weak_split,20100021,observed_regime,CWFM-Direct,3.0,12.0,,True,0.0,1.0,0.0,,,,
regime_weak_split,20100021,observed_regime,CWFM-Calibrated,3.0,12.0,,True,0.0,1.0,0.0,,,,
regime_weak_split,20100021,observed_regime,MOB-like,3.0,12.0,,True,0.0,1.0,0.0,,,,
regime_weak_split,20100022,observed_regime,CWFM-Direct,6.0,12.0,,True,0.0,1.0,0.0,,,,
regime_weak_split,20100022,observed_regime,CWFM-Calibrated,6.0,12.0,,True,0.0,1.0,0.0,,,,
regime_weak_split,20100022,observed_regime,MOB-like,6.0,12.0,,True,0.0,1.0,0.0,,,,
regime_weak_split,20100023,observed_regime,CWFM-Direct,5.0,12.0,,True,0.0,1.0,0.0,,,,
regime_weak_split,20100023,observed_regime,CWFM-Calibrated,5.0,12.0,,True,0.0,1.0,0.0,,,,
regime_weak_split,20100023,observed_regime,MOB-like,5.0,12.0,,True,0.0,1.0,0.0,,,,
regime_weak_split,20100024,observed_regime,CWFM-Direct,4.0,12.0,,True,0.0,1.0,0.0,,,,
regime_weak_split,20100024,observed_regime,CWFM-Calibrated,4.0,12.0,,True,0.0,1.0,0.0,,,,
regime_weak_split,20100024,observed_regime,MOB-like,4.0,12.0,,True,0.0,1.0,0.0,,,,
regime_weak_split,20100025,observed_regime,CWFM-Direct,2.0,12.0,,True,0.0,1.0,0.0,,,,
regime_weak_split,20100025,observed_regime,CWFM-Calibrated,2.0,12.0,,True,0.0,1.0,0.0,,,,
regime_weak_split,20100025,observed_regime,MOB-like,2.0,12.0,,True,0.0,1.0,0.0,,,,
regime_weak_split,20100026,observed_regime,CWFM-Direct,6.0,12.0,,True,0.0,1.0,0.0,,,,
regime_weak_split,20100026,observed_regime,CWFM-Calibrated,6.0,12.0,,True,0.0,1.0,0.0,,,,
regime_weak_split,20100026,observed_regime,MOB-like,6.0,12.0,,True,0.0,1.0,0.0,,,,
regime_weak_split,20100027,observed_regime,CWFM-Direct,5.0,12.0,,True,0.0,1.0,0.0,,,,
regime_weak_split,20100027,observed_regime,CWFM-Calibrated,5.0,12.0,,True,0.0,1.0,0.0,,,,
regime_weak_split,20100027,observed_regime,MOB-like,5.0,12.0,,True,0.0,1.0,0.0,,,,
regime_weak_split,20100028,observed_regime,CWFM-Direct,2.0,12.0,,True,0.0,1.0,0.0,,,,
regime_weak_split,20100028,observed_regime,CWFM-Calibrated,2.0,12.0,,True,0.0,1.0,0.0,,,,
regime_weak_split,20100028,observed_regime,MOB-like,2.0,12.0,,True,0.0,1.0,0.0,,,,
regime_weak_split,20100029,observed_regime,CWFM-Direct,2.0,12.0,,True,0.0,1.0,0.0,,,,
regime_weak_split,20100029,observed_regime,CWFM-Calibrated,2.0,12.0,,True,0.0,1.0,0.0,,,,
regime_weak_split,20100029,observed_regime,MOB-like,2.0,12.0,,True,0.0,1.0,0.0,,,,
regime_stationary_nonlinear,20100000,observed_regime,CWFM-Direct,12.0,12.0,,True,1.0,0.0,0.0,,,,
regime_stationary_nonlinear,20100000,observed_regime,CWFM-Calibrated,12.0,12.0,,True,1.0,0.0,0.0,,,,
regime_stationary_nonlinear,20100000,observed_regime,MOB-like,12.0,0.0,,True,0.0,0.0,1.0,,,,
regime_stationary_nonlinear,20100001,observed_regime,CWFM-Direct,12.0,12.0,,True,1.0,0.0,0.0,,,,
regime_stationary_nonlinear,20100001,observed_regime,CWFM-Calibrated,12.0,12.0,,True,1.0,0.0,0.0,,,,
regime_stationary_nonlinear,20100001,observed_regime,MOB-like,12.0,0.0,,True,0.0,0.0,1.0,,,,
regime_stationary_nonlinear,20100002,observed_regime,CWFM-Direct,12.0,12.0,,True,1.0,0.0,0.0,,,,
regime_stationary_nonlinear,20100002,observed_regime,CWFM-Calibrated,12.0,12.0,,True,1.0,0.0,0.0,,,,
regime_stationary_nonlinear,20100002,observed_regime,MOB-like,12.0,0.0,,True,0.0,0.0,1.0,,,,
regime_stationary_nonlinear,20100003,observed_regime,CWFM-Direct,12.0,12.0,,True,1.0,0.0,0.0,,,,
regime_stationary_nonlinear,20100003,observed_regime,CWFM-Calibrated,12.0,12.0,,True,1.0,0.0,0.0,,,,
regime_stationary_nonlinear,20100003,observed_regime,MOB-like,12.0,0.0,,True,0.0,0.0,1.0,,,,
regime_stationary_nonlinear,20100004,observed_regime,CWFM-Direct,12.0,12.0,,True,1.0,0.0,0.0,,,,
regime_stationary_nonlinear,20100004,observed_regime,CWFM-Calibrated,12.0,12.0,,True,1.0,0.0,0.0,,,,
regime_stationary_nonlinear,20100004,observed_regime,MOB-like,12.0,0.0,,True,0.0,0.0,1.0,,,,
regime_stationary_nonlinear,20100005,observed_regime,CWFM-Direct,12.0,12.0,,True,1.0,0.0,0.0,,,,
regime_stationary_nonlinear,20100005,observed_regime,CWFM-Calibrated,12.0,12.0,,True,1.0,0.0,0.0,,,,
regime_stationary_nonlinear,20100005,observed_regime,MOB-like,12.0,0.0,,True,0.0,0.0,1.0,,,,
regime_stationary_nonlinear,20100006,observed_regime,CWFM-Direct,12.0,12.0,,True,1.0,0.0,0.0,,,,
regime_stationary_nonlinear,20100006,observed_regime,CWFM-Calibrated,12.0,12.0,,True,1.0,0.0,0.0,,,,
regime_stationary_nonlinear,20100006,observed_regime,MOB-like,12.0,0.0,,True,0.0,0.0,1.0,,,,
regime_stationary_nonlinear,20100007,observed_regime,CWFM-Direct,12.0,12.0,,True,1.0,0.0,0.0,,,,
regime_stationary_nonlinear,20100007,observed_regime,CWFM-Calibrated,12.0,12.0,,True,1.0,0.0,0.0,,,,
regime_stationary_nonlinear,20100007,observed_regime,MOB-like,12.0,0.0,,True,0.0,0.0,1.0,,,,
regime_stationary_nonlinear,20100008,observed_regime,CWFM-Direct,12.0,12.0,,True,1.0,0.0,0.0,,,,
regime_stationary_nonlinear,20100008,observed_regime,CWFM-Calibrated,12.0,12.0,,True,1.0,0.0,0.0,,,,
regime_stationary_nonlinear,20100008,observed_regime,MOB-like,12.0,0.0,,True,0.0,0.0,1.0,,,,
regime_stationary_nonlinear,20100009,observed_regime,CWFM-Direct,12.0,12.0,,True,1.0,0.0,0.0,,,,
regime_stationary_nonlinear,20100009,observed_regime,CWFM-Calibrated,12.0,12.0,,True,1.0,0.0,0.0,,,,
regime_stationary_nonlinear,20100009,observed_regime,MOB-like,12.0,0.0,,True,0.0,0.0,1.0,,,,
regime_stationary_nonlinear,20100010,observed_regime,CWFM-Direct,12.0,12.0,,True,1.0,0.0,0.0,,,,
regime_stationary_nonlinear,20100010,observed_regime,CWFM-Calibrated,12.0,12.0,,True,1.0,0.0,0.0,,,,
regime_stationary_nonlinear,20100010,observed_regime,MOB-like,12.0,0.0,,True,0.0,0.0,1.0,,,,
regime_stationary_nonlinear,20100011,observed_regime,CWFM-Direct,12.0,12.0,,True,1.0,0.0,0.0,,,,
regime_stationary_nonlinear,20100011,observed_regime,CWFM-Calibrated,12.0,12.0,,True,1.0,0.0,0.0,,,,
regime_stationary_nonlinear,20100011,observed_regime,MOB-like,12.0,0.0,,True,0.0,0.0,1.0,,,,
regime_stationary_nonlinear,20100012,observed_regime,CWFM-Direct,12.0,12.0,,True,1.0,0.0,0.0,,,,
regime_stationary_nonlinear,20100012,observed_regime,CWFM-Calibrated,12.0,12.0,,True,1.0,0.0,0.0,,,,
regime_stationary_nonlinear,20100012,observed_regime,MOB-like,12.0,0.0,,True,0.0,0.0,1.0,,,,
regime_stationary_nonlinear,20100013,observed_regime,CWFM-Direct,12.0,12.0,,True,1.0,0.0,0.0,,,,
regime_stationary_nonlinear,20100013,observed_regime,CWFM-Calibrated,12.0,12.0,,True,1.0,0.0,0.0,,,,
regime_stationary_nonlinear,20100013,observed_regime,MOB-like,12.0,0.0,,True,0.0,0.0,1.0,,,,
regime_stationary_nonlinear,20100014,observed_regime,CWFM-Direct,12.0,12.0,,True,1.0,0.0,0.0,,,,
regime_stationary_nonlinear,20100014,observed_regime,CWFM-Calibrated,12.0,12.0,,True,1.0,0.0,0.0,,,,
regime_stationary_nonlinear,20100014,observed_regime,MOB-like,12.0,0.0,,True,0.0,0.0,1.0,,,,
regime_stationary_nonlinear,20100015,observed_regime,CWFM-Direct,12.0,12.0,,True,1.0,0.0,0.0,,,,
regime_stationary_nonlinear,20100015,observed_regime,CWFM-Calibrated,12.0,12.0,,True,1.0,0.0,0.0,,,,
regime_stationary_nonlinear,20100015,observed_regime,MOB-like,12.0,0.0,,True,0.0,0.0,1.0,,,,
regime_stationary_nonlinear,20100016,observed_regime,CWFM-Direct,12.0,12.0,,True,1.0,0.0,0.0,,,,
regime_stationary_nonlinear,20100016,observed_regime,CWFM-Calibrated,12.0,12.0,,True,1.0,0.0,0.0,,,,
regime_stationary_nonlinear,20100016,observed_regime,MOB-like,12.0,0.0,,True,0.0,0.0,1.0,,,,
regime_stationary_nonlinear,20100017,observed_regime,CWFM-Direct,12.0,12.0,,True,1.0,0.0,0.0,,,,
regime_stationary_nonlinear,20100017,observed_regime,CWFM-Calibrated,12.0,12.0,,True,1.0,0.0,0.0,,,,
regime_stationary_nonlinear,20100017,observed_regime,MOB-like,12.0,0.0,,True,0.0,0.0,1.0,,,,
regime_stationary_nonlinear,20100018,observed_regime,CWFM-Direct,12.0,12.0,,True,1.0,0.0,0.0,,,,
regime_stationary_nonlinear,20100018,observed_regime,CWFM-Calibrated,12.0,12.0,,True,1.0,0.0,0.0,,,,
regime_stationary_nonlinear,20100018,observed_regime,MOB-like,12.0,0.0,,True,0.0,0.0,1.0,,,,
regime_stationary_nonlinear,20100019,observed_regime,CWFM-Direct,12.0,12.0,,True,1.0,0.0,0.0,,,,
regime_stationary_nonlinear,20100019,observed_regime,CWFM-Calibrated,12.0,12.0,,True,1.0,0.0,0.0,,,,
regime_stationary_nonlinear,20100019,observed_regime,MOB-like,12.0,0.0,,True,0.0,0.0,1.0,,,,
regime_stationary_nonlinear,20100020,observed_regime,CWFM-Direct,12.0,12.0,,True,1.0,0.0,0.0,,,,
regime_stationary_nonlinear,20100020,observed_regime,CWFM-Calibrated,12.0,12.0,,True,1.0,0.0,0.0,,,,
regime_stationary_nonlinear,20100020,observed_regime,MOB-like,12.0,0.0,,True,0.0,0.0,1.0,,,,
regime_stationary_nonlinear,20100021,observed_regime,CWFM-Direct,12.0,12.0,,True,1.0,0.0,0.0,,,,
regime_stationary_nonlinear,20100021,observed_regime,CWFM-Calibrated,12.0,12.0,,True,1.0,0.0,0.0,,,,
regime_stationary_nonlinear,20100021,observed_regime,MOB-like,12.0,0.0,,True,0.0,0.0,1.0,,,,
regime_stationary_nonlinear,20100022,observed_regime,CWFM-Direct,12.0,12.0,,True,1.0,0.0,0.0,,,,
regime_stationary_nonlinear,20100022,observed_regime,CWFM-Calibrated,12.0,12.0,,True,1.0,0.0,0.0,,,,
regime_stationary_nonlinear,20100022,observed_regime,MOB-like,12.0,0.0,,True,0.0,0.0,1.0,,,,
regime_stationary_nonlinear,20100023,observed_regime,CWFM-Direct,12.0,3.0,,True,0.0,0.0,1.0,,,,
regime_stationary_nonlinear,20100023,observed_regime,CWFM-Calibrated,12.0,3.0,,True,0.0,0.0,1.0,,,,
regime_stationary_nonlinear,20100023,observed_regime,MOB-like,12.0,0.0,,True,0.0,0.0,1.0,,,,
regime_stationary_nonlinear,20100024,observed_regime,CWFM-Direct,12.0,12.0,,True,1.0,0.0,0.0,,,,
regime_stationary_nonlinear,20100024,observed_regime,CWFM-Calibrated,12.0,12.0,,True,1.0,0.0,0.0,,,,
regime_stationary_nonlinear,20100024,observed_regime,MOB-like,12.0,0.0,,True,0.0,0.0,1.0,,,,
regime_stationary_nonlinear,20100025,observed_regime,CWFM-Direct,12.0,12.0,,True,1.0,0.0,0.0,,,,
regime_stationary_nonlinear,20100025,observed_regime,CWFM-Calibrated,12.0,12.0,,True,1.0,0.0,0.0,,,,
regime_stationary_nonlinear,20100025,observed_regime,MOB-like,12.0,0.0,,True,0.0,0.0,1.0,,,,
regime_stationary_nonlinear,20100026,observed_regime,CWFM-Direct,12.0,12.0,,True,1.0,0.0,0.0,,,,
regime_stationary_nonlinear,20100026,observed_regime,CWFM-Calibrated,12.0,12.0,,True,1.0,0.0,0.0,,,,
regime_stationary_nonlinear,20100026,observed_regime,MOB-like,12.0,0.0,,True,0.0,0.0,1.0,,,,
regime_stationary_nonlinear,20100027,observed_regime,CWFM-Direct,12.0,12.0,,True,1.0,0.0,0.0,,,,
regime_stationary_nonlinear,20100027,observed_regime,CWFM-Calibrated,12.0,12.0,,True,1.0,0.0,0.0,,,,
regime_stationary_nonlinear,20100027,observed_regime,MOB-like,12.0,0.0,,True,0.0,0.0,1.0,,,,
regime_stationary_nonlinear,20100028,observed_regime,CWFM-Direct,12.0,12.0,,True,1.0,0.0,0.0,,,,
regime_stationary_nonlinear,20100028,observed_regime,CWFM-Calibrated,12.0,12.0,,True,1.0,0.0,0.0,,,,
regime_stationary_nonlinear,20100028,observed_regime,MOB-like,12.0,0.0,,True,0.0,0.0,1.0,,,,
regime_stationary_nonlinear,20100029,observed_regime,CWFM-Direct,12.0,12.0,,True,1.0,0.0,0.0,,,,
regime_stationary_nonlinear,20100029,observed_regime,CWFM-Calibrated,12.0,12.0,,True,1.0,0.0,0.0,,,,
regime_stationary_nonlinear,20100029,observed_regime,MOB-like,12.0,0.0,,True,0.0,0.0,1.0,,,,
regime_null,20100000,observed_regime,CWFM-Direct,12.0,12.0,,True,1.0,0.0,0.0,,,,
regime_null,20100000,observed_regime,CWFM-Calibrated,12.0,12.0,,True,1.0,0.0,0.0,,,,
regime_null,20100000,observed_regime,MOB-like,12.0,12.0,,True,1.0,0.0,0.0,,,,
regime_null,20100001,observed_regime,CWFM-Direct,12.0,12.0,,True,1.0,0.0,0.0,,,,
regime_null,20100001,observed_regime,CWFM-Calibrated,12.0,12.0,,True,1.0,0.0,0.0,,,,
regime_null,20100001,observed_regime,MOB-like,12.0,12.0,,True,1.0,0.0,0.0,,,,
regime_null,20100002,observed_regime,CWFM-Direct,12.0,12.0,,True,1.0,0.0,0.0,,,,
regime_null,20100002,observed_regime,CWFM-Calibrated,12.0,12.0,,True,1.0,0.0,0.0,,,,
regime_null,20100002,observed_regime,MOB-like,12.0,12.0,,True,1.0,0.0,0.0,,,,
regime_null,20100003,observed_regime,CWFM-Direct,12.0,12.0,,True,1.0,0.0,0.0,,,,
regime_null,20100003,observed_regime,CWFM-Calibrated,12.0,12.0,,True,1.0,0.0,0.0,,,,
regime_null,20100003,observed_regime,MOB-like,12.0,12.0,,True,1.0,0.0,0.0,,,,
regime_null,20100004,observed_regime,CWFM-Direct,12.0,12.0,,True,1.0,0.0,0.0,,,,
regime_null,20100004,observed_regime,CWFM-Calibrated,12.0,12.0,,True,1.0,0.0,0.0,,,,
regime_null,20100004,observed_regime,MOB-like,12.0,12.0,,True,1.0,0.0,0.0,,,,
regime_null,20100005,observed_regime,CWFM-Direct,12.0,12.0,,True,1.0,0.0,0.0,,,,
regime_null,20100005,observed_regime,CWFM-Calibrated,12.0,12.0,,True,1.0,0.0,0.0,,,,
regime_null,20100005,observed_regime,MOB-like,12.0,12.0,,True,1.0,0.0,0.0,,,,
regime_null,20100006,observed_regime,CWFM-Direct,12.0,12.0,,True,1.0,0.0,0.0,,,,
regime_null,20100006,observed_regime,CWFM-Calibrated,12.0,12.0,,True,1.0,0.0,0.0,,,,
regime_null,20100006,observed_regime,MOB-like,12.0,12.0,,True,1.0,0.0,0.0,,,,
regime_null,20100007,observed_regime,CWFM-Direct,12.0,12.0,,True,1.0,0.0,0.0,,,,
regime_null,20100007,observed_regime,CWFM-Calibrated,12.0,12.0,,True,1.0,0.0,0.0,,,,
regime_null,20100007,observed_regime,MOB-like,12.0,12.0,,True,1.0,0.0,0.0,,,,
regime_null,20100008,observed_regime,CWFM-Direct,12.0,12.0,,True,1.0,0.0,0.0,,,,
regime_null,20100008,observed_regime,CWFM-Calibrated,12.0,12.0,,True,1.0,0.0,0.0,,,,
regime_null,20100008,observed_regime,MOB-like,12.0,12.0,,True,1.0,0.0,0.0,,,,
regime_null,20100009,observed_regime,CWFM-Direct,12.0,12.0,,True,1.0,0.0,0.0,,,,
regime_null,20100009,observed_regime,CWFM-Calibrated,12.0,12.0,,True,1.0,0.0,0.0,,,,
regime_null,20100009,observed_regime,MOB-like,12.0,12.0,,True,1.0,0.0,0.0,,,,
regime_null,20100010,observed_regime,CWFM-Direct,12.0,12.0,,True,1.0,0.0,0.0,,,,
regime_null,20100010,observed_regime,CWFM-Calibrated,12.0,12.0,,True,1.0,0.0,0.0,,,,
regime_null,20100010,observed_regime,MOB-like,12.0,12.0,,True,1.0,0.0,0.0,,,,
regime_null,20100011,observed_regime,CWFM-Direct,12.0,12.0,,True,1.0,0.0,0.0,,,,
regime_null,20100011,observed_regime,CWFM-Calibrated,12.0,12.0,,True,1.0,0.0,0.0,,,,
regime_null,20100011,observed_regime,MOB-like,12.0,12.0,,True,1.0,0.0,0.0,,,,
regime_null,20100012,observed_regime,CWFM-Direct,12.0,12.0,,True,1.0,0.0,0.0,,,,
regime_null,20100012,observed_regime,CWFM-Calibrated,12.0,12.0,,True,1.0,0.0,0.0,,,,
regime_null,20100012,observed_regime,MOB-like,12.0,12.0,,True,1.0,0.0,0.0,,,,
regime_null,20100013,observed_regime,CWFM-Direct,12.0,12.0,,True,1.0,0.0,0.0,,,,
regime_null,20100013,observed_regime,CWFM-Calibrated,12.0,12.0,,True,1.0,0.0,0.0,,,,
regime_null,20100013,observed_regime,MOB-like,12.0,12.0,,True,1.0,0.0,0.0,,,,
regime_null,20100014,observed_regime,CWFM-Direct,12.0,12.0,,True,1.0,0.0,0.0,,,,
regime_null,20100014,observed_regime,CWFM-Calibrated,12.0,12.0,,True,1.0,0.0,0.0,,,,
regime_null,20100014,observed_regime,MOB-like,12.0,12.0,,True,1.0,0.0,0.0,,,,
regime_null,20100015,observed_regime,CWFM-Direct,12.0,12.0,,True,1.0,0.0,0.0,,,,
regime_null,20100015,observed_regime,CWFM-Calibrated,12.0,12.0,,True,1.0,0.0,0.0,,,,
regime_null,20100015,observed_regime,MOB-like,12.0,12.0,,True,1.0,0.0,0.0,,,,
regime_null,20100016,observed_regime,CWFM-Direct,12.0,12.0,,True,1.0,0.0,0.0,,,,
regime_null,20100016,observed_regime,CWFM-Calibrated,12.0,12.0,,True,1.0,0.0,0.0,,,,
regime_null,20100016,observed_regime,MOB-like,12.0,12.0,,True,1.0,0.0,0.0,,,,
regime_null,20100017,observed_regime,CWFM-Direct,12.0,12.0,,True,1.0,0.0,0.0,,,,
regime_null,20100017,observed_regime,CWFM-Calibrated,12.0,12.0,,True,1.0,0.0,0.0,,,,
regime_null,20100017,observed_regime,MOB-like,12.0,12.0,,True,1.0,0.0,0.0,,,,
regime_null,20100018,observed_regime,CWFM-Direct,12.0,12.0,,True,1.0,0.0,0.0,,,,
regime_null,20100018,observed_regime,CWFM-Calibrated,12.0,12.0,,True,1.0,0.0,0.0,,,,
regime_null,20100018,observed_regime,MOB-like,12.0,12.0,,True,1.0,0.0,0.0,,,,
regime_null,20100019,observed_regime,CWFM-Direct,12.0,12.0,,True,1.0,0.0,0.0,,,,
regime_null,20100019,observed_regime,CWFM-Calibrated,12.0,12.0,,True,1.0,0.0,0.0,,,,
regime_null,20100019,observed_regime,MOB-like,12.0,12.0,,True,1.0,0.0,0.0,,,,
regime_null,20100020,observed_regime,CWFM-Direct,12.0,12.0,,True,1.0,0.0,0.0,,,,
regime_null,20100020,observed_regime,CWFM-Calibrated,12.0,12.0,,True,1.0,0.0,0.0,,,,
regime_null,20100020,observed_regime,MOB-like,12.0,12.0,,True,1.0,0.0,0.0,,,,
regime_null,20100021,observed_regime,CWFM-Direct,12.0,12.0,,True,1.0,0.0,0.0,,,,
regime_null,20100021,observed_regime,CWFM-Calibrated,12.0,12.0,,True,1.0,0.0,0.0,,,,
regime_null,20100021,observed_regime,MOB-like,12.0,12.0,,True,1.0,0.0,0.0,,,,
regime_null,20100022,observed_regime,CWFM-Direct,12.0,12.0,,True,1.0,0.0,0.0,,,,
regime_null,20100022,observed_regime,CWFM-Calibrated,12.0,12.0,,True,1.0,0.0,0.0,,,,
regime_null,20100022,observed_regime,MOB-like,12.0,12.0,,True,1.0,0.0,0.0,,,,
regime_null,20100023,observed_regime,CWFM-Direct,12.0,12.0,,True,1.0,0.0,0.0,,,,
regime_null,20100023,observed_regime,CWFM-Calibrated,12.0,12.0,,True,1.0,0.0,0.0,,,,
regime_null,20100023,observed_regime,MOB-like,12.0,12.0,,True,1.0,0.0,0.0,,,,
regime_null,20100024,observed_regime,CWFM-Direct,12.0,12.0,,True,1.0,0.0,0.0,,,,
regime_null,20100024,observed_regime,CWFM-Calibrated,12.0,12.0,,True,1.0,0.0,0.0,,,,
regime_null,20100024,observed_regime,MOB-like,12.0,12.0,,True,1.0,0.0,0.0,,,,
regime_null,20100025,observed_regime,CWFM-Direct,12.0,12.0,,True,1.0,0.0,0.0,,,,
regime_null,20100025,observed_regime,CWFM-Calibrated,12.0,12.0,,True,1.0,0.0,0.0,,,,
regime_null,20100025,observed_regime,MOB-like,12.0,12.0,,True,1.0,0.0,0.0,,,,
regime_null,20100026,observed_regime,CWFM-Direct,12.0,12.0,,True,1.0,0.0,0.0,,,,
regime_null,20100026,observed_regime,CWFM-Calibrated,12.0,12.0,,True,1.0,0.0,0.0,,,,
regime_null,20100026,observed_regime,MOB-like,12.0,12.0,,True,1.0,0.0,0.0,,,,
regime_null,20100027,observed_regime,CWFM-Direct,12.0,12.0,,True,1.0,0.0,0.0,,,,
regime_null,20100027,observed_regime,CWFM-Calibrated,12.0,12.0,,True,1.0,0.0,0.0,,,,
regime_null,20100027,observed_regime,MOB-like,12.0,12.0,,True,1.0,0.0,0.0,,,,
regime_null,20100028,observed_regime,CWFM-Direct,12.0,12.0,,True,1.0,0.0,0.0,,,,
regime_null,20100028,observed_regime,CWFM-Calibrated,12.0,12.0,,True,1.0,0.0,0.0,,,,
regime_null,20100028,observed_regime,MOB-like,12.0,12.0,,True,1.0,0.0,0.0,,,,
regime_null,20100029,observed_regime,CWFM-Direct,12.0,12.0,,True,1.0,0.0,0.0,,,,
regime_null,20100029,observed_regime,CWFM-Calibrated,12.0,12.0,,True,1.0,0.0,0.0,,,,
regime_null,20100029,observed_regime,MOB-like,12.0,12.0,,True,1.0,0.0,0.0,,,,
interference_linear,20200000,network_interference,CWFM-Direct,0.225,0.07511547952890396,0.07511547952890396,True,,,,0.14988452047109604,-0.5852428692579269,0.7354738283157348,1.0
interference_linear,20200000,network_interference,CWFM-Calibrated,0.225,0.09261426437331036,0.09261426437331036,True,,,,0.13238573562668965,-0.6156304021815078,0.8008589309281284,1.0
interference_linear,20200000,network_interference,Linear g-computation,0.225,0.10236407816410065,0.10236407816410065,True,,,,0.12263592183589936,-0.39261024704778597,0.5973384033759872,1.0
interference_linear,20200000,network_interference,Random forest g-computation,0.225,0.1254722524700888,0.1254722524700888,True,,,,0.0995277475299112,-0.31811867366917157,0.5690631786093492,1.0
interference_linear,20200001,network_interference,CWFM-Direct,-0.3929978414091025,-0.041108425706624985,-0.041108425706624985,True,,,,0.3518894157024775,-0.7303705339133739,0.648153682500124,1.0
interference_linear,20200001,network_interference,CWFM-Calibrated,-0.3929978414091025,-0.15913575154232495,-0.15913575154232495,True,,,,0.23386208986677753,-0.8673804180971431,0.5491089150124931,1.0
interference_linear,20200001,network_interference,Linear g-computation,-0.3929978414091025,-0.3687693476676941,-0.3687693476676941,True,,,,0.024228493741408397,-0.8637436728795806,0.12620497754419252,1.0
interference_linear,20200001,network_interference,Random forest g-computation,-0.3929978414091025,-0.09638668801878758,-0.09638668801878758,True,,,,0.2966111533903149,-0.5399776141580479,0.3472042381204728,1.0
interference_linear,20200002,network_interference,CWFM-Direct,0.225,0.1540585160255432,0.1540585160255432,True,,,,0.07094148397445679,-0.6911951777338982,0.9993122097849846,1.0
interference_linear,20200002,network_interference,CWFM-Calibrated,0.225,0.1062638783852559,0.1062638783852559,True,,,,0.1187361216147441,-0.6019807881695622,0.814508544940074,1.0
interference_linear,20200002,network_interference,Linear g-computation,0.225,0.09077392518520355,0.09077392518520355,True,,,,0.13422607481479645,-0.40420040002668306,0.5857482503970901,1.0
interference_linear,20200002,network_interference,Random forest g-computation,0.225,-0.005085270603942429,-0.005085270603942429,True,,,,0.23008527060394243,-0.4486761967432028,0.43850565553531795,1.0
interference_linear,20200003,network_interference,CWFM-Direct,-0.5968977317074601,-0.13665704429149628,-0.13665704429149628,True,,,,0.4602406874159638,-0.9360140934586525,0.6627000048756599,1.0
interference_linear,20200003,network_interference,CWFM-Calibrated,-0.5968977317074601,-0.3152224108608517,-0.3152224108608517,True,,,,0.2816753208466084,-1.0234670774156698,0.3930222556939664,1.0
interference_linear,20200003,network_interference,Linear g-computation,-0.5968977317074601,-0.6567620635032654,-0.6567620635032654,True,,,,0.0598643317958053,-1.151736388715152,-0.16178773829137877,1.0
interference_linear,20200003,network_interference,Random forest g-computation,-0.5968977317074601,-0.1707217893989871,-0.1707217893989871,True,,,,0.426175942308473,-0.6143127155382475,0.27286913674027324,1.0
interference_linear,20200004,network_interference,CWFM-Direct,0.35862611028817093,0.09234936535358429,0.09234936535358429,True,,,,0.26627674493458664,-0.5323539179563522,0.7170526486635208,1.0
interference_linear,20200004,network_interference,CWFM-Calibrated,0.35862611028817093,0.15136993815682856,0.15136993815682856,True,,,,0.20725617213134237,-0.5568747283979896,0.8596146047116466,1.0
interference_linear,20200004,network_interference,Linear g-computation,0.35862611028817093,0.22956296801567078,0.22956296801567078,True,,,,0.12906314227250015,-0.26541135719621584,0.7245372932275573,1.0
interference_linear,20200004,network_interference,Random forest g-computation,0.35862611028817093,0.1723728074843839,0.1723728074843839,True,,,,0.18625330280378702,-0.27121811865487644,0.6159637336236443,1.0
interference_linear,20200005,network_interference,CWFM-Direct,-0.32929213905396854,-0.11730548739433289,-0.11730548739433289,True,,,,0.21198665165963565,-0.9285388973355293,0.6939279225468635,1.0
interference_linear,20200005,network_interference,CWFM-Calibrated,-0.32929213905396854,-0.2514390188428253,-0.2514390188428253,True,,,,0.07785312021114321,-0.9596836853976434,0.4568056477119928,1.0
interference_linear,20200005,network_interference,Linear g-computation,-0.32929213905396854,-0.45660123229026794,-0.45660123229026794,True,,,,0.1273090932362994,-0.9515755575021545,0.03837309292161867,1.0
interference_linear,20200005,network_interference,Random forest g-computation,-0.32929213905396854,-0.24556752774176563,-0.24556752774176563,True,,,,0.0837246113122029,-0.689158453881026,0.19802339839749475,1.0
interference_linear,20200006,network_interference,CWFM-Direct,0.5731510613897715,0.11162128299474716,0.11162128299474716,True,,,,0.4615297783950243,-0.5357947583496571,0.7590373243391514,1.0
interference_linear,20200006,network_interference,CWFM-Calibrated,0.5731510613897715,0.21519404448841753,0.21519404448841753,True,,,,0.35795701690135395,-0.4930506220664006,0.9234387110432356,1.0
interference_linear,20200006,network_interference,Linear g-computation,0.5731510613897715,0.3766572177410126,0.3766572177410126,True,,,,0.19649384364875888,-0.11831710747087404,0.8716315429528991,1.0
interference_linear,20200006,network_interference,Random forest g-computation,0.5731510613897715,0.2046654613167251,0.2046654613167251,True,,,,0.3684856000730463,-0.23892546482253527,0.6482563874559855,1.0
interference_linear,20200007,network_interference,CWFM-Direct,-0.225,0.050255246460437775,0.050255246460437775,True,,,,0.27525524646043775,-0.6747722820937634,0.7752827750146389,1.0
interference_linear,20200007,network_interference,CWFM-Calibrated,-0.225,-0.011795468798031644,-0.011795468798031644,True,,,,0.21320453120196836,-0.7200401353528497,0.6964491977567865,1.0
interference_linear,20200007,network_interference,Linear g-computation,-0.225,-0.0984983891248703,-0.0984983891248703,True,,,,0.1265016108751297,-0.5934727143367569,0.3964759360870163,1.0
interference_linear,20200007,network_interference,Random forest g-computation,-0.225,-0.025485109278424917,-0.025485109278424917,True,,,,0.19951489072157508,-0.4690760354176853,0.4181058168608355,1.0
interference_linear,20200008,network_interference,CWFM-Direct,-0.6115831919166875,-0.1981402337551117,-0.1981402337551117,True,,,,0.41344295816157584,-0.9598676937818528,0.5635872262716294,1.0
interference_linear,20200008,network_interference,CWFM-Calibrated,-0.6115831919166875,-0.3534863794273214,-0.3534863794273214,True,,,,0.2580968124893661,-1.0617310459821394,0.3547582871274967,1.0
interference_linear,20200008,network_interference,Linear g-computation,-0.6115831919166875,-0.6340688467025757,-0.6340688467025757,True,,,,0.022485654785888154,-1.1290431719144622,-0.13909452149068907,1.0
interference_linear,20200008,network_interference,Random forest g-computation,-0.6115831919166875,-0.2611611655811275,-0.2611611655811275,True,,,,0.35042202633556,-0.7047520917203879,0.18242976055813287,1.0
interference_linear,20200009,network_interference,CWFM-Direct,0.2800490985824713,0.09463845938444138,0.09463845938444138,True,,,,0.18541063919802991,-0.5659801131486892,0.755257031917572,1.0
interference_linear,20200009,network_interference,CWFM-Calibrated,0.2800490985824713,0.14840068671110906,0.14840068671110906,True,,,,0.13164841187136223,-0.559843979843709,0.8566453532659272,1.0
interference_linear,20200009,network_interference,Linear g-computation,0.2800490985824713,0.24761925637722015,0.24761925637722015,True,,,,0.032429842205251136,-0.24735506883466646,0.7425935815891067,1.0
interference_linear,20200009,network_interference,Random forest g-computation,0.2800490985824713,0.1128895786061187,0.1128895786061187,True,,,,0.1671595199763526,-0.3307013475331417,0.5564805047453791,1.0
interference_linear,20200010,network_interference,CWFM-Direct,0.225,0.09804359823465347,0.09804359823465347,True,,,,0.12695640176534653,-0.6193079181015492,0.8153951145708561,1.0
interference_linear,20200010,network_interference,CWFM-Calibrated,0.225,0.15260002307289572,0.15260002307289572,True,,,,0.07239997692710429,-0.5556446434819224,0.8608446896277138,1.0
interference_linear,20200010,network_interference,Linear g-computation,0.225,0.2116713523864746,0.2116713523864746,True,,,,0.013328647613525396,-0.283302972825412,0.7066456775983612,1.0
interference_linear,20200010,network_interference,Random forest g-computation,0.225,0.1982347919882127,0.1982347919882127,True,,,,0.026765208011787306,-0.24535613415104768,0.6418257181274731,1.0
interference_linear,20200011,network_interference,CWFM-Direct,0.225,0.09900800883769989,0.09900800883769989,True,,,,0.12599199116230012,-0.5036004742980004,0.7016164919734001,1.0
interference_linear,20200011,network_interference,CWFM-Calibrated,0.225,0.15061785203971056,0.15061785203971056,True,,,,0.07438214796028944,-0.5576268145151075,0.8588625185945287,1.0
interference_linear,20200011,network_interference,Linear g-computation,0.225,0.26949000358581543,0.26949000358581543,True,,,,0.044490003585815424,-0.22548432162607118,0.764464328797702,1.0
interference_linear,20200011,network_interference,Random forest g-computation,0.225,0.06959055330899745,0.06959055330899745,True,,,,0.15540944669100254,-0.37400037283026294,0.5131814794482579,1.0
interference_linear,20200012,network_interference,CWFM-Direct,-0.225,0.032288067042827606,0.032288067042827606,True,,,,0.2572880670428276,-0.6458632519841194,0.7104393860697746,1.0
interference_linear,20200012,network_interference,CWFM-Calibrated,-0.225,-0.0023493892515187784,-0.0023493892515187784,True,,,,0.22265061074848122,-0.7105940558063368,0.7058952773032994,1.0
interference_linear,20200012,network_interference,Linear g-computation,-0.225,-0.06738445162773132,-0.06738445162773132,True,,,,0.15761554837226868,-0.5623587768396179,0.4275898735841553,1.0
interference_linear,20200012,network_interference,Random forest g-computation,-0.225,0.022822187450054616,0.022822187450054616,True,,,,0.24782218745005463,-0.4207687386892058,0.466413113589315,1.0
interference_linear,20200013,network_interference,CWFM-Direct,0.22987655311475497,0.07408411800861359,0.07408411800861359,True,,,,0.15579243510614138,-0.7202080789208413,0.8683763149380684,1.0
interference_linear,20200013,network_interference,CWFM-Calibrated,0.22987655311475497,0.1269679105620632,0.1269679105620632,True,,,,0.10290864255269178,-0.581276755992755,0.8352125771168812,1.0
interference_linear,20200013,network_interference,Linear g-computation,0.22987655311475497,0.23195558786392212,0.23195558786392212,True,,,,0.0020790347491671524,-0.2630187373479645,0.7269299130758087,1.0
interference_linear,20200013,network_interference,Random forest g-computation,0.22987655311475497,0.0770931210086073,0.0770931210086073,True,,,,0.15278343210614767,-0.3664978051306531,0.5206840471478676,1.0
interference_linear,20200014,network_interference,CWFM-Direct,-0.225,-0.1777597963809967,-0.1777597963809967,True,,,,0.0472402036190033,-0.806367416381836,0.45084782361984255,1.0
interference_linear,20200014,network_interference,CWFM-Calibrated,-0.225,-0.23491807103412105,-0.23491807103412105,True,,,,0.00991807103412104,-0.9431627375889391,0.47332659552069706,1.0
interference_linear,20200014,network_interference,Linear g-computation,-0.225,-0.42047083377838135,-0.42047083377838135,True,,,,0.19547083377838134,-0.9154451589902679,0.07450349143350526,1.0
interference_linear,20200014,network_interference,Random forest g-computation,-0.225,-0.03874011433523251,-0.03874011433523251,True,,,,0.1862598856647675,-0.4823310404744929,0.4048508118040279,1.0
interference_linear,20200015,network_interference,CWFM-Direct,0.24753826628103814,0.09255920350551605,0.09255920350551605,True,,,,0.1549790627755221,-0.5725252850353718,0.7576436920464039,1.0
interference_linear,20200015,network_interference,CWFM-Calibrated,0.24753826628103814,0.10519411598615916,0.10519411598615916,True,,,,0.14234415029487898,-0.603050550568659,0.8134387825409772,1.0
interference_linear,20200015,network_interference,Linear g-computation,0.24753826628103814,0.1608748733997345,0.1608748733997345,True,,,,0.08666339288130365,-0.3340994518121521,0.655849198611621,1.0
interference_linear,20200015,network_interference,Random forest g-computation,0.24753826628103814,0.03310097628977929,0.03310097628977929,True,,,,0.21443728999125886,-0.41048994984948106,0.4766919024290397,1.0
interference_linear,20200016,network_interference,CWFM-Direct,0.225,0.08680877089500427,0.08680877089500427,True,,,,0.13819122910499573,-0.6584851771593094,0.832102718949318,1.0
interference_linear,20200016,network_interference,CWFM-Calibrated,0.225,0.06727380727968044,0.06727380727968044,True,,,,0.15772619272031957,-0.6409708592751376,0.7755184738344986,1.0
interference_linear,20200016,network_interference,Linear g-computation,0.225,0.03578896448016167,0.03578896448016167,True,,,,0.18921103551983834,-0.45918536073172495,0.5307632896920482,1.0
interference_linear,20200016,network_interference,Random forest g-computation,0.225,0.07128007597766627,0.07128007597766627,True,,,,0.15371992402233375,-0.3723108501615941,0.5148710021169266,1.0
interference_linear,20200017,network_interference,CWFM-Direct,0.225,0.1964491754770279,0.1964491754770279,True,,,,0.028550824522972112,-0.42373401939868927,0.816632370352745,1.0
interference_linear,20200017,network_interference,CWFM-Calibrated,0.225,0.2333203145701639,0.2333203145701639,True,,,,0.008320314570163884,-0.4749243519846542,0.941564981124982,1.0
interference_linear,20200017,network_interference,Linear g-computation,0.225,0.3566029667854309,0.3566029667854309,True,,,,0.1316029667854309,-0.1383713584264557,0.8515772919973175,1.0
interference_linear,20200017,network_interference,Random forest g-computation,0.225,0.10019964785798935,0.10019964785798935,True,,,,0.12480035214201066,-0.34339127828127103,0.5437905739972497,1.0
interference_linear,20200018,network_interference,CWFM-Direct,-0.6662942756043714,-0.21678724884986877,-0.21678724884986877,True,,,,0.4495070267545026,-1.220616234242916,0.7870417365431785,1.0
interference_linear,20200018,network_interference,CWFM-Calibrated,-0.6662942756043714,-0.3647658235328916,-0.3647658235328916,True,,,,0.30152845207147977,-1.0730104900877098,0.3434788430219265,1.0
interference_linear,20200018,network_interference,Linear g-computation,-0.6662942756043714,-0.6402807831764221,-0.6402807831764221,True,,,,0.02601349242794926,-1.1352551083883087,-0.1453064579645355,1.0
interference_linear,20200018,network_interference,Random forest g-computation,-0.6662942756043714,-0.25936937198459664,-0.25936937198459664,True,,,,0.40692490361977474,-0.702960298123857,0.18422155415466374,1.0
interference_linear,20200019,network_interference,CWFM-Direct,-0.6590148129138349,-0.2023480087518692,-0.2023480087518692,True,,,,0.4566668041619657,-0.9126797591149807,0.5079837416112423,1.0
interference_linear,20200019,network_interference,CWFM-Calibrated,-0.6590148129138349,-0.374370088238357,-0.374370088238357,True,,,,0.2846447246754779,-1.082614754793175,0.3338745783164611,1.0
interference_linear,20200019,network_interference,Linear g-computation,-0.6590148129138349,-0.6735334992408752,-0.6735334992408752,True,,,,0.014518686327040342,-1.1685078244527618,-0.17855917402898863,1.0
interference_linear,20200019,network_interference,Random forest g-computation,-0.6590148129138349,-0.29528157641989405,-0.29528157641989405,True,,,,0.36373323649394085,-0.7388725025591545,0.14830934971936632,1.0
interference_linear,20200020,network_interference,CWFM-Direct,-0.225,-0.07172366231679916,-0.07172366231679916,True,,,,0.15327633768320084,-0.6774611055850983,0.5340137809515,1.0
interference_linear,20200020,network_interference,CWFM-Calibrated,-0.225,-0.1957737776325289,-0.1957737776325289,True,,,,0.029226222367471105,-0.904018444187347,0.5124708889222892,1.0
interference_linear,20200020,network_interference,Linear g-computation,-0.225,-0.3734302222728729,-0.3734302222728729,True,,,,0.14843022227287292,-0.8684045474847595,0.12154410293901369,1.0
interference_linear,20200020,network_interference,Random forest g-computation,-0.225,-0.21390470836285772,-0.21390470836285772,True,,,,0.01109529163714229,-0.6574956345021181,0.22968621777640266,1.0
interference_linear,20200021,network_interference,CWFM-Direct,0.46615337507375654,0.27360987663269043,0.27360987663269043,True,,,,0.1925434984410661,-0.4054420283436775,0.9526617816090583,1.0
interference_linear,20200021,network_interference,CWFM-Calibrated,0.46615337507375654,0.35731906824889,0.35731906824889,True,,,,0.10883430682486656,-0.3509255983059281,1.0655637348037081,1.0
interference_linear,20200021,network_interference,Linear g-computation,0.46615337507375654,0.5583961009979248,0.5583961009979248,True,,,,0.09224272592416827,0.06342177578603819,1.0533704262098114,1.0
interference_linear,20200021,network_interference,Random forest g-computation,0.46615337507375654,0.2090146854706326,0.2090146854706326,True,,,,0.2571386896031239,-0.23457624066862778,0.6526056116098929,1.0
interference_linear,20200022,network_interference,CWFM-Direct,0.6385216242258074,0.26399219036102295,0.26399219036102295,True,,,,0.37452943386478443,-0.6012350976467132,1.1292194783687592,1.0
interference_linear,20200022,network_interference,CWFM-Calibrated,0.6385216242258074,0.5223034130587542,0.5223034130587542,True,,,,0.11621821116705322,-0.18594125349606394,1.2305480796135724,1.0
interference_linear,20200022,network_interference,Linear g-computation,0.6385216242258074,0.8757671117782593,0.8757671117782593,True,,,,0.2372454875524519,0.38079278656637267,1.3707414369901458,1.0
interference_linear,20200022,network_interference,Random forest g-computation,0.6385216242258074,0.5920622745413854,0.5920622745413854,True,,,,0.046459349684422,0.148471348402125,1.0356532006806458,1.0
interference_linear,20200023,network_interference,CWFM-Direct,0.2472582868836789,0.05971068888902664,0.05971068888902664,True,,,,0.18754759799465226,-0.6078959795832634,0.7273173573613166,1.0
interference_linear,20200023,network_interference,CWFM-Calibrated,0.2472582868836789,0.08206231002957731,0.08206231002957731,True,,,,0.1651959768541016,-0.6261823565252408,0.7903069765843954,1.0
interference_linear,20200023,network_interference,Linear g-computation,0.2472582868836789,0.11448255926370621,0.11448255926370621,True,,,,0.1327757276199727,-0.3804917659481804,0.6094568844755928,1.0
interference_linear,20200023,network_interference,Random forest g-computation,0.2472582868836789,0.08474747123272018,0.08474747123272018,True,,,,0.1625108156509587,-0.3588434549065402,0.5283383973719805,1.0
interference_linear,20200024,network_interference,CWFM-Direct,-0.225,-0.0492614284157753,-0.0492614284157753,True,,,,0.1757385715842247,-0.7257016831636429,0.6271788263320923,1.0
interference_linear,20200024,network_interference,CWFM-Calibrated,-0.225,-0.1453986293539114,-0.1453986293539114,True,,,,0.0796013706460886,-0.8536432959087294,0.5628460372009068,1.0
interference_linear,20200024,network_interference,Linear g-computation,-0.225,-0.33303308486938477,-0.33303308486938477,True,,,,0.10803308486938476,-0.8280074100812713,0.16194124034250185,1.0
interference_linear,20200024,network_interference,Random forest g-computation,-0.225,-0.05995892190162838,-0.05995892190162838,True,,,,0.16504107809837162,-0.5035498480408888,0.383632004237632,1.0
interference_linear,20200025,network_interference,CWFM-Direct,-0.5204249890553743,-0.21423865854740143,-0.21423865854740143,True,,,,0.30618633050797284,-0.8407488986849785,0.41227158159017563,1.0
interference_linear,20200025,network_interference,CWFM-Calibrated,-0.5204249890553743,-0.34652517690015494,-0.34652517690015494,True,,,,0.17389981215521932,-1.054769843454973,0.36171948965466316,1.0
interference_linear,20200025,network_interference,Linear g-computation,-0.5204249890553743,-0.5202862024307251,-0.5202862024307251,True,,,,0.00013878662464916758,-1.0152605276426117,-0.025311877218838486,1.0
interference_linear,20200025,network_interference,Random forest g-computation,-0.5204249890553743,-0.3965739343250508,-0.3965739343250508,True,,,,0.12385105473032348,-0.8401648604643112,0.0470169918142096,1.0
interference_linear,20200026,network_interference,CWFM-Direct,-0.6633683477912613,-0.06780744343996048,-0.06780744343996048,True,,,,0.5955609043513008,-0.9273823657631874,0.7917674788832665,1.0
interference_linear,20200026,network_interference,CWFM-Calibrated,-0.6633683477912613,-0.1996385172365184,-0.1996385172365184,True,,,,0.46372983055474293,-0.9078831837913365,0.5086061493182997,1.0
interference_linear,20200026,network_interference,Linear g-computation,-0.6633683477912613,-0.43141528964042664,-0.43141528964042664,True,,,,0.23195305815083467,-0.9263896148523132,0.06355903557145998,1.0
interference_linear,20200026,network_interference,Random forest g-computation,-0.6633683477912613,-0.13458582472112435,-0.13458582472112435,True,,,,0.528782523070137,-0.5781767508603848,0.30900510141813603,0.0
interference_linear,20200027,network_interference,CWFM-Direct,0.24502113786832325,0.1990009993314743,0.1990009993314743,True,,,,0.04602013853684894,-0.4000133271515369,0.7980153258144855,1.0
interference_linear,20200027,network_interference,CWFM-Calibrated,0.24502113786832325,0.28424809886997415,0.28424809886997415,True,,,,0.039226961001650906,-0.42399656768484395,0.9924927654247923,1.0
interference_linear,20200027,network_interference,Linear g-computation,0.24502113786832325,0.2943820357322693,0.2943820357322693,True,,,,0.04936089786394604,-0.20059228947961733,0.7893563609441558,1.0
interference_linear,20200027,network_interference,Random forest g-computation,0.24502113786832325,0.5180956307684615,0.5180956307684615,True,,,,0.2730744929001383,0.07450470462920117,0.961686556907722,1.0
interference_linear,20200028,network_interference,CWFM-Direct,-0.225,-0.04923996329307556,-0.04923996329307556,True,,,,0.17576003670692444,-1.0139712622761725,0.9154913356900215,1.0
interference_linear,20200028,network_interference,CWFM-Calibrated,-0.225,-0.1327523397347146,-0.1327523397347146,True,,,,0.09224766026528541,-0.8409970062895327,0.5754923268201035,1.0
interference_linear,20200028,network_interference,Linear g-computation,-0.225,-0.26364219188690186,-0.26364219188690186,True,,,,0.03864219188690185,-0.7586165170987884,0.23133213332498476,1.0
interference_linear,20200028,network_interference,Random forest g-computation,-0.225,-0.12271804544705996,-0.12271804544705996,True,,,,0.10228195455294005,-0.5663089715863203,0.32087288069220044,1.0
interference_linear,20200029,network_interference,CWFM-Direct,0.225,0.21654470264911652,0.21654470264911652,True,,,,0.00845529735088349,-0.6637225177884102,1.0968119230866433,1.0
interference_linear,20200029,network_interference,CWFM-Calibrated,0.225,0.2444410000991871,0.2444410000991871,True,,,,0.01944100009918709,-0.463803666455631,0.9526856666540052,1.0
interference_linear,20200029,network_interference,Linear g-computation,0.225,0.24516227841377258,0.24516227841377258,True,,,,0.020162278413772577,-0.24981204679811403,0.7401366036256591,1.0
interference_linear,20200029,network_interference,Random forest g-computation,0.225,0.3259902212528923,0.3259902212528923,True,,,,0.10099022125289228,-0.11760070488636809,0.7695811473921527,1.0
interference_threshold,20200000,network_interference,CWFM-Direct,0.45,0.09186991304159164,0.09186991304159164,True,,,,0.35813008695840837,-0.5871232602000237,0.770863086283207,1.0
interference_threshold,20200000,network_interference,CWFM-Calibrated,0.45,0.1354882338849409,0.1354882338849409,True,,,,0.3145117661150591,-0.5727564326698772,0.843732900439759,1.0
interference_threshold,20200000,network_interference,Linear g-computation,0.45,0.14706352353096008,0.14706352353096008,True,,,,0.30293647646903993,-0.34791080168092653,0.6420378487428466,1.0
interference_threshold,20200000,network_interference,Random forest g-computation,0.45,0.24260865577721238,0.24260865577721238,True,,,,0.20739134422278763,-0.200982270362048,0.6861995819164728,1.0
interference_threshold,20200001,network_interference,CWFM-Direct,-0.785995682818205,-0.053223617374897,-0.053223617374897,True,,,,0.732772065443308,-0.7557527734339238,0.6493055386841298,0.0
interference_threshold,20200001,network_interference,CWFM-Calibrated,-0.785995682818205,-0.18153432405926853,-0.18153432405926853,True,,,,0.6044613587589365,-0.8897789906140866,0.5267103424955496,1.0
interference_threshold,20200001,network_interference,Linear g-computation,-0.785995682818205,-0.3935278654098511,-0.3935278654098511,True,,,,0.3924678174083539,-0.8885021906217376,0.10144645980203554,1.0
interference_threshold,20200001,network_interference,Random forest g-computation,-0.785995682818205,-0.1446557075799658,-0.1446557075799658,True,,,,0.6413399752382392,-0.5882466337192261,0.2989352185592946,0.0
interference_threshold,20200002,network_interference,CWFM-Direct,0.45,0.16551461815834045,0.16551461815834045,True,,,,0.28448538184165956,-0.6726385167241097,1.0036677530407907,1.0
interference_threshold,20200002,network_interference,CWFM-Calibrated,0.45,0.131755946508309,0.131755946508309,True,,,,0.31824405349169105,-0.5764887200465091,0.8400006130631271,1.0
interference_threshold,20200002,network_interference,Linear g-computation,0.45,0.13515667617321014,0.13515667617321014,True,,,,0.31484332382678987,-0.35981764903867647,0.6301310013850967,1.0
interference_threshold,20200002,network_interference,Random forest g-computation,0.45,0.024887942388557915,0.024887942388557915,True,,,,0.4251120576114421,-0.4187029837507025,0.4684788685278183,1.0
interference_threshold,20200003,network_interference,CWFM-Direct,-1.1937954634149202,-0.16559924185276031,-0.16559924185276031,True,,,,1.0281962215621598,-0.9916684448719024,0.6604699611663818,0.0
interference_threshold,20200003,network_interference,CWFM-Calibrated,-1.1937954634149202,-0.40999395737595923,-0.40999395737595923,True,,,,0.7838015060389609,-1.1182386239307773,0.2982507091788589,0.0
interference_threshold,20200003,network_interference,Linear g-computation,-1.1937954634149202,-0.7131268978118896,-0.7131268978118896,True,,,,0.4806685656030305,-1.2081012230237762,-0.21815257260000304,1.0
interference_threshold,20200003,network_interference,Random forest g-computation,-1.1937954634149202,-0.5379576547800587,-0.5379576547800587,True,,,,0.6558378086348614,-0.9815485809193192,-0.09436672864079837,0.0
interference_threshold,20200004,network_interference,CWFM-Direct,0.7172522205763419,0.10768751800060272,0.10768751800060272,True,,,,0.6095647025757391,-0.5355002796649933,0.7508753156661987,1.0
interference_threshold,20200004,network_interference,CWFM-Calibrated,0.7172522205763419,0.19544257242351787,0.19544257242351787,True,,,,0.521809648152824,-0.5128020941313003,0.9036872389783359,1.0
interference_threshold,20200004,network_interference,Linear g-computation,0.7172522205763419,0.2716712951660156,0.2716712951660156,True,,,,0.44558092541032623,-0.223303030045871,0.7666456203779022,1.0
interference_threshold,20200004,network_interference,Random forest g-computation,0.7172522205763419,0.30605648378514133,0.30605648378514133,True,,,,0.41119573679120053,-0.13753444235411905,0.7496474099244017,1.0
interference_threshold,20200005,network_interference,CWFM-Direct,-0.6585842781079371,-0.14202019572257996,-0.14202019572257996,True,,,,0.5165640823853571,-0.939435273706913,0.6553948822617531,1.0
interference_threshold,20200005,network_interference,CWFM-Calibrated,-0.6585842781079371,-0.3068780012776646,-0.3068780012776646,True,,,,0.35170627683027245,-1.0151226678324827,0.4013666652771535,1.0
interference_threshold,20200005,network_interference,Linear g-computation,-0.6585842781079371,-0.5264357328414917,-0.5264357328414917,True,,,,0.13214854526644537,-1.0214100580533783,-0.03146140762960509,1.0
interference_threshold,20200005,network_interference,Random forest g-computation,-0.6585842781079371,-0.3638620127497578,-0.3638620127497578,True,,,,0.29472226535817925,-0.8074529388890181,0.07972891338950255,1.0
interference_threshold,20200006,network_interference,CWFM-Direct,1.146302122779543,0.11911889165639877,0.11911889165639877,True,,,,1.0271832311231441,-0.5737182535231113,0.8119560368359089,0.0
interference_threshold,20200006,network_interference,CWFM-Calibrated,1.146302122779543,0.30704276203944475,0.30704276203944475,True,,,,0.8392593607400982,-0.40120190451537335,1.0152874285942628,0.0
interference_threshold,20200006,network_interference,Linear g-computation,1.146302122779543,0.42272916436195374,0.42272916436195374,True,,,,0.7235729584175892,-0.07224516084993288,0.9177034895738403,0.0
interference_threshold,20200006,network_interference,Random forest g-computation,1.146302122779543,0.6374079048980875,0.6374079048980875,True,,,,0.5088942178814554,0.19381697875882714,1.080998831037348,0.0
interference_threshold,20200007,network_interference,CWFM-Direct,-0.45,0.050887711346149445,0.050887711346149445,True,,,,0.5008877113461494,-0.6822329325973988,0.7840083552896977,1.0
interference_threshold,20200007,network_interference,CWFM-Calibrated,-0.45,-0.008135920012195423,-0.008135920012195423,True,,,,0.4418640799878046,-0.7163805865670135,0.7001087465426227,1.0
interference_threshold,20200007,network_interference,Linear g-computation,-0.45,-0.0847744271159172,-0.0847744271159172,True,,,,0.3652255728840828,-0.5797487523278038,0.4101998980959694,1.0
interference_threshold,20200007,network_interference,Random forest g-computation,-0.45,-0.03260450958437145,-0.03260450958437145,True,,,,0.41739549041562857,-0.4761954357236318,0.41098641655488893,1.0
interference_threshold,20200008,network_interference,CWFM-Direct,-1.223166383833375,-0.22933505475521088,-0.22933505475521088,True,,,,0.9938313290781642,-0.9796001686155796,0.5209300591051579,0.0
interference_threshold,20200008,network_interference,CWFM-Calibrated,-1.223166383833375,-0.45163445606132135,-0.45163445606132135,True,,,,0.7715319277720537,-1.1598791226161396,0.25661021049349675,0.0
interference_threshold,20200008,network_interference,Linear g-computation,-1.223166383833375,-0.6971836090087891,-0.6971836090087891,True,,,,0.525982774824586,-1.1921579342206756,-0.20220928379690245,0.0
interference_threshold,20200008,network_interference,Random forest g-computation,-1.223166383833375,-0.6279480942210975,-0.6279480942210975,True,,,,0.5952182896122775,-1.0715390203603579,-0.18435716808183716,0.0
interference_threshold,20200009,network_interference,CWFM-Direct,0.5600981971649426,0.10594296455383301,0.10594296455383301,True,,,,0.45415523261110957,-0.565565981566906,0.777451910674572,1.0
interference_threshold,20200009,network_interference,CWFM-Calibrated,0.5600981971649426,0.18149189407400668,0.18149189407400668,True,,,,0.3786063030909359,-0.5267527724808114,0.8897365606288248,1.0
interference_threshold,20200009,network_interference,Linear g-computation,0.5600981971649426,0.2783684730529785,0.2783684730529785,True,,,,0.28172972411196406,-0.2166058521589081,0.7733427982648651,1.0
interference_threshold,20200009,network_interference,Random forest g-computation,0.5600981971649426,0.21516045249138202,0.21516045249138202,True,,,,0.34493774467356053,-0.22843047364787836,0.6587513786306424,1.0
interference_threshold,20200010,network_interference,CWFM-Direct,0.45,0.1137319877743721,0.1137319877743721,True,,,,0.3362680122256279,-0.6070778374373913,0.8345418129861355,1.0
interference_threshold,20200010,network_interference,CWFM-Calibrated,0.45,0.19435710774182158,0.19435710774182158,True,,,,0.25564289225817843,-0.5138875588129965,0.9026017742966397,1.0
interference_threshold,20200010,network_interference,Linear g-computation,0.45,0.2724246382713318,0.2724246382713318,True,,,,0.17757536172866822,-0.22254968694055483,0.7673989634832183,1.0
interference_threshold,20200010,network_interference,Random forest g-computation,0.45,0.28003691343857084,0.28003691343857084,True,,,,0.16996308656142917,-0.16355401270068953,0.7236278395778313,1.0
interference_threshold,20200011,network_interference,CWFM-Direct,0.45,0.1059599369764328,0.1059599369764328,True,,,,0.3440400630235672,-0.49021943122148515,0.7021393051743507,1.0
interference_threshold,20200011,network_interference,CWFM-Calibrated,0.45,0.17304742393199746,0.17304742393199746,True,,,,0.27695257606800255,-0.5351972426228206,0.8812920904868156,1.0
interference_threshold,20200011,network_interference,Linear g-computation,0.45,0.3008516728878021,0.3008516728878021,True,,,,0.1491483271121979,-0.1941226523240845,0.7958259980996887,1.0
interference_threshold,20200011,network_interference,Random forest g-computation,0.45,0.12039153453904931,0.12039153453904931,True,,,,0.3296084654609507,-0.32319939160021105,0.5639824606783097,1.0
interference_threshold,20200012,network_interference,CWFM-Direct,-0.45,0.03376193344593048,0.03376193344593048,True,,,,0.4837619334459305,-0.6365061454474926,0.7040300123393536,1.0
interference_threshold,20200012,network_interference,CWFM-Calibrated,-0.45,0.002465980833858194,0.002465980833858194,True,,,,0.4524659808338582,-0.7057786857209599,0.7107106473886763,1.0
interference_threshold,20200012,network_interference,Linear g-computation,-0.45,-0.056358080357313156,-0.056358080357313156,True,,,,0.39364191964268685,-0.5513324055691997,0.43861624485457346,1.0
interference_threshold,20200012,network_interference,Random forest g-computation,-0.45,0.025341455232473813,0.025341455232473813,True,,,,0.47534145523247384,-0.41824947090678655,0.4689323813717342,0.0
interference_threshold,20200013,network_interference,CWFM-Direct,0.45975310622950993,0.08029342442750931,0.08029342442750931,True,,,,0.3794596818020006,-0.709893728196621,0.8704805770516396,1.0
interference_threshold,20200013,network_interference,CWFM-Calibrated,0.45975310622950993,0.14696095851535618,0.14696095851535618,True,,,,0.31279214771415376,-0.5612837080394619,0.8552056250701743,1.0
interference_threshold,20200013,network_interference,Linear g-computation,0.45975310622950993,0.26237136125564575,0.26237136125564575,True,,,,0.19738174497386418,-0.23260296395624086,0.7573456864675323,1.0
interference_threshold,20200013,network_interference,Random forest g-computation,0.45975310622950993,0.11749094105464275,0.11749094105464275,True,,,,0.3422621651748672,-0.3260999850846176,0.5610818671939031,1.0
interference_threshold,20200014,network_interference,CWFM-Direct,-0.45,-0.2042432725429535,-0.2042432725429535,True,,,,0.24575672745704652,-0.8160930323600769,0.4076064872741699,1.0
interference_threshold,20200014,network_interference,CWFM-Calibrated,-0.45,-0.28865431569361416,-0.28865431569361416,True,,,,0.16134568430638585,-0.9968989822484322,0.41959035086120394,1.0
interference_threshold,20200014,network_interference,Linear g-computation,-0.45,-0.48712342977523804,-0.48712342977523804,True,,,,0.037123429775238026,-0.9820977549871246,0.007850895436648575,1.0
interference_threshold,20200014,network_interference,Random forest g-computation,-0.45,-0.1479753824828518,-0.1479753824828518,True,,,,0.3020246175171482,-0.5915663086221121,0.2956155436564086,1.0
interference_threshold,20200015,network_interference,CWFM-Direct,0.4950765325620763,0.10825936496257782,0.10825936496257782,True,,,,0.38681716759949847,-0.5614263971149922,0.7779451270401478,1.0
interference_threshold,20200015,network_interference,CWFM-Calibrated,0.4950765325620763,0.13745877566529482,0.13745877566529482,True,,,,0.35761775689678144,-0.5707858908895233,0.845703442220113,1.0
interference_threshold,20200015,network_interference,Linear g-computation,0.4950765325620763,0.2099561244249344,0.2099561244249344,True,,,,0.2851204081371419,-0.2850182007869522,0.7049304496368209,1.0
interference_threshold,20200015,network_interference,Random forest g-computation,0.4950765325620763,0.08144094849549739,0.08144094849549739,True,,,,0.4136355840665789,-0.362149977643763,0.5250318746347578,1.0
interference_threshold,20200016,network_interference,CWFM-Direct,0.45,0.09459136426448822,0.09459136426448822,True,,,,0.3554086357355118,-0.6354529231786727,0.8246356517076492,1.0
interference_threshold,20200016,network_interference,CWFM-Calibrated,0.45,0.08145369462503338,0.08145369462503338,True,,,,0.36854630537496663,-0.6267909719297847,0.7896983611798515,1.0
interference_threshold,20200016,network_interference,Linear g-computation,0.45,0.0545850433409214,0.0545850433409214,True,,,,0.3954149566590786,-0.4403892818709652,0.549559368552808,1.0
interference_threshold,20200016,network_interference,Random forest g-computation,0.45,0.09536672500447556,0.09536672500447556,True,,,,0.35463327499552444,-0.3482242011347848,0.538957651143736,1.0
interference_threshold,20200017,network_interference,CWFM-Direct,0.45,0.23778192698955536,0.23778192698955536,True,,,,0.21221807301044465,-0.35658371895551677,0.8321475729346275,1.0
interference_threshold,20200017,network_interference,CWFM-Calibrated,0.45,0.3034288327317267,0.3034288327317267,True,,,,0.1465711672682733,-0.4048158338230914,1.0116734992865448,1.0
interference_threshold,20200017,network_interference,Linear g-computation,0.45,0.4524460434913635,0.4524460434913635,True,,,,0.0024460434913635143,-0.04252828172052309,0.9474203687032501,1.0
interference_threshold,20200017,network_interference,Random forest g-computation,0.45,0.20503570354329415,0.20503570354329415,True,,,,0.24496429645670587,-0.23855522259596623,0.6486266296825545,1.0
interference_threshold,20200018,network_interference,CWFM-Direct,-1.3325885512087428,-0.26449358463287354,-0.26449358463287354,True,,,,1.0680949665758692,-1.347668261229992,0.8186810919642449,1.0
interference_threshold,20200018,network_interference,CWFM-Calibrated,-1.3325885512087428,-0.49091869065525984,-0.49091869065525984,True,,,,0.8416698605534829,-1.199163357210078,0.21732597589955827,0.0
interference_threshold,20200018,network_interference,Linear g-computation,-1.3325885512087428,-0.765166699886322,-0.765166699886322,True,,,,0.5674218513224207,-1.2601410250982086,-0.2701923746744354,0.0
interference_threshold,20200018,network_interference,Random forest g-computation,-1.3325885512087428,-0.6223082918804326,-0.6223082918804326,True,,,,0.7102802593283102,-1.065899218019693,-0.1787173657411722,0.0
interference_threshold,20200019,network_interference,CWFM-Direct,-1.3180296258276698,-0.23656411468982697,-0.23656411468982697,True,,,,1.0814655111378428,-0.9964008344709874,0.5232726050913334,0.0
interference_threshold,20200019,network_interference,CWFM-Calibrated,-1.3180296258276698,-0.5580569322803708,-0.5580569322803708,True,,,,0.759972693547299,-1.266301598835189,0.15018773427444732,0.0
interference_threshold,20200019,network_interference,Linear g-computation,-1.3180296258276698,-0.7939812541007996,-0.7939812541007996,True,,,,0.5240483717268702,-1.2889555793126861,-0.29900692888891295,0.0
interference_threshold,20200019,network_interference,Random forest g-computation,-1.3180296258276698,-1.048647366767458,-1.048647366767458,True,,,,0.26938225906021174,-1.4922382929067184,-0.6050564406281977,1.0
interference_threshold,20200020,network_interference,CWFM-Direct,-0.45,-0.08277235925197601,-0.08277235925197601,True,,,,0.367227640748024,-0.7033629503846168,0.5378182318806648,1.0
interference_threshold,20200020,network_interference,CWFM-Calibrated,-0.45,-0.2396707262571374,-0.2396707262571374,True,,,,0.21032927374286262,-0.9479153928119555,0.46857394029768074,1.0
interference_threshold,20200020,network_interference,Linear g-computation,-0.45,-0.4091622531414032,-0.4091622531414032,True,,,,0.04083774685859681,-0.9041365783532898,0.08581207207048341,1.0
interference_threshold,20200020,network_interference,Random forest g-computation,-0.45,-0.3716821646710445,-0.3716821646710445,True,,,,0.07831783532895553,-0.8152730908103049,0.0719087614682159,1.0
interference_threshold,20200021,network_interference,CWFM-Direct,0.9323067501475131,0.3287236988544464,0.3287236988544464,True,,,,0.6035830512930667,-0.3536336556077003,1.0110810533165933,1.0
interference_threshold,20200021,network_interference,CWFM-Calibrated,0.9323067501475131,0.5239386628106086,0.5239386628106086,True,,,,0.40836808733690444,-0.18430600374420947,1.2321833293654267,1.0
interference_threshold,20200021,network_interference,Linear g-computation,0.9323067501475131,0.680337131023407,0.680337131023407,True,,,,0.2519696191241061,0.18536280581152037,1.1753114562352935,1.0
interference_threshold,20200021,network_interference,Random forest g-computation,0.9323067501475131,0.7958835912823097,0.7958835912823097,True,,,,0.1364231588652034,0.3522926651430493,1.23947451742157,1.0
interference_threshold,20200022,network_interference,CWFM-Direct,1.2770432484516148,0.3082113564014435,0.3082113564014435,True,,,,0.9688318920501713,-0.6187134718894959,1.235136184692383,0.0
interference_threshold,20200022,network_interference,CWFM-Calibrated,1.2770432484516148,0.7367729773397179,0.7367729773397179,True,,,,0.5402702711118968,0.028528310784899813,1.445017643894536,1.0
interference_threshold,20200022,network_interference,Linear g-computation,1.2770432484516148,1.0296794176101685,1.0296794176101685,True,,,,0.2473638308414463,0.5347050923982819,1.524653742822055,1.0
interference_threshold,20200022,network_interference,Random forest g-computation,1.2770432484516148,1.4340454284341273,1.4340454284341273,True,,,,0.15700217998251254,0.990454502294867,1.8776363545733876,1.0
interference_threshold,20200023,network_interference,CWFM-Direct,0.4945165737673578,0.05888988822698593,0.05888988822698593,True,,,,0.43562668554037187,-0.6057107743620873,0.7234905508160592,1.0
interference_threshold,20200023,network_interference,CWFM-Calibrated,0.4945165737673578,0.08634902785195357,0.08634902785195357,True,,,,0.4081675459154042,-0.6218956387028646,0.7945936944067716,1.0
interference_threshold,20200023,network_interference,Linear g-computation,0.4945165737673578,0.10433316975831985,0.10433316975831985,True,,,,0.39018340400903795,-0.39064115545356676,0.5993074949702064,1.0
interference_threshold,20200023,network_interference,Random forest g-computation,0.4945165737673578,0.1323116815115947,0.1323116815115947,True,,,,0.36220489225576313,-0.31127924462766565,0.5759026076508551,1.0
interference_threshold,20200024,network_interference,CWFM-Direct,-0.45,-0.0654035359621048,-0.0654035359621048,True,,,,0.3845964640378952,-0.7415626333653927,0.6107555614411831,1.0
interference_threshold,20200024,network_interference,CWFM-Calibrated,-0.45,-0.18302639441727536,-0.18302639441727536,True,,,,0.26697360558272465,-0.8912710609720935,0.5252182721375427,1.0
interference_threshold,20200024,network_interference,Linear g-computation,-0.45,-0.37738391757011414,-0.37738391757011414,True,,,,0.07261608242988588,-0.8723582427820007,0.11759040764177248,1.0
interference_threshold,20200024,network_interference,Random forest g-computation,-0.45,-0.14835865737238466,-0.14835865737238466,True,,,,0.3016413426276153,-0.5919495835116451,0.2952322687668757,1.0
interference_threshold,20200025,network_interference,CWFM-Direct,-1.0408499781107485,-0.28077229857444763,-0.28077229857444763,True,,,,0.7600776795363009,-0.9345759308338165,0.37303133368492125,0.0
interference_threshold,20200025,network_interference,CWFM-Calibrated,-1.0408499781107485,-0.5293263151602225,-0.5293263151602225,True,,,,0.511523662950526,-1.2375709817150407,0.17891835139459555,1.0
interference_threshold,20200025,network_interference,Linear g-computation,-1.0408499781107485,-0.6915940046310425,-0.6915940046310425,True,,,,0.34925597347970605,-1.186568329842929,-0.19661967941915587,1.0
interference_threshold,20200025,network_interference,Random forest g-computation,-1.0408499781107485,-0.9489291877228571,-0.9489291877228571,True,,,,0.09192079038789147,-1.3925201138621175,-0.5053382615835966,1.0
interference_threshold,20200026,network_interference,CWFM-Direct,-1.3267366955825226,-0.08308181911706924,-0.08308181911706924,True,,,,1.2436548764654534,-0.9845422732830048,0.8183786350488663,0.0
interference_threshold,20200026,network_interference,CWFM-Calibrated,-1.3267366955825226,-0.28129365747849144,-0.28129365747849144,True,,,,1.0454430381040312,-0.9895383240333095,0.42695100907632666,0.0
interference_threshold,20200026,network_interference,Linear g-computation,-1.3267366955825226,-0.535142719745636,-0.535142719745636,True,,,,0.7915939758368866,-1.0301170449575225,-0.040168394533749374,0.0
interference_threshold,20200026,network_interference,Random forest g-computation,-1.3267366955825226,-0.36989667558443884,-0.36989667558443884,True,,,,0.9568400199980838,-0.8134876017236992,0.07369425055482154,0.0
interference_threshold,20200027,network_interference,CWFM-Direct,0.4900422757366465,0.21531382203102112,0.21531382203102112,True,,,,0.2747284537056254,-0.387028848528862,0.8176564925909042,1.0
interference_threshold,20200027,network_interference,CWFM-Calibrated,0.4900422757366465,0.3103868160669407,0.3103868160669407,True,,,,0.1796554596697058,-0.3978578504878774,1.0186314826217588,1.0
interference_threshold,20200027,network_interference,Linear g-computation,0.4900422757366465,0.32225140929222107,0.32225140929222107,True,,,,0.16779086644442542,-0.17272291591966554,0.8172257345041076,1.0
interference_threshold,20200027,network_interference,Random forest g-computation,0.4900422757366465,0.5700581792222031,0.5700581792222031,True,,,,0.08001590348555665,0.12646725308294277,1.0136491053614636,1.0
interference_threshold,20200028,network_interference,CWFM-Direct,-0.45,-0.06757903844118118,-0.06757903844118118,True,,,,0.38242096155881883,-1.040999006330967,0.9058409294486046,1.0
interference_threshold,20200028,network_interference,CWFM-Calibrated,-0.45,-0.1724333478634708,-0.1724333478634708,True,,,,0.2775666521365292,-0.8806780144182889,0.5358113186913473,1.0
interference_threshold,20200028,network_interference,Linear g-computation,-0.45,-0.30788400769233704,-0.30788400769233704,True,,,,0.14211599230766297,-0.8028583329042236,0.18709031751954958,1.0
interference_threshold,20200028,network_interference,Random forest g-computation,-0.45,-0.21687577180514364,-0.21687577180514364,True,,,,0.23312422819485637,-0.660466697944404,0.22671515433411674,1.0
interference_threshold,20200029,network_interference,CWFM-Direct,0.45,0.23431245982646942,0.23431245982646942,True,,,,0.2156875401735306,-0.6632137525081635,1.1318386721611025,1.0
interference_threshold,20200029,network_interference,CWFM-Calibrated,0.45,0.2912884649308896,0.2912884649308896,True,,,,0.1587115350691104,-0.4169562016239285,0.9995331314857077,1.0
interference_threshold,20200029,network_interference,Linear g-computation,0.45,0.28203630447387695,0.28203630447387695,True,,,,0.16796369552612306,-0.21293802073800966,0.7770106296857635,1.0
interference_threshold,20200029,network_interference,Random forest g-computation,0.45,0.4790153697501416,0.4790153697501416,True,,,,0.029015369750141573,0.03542444361088121,0.9226062958894019,1.0
interference_null,20200000,network_interference,CWFM-Direct,0.0,0.017608756199479103,0.017608756199479103,True,,,,0.017608756199479103,-0.592320113107562,0.6275376255065203,1.0
interference_null,20200000,network_interference,CWFM-Calibrated,0.0,-0.004760557975614626,-0.004760557975614626,True,,,,0.004760557975614626,-0.7130052245304327,0.7034841085792035,1.0
interference_null,20200000,network_interference,Linear g-computation,0.0,-0.048207759857177734,-0.048207759857177734,True,,,,0.048207759857177734,-0.5431820850690643,0.4467665653547089,1.0
interference_null,20200000,network_interference,Random forest g-computation,0.0,0.014615189058077205,0.014615189058077205,True,,,,0.014615189058077205,-0.4289757370811832,0.45820611519733756,1.0
interference_null,20200001,network_interference,CWFM-Direct,0.0,0.059820402413606644,0.059820402413606644,True,,,,0.059820402413606644,-0.8873505981266498,1.0069914029538631,1.0
interference_null,20200001,network_interference,CWFM-Calibrated,0.0,0.037260303603534606,0.037260303603534606,True,,,,0.037260303603534606,-0.6709843629512835,0.7455049701583527,1.0
interference_null,20200001,network_interference,Linear g-computation,0.0,0.009758662432432175,0.009758662432432175,True,,,,0.009758662432432175,-0.48521566277945444,0.5047329876443187,1.0
interference_null,20200001,network_interference,Random forest g-computation,0.0,0.024442170106756752,0.024442170106756752,True,,,,0.024442170106756752,-0.4191487560325036,0.46803309624601713,1.0
interference_null,20200002,network_interference,CWFM-Direct,0.0,0.0797877237200737,0.0797877237200737,True,,,,0.0797877237200737,-0.5068157733976841,0.6663912208378315,1.0
interference_null,20200002,network_interference,CWFM-Calibrated,0.0,0.10652267913062854,0.10652267913062854,True,,,,0.10652267913062854,-0.6017219874241896,0.8147673456854466,1.0
interference_null,20200002,network_interference,Linear g-computation,0.0,0.14815247058868408,0.14815247058868408,True,,,,0.14815247058868408,-0.34682185462320253,0.6431267958005706,1.0
interference_null,20200002,network_interference,Random forest g-computation,0.0,0.10387156227562055,0.10387156227562055,True,,,,0.10387156227562055,-0.3397193638636398,0.5474624884148809,1.0
interference_null,20200003,network_interference,CWFM-Direct,0.0,0.021494274958968163,0.021494274958968163,True,,,,0.021494274958968163,-0.5176642266660929,0.5606527765840292,1.0
interference_null,20200003,network_interference,CWFM-Calibrated,0.0,-0.019808413872098307,-0.019808413872098307,True,,,,0.019808413872098307,-0.7280530804269164,0.6884362526827198,1.0
interference_null,20200003,network_interference,Linear g-computation,0.0,-0.08238045126199722,-0.08238045126199722,True,,,,0.08238045126199722,-0.5773547764738838,0.4125938739498894,1.0
interference_null,20200003,network_interference,Random forest g-computation,0.0,-0.019102054075505966,-0.019102054075505966,True,,,,0.019102054075505966,-0.46269298021476635,0.4244888720637544,1.0
interference_null,20200004,network_interference,CWFM-Direct,0.0,0.029597345739603043,0.029597345739603043,True,,,,0.029597345739603043,-0.523711189776659,0.5829058812558651,1.0
interference_null,20200004,network_interference,CWFM-Calibrated,0.0,0.04737784312450035,0.04737784312450035,True,,,,0.04737784312450035,-0.6608668234303178,0.7556225096793184,1.0
interference_null,20200004,network_interference,Linear g-computation,0.0,0.05606082081794739,0.05606082081794739,True,,,,0.05606082081794739,-0.4389135043939392,0.5510351460298339,1.0
interference_null,20200004,network_interference,Random forest g-computation,0.0,0.08314559647310492,0.08314559647310492,True,,,,0.08314559647310492,-0.36044532966615545,0.5267365226123653,1.0
interference_null,20200005,network_interference,CWFM-Direct,0.0,0.05913656949996948,0.05913656949996948,True,,,,0.05913656949996948,-0.8531012070178986,0.9713743460178376,1.0
interference_null,20200005,network_interference,CWFM-Calibrated,0.0,0.053886247973032035,0.053886247973032035,True,,,,0.053886247973032035,-0.6543584185817861,0.7621309145278501,1.0
interference_null,20200005,network_interference,Linear g-computation,0.0,0.04552505537867546,0.04552505537867546,True,,,,0.04552505537867546,-0.44944926983321115,0.540499380590562,1.0
interference_null,20200005,network_interference,Random forest g-computation,0.0,0.0547751078121144,0.0547751078121144,True,,,,0.0547751078121144,-0.38881581832714596,0.4983660339513748,1.0
interference_null,20200006,network_interference,CWFM-Direct,0.0,0.02362722158432007,0.02362722158432007,True,,,,0.02362722158432007,-0.6803653743863106,0.7276198175549508,1.0
interference_null,20200006,network_interference,CWFM-Calibrated,0.0,-0.013605148381693213,-0.013605148381693213,True,,,,0.013605148381693213,-0.7218498149365113,0.6946395181731249,1.0
interference_null,20200006,network_interference,Linear g-computation,0.0,-0.040763434022665024,-0.040763434022665024,True,,,,0.040763434022665024,-0.5357377592345516,0.4542108911892216,1.0
interference_null,20200006,network_interference,Random forest g-computation,0.0,-0.07069284388216783,-0.07069284388216783,True,,,,0.07069284388216783,-0.5142837700214282,0.37289808225709253,1.0
interference_null,20200007,network_interference,CWFM-Direct,0.0,0.09894181787967682,0.09894181787967682,True,,,,0.09894181787967682,-0.6383771155774594,0.836260751336813,1.0
interference_null,20200007,network_interference,CWFM-Calibrated,0.0,0.11486476737326179,0.11486476737326179,True,,,,0.11486476737326179,-0.5933798991815563,0.8231094339280799,1.0
interference_null,20200007,network_interference,Linear g-computation,0.0,0.0812503844499588,0.0812503844499588,True,,,,0.0812503844499588,-0.4137239407619278,0.5762247096618454,1.0
interference_null,20200007,network_interference,Random forest g-computation,0.0,0.2278656235569628,0.2278656235569628,True,,,,0.2278656235569628,-0.21572530258229758,0.6714565496962231,1.0
interference_null,20200008,network_interference,CWFM-Direct,0.0,0.07231266051530838,0.07231266051530838,True,,,,0.07231266051530838,-0.5673274560272694,0.7119527770578862,1.0
interference_null,20200008,network_interference,CWFM-Calibrated,0.0,0.06942076136010693,0.06942076136010693,True,,,,0.06942076136010693,-0.6388239051947112,0.777665427914925,1.0
interference_null,20200008,network_interference,Linear g-computation,0.0,0.07515449821949005,0.07515449821949005,True,,,,0.07515449821949005,-0.41981982699239656,0.5701288234313766,1.0
interference_null,20200008,network_interference,Random forest g-computation,0.0,0.04948085571951142,0.04948085571951142,True,,,,0.04948085571951142,-0.39411007041974894,0.4930717818587718,1.0
interference_null,20200009,network_interference,CWFM-Direct,0.0,0.05357516184449196,0.05357516184449196,True,,,,0.05357516184449196,-0.532200600206852,0.6393509238958359,1.0
interference_null,20200009,network_interference,CWFM-Calibrated,0.0,0.06919036641547463,0.06919036641547463,True,,,,0.06919036641547463,-0.6390543001393435,0.7774350329702927,1.0
interference_null,20200009,network_interference,Linear g-computation,0.0,0.06471440196037292,0.06471440196037292,True,,,,0.06471440196037292,-0.4302599232515137,0.5596887271722595,1.0
interference_null,20200009,network_interference,Random forest g-computation,0.0,0.12439742222303168,0.12439742222303168,True,,,,0.12439742222303168,-0.3191935039162287,0.5679883483622921,1.0
interference_null,20200010,network_interference,CWFM-Direct,0.0,0.05551503598690033,0.05551503598690033,True,,,,0.05551503598690033,-0.710442775785923,0.8214728477597236,1.0
interference_null,20200010,network_interference,CWFM-Calibrated,0.0,0.05466155835473708,0.05466155835473708,True,,,,0.05466155835473708,-0.653583108200081,0.7629062249095552,1.0
interference_null,20200010,network_interference,Linear g-computation,0.0,0.06846265494823456,0.06846265494823456,True,,,,0.06846265494823456,-0.42651167026365205,0.5634369801601211,1.0
interference_null,20200010,network_interference,Random forest g-computation,0.0,0.024950194789956876,0.024950194789956876,True,,,,0.024950194789956876,-0.4186407313493035,0.46854112092921724,1.0
interference_null,20200011,network_interference,CWFM-Direct,0.0,0.04363102465867996,0.04363102465867996,True,,,,0.04363102465867996,-0.6408479769527913,0.7281100262701512,1.0
interference_null,20200011,network_interference,CWFM-Calibrated,0.0,0.02082833077902036,0.02082833077902036,True,,,,0.02082833077902036,-0.6874163357757977,0.7290729973338385,1.0
interference_null,20200011,network_interference,Linear g-computation,0.0,-0.01800443045794964,-0.01800443045794964,True,,,,0.01800443045794964,-0.5129787556698362,0.476969894753937,1.0
interference_null,20200011,network_interference,Random forest g-computation,0.0,0.029770467611006154,0.029770467611006154,True,,,,0.029770467611006154,-0.4138204585282542,0.47336139375026653,1.0
interference_null,20200012,network_interference,CWFM-Direct,0.0,0.050783295184373856,0.050783295184373856,True,,,,0.050783295184373856,-0.593246895968914,0.6948134863376617,1.0
interference_null,20200012,network_interference,CWFM-Calibrated,0.0,0.11293441389635639,0.11293441389635639,True,,,,0.11293441389635639,-0.5953102526584617,0.8211790804511745,1.0
interference_null,20200012,network_interference,Linear g-computation,0.0,0.21624259650707245,0.21624259650707245,True,,,,0.21624259650707245,-0.27873172870481416,0.711216921718959,1.0
interference_null,20200012,network_interference,Random forest g-computation,0.0,0.09404090719628026,0.09404090719628026,True,,,,0.09404090719628026,-0.3495500189429801,0.5376318333355407,1.0
interference_null,20200013,network_interference,CWFM-Direct,0.0,0.037838440388441086,0.037838440388441086,True,,,,0.037838440388441086,-0.9779830946028232,1.0536599753797053,1.0
interference_null,20200013,network_interference,CWFM-Calibrated,0.0,-0.0038819248266949574,-0.0038819248266949574,True,,,,0.0038819248266949574,-0.712126591381513,0.7043627417281232,1.0
interference_null,20200013,network_interference,Linear g-computation,0.0,-0.06617646664381027,-0.06617646664381027,True,,,,0.06617646664381027,-0.5611507918556968,0.42879785856807634,1.0
interference_null,20200013,network_interference,Random forest g-computation,0.0,-0.005045365431202549,-0.005045365431202549,True,,,,0.005045365431202549,-0.4486362915704629,0.43854556070805784,1.0
interference_null,20200014,network_interference,CWFM-Direct,0.0,-0.06276283413171768,-0.06276283413171768,True,,,,0.06276283413171768,-0.776470482647419,0.6509448143839837,1.0
interference_null,20200014,network_interference,CWFM-Calibrated,0.0,-0.07916918774419741,-0.07916918774419741,True,,,,0.07916918774419741,-0.7874138542990156,0.6290754788106206,1.0
interference_null,20200014,network_interference,Linear g-computation,0.0,-0.12994632124900818,-0.12994632124900818,True,,,,0.12994632124900818,-0.6249206464608947,0.36502800396287843,1.0
interference_null,20200014,network_interference,Random forest g-computation,0.0,-0.027759745795913605,-0.027759745795913605,True,,,,0.027759745795913605,-0.471350671935174,0.41583118034334676,1.0
interference_null,20200015,network_interference,CWFM-Direct,0.0,0.018199102953076363,0.018199102953076363,True,,,,0.018199102953076363,-0.6618688904494048,0.6982670963555575,1.0
interference_null,20200015,network_interference,CWFM-Calibrated,0.0,-0.01582526050540825,-0.01582526050540825,True,,,,0.01582526050540825,-0.7240699270602263,0.6924194060494099,1.0
interference_null,20200015,network_interference,Linear g-computation,0.0,-0.048110231757164,-0.048110231757164,True,,,,0.048110231757164,-0.5430845569690506,0.4468640934547226,1.0
interference_null,20200015,network_interference,Random forest g-computation,0.0,-0.05326245041700419,-0.05326245041700419,True,,,,0.05326245041700419,-0.49685337655626455,0.3903284757222562,1.0
interference_null,20200016,network_interference,CWFM-Direct,0.0,0.08033539354801178,0.08033539354801178,True,,,,0.08033539354801178,-0.7058491276204586,0.8665199147164822,1.0
interference_null,20200016,network_interference,CWFM-Calibrated,0.0,0.05128051472527833,0.05128051472527833,True,,,,0.05128051472527833,-0.6569641518295398,0.7595251812800964,1.0
interference_null,20200016,network_interference,Linear g-computation,0.0,0.02699447050690651,0.02699447050690651,True,,,,0.02699447050690651,-0.4679798547049801,0.5219687957187931,1.0
interference_null,20200016,network_interference,Random forest g-computation,0.0,0.012836176644718525,0.012836176644718525,True,,,,0.012836176644718525,-0.43075474949454184,0.4564271027839789,1.0
interference_null,20200017,network_interference,CWFM-Direct,0.0,-0.08976796269416809,-0.08976796269416809,True,,,,0.08976796269416809,-0.771689486503601,0.5921535611152648,1.0
interference_null,20200017,network_interference,CWFM-Calibrated,0.0,-0.1727307073306062,-0.1727307073306062,True,,,,0.1727307073306062,-0.8809753738854242,0.535513959224212,1.0
interference_null,20200017,network_interference,Linear g-computation,0.0,-0.31000930070877075,-0.31000930070877075,True,,,,0.31000930070877075,-0.8049836259206573,0.18496502450311586,1.0
interference_null,20200017,network_interference,Random forest g-computation,0.0,-0.1487399121132292,-0.1487399121132292,True,,,,0.1487399121132292,-0.5923308382524896,0.2948510140260312,1.0
interference_null,20200018,network_interference,CWFM-Direct,0.0,0.17056626081466675,0.17056626081466675,True,,,,0.17056626081466675,-0.5817368638515472,0.9228693854808807,1.0
interference_null,20200018,network_interference,CWFM-Calibrated,0.0,0.18062825806896715,0.18062825806896715,True,,,,0.18062825806896715,-0.527616408485851,0.8888729246237852,1.0
interference_null,20200018,network_interference,Linear g-computation,0.0,0.2419843226671219,0.2419843226671219,True,,,,0.2419843226671219,-0.2529900025447647,0.7369586478790084,1.0
interference_null,20200018,network_interference,Random forest g-computation,0.0,0.08901477460937286,0.08901477460937286,True,,,,0.08901477460937286,-0.35457615152988753,0.5326057007486332,1.0
interference_null,20200019,network_interference,CWFM-Direct,0.0,-0.02329094521701336,-0.02329094521701336,True,,,,0.02329094521701336,-0.8027217090874911,0.7561398186534644,1.0
interference_null,20200019,network_interference,CWFM-Calibrated,0.0,-0.0715452263123849,-0.0715452263123849,True,,,,0.0715452263123849,-0.779789892867203,0.6366994402424332,1.0
interference_null,20200019,network_interference,Linear g-computation,0.0,-0.14479821920394897,-0.14479821920394897,True,,,,0.14479821920394897,-0.6397725444158355,0.35017610600793764,1.0
interference_null,20200019,network_interference,Random forest g-computation,0.0,-0.07047869419987424,-0.07047869419987424,True,,,,0.07047869419987424,-0.5140696203391346,0.37311223193938614,1.0
interference_null,20200020,network_interference,CWFM-Direct,0.0,0.03122793510556221,0.03122793510556221,True,,,,0.03122793510556221,-0.5391054007411004,0.6015612709522248,1.0
interference_null,20200020,network_interference,CWFM-Calibrated,0.0,0.00872795388470429,0.00872795388470429,True,,,,0.00872795388470429,-0.6995167126701138,0.7169726204395224,1.0
interference_null,20200020,network_interference,Linear g-computation,0.0,-0.023784175515174866,-0.023784175515174866,True,,,,0.023784175515174866,-0.5187585007270614,0.47119014969671175,1.0
interference_null,20200020,network_interference,Random forest g-computation,0.0,0.006009231329144902,0.006009231329144902,True,,,,0.006009231329144902,-0.4375816948101155,0.44960015746840526,1.0
interference_null,20200021,network_interference,CWFM-Direct,0.0,0.08069668710231781,0.08069668710231781,True,,,,0.08069668710231781,-0.7930105221271515,0.9544038963317871,1.0
interference_null,20200021,network_interference,CWFM-Calibrated,0.0,0.056450430865476034,0.056450430865476034,True,,,,0.056450430865476034,-0.651794235689342,0.7646950974202942,1.0
interference_null,20200021,network_interference,Linear g-computation,0.0,0.037487924098968506,0.037487924098968506,True,,,,0.037487924098968506,-0.4574864011129181,0.5324622493108551,1.0
interference_null,20200021,network_interference,Random forest g-computation,0.0,0.021752952321615737,0.021752952321615737,True,,,,0.021752952321615737,-0.42183797381764465,0.4653438784608761,1.0
interference_null,20200022,network_interference,CWFM-Direct,0.0,0.0069022090174257755,0.0069022090174257755,True,,,,0.0069022090174257755,-0.7546744016371667,0.7684788196720183,1.0
interference_null,20200022,network_interference,CWFM-Calibrated,0.0,-0.003889020582870068,-0.003889020582870068,True,,,,0.003889020582870068,-0.7121336871376882,0.704355645971948,1.0
interference_null,20200022,network_interference,Linear g-computation,0.0,-0.012115276418626308,-0.012115276418626308,True,,,,0.012115276418626308,-0.5070896016305129,0.4828590487932603,1.0
interference_null,20200022,network_interference,Random forest g-computation,0.0,-0.019767664946141583,-0.019767664946141583,True,,,,0.019767664946141583,-0.46335859108540195,0.4238232611931188,1.0
interference_null,20200023,network_interference,CWFM-Direct,0.0,-0.008693068288266659,-0.008693068288266659,True,,,,0.008693068288266659,-0.7378173069283366,0.7204311703518033,1.0
interference_null,20200023,network_interference,CWFM-Calibrated,0.0,-0.05110171474508643,-0.05110171474508643,True,,,,0.05110171474508643,-0.7593463812999045,0.6571429518097317,1.0
interference_null,20200023,network_interference,Linear g-computation,0.0,-0.1514165699481964,-0.1514165699481964,True,,,,0.1514165699481964,-0.646390895160083,0.3435577552636902,1.0
interference_null,20200023,network_interference,Random forest g-computation,0.0,0.01964797465048807,0.01964797465048807,True,,,,0.01964797465048807,-0.4239429514887723,0.46323890078974844,1.0
interference_null,20200024,network_interference,CWFM-Direct,0.0,0.07733185589313507,0.07733185589313507,True,,,,0.07733185589313507,-0.6479347176849842,0.8025984294712544,1.0
interference_null,20200024,network_interference,CWFM-Calibrated,0.0,0.06282357264401758,0.06282357264401758,True,,,,0.06282357264401758,-0.6454210939108005,0.7710682391988357,1.0
interference_null,20200024,network_interference,Linear g-computation,0.0,0.0897049754858017,0.0897049754858017,True,,,,0.0897049754858017,-0.4052693497260849,0.5846793006976883,1.0
interference_null,20200024,network_interference,Random forest g-computation,0.0,-0.03340315196859176,-0.03340315196859176,True,,,,0.03340315196859176,-0.47699407810785216,0.4101877741706686,1.0
interference_null,20200025,network_interference,CWFM-Direct,0.0,-0.011126402765512466,-0.011126402765512466,True,,,,0.011126402765512466,-0.7062519775331021,0.6839991720020772,1.0
interference_null,20200025,network_interference,CWFM-Calibrated,0.0,-0.057944060605072734,-0.057944060605072734,True,,,,0.057944060605072734,-0.7661887271598908,0.6503006059497454,1.0
interference_null,20200025,network_interference,Linear g-computation,0.0,-0.12930388748645782,-0.12930388748645782,True,,,,0.12930388748645782,-0.6242782126983444,0.3656704377254288,1.0
interference_null,20200025,network_interference,Random forest g-computation,0.0,-0.05625065600440551,-0.05625065600440551,True,,,,0.05625065600440551,-0.49984158214366586,0.3873402701348549,1.0
interference_null,20200026,network_interference,CWFM-Direct,0.0,0.02802778221666813,0.02802778221666813,True,,,,0.02802778221666813,-0.76824379183352,0.8242993562668562,1.0
interference_null,20200026,network_interference,CWFM-Calibrated,0.0,-0.0006693524019194715,-0.0006693524019194715,True,,,,0.0006693524019194715,-0.7089140189567376,0.7075753141528986,1.0
interference_null,20200026,network_interference,Linear g-computation,0.0,-0.05165941268205643,-0.05165941268205643,True,,,,0.05165941268205643,-0.546633737893943,0.4433149125298302,1.0
interference_null,20200026,network_interference,Random forest g-computation,0.0,0.014523111572716475,0.014523111572716475,True,,,,0.014523111572716475,-0.4290678145665439,0.45811403771197684,1.0
interference_null,20200027,network_interference,CWFM-Direct,0.0,0.06574857980012894,0.06574857980012894,True,,,,0.06574857980012894,-0.7863036799430847,0.9178008395433426,1.0
interference_null,20200027,network_interference,CWFM-Calibrated,0.0,8.802458565056182e-05,8.802458565056182e-05,True,,,,8.802458565056182e-05,-0.7081566419691675,0.7083326911404687,1.0
interference_null,20200027,network_interference,Linear g-computation,0.0,-0.11896426975727081,-0.11896426975727081,True,,,,0.11896426975727081,-0.6139385949691574,0.3760100554546158,1.0
interference_null,20200027,network_interference,Random forest g-computation,0.0,0.04030213360753595,0.04030213360753595,True,,,,0.04030213360753595,-0.40328879253172445,0.4838930597467963,1.0
interference_null,20200028,network_interference,CWFM-Direct,0.0,0.09763404726982117,0.09763404726982117,True,,,,0.09763404726982117,-0.8808201813697815,1.0760882759094237,1.0
interference_null,20200028,network_interference,CWFM-Calibrated,0.0,0.1086595251402266,0.1086595251402266,True,,,,0.1086595251402266,-0.5995851414145915,0.8169041916950447,1.0
interference_null,20200028,network_interference,Linear g-computation,0.0,0.13804815709590912,0.13804815709590912,True,,,,0.13804815709590912,-0.3569261681159775,0.6330224823077957,1.0
interference_null,20200028,network_interference,Random forest g-computation,0.0,0.08341884570171625,0.08341884570171625,True,,,,0.08341884570171625,-0.3601720804375441,0.5270097718409766,1.0
interference_null,20200029,network_interference,CWFM-Direct,0.0,0.09169315546751022,0.09169315546751022,True,,,,0.09169315546751022,-0.8387444972991943,1.0221308082342149,1.0
interference_null,20200029,network_interference,CWFM-Calibrated,0.0,0.05517119103915383,0.05517119103915383,True,,,,0.05517119103915383,-0.6530734755156643,0.7634158575939719,1.0
interference_null,20200029,network_interference,Linear g-computation,0.0,0.021911684423685074,0.021911684423685074,True,,,,0.021911684423685074,-0.47306264078820154,0.5168860096355716,1.0
interference_null,20200029,network_interference,Random forest g-computation,0.0,0.012209654153770703,0.012209654153770703,True,,,,0.012209654153770703,-0.4313812719854897,0.45580058029303105,1.0
interference_poor_support,20200000,network_interference,CWFM-Direct,0.225,0.48004987835884094,0.48004987835884094,True,,,,0.25504987835884096,0.3446096568182111,0.6154900998994708,0.0
interference_poor_support,20200000,network_interference,CWFM-Calibrated,0.225,,0.38376155924086386,False,,,,,,,
interference_poor_support,20200000,network_interference,Linear g-computation,0.225,0.2850450575351715,0.2850450575351715,True,,,,0.0600450575351715,-0.2099292676767151,0.7800193827470581,1.0
interference_poor_support,20200000,network_interference,Random forest g-computation,0.225,0.5859295901586804,0.5859295901586804,True,,,,0.3609295901586804,0.14233866401942002,1.0295205162979408,1.0
interference_poor_support,20200001,network_interference,CWFM-Direct,-0.3929978414091025,0.08889263868331909,0.08889263868331909,True,,,,0.4818904800924216,-0.6231978280842304,0.8009831054508686,1.0
interference_poor_support,20200001,network_interference,CWFM-Calibrated,-0.3929978414091025,,0.06500531699272134,False,,,,,,,
interference_poor_support,20200001,network_interference,Linear g-computation,-0.3929978414091025,0.0412118136882782,0.0412118136882782,True,,,,0.4342096550973807,-0.4537625115236084,0.5361861389001648,1.0
interference_poor_support,20200001,network_interference,Random forest g-computation,-0.3929978414091025,0.029642686933730834,0.029642686933730834,True,,,,0.42264052834283333,-0.41394823920552953,0.4732336130729912,1.0
interference_poor_support,20200002,network_interference,CWFM-Direct,0.225,0.29421287775039673,0.29421287775039673,True,,,,0.06921287775039672,-0.5583294340968132,1.1467551895976067,1.0
interference_poor_support,20200002,network_interference,CWFM-Calibrated,0.225,,0.29949804537990504,False,,,,,,,
interference_poor_support,20200002,network_interference,Linear g-computation,0.225,0.3060024380683899,0.3060024380683899,True,,,,0.08100243806838989,-0.18897188714349672,0.8009767632802764,1.0
interference_poor_support,20200002,network_interference,Random forest g-computation,0.225,0.1565473754992022,0.1565473754992022,True,,,,0.06845262450079781,-0.28704355064005815,0.6001383016384626,1.0
interference_poor_support,20200003,network_interference,CWFM-Direct,-0.5968977317074601,-0.00830155797302723,-0.00830155797302723,True,,,,0.5885961737344328,-0.8230752462893725,0.806472130343318,1.0
interference_poor_support,20200003,network_interference,CWFM-Calibrated,-0.5968977317074601,,-0.05466885261481748,False,,,,,,,
interference_poor_support,20200003,network_interference,Linear g-computation,-0.5968977317074601,-0.10143227130174637,-0.10143227130174637,True,,,,0.4954654604057137,-0.5964065965136329,0.39354205391014024,0.0
interference_poor_support,20200003,network_interference,Random forest g-computation,-0.5968977317074601,-0.05214471464455352,-0.05214471464455352,True,,,,0.5447530170629066,-0.4957356407838139,0.3914462114947069,0.0
interference_poor_support,20200004,network_interference,CWFM-Direct,0.35862611028817093,0.37847405672073364,0.37847405672073364,True,,,,0.019847946432562713,-0.24202569141983987,0.9989738048613072,1.0
interference_poor_support,20200004,network_interference,CWFM-Calibrated,0.35862611028817093,,-0.07768498689471098,False,,,,,,,
interference_poor_support,20200004,network_interference,Linear g-computation,0.35862611028817093,-0.5426307916641235,-0.5426307916641235,True,,,,0.9012569019522945,-1.03760511687601,-0.04765646645223692,0.0
interference_poor_support,20200004,network_interference,Random forest g-computation,0.35862611028817093,0.5458870263645265,0.5458870263645265,True,,,,0.18726091607635553,0.10229610022526608,0.9894779525037869,1.0
interference_poor_support,20200005,network_interference,CWFM-Direct,-0.32929213905396854,0.012847945094108582,0.012847945094108582,True,,,,0.3421400841480771,-0.925067169368267,0.9507630595564842,1.0
interference_poor_support,20200005,network_interference,CWFM-Calibrated,-0.32929213905396854,,-0.28482821122383783,False,,,,,,,
interference_poor_support,20200005,network_interference,Linear g-computation,-0.32929213905396854,-0.5864934921264648,-0.5864934921264648,True,,,,0.2572013530724963,-1.0814678173383514,-0.09151916691457823,1.0
interference_poor_support,20200005,network_interference,Random forest g-computation,-0.32929213905396854,-0.09617337840940765,-0.09617337840940765,True,,,,0.23311876064456089,-0.539764304548668,0.3474175477298527,1.0
interference_poor_support,20200006,network_interference,CWFM-Direct,0.5731510613897715,0.4265371561050415,0.4265371561050415,True,,,,0.14661390528472995,-0.2504030047357082,1.1034773169457912,1.0
interference_poor_support,20200006,network_interference,CWFM-Calibrated,0.5731510613897715,,-0.25069267961395303,False,,,,,,,
interference_poor_support,20200006,network_interference,Linear g-computation,0.5731510613897715,-0.9412574172019958,-0.9412574172019958,True,,,,1.5144084785917673,-1.4362317424138824,-0.44628309199010924,0.0
interference_poor_support,20200006,network_interference,Random forest g-computation,0.5731510613897715,0.7017529078077912,0.7017529078077912,True,,,,0.12860184641801975,0.2581619816685308,1.1453438339470516,1.0
interference_poor_support,20200007,network_interference,CWFM-Direct,-0.225,0.09938541054725647,0.09938541054725647,True,,,,0.32438541054725645,-0.7026266758143902,0.9013974969089031,1.0
interference_poor_support,20200007,network_interference,CWFM-Calibrated,-0.225,,0.08540613315121622,False,,,,,,,
interference_poor_support,20200007,network_interference,Linear g-computation,-0.225,0.0717056468129158,0.0717056468129158,True,,,,0.2967056468129158,-0.4232686783989708,0.5666799720248024,1.0
interference_poor_support,20200007,network_interference,Random forest g-computation,-0.225,0.03753014802781606,0.03753014802781606,True,,,,0.26253014802781605,-0.4060607781114443,0.48112107416707645,1.0
interference_poor_support,20200008,network_interference,CWFM-Direct,-0.6115831919166875,-0.00852236058562994,-0.00852236058562994,True,,,,0.6030608313310576,-0.8582946720346809,0.841249950863421,1.0
interference_poor_support,20200008,network_interference,CWFM-Calibrated,-0.6115831919166875,,-0.3376738308712933,False,,,,,,,
interference_poor_support,20200008,network_interference,Linear g-computation,-0.6115831919166875,-0.6721603870391846,-0.6721603870391846,True,,,,0.06057719512249704,-1.1671347122510711,-0.17718606182729796,1.0
interference_poor_support,20200008,network_interference,Random forest g-computation,-0.6115831919166875,-0.012821067109390008,-0.012821067109390008,True,,,,0.5987621248072975,-0.4564119932486504,0.43076985902987036,0.0
interference_poor_support,20200009,network_interference,CWFM-Direct,0.2800490985824713,0.23119939863681793,0.23119939863681793,True,,,,0.04884969994565336,-0.4971104887127876,0.9595092859864235,1.0
interference_poor_support,20200009,network_interference,CWFM-Calibrated,0.2800490985824713,,0.22751987225733772,False,,,,,,,
interference_poor_support,20200009,network_interference,Linear g-computation,0.2800490985824713,0.22313407063484192,0.22313407063484192,True,,,,0.05691502794762937,-0.2718402545770447,0.7181083958467285,1.0
interference_poor_support,20200009,network_interference,Random forest g-computation,0.2800490985824713,0.30954668399586954,0.30954668399586954,True,,,,0.029497585413398253,-0.13404424214339083,0.7531376101351299,1.0
interference_poor_support,20200010,network_interference,CWFM-Direct,0.225,0.24365970492362976,0.24365970492362976,True,,,,0.018659704923629755,-0.550599743425846,1.0379191532731056,1.0
interference_poor_support,20200010,network_interference,CWFM-Calibrated,0.225,,0.06662889102121872,False,,,,,,,
interference_poor_support,20200010,network_interference,Linear g-computation,0.225,-0.11183490604162216,-0.11183490604162216,True,,,,0.33683490604162214,-0.6068092312535087,0.38313941917026445,1.0
interference_poor_support,20200010,network_interference,Random forest g-computation,0.225,0.06380687314072774,0.06380687314072774,True,,,,0.16119312685927228,-0.37978405299853263,0.5073977992799881,1.0
interference_poor_support,20200011,network_interference,CWFM-Direct,0.225,0.3784591853618622,0.3784591853618622,True,,,,0.15345918536186218,-0.04135628417134285,0.7982746548950672,1.0
interference_poor_support,20200011,network_interference,CWFM-Calibrated,0.225,,0.3880628258214348,False,,,,,,,
interference_poor_support,20200011,network_interference,Linear g-computation,0.225,0.3980746865272522,0.3980746865272522,True,,,,0.1730746865272522,-0.09689963868463441,0.8930490117391388,1.0
interference_poor_support,20200011,network_interference,Random forest g-computation,0.225,0.34766474623087856,0.34766474623087856,True,,,,0.12266474623087856,-0.09592617990838181,0.7912556723701389,1.0
interference_poor_support,20200012,network_interference,CWFM-Direct,-0.225,0.1684548258781433,0.1684548258781433,True,,,,0.3934548258781433,-0.4857772833108902,0.8226869350671768,1.0
interference_poor_support,20200012,network_interference,CWFM-Calibrated,-0.225,,0.07537387650470774,False,,,,,,,
interference_poor_support,20200012,network_interference,Linear g-computation,-0.225,-0.018398374319076538,-0.018398374319076538,True,,,,0.20660162568092347,-0.5133726995309631,0.4765759508928101,1.0
interference_poor_support,20200012,network_interference,Random forest g-computation,-0.225,0.06730509382188155,0.06730509382188155,True,,,,0.2923050938218815,-0.37628583231737883,0.5108960199611419,1.0
interference_poor_support,20200013,network_interference,CWFM-Direct,0.22987655311475497,0.29717519879341125,0.29717519879341125,True,,,,0.06729864567865629,-0.530847643315792,1.1251980409026145,1.0
interference_poor_support,20200013,network_interference,CWFM-Calibrated,0.22987655311475497,,0.2875225951414627,False,,,,,,,
interference_poor_support,20200013,network_interference,Linear g-computation,0.22987655311475497,0.2785268723964691,0.2785268723964691,True,,,,0.04865031928171415,-0.2164474528154175,0.7735011976083557,1.0
interference_poor_support,20200013,network_interference,Random forest g-computation,0.22987655311475497,0.1978310085674194,0.1978310085674194,True,,,,0.032045544547335575,-0.24575991757184099,0.6414219347066797,1.0
interference_poor_support,20200014,network_interference,CWFM-Direct,-0.225,0.044823095202445984,0.044823095202445984,True,,,,0.26982309520244596,-0.7187636801600457,0.8084098705649376,1.0
interference_poor_support,20200014,network_interference,CWFM-Calibrated,-0.225,,-0.021492121288505903,False,,,,,,,
interference_poor_support,20200014,network_interference,Linear g-computation,-0.225,-0.08851750195026398,-0.08851750195026398,True,,,,0.13648249804973603,-0.5834918271621505,0.40645682326162264,1.0
interference_poor_support,20200014,network_interference,Random forest g-computation,-0.225,-0.0014102689468477444,-0.0014102689468477444,True,,,,0.22358973105315227,-0.44500119508610814,0.4421806571924126,1.0
interference_poor_support,20200015,network_interference,CWFM-Direct,0.24753826628103814,0.4177088141441345,0.4177088141441345,True,,,,0.17017054786309638,-0.05119628652930258,0.8866139148175716,1.0
interference_poor_support,20200015,network_interference,CWFM-Calibrated,0.24753826628103814,,0.23547649156764983,False,,,,,,,
interference_poor_support,20200015,network_interference,Linear g-computation,0.24753826628103814,0.05239315330982208,0.05239315330982208,True,,,,0.19514511297121606,-0.44258117190206453,0.5473674785217086,1.0
interference_poor_support,20200015,network_interference,Random forest g-computation,0.24753826628103814,0.1569490689710902,0.1569490689710902,True,,,,0.09058919730994794,-0.28664185716817014,0.6005399951103506,1.0
interference_poor_support,20200016,network_interference,CWFM-Direct,0.225,0.40269985795021057,0.40269985795021057,True,,,,0.17769985795021057,-0.22570700541138655,1.0311067213118077,1.0
interference_poor_support,20200016,network_interference,CWFM-Calibrated,0.225,,0.3343156783561474,False,,,,,,,
interference_poor_support,20200016,network_interference,Linear g-computation,0.225,0.2649460732936859,0.2649460732936859,True,,,,0.03994607329368591,-0.2300282519182007,0.7599203985055725,1.0
interference_poor_support,20200016,network_interference,Random forest g-computation,0.225,0.3858425692191753,0.3858425692191753,True,,,,0.1608425692191753,-0.057748356920085064,0.8294334953584357,1.0
interference_poor_support,20200017,network_interference,CWFM-Direct,0.225,0.4367593228816986,0.4367593228816986,True,,,,0.2117593228816986,-0.029965398907661422,0.9034840446710586,1.0
interference_poor_support,20200017,network_interference,CWFM-Calibrated,0.225,,0.32684758707566075,False,,,,,,,
interference_poor_support,20200017,network_interference,Linear g-computation,0.225,0.21742628514766693,0.21742628514766693,True,,,,0.007573714852333074,-0.2775480400642197,0.7124006103595535,1.0
interference_poor_support,20200017,network_interference,Random forest g-computation,0.225,0.15750040092830128,0.15750040092830128,True,,,,0.06749959907169872,-0.2860905252109591,0.6010913270675616,1.0
interference_poor_support,20200018,network_interference,CWFM-Direct,-0.6662942756043714,-0.06520131230354309,-0.06520131230354309,True,,,,0.6010929633008283,-1.2084310016036033,1.078028376996517,1.0
interference_poor_support,20200018,network_interference,CWFM-Calibrated,-0.6662942756043714,,-0.14289924799985446,False,,,,,,,
interference_poor_support,20200018,network_interference,Linear g-computation,-0.6662942756043714,-0.22185665369033813,-0.22185665369033813,True,,,,0.44443762191403324,-0.7168309789022247,0.2731176715215485,1.0
interference_poor_support,20200018,network_interference,Random forest g-computation,-0.6662942756043714,-0.06501300634945774,-0.06501300634945774,True,,,,0.6012812692549137,-0.5086039324887182,0.37857791978980265,0.0
interference_poor_support,20200019,network_interference,CWFM-Direct,-0.6590148129138349,-0.19756391644477844,-0.19756391644477844,True,,,,0.46145089646905646,-0.987001430541277,0.5918735976517201,1.0
interference_poor_support,20200019,network_interference,CWFM-Calibrated,-0.6590148129138349,,-0.489032647050938,False,,,,,,,
interference_poor_support,20200019,network_interference,Linear g-computation,-0.6590148129138349,-0.7862514853477478,-0.7862514853477478,True,,,,0.1272366724339129,-1.2812258105596344,-0.2912771601358612,1.0
interference_poor_support,20200019,network_interference,Random forest g-computation,-0.6590148129138349,-0.07251639729048337,-0.07251639729048337,True,,,,0.5864984156233515,-0.5161073234297437,0.371074528848777,0.0
interference_poor_support,20200020,network_interference,CWFM-Direct,-0.225,0.10064613819122314,0.10064613819122314,True,,,,0.3256461381912231,-0.5240960708260536,0.7253883472084999,1.0
interference_poor_support,20200020,network_interference,CWFM-Calibrated,-0.225,,0.0752639073471794,False,,,,,,,
interference_poor_support,20200020,network_interference,Linear g-computation,-0.225,0.05009300261735916,0.05009300261735916,True,,,,0.27509300261735914,-0.44488132259452745,0.5450673278292457,1.0
interference_poor_support,20200020,network_interference,Random forest g-computation,-0.225,0.02402607777257511,0.02402607777257511,True,,,,0.24902607777257513,-0.4195648483666853,0.46761700391183547,1.0
interference_poor_support,20200021,network_interference,CWFM-Direct,0.46615337507375654,0.6379374265670776,0.6379374265670776,True,,,,0.1717840514933211,0.6314825644064694,0.6443922887276858,0.0
interference_poor_support,20200021,network_interference,CWFM-Calibrated,0.46615337507375654,,0.39678073029160016,False,,,,,,,
interference_poor_support,20200021,network_interference,Linear g-computation,0.46615337507375654,0.15206623077392578,0.15206623077392578,True,,,,0.31408714429983076,-0.34290809443796083,0.6470405559858123,1.0
interference_poor_support,20200021,network_interference,Random forest g-computation,0.46615337507375654,0.5908143795488986,0.5908143795488986,True,,,,0.12466100447514206,0.14722345340963822,1.034405305688159,1.0
interference_poor_support,20200022,network_interference,CWFM-Direct,0.6385216242258074,0.8184952139854431,0.8184952139854431,True,,,,0.17997358975963573,0.8105947745661252,0.8263956534047611,0.0
interference_poor_support,20200022,network_interference,CWFM-Calibrated,0.6385216242258074,,0.7092298261762224,False,,,,,,,
interference_poor_support,20200022,network_interference,Linear g-computation,0.6385216242258074,0.5957314968109131,0.5957314968109131,True,,,,0.0427901274148943,0.10075717159902647,1.0907058220227996,1.0
interference_poor_support,20200022,network_interference,Random forest g-computation,0.6385216242258074,1.1186228165566086,1.1186228165566086,True,,,,0.4801011923308012,0.6750318904173482,1.5622137426958689,0.0
interference_poor_support,20200023,network_interference,CWFM-Direct,0.2472582868836789,0.23482486605644226,0.23482486605644226,True,,,,0.012433420827236641,-0.4633539254963398,0.9330036576092243,1.0
interference_poor_support,20200023,network_interference,CWFM-Calibrated,0.2472582868836789,,0.140044287596915,False,,,,,,,
interference_poor_support,20200023,network_interference,Linear g-computation,0.2472582868836789,0.0434952974319458,0.0434952974319458,True,,,,0.2037629894517331,-0.4514790277799408,0.5384696226438324,1.0
interference_poor_support,20200023,network_interference,Random forest g-computation,0.2472582868836789,0.25859505260749055,0.25859505260749055,True,,,,0.011336765723811648,-0.18499587353176983,0.7021859787467509,1.0
interference_poor_support,20200024,network_interference,CWFM-Direct,-0.225,0.10730307549238205,0.10730307549238205,True,,,,0.332303075492382,-0.6226096293330192,0.8372157803177833,1.0
interference_poor_support,20200024,network_interference,CWFM-Calibrated,-0.225,,-0.1140812009262524,False,,,,,,,
interference_poor_support,20200024,network_interference,Linear g-computation,-0.225,-0.3384198546409607,-0.3384198546409607,True,,,,0.11341985464096069,-0.8333941798528472,0.15655447057092592,1.0
interference_poor_support,20200024,network_interference,Random forest g-computation,-0.225,0.02943062870288035,0.02943062870288035,True,,,,0.25443062870288036,-0.41416029743638005,0.4730215548421407,1.0
interference_poor_support,20200025,network_interference,CWFM-Direct,-0.5204249890553743,-0.13704437017440796,-0.13704437017440796,True,,,,0.3833806188809663,-0.8882160019874573,0.6141272616386414,1.0
interference_poor_support,20200025,network_interference,CWFM-Calibrated,-0.5204249890553743,,-0.42379508601602334,False,,,,,,,
interference_poor_support,20200025,network_interference,Linear g-computation,-0.5204249890553743,-0.7162200212478638,-0.7162200212478638,True,,,,0.1957950321924895,-1.2111943464597503,-0.22124569603597716,1.0
interference_poor_support,20200025,network_interference,Random forest g-computation,-0.5204249890553743,-0.011340978375189728,-0.011340978375189728,True,,,,0.5090840106801845,-0.4549319045144501,0.43224994776407066,0.0
interference_poor_support,20200026,network_interference,CWFM-Direct,-0.6633683477912613,-0.0029521519318223,-0.0029521519318223,True,,,,0.660416195859439,-1.021091580428183,1.0151872765645384,1.0
interference_poor_support,20200026,network_interference,CWFM-Calibrated,-0.6633683477912613,,-0.08741926827430033,False,,,,,,,
interference_poor_support,20200026,network_interference,Linear g-computation,-0.6633683477912613,-0.17236797511577606,-0.17236797511577606,True,,,,0.49100037267548524,-0.6673423003276626,0.32260635009611055,1.0
interference_poor_support,20200026,network_interference,Random forest g-computation,-0.6633683477912613,-0.11320794507551175,-0.11320794507551175,True,,,,0.5501604027157495,-0.5567988712147721,0.33038298106374864,0.0
interference_poor_support,20200027,network_interference,CWFM-Direct,0.24502113786832325,0.36099064350128174,0.36099064350128174,True,,,,0.11596950563295849,-0.2785590712726116,1.000540358275175,1.0
interference_poor_support,20200027,network_interference,CWFM-Calibrated,0.24502113786832325,,0.1838127274848172,False,,,,,,,
interference_poor_support,20200027,network_interference,Linear g-computation,0.24502113786832325,0.002424463629722595,0.002424463629722595,True,,,,0.24259667423860065,-0.492549861582164,0.4973987888416092,1.0
interference_poor_support,20200027,network_interference,Random forest g-computation,0.24502113786832325,0.5222437292921783,0.5222437292921783,True,,,,0.2772225914238551,0.07865280315291795,0.9658346554314388,1.0
interference_poor_support,20200028,network_interference,CWFM-Direct,-0.225,0.10127825289964676,0.10127825289964676,True,,,,0.32627825289964674,-0.9624593570828437,1.1650158628821372,1.0
interference_poor_support,20200028,network_interference,CWFM-Calibrated,-0.225,,-0.06312467112363088,False,,,,,,,
interference_poor_support,20200028,network_interference,Linear g-computation,-0.225,-0.22939561307430267,-0.22939561307430267,True,,,,0.004395613074302668,-0.7243699382861892,0.26557871213758394,1.0
interference_poor_support,20200028,network_interference,Random forest g-computation,-0.225,-0.00042840760017634656,-0.00042840760017634656,True,,,,0.22457159239982366,-0.44401933373943675,0.443162518539084,1.0
interference_poor_support,20200029,network_interference,CWFM-Direct,0.225,0.31455177068710327,0.31455177068710327,True,,,,0.08955177068710327,-0.7148064976930619,1.3439100390672685,1.0
interference_poor_support,20200029,network_interference,CWFM-Calibrated,0.225,,0.14879331502658136,False,,,,,,,
interference_poor_support,20200029,network_interference,Linear g-computation,0.225,-0.020197108387947083,-0.020197108387947083,True,,,,0.2451971083879471,-0.5151714335998336,0.47477721682393953,1.0
interference_poor_support,20200029,network_interference,Random forest g-computation,0.225,0.3776455721776502,0.3776455721776502,True,,,,0.1526455721776502,-0.06594535396161016,0.8212364983169106,1.0
interference_hidden_confounding,20200000,network_interference,CWFM-Direct,0.225,0.2788817882537842,0.2788817882537842,True,,,,0.053881788253784174,-1.2088097214698792,1.7665732979774476,1.0
interference_hidden_confounding,20200000,network_interference,CWFM-Calibrated,0.225,,0.23781088616898996,False,,,,,,,
interference_hidden_confounding,20200000,network_interference,Linear g-computation,0.225,0.19796669483184814,0.19796669483184814,True,,,,0.02703330516815186,-0.29700763038003847,0.6929410200437347,1.0
interference_hidden_confounding,20200000,network_interference,Random forest g-computation,0.225,0.019130871704759318,0.019130871704759318,True,,,,0.20586912829524068,-0.4244600544345011,0.4627217978440197,1.0
interference_hidden_confounding,20200001,network_interference,CWFM-Direct,-0.3929978414091025,0.08680802583694458,0.08680802583694458,True,,,,0.47980586724604707,-1.5093880596756934,1.6830041113495826,1.0
interference_hidden_confounding,20200001,network_interference,CWFM-Calibrated,-0.3929978414091025,,-0.1639738732897898,False,,,,,,,
interference_hidden_confounding,20200001,network_interference,Linear g-computation,-0.3929978414091025,-0.4154210686683655,-0.4154210686683655,True,,,,0.02242322725926299,-0.910395393880252,0.07955325654352113,1.0
interference_hidden_confounding,20200001,network_interference,Random forest g-computation,-0.3929978414091025,-0.3187490135835199,-0.3187490135835199,True,,,,0.07424882782558256,-0.7623399397227804,0.12484191255574045,1.0
interference_hidden_confounding,20200002,network_interference,CWFM-Direct,0.225,0.36283332109451294,0.36283332109451294,True,,,,0.13783332109451293,-1.2223984614014625,1.9480651035904883,1.0
interference_hidden_confounding,20200002,network_interference,CWFM-Calibrated,0.225,,0.2534984983542868,False,,,,,,,
interference_hidden_confounding,20200002,network_interference,Linear g-computation,0.225,0.14430971443653107,0.14430971443653107,True,,,,0.08069028556346894,-0.35066461077535555,0.6392840396484176,1.0
interference_hidden_confounding,20200002,network_interference,Random forest g-computation,0.225,0.12322266356389407,0.12322266356389407,True,,,,0.10177733643610594,-0.3203682625753663,0.5668135897031544,1.0
interference_hidden_confounding,20200003,network_interference,CWFM-Direct,-0.5968977317074601,0.18717198073863983,0.18717198073863983,True,,,,0.7840697124460999,-1.506383181810379,1.8807271432876587,1.0
interference_hidden_confounding,20200003,network_interference,CWFM-Calibrated,-0.5968977317074601,,-0.07978200359369331,False,,,,,,,
interference_hidden_confounding,20200003,network_interference,Linear g-computation,-0.5968977317074601,-0.3482836186885834,-0.3482836186885834,True,,,,0.2486141130188767,-0.8432579439004699,0.14669070652330324,1.0
interference_hidden_confounding,20200003,network_interference,Random forest g-computation,-0.5968977317074601,-0.1234234509257804,-0.1234234509257804,True,,,,0.4734742807816797,-0.5670143770650408,0.32016747521348,0.0
interference_hidden_confounding,20200004,network_interference,CWFM-Direct,0.35862611028817093,0.44764742255210876,0.44764742255210876,True,,,,0.08902131226393784,-1.0787531048059464,1.974047949910164,1.0
interference_hidden_confounding,20200004,network_interference,CWFM-Calibrated,0.35862611028817093,,0.4047076208495972,False,,,,,,,
interference_hidden_confounding,20200004,network_interference,Linear g-computation,0.35862611028817093,0.36290672421455383,0.36290672421455383,True,,,,0.0042806139263829035,-0.13206760099733278,0.8578810494264404,1.0
interference_hidden_confounding,20200004,network_interference,Random forest g-computation,0.35862611028817093,0.1970532370780298,0.1970532370780298,True,,,,0.16157287321014113,-0.24653768906123058,0.6406441632172901,1.0
interference_hidden_confounding,20200005,network_interference,CWFM-Direct,-0.32929213905396854,0.08371930569410324,0.08371930569410324,True,,,,0.4130114447480718,-1.6323776653409003,1.7998162767291068,1.0
interference_hidden_confounding,20200005,network_interference,CWFM-Calibrated,-0.32929213905396854,,-0.17069833581824362,False,,,,,,,
interference_hidden_confounding,20200005,network_interference,Linear g-computation,-0.32929213905396854,-0.4274296164512634,-0.4274296164512634,True,,,,0.09813747739729489,-0.92240394166315,0.06754470876062318,1.0
interference_hidden_confounding,20200005,network_interference,Random forest g-computation,-0.32929213905396854,-0.0924243809040675,-0.0924243809040675,True,,,,0.23686775814990102,-0.5360153070433279,0.35116654523519286,1.0
interference_hidden_confounding,20200006,network_interference,CWFM-Direct,0.5731510613897715,0.3689568340778351,0.3689568340778351,True,,,,0.20419422731193637,-1.0952404129505158,1.833154081106186,1.0
interference_hidden_confounding,20200006,network_interference,CWFM-Calibrated,0.5731510613897715,,0.4016639110854384,False,,,,,,,
interference_hidden_confounding,20200006,network_interference,Linear g-computation,0.5731510613897715,0.4311588406562805,0.4311588406562805,True,,,,0.14199222073349094,-0.0638154845556061,0.9261331658681671,1.0
interference_hidden_confounding,20200006,network_interference,Random forest g-computation,0.5731510613897715,0.8951929817362178,0.8951929817362178,True,,,,0.3220419203464463,0.4516020555969574,1.3387839078754782,1.0
interference_hidden_confounding,20200007,network_interference,CWFM-Direct,-0.225,0.14706473052501678,0.14706473052501678,True,,,,0.37206473052501676,-1.5088893753290176,1.8030188363790511,1.0
interference_hidden_confounding,20200007,network_interference,CWFM-Calibrated,-0.225,,-0.04695057425062629,False,,,,,,,
interference_hidden_confounding,20200007,network_interference,Linear g-computation,-0.225,-0.24156229197978973,-0.24156229197978973,True,,,,0.01656229197978973,-0.7365366171916763,0.2534120332320969,1.0
interference_hidden_confounding,20200007,network_interference,Random forest g-computation,-0.225,-0.15535725241106435,-0.15535725241106435,True,,,,0.06964274758893566,-0.5989481785503248,0.288233673728196,1.0
interference_hidden_confounding,20200008,network_interference,CWFM-Direct,-0.6115831919166875,0.07810550183057785,0.07810550183057785,True,,,,0.6896886937472654,-1.6607091787457466,1.8169201824069023,1.0
interference_hidden_confounding,20200008,network_interference,CWFM-Calibrated,-0.6115831919166875,,-0.32550429615335275,False,,,,,,,
interference_hidden_confounding,20200008,network_interference,Linear g-computation,-0.6115831919166875,-0.7319415807723999,-0.7319415807723999,True,,,,0.12035838885571237,-1.2269159059842865,-0.2369672555605133,1.0
interference_hidden_confounding,20200008,network_interference,Random forest g-computation,-0.6115831919166875,-0.3222445986499141,-0.3222445986499141,True,,,,0.2893385932667734,-0.7658355247891745,0.12134632748934626,1.0
interference_hidden_confounding,20200009,network_interference,CWFM-Direct,0.2800490985824713,0.2799086272716522,0.2799086272716522,True,,,,0.00014047131081906805,-1.203004335165024,1.7628215897083284,1.0
interference_hidden_confounding,20200009,network_interference,CWFM-Calibrated,0.2800490985824713,,0.2869035272909196,False,,,,,,,
interference_hidden_confounding,20200009,network_interference,Linear g-computation,0.2800490985824713,0.29420706629753113,0.29420706629753113,True,,,,0.014157967715059838,-0.20076725891435548,0.7891813915094177,1.0
interference_hidden_confounding,20200009,network_interference,Random forest g-computation,0.2800490985824713,0.24971709793153177,0.24971709793153177,True,,,,0.030332000650939522,-0.1938738282077286,0.6933080240707922,1.0
interference_hidden_confounding,20200010,network_interference,CWFM-Direct,0.225,0.4067227840423584,0.4067227840423584,True,,,,0.1817227840423584,-1.3201467049121858,2.1335922729969026,1.0
interference_hidden_confounding,20200010,network_interference,CWFM-Calibrated,0.225,,0.41453787898396954,False,,,,,,,
interference_hidden_confounding,20200010,network_interference,Linear g-computation,0.225,0.4238440990447998,0.4238440990447998,True,,,,0.1988440990447998,-0.07113022616708681,0.9188184242566864,1.0
interference_hidden_confounding,20200010,network_interference,Random forest g-computation,0.225,0.20841440373310713,0.20841440373310713,True,,,,0.016585596266892877,-0.23517652240615325,0.6520053298723675,1.0
interference_hidden_confounding,20200011,network_interference,CWFM-Direct,0.225,0.2749631702899933,0.2749631702899933,True,,,,0.04996317028999328,-1.1117531916499137,1.6616795322299003,1.0
interference_hidden_confounding,20200011,network_interference,CWFM-Calibrated,0.225,,0.11456021132859712,False,,,,,,,
interference_hidden_confounding,20200011,network_interference,Linear g-computation,0.225,-0.046288616955280304,-0.046288616955280304,True,,,,0.2712886169552803,-0.5412629421671669,0.4486857082566063,1.0
interference_hidden_confounding,20200011,network_interference,Random forest g-computation,0.225,0.018381608746410736,0.018381608746410736,True,,,,0.20661839125358927,-0.4252093173928496,0.46197253488567114,1.0
interference_hidden_confounding,20200012,network_interference,CWFM-Direct,-0.225,0.13648109138011932,0.13648109138011932,True,,,,0.3614810913801193,-1.4764682459831238,1.7494304287433624,1.0
interference_hidden_confounding,20200012,network_interference,CWFM-Calibrated,-0.225,,-0.04808013080426771,False,,,,,,,
interference_hidden_confounding,20200012,network_interference,Linear g-computation,-0.225,-0.23336920142173767,-0.23336920142173767,True,,,,0.008369201421737665,-0.7283435266336242,0.26160512379014894,1.0
interference_hidden_confounding,20200012,network_interference,Random forest g-computation,-0.225,-0.12774882986386113,-0.12774882986386113,True,,,,0.09725117013613888,-0.5713397560031215,0.3158420962753993,1.0
interference_hidden_confounding,20200013,network_interference,CWFM-Direct,0.22987655311475497,0.20407667756080627,0.20407667756080627,True,,,,0.025799875553948692,-1.3268953162431718,1.7350486713647844,1.0
interference_hidden_confounding,20200013,network_interference,CWFM-Calibrated,0.22987655311475497,,0.21864722724269714,False,,,,,,,
interference_hidden_confounding,20200013,network_interference,Linear g-computation,0.22987655311475497,0.234579935669899,0.234579935669899,True,,,,0.00470338255514402,-0.2603943895419876,0.7295542608817855,1.0
interference_hidden_confounding,20200013,network_interference,Random forest g-computation,0.22987655311475497,0.03741249365578053,0.03741249365578053,True,,,,0.19246405945897443,-0.40617843248347985,0.4810034197950409,1.0
interference_hidden_confounding,20200014,network_interference,CWFM-Direct,-0.225,0.1494651734828949,0.1494651734828949,True,,,,0.3744651734828949,-1.179121478497982,1.4780518254637718,1.0
interference_hidden_confounding,20200014,network_interference,CWFM-Calibrated,-0.225,,-0.0700531489833773,False,,,,,,,
interference_hidden_confounding,20200014,network_interference,Linear g-computation,-0.225,-0.28960487246513367,-0.28960487246513367,True,,,,0.06460487246513366,-0.7845791976770202,0.20536945274675295,1.0
interference_hidden_confounding,20200014,network_interference,Random forest g-computation,-0.225,-0.2847626857772931,-0.2847626857772931,True,,,,0.05976268577729307,-0.7283536119165535,0.1588282403619673,1.0
interference_hidden_confounding,20200015,network_interference,CWFM-Direct,0.24753826628103814,0.2397460639476776,0.2397460639476776,True,,,,0.007792202333360532,-1.4251166361570358,1.904608764052391,1.0
interference_hidden_confounding,20200015,network_interference,CWFM-Calibrated,0.24753826628103814,,0.033182017393604074,False,,,,,,,
interference_hidden_confounding,20200015,network_interference,Linear g-computation,0.24753826628103814,-0.1732448935508728,-0.1732448935508728,True,,,,0.42078315983191095,-0.6682192187627594,0.3217294316610138,1.0
interference_hidden_confounding,20200015,network_interference,Random forest g-computation,0.24753826628103814,-0.19307507374690025,-0.19307507374690025,True,,,,0.4406133400279384,-0.6366659998861606,0.2505158523923601,1.0
interference_hidden_confounding,20200016,network_interference,CWFM-Direct,0.225,0.07224927842617035,0.07224927842617035,True,,,,0.15275072157382966,-1.4818358591198921,1.6263344159722328,1.0
interference_hidden_confounding,20200016,network_interference,CWFM-Calibrated,0.225,,-0.19581265196872352,False,,,,,,,
interference_hidden_confounding,20200016,network_interference,Linear g-computation,0.225,-0.4659520983695984,-0.4659520983695984,True,,,,0.6909520983695984,-0.960926423581485,0.029022226842288223,0.0
interference_hidden_confounding,20200016,network_interference,Random forest g-computation,0.225,-0.16386857705283772,-0.16386857705283772,True,,,,0.3888685770528377,-0.6074595031920981,0.2797223490864227,1.0
interference_hidden_confounding,20200017,network_interference,CWFM-Direct,0.225,0.19826561212539673,0.19826561212539673,True,,,,0.026734387874603277,-1.1926589423418046,1.589190166592598,1.0
interference_hidden_confounding,20200017,network_interference,CWFM-Calibrated,0.225,,0.10629674542623166,False,,,,,,,
interference_hidden_confounding,20200017,network_interference,Linear g-computation,0.225,0.014442897401750088,0.014442897401750088,True,,,,0.21055710259824992,-0.4805314278101365,0.5094172226136366,1.0
interference_hidden_confounding,20200017,network_interference,Random forest g-computation,0.225,-0.00221259526678446,-0.00221259526678446,True,,,,0.22721259526678447,-0.44580352140604484,0.4413783308724759,1.0
interference_hidden_confounding,20200018,network_interference,CWFM-Direct,-0.6662942756043714,0.030445633456110954,0.030445633456110954,True,,,,0.6967399090604823,-1.923752731755376,1.9846439986675979,1.0
interference_hidden_confounding,20200018,network_interference,CWFM-Calibrated,-0.6662942756043714,,-0.34881788551602916,False,,,,,,,
interference_hidden_confounding,20200018,network_interference,Linear g-computation,-0.6662942756043714,-0.7311579585075378,-0.7311579585075378,True,,,,0.06486368290316646,-1.2261322837194244,-0.23618363329565123,1.0
interference_hidden_confounding,20200018,network_interference,Random forest g-computation,-0.6662942756043714,-0.2816478656783879,-0.2816478656783879,True,,,,0.3846464099259835,-0.7252387918176483,0.16194306046087248,1.0
interference_hidden_confounding,20200019,network_interference,CWFM-Direct,-0.6590148129138349,-0.02918660081923008,-0.02918660081923008,True,,,,0.6298282120946048,-1.6600822580605745,1.6017090564221144,1.0
interference_hidden_confounding,20200019,network_interference,CWFM-Calibrated,-0.6590148129138349,,-0.4060304960834899,False,,,,,,,
interference_hidden_confounding,20200019,network_interference,Linear g-computation,-0.6590148129138349,-0.7855020761489868,-0.7855020761489868,True,,,,0.12648726323515191,-1.2804764013608734,-0.2905277509371002,1.0
interference_hidden_confounding,20200019,network_interference,Random forest g-computation,-0.6590148129138349,-0.4037823426660647,-0.4037823426660647,True,,,,0.2552324702477702,-0.847373268805325,0.03980858347319566,1.0
interference_hidden_confounding,20200020,network_interference,CWFM-Direct,-0.225,-0.053084369748830795,-0.053084369748830795,True,,,,0.1719156302511692,-1.6897375018894674,1.5835687623918058,1.0
interference_hidden_confounding,20200020,network_interference,CWFM-Calibrated,-0.225,,-0.5118120880536945,False,,,,,,,
interference_hidden_confounding,20200020,network_interference,Linear g-computation,-0.225,-0.9701886177062988,-0.9701886177062988,True,,,,0.7451886177062989,-1.4651629429181854,-0.4752142924944122,0.0
interference_hidden_confounding,20200020,network_interference,Random forest g-computation,-0.225,-1.021293601779258,-1.021293601779258,True,,,,0.796293601779258,-1.4648845279185183,-0.5777026756399977,0.0
interference_hidden_confounding,20200021,network_interference,CWFM-Direct,0.46615337507375654,0.39074674248695374,0.39074674248695374,True,,,,0.0754066325868028,-1.0971044901013374,1.8785979750752448,1.0
interference_hidden_confounding,20200021,network_interference,CWFM-Calibrated,0.46615337507375654,,0.3571310339332485,False,,,,,,,
interference_hidden_confounding,20200021,network_interference,Linear g-computation,0.46615337507375654,0.3234633207321167,0.3234633207321167,True,,,,0.14269005434163984,-0.1715110044797699,0.8184376459440033,1.0
interference_hidden_confounding,20200021,network_interference,Random forest g-computation,0.46615337507375654,0.3310041310925263,0.3310041310925263,True,,,,0.13514924398123024,-0.11258679504673408,0.7745950572317867,1.0
interference_hidden_confounding,20200022,network_interference,CWFM-Direct,0.6385216242258074,0.3865414559841156,0.3865414559841156,True,,,,0.2519801682416918,-1.0752238658070565,1.8483067777752877,1.0
interference_hidden_confounding,20200022,network_interference,CWFM-Calibrated,0.6385216242258074,,0.5277521233511349,False,,,,,,,
interference_hidden_confounding,20200022,network_interference,Linear g-computation,0.6385216242258074,0.6688385605812073,0.6688385605812073,True,,,,0.030316936355399893,0.17386423536932066,1.1638128857930938,1.0
interference_hidden_confounding,20200022,network_interference,Random forest g-computation,0.6385216242258074,0.6869401023331537,0.6869401023331537,True,,,,0.04841847810734634,0.24334917619389335,1.1305310284724142,1.0
interference_hidden_confounding,20200023,network_interference,CWFM-Direct,0.2472582868836789,0.31531500816345215,0.31531500816345215,True,,,,0.06805672127977325,-1.1346518042683602,1.7652818205952645,1.0
interference_hidden_confounding,20200023,network_interference,CWFM-Calibrated,0.2472582868836789,,0.3353919837170466,False,,,,,,,
interference_hidden_confounding,20200023,network_interference,Linear g-computation,0.2472582868836789,0.35588887333869934,0.35588887333869934,True,,,,0.10863058645502044,-0.13908545187318727,0.8508631985505859,1.0
interference_hidden_confounding,20200023,network_interference,Random forest g-computation,0.2472582868836789,0.29520397501478085,0.29520397501478085,True,,,,0.04794568813110195,-0.14838695112447953,0.7387949011540412,1.0
interference_hidden_confounding,20200024,network_interference,CWFM-Direct,-0.225,0.09051377326250076,0.09051377326250076,True,,,,0.31551377326250074,-1.5554673114418984,1.7364948579669,1.0
interference_hidden_confounding,20200024,network_interference,CWFM-Calibrated,-0.225,,-0.1867480404560666,False,,,,,,,
interference_hidden_confounding,20200024,network_interference,Linear g-computation,-0.225,-0.4667511582374573,-0.4667511582374573,True,,,,0.24175115823745727,-0.9617254834493438,0.028223166974429337,1.0
interference_hidden_confounding,20200024,network_interference,Random forest g-computation,-0.225,-0.06564816188742915,-0.06564816188742915,True,,,,0.15935183811257086,-0.5092390880266895,0.3779427642518312,1.0
interference_hidden_confounding,20200025,network_interference,CWFM-Direct,-0.5204249890553743,-0.007344008423388004,-0.007344008423388004,True,,,,0.5130809806319863,-1.4882916638627648,1.4736036470159888,1.0
interference_hidden_confounding,20200025,network_interference,CWFM-Calibrated,-0.5204249890553743,,-0.14031924482895397,False,,,,,,,
interference_hidden_confounding,20200025,network_interference,Linear g-computation,-0.5204249890553743,-0.2732570767402649,-0.2732570767402649,True,,,,0.24716791231510937,-0.7682314019521514,0.22171724847162172,1.0
interference_hidden_confounding,20200025,network_interference,Random forest g-computation,-0.5204249890553743,-0.2786972606707098,-0.2786972606707098,True,,,,0.24172772838466444,-0.7222881868099702,0.16489366546855055,1.0
interference_hidden_confounding,20200026,network_interference,CWFM-Direct,-0.6633683477912613,0.04944777488708496,0.04944777488708496,True,,,,0.7128161226783463,-1.8217088198661804,1.9206043696403503,1.0
interference_hidden_confounding,20200026,network_interference,CWFM-Calibrated,-0.6633683477912613,,-0.3498348878463239,False,,,,,,,
interference_hidden_confounding,20200026,network_interference,Linear g-computation,-0.6633683477912613,-0.7490596175193787,-0.7490596175193787,True,,,,0.08569126972811736,-1.2440339427312652,-0.25408529230749205,1.0
interference_hidden_confounding,20200026,network_interference,Random forest g-computation,-0.6633683477912613,-0.7574247725530143,-0.7574247725530143,True,,,,0.09405642476175302,-1.2010156986922746,-0.31383384641375395,1.0
interference_hidden_confounding,20200027,network_interference,CWFM-Direct,0.24502113786832325,0.31514742970466614,0.31514742970466614,True,,,,0.07012629183634289,-1.222288486659527,1.8525833460688592,1.0
interference_hidden_confounding,20200027,network_interference,CWFM-Calibrated,0.24502113786832325,,0.29762377573267285,False,,,,,,,
interference_hidden_confounding,20200027,network_interference,Linear g-computation,0.24502113786832325,0.2814798355102539,0.2814798355102539,True,,,,0.03645869764193066,-0.2134944897016327,0.7764541607221405,1.0
interference_hidden_confounding,20200027,network_interference,Random forest g-computation,0.24502113786832325,0.07980961135690907,0.07980961135690907,True,,,,0.1652115265114142,-0.3637813147823513,0.5234005374961694,1.0
interference_hidden_confounding,20200028,network_interference,CWFM-Direct,-0.225,0.09651704132556915,0.09651704132556915,True,,,,0.32151704132556913,-1.6956413501501084,1.8886754328012467,1.0
interference_hidden_confounding,20200028,network_interference,CWFM-Calibrated,-0.225,,-0.11330751028401206,False,,,,,,,
interference_hidden_confounding,20200028,network_interference,Linear g-computation,-0.225,-0.32370680570602417,-0.32370680570602417,True,,,,0.09870680570602416,-0.8186811309179107,0.17126751950586244,1.0
interference_hidden_confounding,20200028,network_interference,Random forest g-computation,-0.225,-0.2406814225013468,-0.2406814225013468,True,,,,0.015681422501346798,-0.6842723486406072,0.20290950363791357,1.0
interference_hidden_confounding,20200029,network_interference,CWFM-Direct,0.225,0.2409922033548355,0.2409922033548355,True,,,,0.015992203354835505,-1.4781727409362793,1.9601571476459503,1.0
interference_hidden_confounding,20200029,network_interference,CWFM-Calibrated,0.225,,0.12784938038510482,False,,,,,,,
interference_hidden_confounding,20200029,network_interference,Linear g-computation,0.225,0.014974888414144516,0.014974888414144516,True,,,,0.2100251115858555,-0.4799994367977421,0.5099492136260311,1.0
interference_hidden_confounding,20200029,network_interference,Random forest g-computation,0.225,-0.02401872792585202,-0.02401872792585202,True,,,,0.24901872792585203,-0.4676096540651124,0.41957219821340835,1.0
