method,scenario,seed,status,n_rows,n_clusters,treatment_prevalence,degree_mean,degree_q95,cluster_size_min,cluster_size_max,exposure_mean,exposure_sd,target_supported_a0,target_supported_a1,ess_a0_g0,ess_a0_g1,ess_a1_g0,ess_a1_g1,raw_count_a0_g0,raw_count_a0_g1,global_statistic_a0,global_p_a0,global_reject_001_a0,global_reject_005_a0,global_reject_010_a0,global_p_a1,global_reject_005_a1,outcome_precision,outcome_recall,outcome_f1,outcome_fdr,affected_set_exact_recovery,familywise_false_outcome,ASE_bias_mean,ASE_mae_mean,ASE_rmse,ASE_normalized_rmse,SASE_bias_mean,SASE_rmse,ASE_sign_accuracy,ASE_ci_coverage,ASE_ci_width,null_interval_coverage_zero,functional_precision,functional_recall,functional_f1,functional_any_detection,functional_global_p,dose_response_ISE,dose_response_IAE,dose_response_max_error,dose_response_pointwise_coverage,dose_response_simultaneous_coverage,ADE_bias_mean,ADE_rmse,INT_bias_mean,INT_rmse,INT_ci_coverage,interaction_detection,aipw_discrete_low_high_mean,outcome_regression_ASE_rmse,naive_A_G_ASE_rmse,oracle_ASE_rmse,mapping_sign_stability,mapping_sensitivity_range,exposure_mapping_correlation,relation_edge_disagreement_rate,false_interference,bootstrap_ASE_sd,failed_or_singular_fits,runtime_seconds,ASE_estimate_Y1,ASE_truth_Y1,ASE_error_Y1,ASE_p_Y1,ASE_detected_Y1,ASE_coverage_Y1,ASE_estimate_Y2,ASE_truth_Y2,ASE_error_Y2,ASE_p_Y2,ASE_detected_Y2,ASE_coverage_Y2,ASE_estimate_Y3,ASE_truth_Y3,ASE_error_Y3,ASE_p_Y3,ASE_detected_Y3,ASE_coverage_Y3,ASE_estimate_Y4,ASE_truth_Y4,ASE_error_Y4,ASE_p_Y4,ASE_detected_Y4,ASE_coverage_Y4,ASE_mean_unweighted_mapping,ASE_rmse_unweighted_mapping,ASE_mean_weighted_mapping,ASE_rmse_weighted_mapping,ASE_mean_distance_two_mapping,ASE_rmse_distance_two_mapping,aipw_weight_min,aipw_weight_median,aipw_weight_q95,aipw_weight_max,predictive_loss_with_G,predictive_loss_without_G,predictive_loss_naive_A_G,predictive_gain_G,policy_value_rmse,policy_ordering_accuracy,policy_regret
causal_interference_detection,direct_effect_null,0,ok,480.0,24.0,0.4979166666666667,4.429166793823242,7.0,20.0,20.0,0.510258848131971,0.33760297754632906,1.0,1.0,108.68085767523192,63.56460851049065,57.07543321134559,97.35080844188535,60.0,35.0,7.856438163745562,0.13333333333333333,0.0,0.0,0.0,0.2,0.0,1.0,1.0,1.0,0.0,1.0,0.0,0.09910406770219869,0.17799071293406843,0.18027967850031482,0.19167646374678907,0.11105723718703342,0.19167646374678907,,0.75,0.41903339379970284,0.75,0.0,1.0,0.0,1.0,0.03333333333333333,0.012866035292325757,0.08579835614489807,0.30058188933996016,0.8055555555555556,0.5,-0.08705964253598764,0.14615265095810395,-0.04787781235055434,0.11543485076678421,1.0,0.0,0.031334723834737774,0.18447278695829877,0.0759436418525417,0.0,,0.12736834170680583,1.0,0.0,0.0,0.10121579560379294,0.0,1.7827618209994398,0.22558775242791834,0.0,0.22558775242791834,0.02437591679416369,0.0,0.0,0.17505335306193082,0.0,0.17505335306193082,0.21390316489418004,0.0,1.0,0.1535484557826851,0.0,0.1535484557826851,0.1847667940463409,0.0,1.0,-0.1577732904637395,0.0,-0.1577732904637395,0.032348195482199395,0.0,1.0,0.09362059667848827,0.18886247245250865,0.09457342183246234,0.18447278695829877,0.0886711152849976,0.3108183179339973,1.1915403050700288,3.095704063349467,11.079355543146571,50.0,0.5794595865427363,0.5735181831390559,0.9194913926227262,-0.005941403403680434,,,
causal_interference_detection,direct_effect_null,1,ok,480.0,24.0,0.5208333333333334,4.616666793823242,8.0,20.0,20.0,0.52466280276988,0.3270662328947761,1.0,1.0,84.4890909922499,73.4118456073941,61.855086756178025,118.15062512377617,44.0,47.0,3.1438483759578326,0.6333333333333333,0.0,0.0,0.0,0.03333333333333333,1.0,1.0,1.0,1.0,0.0,1.0,0.0,0.005058266885315032,0.09347015210633083,0.09701056343034588,0.10301958931041998,0.015964980321556965,0.10301958931041998,,1.0,0.4175803222524109,1.0,1.0,1.0,1.0,0.0,0.2,0.005623640474283305,0.06275825791977543,0.16382530272984627,1.0,1.0,0.0680509722037225,0.09310803775810395,0.13286608023376015,0.19178022165468692,0.75,1.0,0.08946565295773054,0.08645510684630185,0.08266060897009203,0.0,,0.0722488755301252,0.9999999999999998,0.0,0.0,0.1008648121382635,0.0,3.3892143349949038,0.06466412224364403,0.0,0.06466412224364403,0.39208083357260815,0.0,1.0,-0.07613192420388701,0.0,-0.07613192420388701,0.4771955326720658,0.0,1.0,-0.10069184623814459,0.0,-0.10069184623814459,0.19455853109998167,0.0,1.0,0.1323927157396477,0.0,0.1323927157396477,0.29486278467787874,0.0,1.0,0.015892151540533903,0.07816829565286286,0.009336597827183733,0.08645510684630185,0.064646525139215,0.09476332184612227,1.1440578547632951,3.096609389230933,17.08688697145341,50.0,0.545063777044351,0.5418204081526168,0.9228414983762936,-0.0032433688917342662,,,
causal_interference_detection,direct_effect_null,2,ok,480.0,24.0,0.6645833333333333,4.570833206176758,8.0,20.0,20.0,0.6935348331620326,0.30157138318211646,1.0,1.0,44.82943535162094,60.13473197005679,42.07747294704641,159.26277379071948,25.0,28.0,9.525225437238625,0.06666666666666667,0.0,0.0,1.0,0.8,0.0,1.0,1.0,1.0,0.0,1.0,0.0,-0.2893522698933643,0.2893522698933643,0.2951791230581253,0.31525151481815833,-0.31084098208031696,0.31525151481815833,,0.5,0.5298818005726909,0.5,1.0,1.0,1.0,0.0,0.06666666666666667,0.029163162836263475,0.1466441542453333,0.33253509719672586,0.8055555555555556,0.75,0.052840371420783155,0.0741860514010119,0.27886703556249637,0.2985906381709324,0.5,1.0,0.3032193391619178,0.3084821080868964,0.11229726453809846,0.0,,0.19847523422732682,1.0,0.0,0.0,0.12799077308519102,0.0,2.390221064997604,-0.2782453937274315,0.0,-0.2782453937274315,0.023760492778659683,0.0,0.0,-0.3842476170863761,0.0,-0.3842476170863761,0.041833882275129,0.0,0.0,-0.2696522997665263,0.0,-0.2696522997665263,0.23266273302621687,0.0,1.0,-0.2252637689931234,0.0,-0.2252637689931234,0.20833806081321093,0.0,1.0,-0.2269818465032917,0.23646115390730052,-0.2991586220616389,0.3084821080868964,-0.10068338783431208,0.12569732033860698,1.3669586303130914,4.647862165924044,21.527709822291833,42.61633684590373,0.6066050470599903,0.587274025879061,0.9055574156153212,-0.01933102118092933,,,
causal_interference_detection,direct_effect_null,3,ok,480.0,24.0,0.5291666666666667,4.616666793823242,8.0,20.0,20.0,0.5290133152585921,0.3398158139948638,1.0,1.0,89.12603630510068,64.26697855917891,55.97781471483338,112.55831272028772,42.0,36.0,10.063938949677482,0.03333333333333333,0.0,1.0,1.0,0.06666666666666667,0.0,1.0,1.0,1.0,0.0,1.0,0.0,0.039418569030664166,0.07466706780257568,0.10065781300983154,0.10217684592966532,0.034964368371871876,0.10217684592966532,,1.0,0.49696180031446013,1.0,1.0,1.0,1.0,0.0,0.23333333333333334,0.004181998052839085,0.04636164743595398,0.1834882600806587,0.9166666666666666,0.75,0.08155742615231923,0.09319482696048087,0.09648611123357932,0.12633191876544475,1.0,0.0,-0.08113256480714152,0.09268027991346815,0.11389234641923833,0.0,,0.11154313045265496,1.0,0.0,1.0,0.12003908220156043,0.0,2.4395886929996777,-0.07049699754382302,0.0,-0.07049699754382302,0.6809586632947862,0.0,1.0,0.025006366776281,0.0,0.025006366776281,0.9727596211240391,0.0,1.0,0.18612488817995193,0.0,0.18612488817995193,0.04061183945167415,0.0,1.0,0.017040018710246733,0.0,0.017040018710246733,0.8565291738188285,0.0,1.0,-0.004252388212001933,0.10135300155026794,0.0286937175958248,0.09268027991346815,-0.01570567842495848,0.13262397776933754,1.1185559838672403,3.1844257737398003,13.431030858215495,43.17131559374383,0.568665228891694,0.5664120078686734,0.9234432146780319,-0.002253221023020613,,,
causal_interference_detection,direct_effect_null,4,ok,480.0,24.0,0.38333333333333336,4.754166603088379,8.0,20.0,20.0,0.39501697589909085,0.2961728881533198,1.0,1.0,149.8021562947968,58.26567955224791,71.23562935212401,64.7065444591405,86.0,25.0,2.2159240835067715,0.8,0.0,0.0,0.0,0.7,0.0,1.0,1.0,1.0,0.0,1.0,0.0,0.0039763697571654835,0.0667071056863682,0.06887747797299613,0.061460516801687494,0.004503176475647077,0.061460516801687494,,1.0,0.44212758155408144,1.0,1.0,1.0,1.0,0.0,0.7666666666666667,0.006307544245163507,0.06005938228297879,0.22360081514428468,0.9444444444444444,0.75,-0.1029143795107718,0.16748521192589289,-0.08974405835803256,0.11307025297116102,1.0,0.0,0.0024144490610544314,0.060121174115171705,0.12422410714282016,0.0,,0.21849158418962733,1.0,0.0,0.0,0.10679410182465734,0.0,2.385566987999482,-0.08338267622198443,0.0,-0.08338267622198443,0.495999076841406,0.0,1.0,0.05926365167131539,0.0,0.05926365167131539,0.5279326173486046,0.0,1.0,-0.04207879563642099,0.0,-0.04207879563642099,0.745078247842424,0.0,1.0,0.08210329921575196,0.0,0.08210329921575196,0.3548629995450001,0.0,1.0,0.030931298579483513,0.07815177148727363,-0.008232610121104229,0.060121174115171705,0.07260030602484617,0.25678750638349473,1.1639874225692908,1.6244900409809322,10.231339188923187,19.135202137111918,0.44842228157943265,0.4430318637795302,0.9460808328400618,-0.005390417799902458,,,
causal_interference_detection,complete_null,0,ok,480.0,24.0,0.4979166666666667,4.429166793823242,7.0,20.0,20.0,0.510258848131971,0.33760297754632906,1.0,1.0,108.68085767523192,63.56460851049065,57.07543321134559,97.35080844188535,60.0,35.0,7.8567109521529765,0.13333333333333333,0.0,0.0,0.0,0.2,0.0,1.0,1.0,1.0,0.0,1.0,0.0,0.09978952543822647,0.1783334418020827,0.18065739849848794,0.19833891386571012,0.11317356037084338,0.19833891386571012,,0.75,0.41871960034236927,0.75,0.0,1.0,0.0,1.0,0.03333333333333333,0.012895725926334629,0.0861136586033371,0.30060811144479577,0.8055555555555556,0.5,-0.08731736637223068,0.14630631734060562,-0.049604267539631895,0.11616153930720086,1.0,0.0,0.031334723834737774,0.1846791090602075,0.07688673350877415,0.0,,0.1275456737708116,1.0,0.0,0.0,0.1011400000826979,0.0,2.7152294760016957,0.22627321016394691,0.0,0.22627321016394691,0.024392880248128784,0.0,0.0,0.17573881079795828,0.0,0.17573881079795828,0.21373416366846376,0.0,1.0,0.1542339135187131,0.0,0.1542339135187131,0.18434523516927104,0.0,1.0,-0.15708783272771243,0.0,-0.15708783272771243,0.032478694294960156,0.0,1.0,0.09402978331789594,0.1890656434396506,0.09497524052199505,0.1846791090602075,0.09001546284097163,0.31120450451095416,1.1915403050700288,3.095704063349467,11.079355543146571,50.0,0.6397517965680836,0.6332940356451583,1.0107908903162228,-0.006457760922925271,,,
causal_interference_detection,complete_null,1,ok,480.0,24.0,0.5208333333333334,4.616666793823242,8.0,20.0,20.0,0.52466280276988,0.3270662328947761,1.0,1.0,84.4890909922499,73.4118456073941,61.855086756178025,118.15062512377617,44.0,47.0,3.1445933279042646,0.6333333333333333,0.0,0.0,0.0,0.03333333333333333,1.0,1.0,1.0,1.0,0.0,1.0,0.0,0.006501281314192094,0.093470152106331,0.09709649845342716,0.1081182675081695,0.01926783705747993,0.1081182675081695,,1.0,0.41730854265408135,1.0,1.0,1.0,1.0,0.0,0.2,0.005676471335678182,0.06277405937020426,0.16454880683416678,1.0,1.0,0.06813631947111146,0.09317043473313882,0.13048640732599837,0.19013931902182452,0.75,1.0,0.08946565295773054,0.08655037914202621,0.08325947802559323,0.0,,0.07213384228884955,0.9999999999999998,0.0,0.0,0.10079916489229021,0.0,2.493580890004523,0.06610713667252124,0.0,0.06610713667252124,0.3920977350129934,0.0,1.0,-0.07468890977501019,0.0,-0.07468890977501019,0.4770548258924229,0.0,1.0,-0.09924883180926763,0.0,-0.09924883180926763,0.19446872107777324,0.0,1.0,0.13383573016852496,0.0,0.13383573016852496,0.29484578247211357,0.0,1.0,0.01688307382760708,0.07837576249424638,0.010181094676392409,0.08655037914202621,0.06526095550587187,0.09518353990200153,1.1440578547632951,3.096609389230933,17.08688697145341,50.0,0.6006440778267701,0.59726106045746,1.0095086859621492,-0.003383017369310126,,,
causal_interference_detection,complete_null,2,ok,480.0,24.0,0.6645833333333333,4.570833206176758,8.0,20.0,20.0,0.6935348331620326,0.30157138318211646,1.0,1.0,44.82943535162094,60.13473197005679,42.07747294704641,159.26277379071948,25.0,28.0,9.497671608601642,0.06666666666666667,0.0,0.0,1.0,0.8,0.0,1.0,1.0,1.0,0.0,1.0,0.0,-0.28688826971396975,0.28688826971396975,0.2927641677125071,0.322272949347123,-0.3183024478584717,0.322272949347123,,0.5,0.5300840747707806,0.5,1.0,1.0,1.0,0.0,0.06666666666666667,0.02877611573743791,0.14562430774022517,0.3324281212054192,0.8055555555555556,0.75,0.05252899909561868,0.07396459366869272,0.27380595973041183,0.2938694425485611,0.5,1.0,0.3032193391619178,0.30692400554378446,0.11099902515924653,0.0,,0.2025415049177788,1.0,0.0,0.0,0.12803963158714507,0.0,2.5317766700027278,-0.27578139354803666,0.0,-0.27578139354803666,0.02387794977218455,0.0,0.0,-0.38178361690698165,0.0,-0.38178361690698165,0.04193234290961312,0.0,0.0,-0.2671882995871312,0.0,-0.2671882995871312,0.23266396651092625,0.0,1.0,-0.22279976881372954,0.0,-0.22279976881372954,0.20816628925273784,0.0,1.0,-0.22534673865344218,0.23489204176998227,-0.29755170193283026,0.30692400554378446,-0.09501019701505146,0.12120069839464971,1.3669586303130914,4.647862165924044,21.527709822291833,42.61633684590373,0.6695159864736635,0.6482468689363525,0.9987940764884317,-0.021269117537310978,,,
causal_interference_detection,complete_null,3,ok,480.0,24.0,0.5291666666666667,4.616666793823242,8.0,20.0,20.0,0.5290133152585921,0.3398158139948638,1.0,1.0,89.12603630510068,64.26697855917891,55.97781471483338,112.55831272028772,42.0,36.0,10.075001543538196,0.03333333333333333,0.0,1.0,1.0,0.06666666666666667,0.0,1.0,1.0,1.0,0.0,1.0,0.0,0.04057522493304694,0.07524539575376696,0.10111637164111623,0.1084703357069173,0.03803815210396765,0.1084703357069173,,1.0,0.4970228687456709,1.0,1.0,1.0,1.0,0.0,0.23333333333333334,0.004209421447956658,0.04666955729299308,0.18376725833194205,0.9166666666666666,0.75,0.08155276256705293,0.0931907457525747,0.09462607293215872,0.12491708336549755,1.0,0.0,-0.08113256480714152,0.09288865164582938,0.11380114911647962,0.0,,0.11161852788652636,1.0,0.0,1.0,0.1200538330303553,0.0,2.4446840489981696,-0.06934034164144005,0.0,-0.06934034164144005,0.6811823364395897,0.0,1.0,0.026163022678662978,0.0,0.026163022678662978,0.9731075917183576,0.0,1.0,0.18728154408233488,0.0,0.18728154408233488,0.04045348354652324,0.0,1.0,0.018196674612629936,0.0,0.018196674612629936,0.8562209358918048,0.0,1.0,-0.0035238349638188095,0.10132504888029777,0.02935978115058921,0.09288865164582938,-0.01540369429911026,0.13258855509671327,1.1185559838672403,3.1844257737398003,13.431030858215495,43.17131559374383,0.6226611873376465,0.6203745391665788,1.0059366345504193,-0.0022866481710677178,,,
causal_interference_detection,complete_null,4,ok,480.0,24.0,0.38333333333333336,4.754166603088379,8.0,20.0,20.0,0.39501697589909085,0.2961728881533198,1.0,1.0,149.8021562947968,58.26567955224791,71.23562935212401,64.7065444591405,86.0,25.0,2.2168283421019566,0.8,0.0,0.0,0.0,0.7,0.0,1.0,1.0,1.0,0.0,1.0,0.0,0.004795020752833917,0.06670710568636819,0.06892958493633172,0.06307416160846732,0.005153248477599131,0.06307416160846732,,1.0,0.44214449252848276,1.0,1.0,1.0,1.0,0.0,0.7666666666666667,0.006322300709685568,0.060121817461917325,0.22387849156269937,0.9444444444444444,0.75,-0.10269787792503966,0.1673522656974817,-0.09057100782414823,0.11372771673903544,1.0,0.0,0.0024144490610544314,0.06005775372599705,0.1245577035474447,0.0,,0.2185063131574248,1.0,0.0,0.0,0.10679818660108281,0.0,2.316970425992622,-0.08256402522631603,0.0,-0.08256402522631603,0.4962686441047841,0.0,1.0,0.060082302666984236,0.0,0.060082302666984236,0.5279468087887513,0.0,1.0,-0.04126014464075249,0.0,-0.04126014464075249,0.7450176530130761,0.0,1.0,0.08292195021141996,0.0,0.08292195021141996,0.3546454537695879,0.0,1.0,0.031466918755452,0.0783653056572109,-0.007755905816330819,0.06005775372599705,0.07180692054797147,0.2565643249525037,1.1639874225692908,1.6244900409809322,10.231339188923187,19.135202137111918,0.4796530457003949,0.47364956665722363,1.0122117744048982,-0.006003479043171278,,,
causal_interference_detection,linear_spillover,0,ok,480.0,24.0,0.4979166666666667,4.429166793823242,7.0,20.0,20.0,0.510258848131971,0.33760297754632906,1.0,1.0,108.68085767523192,63.56460851049065,57.07543321134559,97.35080844188535,60.0,35.0,14.237540183817838,0.03333333333333333,0.0,1.0,1.0,0.03333333333333333,1.0,0.6666666666666666,0.6666666666666666,0.6666666666666666,0.3333333333333333,0.0,1.0,0.09642584004888756,0.17531248528075732,0.1772221329284113,0.1853944064179834,0.10469513169554728,0.1853944064179834,1.0,0.75,0.4187702711633927,1.0,0.6666666666666666,0.6666666666666666,0.6666666666666666,1.0,0.03333333333333333,0.012602261581162073,0.08452665819596544,0.2971729073799012,0.8055555555555556,0.5,-0.08691514472402698,0.14596428522787877,-0.047464342114219835,0.11529638577400785,1.0,0.0,0.10642192920457093,0.18212130542600566,0.07519997941858032,0.0,1.0,0.13641223676391356,1.0,0.0,0.0,0.10115223941144752,0.0,2.4476782200072194,0.6124026316731588,0.40000000000000135,0.21240263167315743,0.0004249536644643005,1.0,0.0,-0.13923373632482836,-0.32500000000000034,0.185766263675172,0.133302111485769,0.0,1.0,0.3953077553109603,0.25,0.1453077553109603,0.008476053196875154,1.0,1.0,-0.1577732904637395,0.0,-0.1577732904637395,0.032348195482199395,1.0,1.0,0.171532078396771,0.1850620745284991,0.17361618268560902,0.18212130542600566,0.1603946688063102,0.3022170794498877,1.1915403050700288,3.095704063349467,11.079355543146571,50.0,0.5527879697692242,0.5639190620043661,0.8783604904582171,0.01113109223514197,,,
causal_interference_detection,linear_spillover,1,ok,480.0,24.0,0.5208333333333334,4.616666793823242,8.0,20.0,20.0,0.52466280276988,0.3270662328947761,1.0,1.0,84.4890909922499,73.4118456073941,61.855086756178025,118.15062512377617,44.0,47.0,16.92146216548208,0.03333333333333333,0.0,1.0,1.0,0.03333333333333333,1.0,1.0,0.6666666666666666,0.8,0.0,0.0,0.0,0.002557486963528123,0.08981516606679565,0.09537988349463657,0.09916040854655944,0.012346997817014232,0.09916040854655944,1.0,1.0,0.41768040491482783,1.0,1.0,1.0,1.0,1.0,0.03333333333333333,0.005459909421722826,0.06255835926455885,0.15961898377979594,1.0,1.0,0.06820597130663353,0.09354430562345573,0.1333408919405902,0.19268429432438472,0.75,1.0,0.17446640202296673,0.08532883331434966,0.08218807141039948,0.0,1.0,0.08475221901089233,0.9999999999999998,0.0,0.0,0.10088898669440285,0.0,2.328173797010095,0.45235259032099967,0.3999999999999998,0.05235259032099987,0.0006766716666881269,1.0,1.0,-0.3911288045167383,-0.32499999999999984,-0.06612880451673847,0.0031342805521299543,1.0,1.0,0.14161344631020373,0.25000000000000033,-0.1083865536897966,0.04088017469268211,0.0,1.0,0.1323927157396477,0.0,0.1323927157396477,0.29486278467787874,0.0,1.0,0.097075500182295,0.07811905956416394,0.08854707914918343,0.08532883331434966,0.13530208723753034,0.10345195839408944,1.1440578547632951,3.096609389230933,17.08688697145341,50.0,0.509196482031959,0.5288867530418992,0.8758948233498598,0.019690271009940252,,,
causal_interference_detection,linear_spillover,2,ok,480.0,24.0,0.6645833333333333,4.570833206176758,8.0,20.0,20.0,0.6935348331620326,0.30157138318211646,1.0,1.0,44.82943535162094,60.13473197005679,42.07747294704641,159.26277379071948,25.0,28.0,10.936712709583338,0.03333333333333333,0.0,1.0,1.0,0.03333333333333333,1.0,1.0,0.3333333333333333,0.5,0.0,0.0,0.0,-0.2928003575767204,0.2928003575767204,0.297356161113228,0.3106065199338379,-0.3073247983629551,0.310606519933838,0.6666666666666666,0.25,0.5297215231658157,1.0,1.0,0.3333333333333333,0.5,1.0,0.03333333333333333,0.029327842867672982,0.14747673912021117,0.3407087148480001,0.8055555555555556,0.75,0.053322066032080256,0.07438532165688935,0.2797326712853897,0.29897320152616214,0.5,1.0,0.3881546116198717,0.31002442187439344,0.11220961961066142,0.0,0.8888888888888888,0.20742990456227656,1.0,0.0,0.0,0.12795205873570425,0.0,2.4550685700087342,0.10477940536989516,0.40000000000000013,-0.29522059463010497,0.3755934130180706,0.0,0.0,-0.6954552663529604,-0.3250000000000007,-0.3704552663529597,0.005154390749065486,1.0,0.0,-0.030261800330693422,0.2500000000000002,-0.28026180033069364,0.9897813136114649,0.0,0.0,-0.2252637689931234,0.0,-0.2252637689931234,0.20833806081321093,0.0,1.0,-0.15008697606136207,0.2385937307698939,-0.22074220321249563,0.31002442187439344,-0.013312298650219115,0.12212105855910146,1.3669586303130914,4.647862165924044,21.527709822291833,42.61633684590373,0.5607983692225127,0.5595198605608709,0.8402708288922311,-0.0012785086616418084,,,
causal_interference_detection,linear_spillover,3,ok,480.0,24.0,0.5291666666666667,4.616666793823242,8.0,20.0,20.0,0.5290133152585921,0.3398158139948638,1.0,1.0,89.12603630510068,64.26697855917891,55.97781471483338,112.55831272028772,42.0,36.0,25.92351708681219,0.03333333333333333,0.0,1.0,1.0,0.03333333333333333,1.0,1.0,0.6666666666666666,0.8,0.0,0.0,0.0,0.036217956586296896,0.07934488599049766,0.10029098266192377,0.09891366624599846,0.03126354871201368,0.09891366624599847,1.0,1.0,0.49701940330836547,1.0,1.0,1.0,1.0,1.0,0.03333333333333333,0.004283770885088643,0.047748148687894246,0.18057085012460716,0.9166666666666666,0.75,0.08188008301029184,0.09396865808438438,0.09707688482294002,0.12691480517584788,1.0,0.0,-0.00869851813783477,0.09177228680525405,0.11427909704684934,0.0,1.0,0.09964817531077344,1.0,0.0,0.0,0.1200529959682042,0.0,2.39989034300379,0.31374614119159816,0.3999999999999997,-0.08625385880840153,0.017354106385474893,1.0,1.0,-0.2871911834462465,-0.3250000000000003,0.03780881655375379,0.043590044083424824,0.0,1.0,0.42627684988958875,0.25000000000000017,0.17627684988958858,0.00039508454394109575,1.0,1.0,0.017040018710246733,0.0,0.017040018710246733,0.8565291738188285,0.0,1.0,0.0734316059612832,0.0964810865327937,0.10736342089836941,0.09177228680525405,0.06619604672620145,0.13137240572759193,1.1185559838672403,3.1844257737398003,13.431030858215495,43.17131559374383,0.5414774568332307,0.5548022939032116,0.8884485126141591,0.013324837069980888,,,
causal_interference_detection,linear_spillover,4,ok,480.0,24.0,0.38333333333333336,4.754166603088379,8.0,20.0,20.0,0.39501697589909085,0.2961728881533198,1.0,1.0,149.8021562947968,58.26567955224791,71.23562935212401,64.7065444591405,86.0,25.0,9.282486880378887,0.1,0.0,0.0,1.0,0.03333333333333333,1.0,0.0,0.0,0.0,0.0,0.0,0.0,0.001819371250121389,0.07317810120750023,0.07509956110493168,0.06652186265144258,0.0036266547642844586,0.06652186265144258,1.0,1.0,0.4422084932674031,1.0,1.0,0.3333333333333333,0.5,1.0,0.03333333333333333,0.006472665588166938,0.061485924750449415,0.22360081514428468,0.9444444444444444,0.75,-0.10242854649919089,0.16788132645909087,-0.08877828184026734,0.11389355643976301,1.0,0.0,0.07231179443409298,0.0653146417331579,0.12462577689145095,0.0,1.0,0.2492706118874608,1.0,0.0,0.0,0.10681364571676404,0.0,2.447947086999193,0.3059982542048769,0.40000000000000013,-0.09400174579512321,0.031669565335910664,0.0,1.0,-0.2571083543005087,-0.325,0.0678916456994913,0.02041213826706652,0.0,1.0,0.20128428588036523,0.24999999999999972,-0.04871571411963449,0.08369941505005649,0.0,1.0,0.08210329921575196,0.0,0.08210329921575196,0.3548629995450001,0.0,1.0,0.11137282205684775,0.07916525558205659,0.071376005331272,0.0653146417331579,0.17282988357311724,0.26100506713678207,1.1639874225692908,1.6244900409809322,10.231339188923187,19.135202137111918,0.4268859153285315,0.4401004500909077,0.8999031019079516,0.013214534762376218,,,
causal_interference_detection,weak_effect_0_15,0,ok,480.0,24.0,0.4979166666666667,4.429166793823242,7.0,20.0,20.0,0.510258848131971,0.33760297754632906,1.0,1.0,108.68085767523192,63.56460851049065,57.07543321134559,97.35080844188535,60.0,35.0,10.736564368762561,0.03333333333333333,0.0,1.0,1.0,0.1,0.0,1.0,0.5,0.6666666666666666,0.0,0.0,0.0,0.09910406770219835,0.17675460786330968,0.17905189774667005,0.19054434732658282,0.11065790306437269,0.19054434732658282,0.75,0.75,0.418999901105123,,1.0,0.5,0.6666666666666666,1.0,0.03333333333333333,0.012793252327572837,0.08553711551425072,0.29994270522244937,0.8055555555555556,0.5,-0.08705964253598769,0.1461015499593029,-0.04787781235055467,0.1154666549837618,1.0,0.0,0.03133472383473786,0.1834581754196889,0.07584951697333184,0.0,0.75,0.12710727729106816,1.0,0.0,0.0,0.10120770558094759,0.0,2.443730184008018,0.29811554228640147,0.07499999999999998,0.22311554228640149,0.006907842779508728,1.0,0.0,0.10252556320344752,-0.07499999999999997,0.17752556320344748,0.5424987390199105,0.0,1.0,0.22607624564116713,0.07500000000000008,0.15107624564116706,0.0641207201704984,0.0,1.0,-0.23030108032222263,-0.07499999999999998,-0.15530108032222265,0.007296140333939823,1.0,1.0,0.09362059667848777,0.1872883722958736,0.09457342183246331,0.1834581754196889,0.08867111528499683,0.30535124950336084,1.1915403050700288,3.095704063349467,11.079355543146571,50.0,0.577382695748259,0.5726238909171926,0.9170193261123276,-0.004758804831066388,,,
causal_interference_detection,weak_effect_0_15,1,ok,480.0,24.0,0.5208333333333334,4.616666793823242,8.0,20.0,20.0,0.52466280276988,0.3270662328947761,1.0,1.0,84.4890909922499,73.4118456073941,61.855086756178025,118.15062512377617,44.0,47.0,4.314999207534708,0.4,0.0,0.0,0.0,0.03333333333333333,1.0,0.0,0.0,0.0,0.0,0.0,0.0,0.00505826688531516,0.09347015210633101,0.09758533779900097,0.10365689226312853,0.016066586584970913,0.10365689226312853,0.5,1.0,0.4175750717472107,,0.0,0.0,0.0,0.0,0.3,0.005625761532681784,0.0629864127422791,0.16172248376075504,1.0,1.0,0.06805097220372203,0.093205028288606,0.1328660802337585,0.19195285063107947,0.75,1.0,0.08946565295773065,0.08702841341888143,0.08248259646075673,0.0,0.6666666666666666,0.0765352615736356,0.9999999999999998,0.0,0.0,0.10086354390029244,0.0,2.8718785409873817,0.13735571000814753,0.075,0.06235571000814753,0.12812730097601427,0.0,1.0,-0.14882351196839083,-0.07499999999999993,-0.0738235119683909,0.170011099365857,0.0,1.0,-0.028000258473640918,0.0749999999999999,-0.10300025847364082,0.7303987386236329,0.0,1.0,0.05970112797514496,-0.07499999999999989,0.13470112797514483,0.6204241839133002,0.0,1.0,0.015892151540533757,0.07818693658939119,0.009336597827184878,0.08702841341888143,0.06464652513921482,0.10014722925105746,1.1440578547632951,3.096609389230933,17.08688697145341,50.0,0.5423575094984554,0.5410124340214723,0.9200302189139349,-0.0013450754769831486,,,
causal_interference_detection,weak_effect_0_15,2,ok,480.0,24.0,0.6645833333333333,4.570833206176758,8.0,20.0,20.0,0.6935348331620326,0.30157138318211646,1.0,1.0,44.82943535162094,60.13473197005679,42.07747294704641,159.26277379071948,25.0,28.0,10.280367992744821,0.06666666666666667,0.0,0.0,1.0,0.8666666666666667,0.0,0.0,0.0,0.0,0.0,0.0,0.0,-0.2893522698933647,0.2893522698933647,0.295030153795552,0.3145318347223617,-0.3101820851524975,0.3145318347223617,0.5,0.5,0.5298850269215263,,1.0,0.25,0.4,1.0,0.03333333333333333,0.029155678758761898,0.1466441542453334,0.3331577274659985,0.8055555555555556,0.75,0.05284037142078413,0.07403414430646868,0.2788670355624979,0.2984821379304292,0.5,1.0,0.30321933916191796,0.30834909103139296,0.11211143295570253,0.0,0.5833333333333334,0.1984752342273269,1.0,0.0,0.0,0.12799155239650395,0.0,2.674774562998209,-0.20642824389668138,0.0749999999999999,-0.2814282438966813,0.0734270082315002,0.0,0.0,-0.4560647669171273,-0.07500000000000001,-0.38106476691712726,0.023293562433099886,0.0,0.0,-0.19783514993577664,0.07499999999999998,-0.2728351499357766,0.3846142974996235,0.0,1.0,-0.2970809188238737,-0.07500000000000004,-0.22208091882387368,0.10475167910749704,0.0,1.0,-0.22698184650329006,0.23623768251175797,-0.2991586220616398,0.30834909103139296,-0.10068338783431288,0.12618456826492264,1.3669586303130914,4.647862165924044,21.527709822291833,42.61633684590373,0.6016392197666953,0.5831699778322657,0.8988739284864147,-0.01846924193442967,,,
causal_interference_detection,weak_effect_0_15,3,ok,480.0,24.0,0.5291666666666667,4.616666793823242,8.0,20.0,20.0,0.5290133152585921,0.3398158139948638,1.0,1.0,89.12603630510068,64.26697855917891,55.97781471483338,112.55831272028772,42.0,36.0,19.393330415243916,0.03333333333333333,0.0,1.0,1.0,0.03333333333333333,1.0,1.0,0.25,0.4,0.0,0.0,0.0,0.03941856903066492,0.07614427354613164,0.10016001619973554,0.10122571518168004,0.03467342523375328,0.10122571518168004,1.0,1.0,0.49695037765590355,,1.0,0.25,0.4,1.0,0.03333333333333333,0.004193206710855371,0.046649380390432586,0.1826130370938436,0.9166666666666666,0.75,0.08155742615231854,0.09333737373942834,0.09648611123357842,0.1263366475650324,1.0,0.0,-0.08113256480714146,0.09197839366005128,0.11408100216749542,0.0,0.9166666666666666,0.10862316285258951,1.0,0.0,0.0,0.12003632310529072,0.0,2.49559273601335,0.0015485909690665205,0.07499999999999998,-0.07345140903093346,0.8536867095281855,0.0,1.0,-0.04703922173660993,-0.0749999999999999,0.027960778263389968,0.603822648152879,0.0,1.0,0.2581704766928454,0.0750000000000001,0.18317047669284528,0.008500591374562307,1.0,1.0,-0.05500556980264205,-0.07499999999999993,0.01999443019735788,0.799290391627517,0.0,1.0,-0.0042523882120031956,0.09915781969622138,0.028693717595826156,0.09197839366005128,-0.015705678424962365,0.13244745788730672,1.1185559838672403,3.1844257737398003,13.431030858215495,43.17131559374383,0.5661774746056715,0.5644136439882073,0.9205465882008722,-0.0017638306174642127,,,
causal_interference_detection,weak_effect_0_15,4,ok,480.0,24.0,0.38333333333333336,4.754166603088379,8.0,20.0,20.0,0.39501697589909085,0.2961728881533198,1.0,1.0,149.8021562947968,58.26567955224791,71.23562935212401,64.7065444591405,86.0,25.0,0.2811117349434572,0.9666666666666667,0.0,0.0,0.0,0.03333333333333333,1.0,0.0,0.0,0.0,0.0,0.0,0.0,0.003976369757165723,0.06869818123133195,0.07080754993191907,0.0631897205335218,0.004676610431816601,0.0631897205335218,0.5,1.0,0.4421079658170326,,0.0,0.0,0.0,0.0,0.9,0.0063542071901053375,0.060327430895645184,0.2238002655975248,0.9444444444444444,0.75,-0.10291437951077201,0.16769125616038022,-0.08974405835803312,0.11359672150410445,1.0,0.0,0.0024144490610544175,0.06161178361941496,0.12428263277798615,0.0,0.5833333333333334,0.21868379373385288,1.0,0.0,0.0,0.10678936372392091,0.0,2.4987425550061744,-0.010373751766948387,0.07499999999999993,-0.08537375176694831,0.946203559307621,0.0,1.0,-0.013745272783720716,-0.075,0.06125472721627928,0.9059215462389724,0.0,1.0,0.03093012881861565,0.07499999999999979,-0.04406987118138414,0.6565669848111653,0.0,1.0,0.009094374760715961,-0.0750000000000001,0.08409437476071606,0.8141022872604526,0.0,1.0,0.030931298579482853,0.07861383238197064,-0.00823261012110396,0.06161178361941496,0.07260030602484827,0.24719089837568867,1.1639874225692908,1.6244900409809322,10.231339188923187,19.135202137111918,0.4473355871180036,0.44383401248704046,0.9431148539844925,-0.0035015746309631224,,,
causal_interference_detection,weak_effect_0_30,0,ok,480.0,24.0,0.4979166666666667,4.429166793823242,7.0,20.0,20.0,0.510258848131971,0.33760297754632906,1.0,1.0,108.68085767523192,63.56460851049065,57.07543321134559,97.35080844188535,60.0,35.0,12.753830153594123,0.03333333333333333,0.0,1.0,1.0,0.06666666666666667,0.0,1.0,0.75,0.8571428571428571,0.0,0.0,0.0,0.09910406770219818,0.17551850279255085,0.17785000798189096,0.18894745640320898,0.10994920655932122,0.188947456403209,0.75,0.75,0.4189679636723459,,1.0,0.75,0.8571428571428571,1.0,0.03333333333333333,0.012725051817630333,0.08529239335952954,0.29930352110493863,0.8055555555555556,0.5,-0.08705964253598716,0.1460505528944458,-0.04787781235055327,0.11549971164820282,1.0,0.0,0.031334723834737885,0.18246067397078705,0.07575725663088648,0.0,0.75,0.12684621287533238,1.0,0.0,0.0,0.10119999122520432,0.0,2.8607323190080933,0.37064333214488365,0.1500000000000003,0.22064333214488335,0.0025819860949820874,1.0,0.0,0.029997773344965006,-0.15000000000000002,0.17999777334496503,0.9463894684832069,0.0,1.0,0.2986040354996496,0.1499999999999999,0.14860403549964968,0.024452085391564442,1.0,1.0,-0.3028288701807054,-0.15000000000000008,-0.15282887018070535,0.0020829846895091134,1.0,1.0,0.09362059667848822,0.1857520636670828,0.09457342183246249,0.18246067397078705,0.08867111528499744,0.300042331503796,1.1915403050700288,3.095704063349467,11.079355543146571,50.0,0.5721170660172521,0.5716087128714202,0.909516181495096,-0.0005083531458318635,,,
causal_interference_detection,weak_effect_0_30,1,ok,480.0,24.0,0.5208333333333334,4.616666793823242,8.0,20.0,20.0,0.52466280276988,0.3270662328947761,1.0,1.0,84.4890909922499,73.4118456073941,61.855086756178025,118.15062512377617,44.0,47.0,8.305144579556162,0.06666666666666667,0.0,0.0,1.0,0.03333333333333333,1.0,0.0,0.0,0.0,0.0,0.0,0.0,0.005058266885314841,0.09347015210633101,0.09821101986902964,0.10409059164077487,0.016109328513284803,0.10409059164077489,1.0,1.0,0.4175728295814549,,0.0,0.0,0.0,0.0,0.26666666666666666,0.005631984228651372,0.06321456756478278,0.16382598374171292,1.0,1.0,0.06805097220372272,0.09330213739745359,0.13286608023375945,0.19212632434193527,0.75,1.0,0.08946565295773047,0.08763841963327329,0.08230539245498962,0.0,0.9166666666666666,0.08093896290450804,0.9999999999999998,0.0,0.0,0.1008630023143611,0.0,2.913997435985948,0.21004729777265235,0.14999999999999994,0.060047297772652414,0.03534846166031371,0.0,1.0,-0.2215150997328959,-0.1499999999999997,-0.07151509973289621,0.050933674601953666,0.0,1.0,0.04469132929086389,0.15000000000000002,-0.10530867070913613,0.47577966621216006,0.0,1.0,-0.012990459789360614,-0.1499999999999999,0.1370095402106393,0.938929687299012,0.0,1.0,0.015892151540534735,0.07820562148388119,0.009336597827185957,0.08763841963327329,0.06464652513921382,0.10616084206877574,1.1440578547632951,3.096609389230933,17.08688697145341,50.0,0.5369073499939441,0.5400693660311205,0.9128255296229499,0.003162016037176474,,,
causal_interference_detection,weak_effect_0_30,2,ok,480.0,24.0,0.6645833333333333,4.570833206176758,8.0,20.0,20.0,0.6935348331620326,0.30157138318211646,1.0,1.0,44.82943535162094,60.13473197005679,42.07747294704641,159.26277379071948,25.0,28.0,11.099097009952647,0.03333333333333333,0.0,1.0,1.0,0.26666666666666666,0.0,0.0,0.0,0.0,0.0,0.0,0.0,-0.28935226989336443,0.28935226989336443,0.29491546191796986,0.31309422117474905,-0.3087904311575985,0.31309422117474905,0.5,0.25,0.5298905781889722,,1.0,0.5,0.6666666666666666,1.0,0.03333333333333333,0.02915383206216014,0.1466619106467271,0.33459634256711485,0.8055555555555556,0.75,0.05284037142078382,0.07388460080061056,0.27886703556249703,0.298375738089201,0.5,1.0,0.30321933916191735,0.30823821264833356,0.11192652646682495,0.0,0.5833333333333334,0.19847523422732566,1.0,0.0,0.0,0.12799289328236044,0.0,2.6856572380056605,-0.13461109406593064,0.1499999999999999,-0.28461109406593055,0.22480844682404366,0.0,0.0,-0.5278819167478763,-0.14999999999999986,-0.37788191674787647,0.013774683021600544,0.0,0.0,-0.12601800010502653,0.15000000000000013,-0.27601800010502664,0.6102285217130079,0.0,0.0,-0.36889806865462427,-0.15000000000000013,-0.21889806865462413,0.05437723766343677,0.0,1.0,-0.22698184650329062,0.23608246587358053,-0.29915862206163896,0.30823821264833356,-0.1006833878343133,0.12692172601117002,1.3669586303130914,4.647862165924044,21.527709822291833,42.61633684590373,0.592670342196799,0.5779742428507921,0.8861977676218539,-0.014696099346006908,,,
causal_interference_detection,weak_effect_0_30,3,ok,480.0,24.0,0.5291666666666667,4.616666793823242,8.0,20.0,20.0,0.5290133152585921,0.3398158139948638,1.0,1.0,89.12603630510068,64.26697855917891,55.97781471483338,112.55831272028772,42.0,36.0,24.98585786627865,0.03333333333333333,0.0,1.0,1.0,0.03333333333333333,1.0,1.0,0.25,0.4,0.0,0.0,0.0,0.039418569030664985,0.07762147928968514,0.099747277981959,0.10013849207663411,0.03436898349611943,0.10013849207663411,1.0,1.0,0.4969411156874479,,1.0,0.25,0.4,1.0,0.03333333333333333,0.004209466828443421,0.04696938502126962,0.18173781410702766,0.9166666666666666,0.75,0.08155742615231906,0.09348065208817073,0.09648611123357953,0.12634372998070856,1.0,0.0,-0.08113256480714123,0.09133324463598548,0.11427045981301372,0.0,0.9166666666666666,0.10570319525251848,1.0,0.0,0.0,0.12003408591484249,0.0,2.5745069809927372,0.0735941794819598,0.15000000000000013,-0.07640582051804033,0.44102609159275685,0.0,1.0,-0.11908481024950085,-0.15000000000000022,0.030915189750499367,0.3181323613327639,0.0,1.0,0.330216065205735,0.1499999999999999,0.18021606520573508,0.001985929343734728,1.0,1.0,-0.12705115831553404,-0.14999999999999986,0.022948841684465815,0.4824645524614207,0.0,1.0,-0.004252388212004056,0.0970246671619297,0.02869371759582383,0.09133324463598548,-0.015705678424957695,0.13227343856270515,1.1185559838672403,3.1844257737398003,13.431030858215495,43.17131559374383,0.5608796933519439,0.5623400296705535,0.9132662183509731,0.0014603363186096452,,,
causal_interference_detection,weak_effect_0_30,4,ok,480.0,24.0,0.38333333333333336,4.754166603088379,8.0,20.0,20.0,0.39501697589909085,0.2961728881533198,1.0,1.0,149.8021562947968,58.26567955224791,71.23562935212401,64.7065444591405,86.0,25.0,2.977738673717008,0.5666666666666667,0.0,0.0,0.0,0.03333333333333333,1.0,0.0,0.0,0.0,0.0,0.0,0.0,0.003976369757164904,0.0706892567762962,0.07274091040434805,0.06481969616626086,0.004846919179282136,0.06481969616626088,1.0,1.0,0.4420900993035028,,0.0,0.0,0.0,0.0,0.8666666666666667,0.00640342284105599,0.06062162741230998,0.22399971605076424,0.9444444444444444,0.75,-0.102914379510771,0.16789824539405088,-0.08974405835803172,0.1141277252057286,1.0,0.0,0.0024144490610544904,0.06310356081247524,0.12434171047583983,0.0,0.8333333333333334,0.2188760032780818,1.0,0.0,0.0,0.10678504814094271,0.0,2.5421634929953143,0.06263517268808784,0.1500000000000001,-0.08736482731191227,0.5740435005389131,0.0,1.0,-0.08675419723875724,-0.14999999999999997,0.06324580276124273,0.36497727630212473,0.0,1.0,0.10393905327364952,0.14999999999999986,-0.04606094672635033,0.27438460575409784,0.0,1.0,-0.06391454969432031,-0.1499999999999998,0.08608545030567949,0.6579825719475332,0.0,1.0,0.030931298579483454,0.07908023635910669,-0.008232610121102931,0.06310356081247524,0.07260030602484831,0.2384968144800554,1.1639874225692908,1.6244900409809322,10.231339188923187,19.135202137111918,0.44397946469309235,0.44459772661968106,0.9355003193688819,0.0006182619265887035,,,
causal_interference_detection,weak_effect_0_45,0,ok,480.0,24.0,0.4979166666666667,4.429166793823242,7.0,20.0,20.0,0.510258848131971,0.33760297754632906,1.0,1.0,108.68085767523192,63.56460851049065,57.07543321134559,97.35080844188535,60.0,35.0,14.011536759277124,0.03333333333333333,0.0,1.0,1.0,0.03333333333333333,1.0,1.0,0.75,0.8571428571428571,0.0,0.0,0.0,0.09910406770219889,0.17428239772179338,0.1766745376040405,0.1869018079665812,0.10894667377273183,0.1869018079665812,1.0,0.75,0.41893758214784044,,1.0,0.75,0.8571428571428571,1.0,0.03333333333333333,0.012661433762498266,0.08504767120480856,0.29866433698742917,0.8333333333333334,0.5,-0.08705964253598736,0.1459996598724457,-0.0478778123505533,0.11553401968505875,1.0,0.0,0.03133472383473776,0.1814805647468096,0.07566686764547677,0.0,0.9166666666666666,0.12658514845959273,1.0,0.0,0.0,0.1011926526927151,0.0,2.2319199280027533,0.44317112200336833,0.22500000000000012,0.21817112200336822,0.0012352641973766166,1.0,0.0,-0.04253001651351798,-0.22500000000000014,0.18246998348648216,0.4664385104530777,0.0,1.0,0.3711318253581344,0.22500000000000026,0.14613182535813413,0.01077666712442724,1.0,1.0,-0.3753566600391889,-0.22499999999999992,-0.15035666003918896,0.000792958372862205,1.0,1.0,0.09362059667848877,0.18425449188256213,0.09457342183246195,0.1814805647468096,0.08867111528499785,0.2949001053343796,1.1915403050700288,3.095704063349467,11.079355543146571,50.0,0.5638357141065858,0.570495569237725,0.8972245097833572,0.006659855131139203,,,
causal_interference_detection,weak_effect_0_45,1,ok,480.0,24.0,0.5208333333333334,4.616666793823242,8.0,20.0,20.0,0.52466280276988,0.3270662328947761,1.0,1.0,84.4890909922499,73.4118456073941,61.855086756178025,118.15062512377617,44.0,47.0,12.649299191769606,0.03333333333333333,0.0,1.0,1.0,0.03333333333333333,1.0,1.0,0.5,0.6666666666666666,0.0,0.0,0.0,0.005058266885314626,0.09347015210633144,0.09888664332549112,0.10431388817813142,0.016092209526454137,0.10431388817813143,1.0,1.0,0.41757359483984635,,0.0,0.0,0.0,0.0,0.06666666666666667,0.00564230856219205,0.06344272238728652,0.16592948372267152,1.0,1.0,0.06805097220372269,0.09339936471478033,0.13286608023376031,0.19230064050115384,0.75,1.0,0.08946565295773047,0.08828436475750082,0.08212900218615157,0.0,1.0,0.08534266423538509,0.9999999999999998,0.0,0.0,0.1008631871593832,0.0,2.279403505992377,0.28273888553715626,0.22500000000000017,0.05773888553715609,0.00952317266271108,1.0,1.0,-0.2942066874974001,-0.2250000000000001,-0.0692066874974,0.014696153911928184,1.0,1.0,0.11738291705536705,0.2250000000000007,-0.10761708294463365,0.08262741071250776,0.0,1.0,-0.08568204755386416,-0.22500000000000023,0.13931795244613607,0.519453487460988,0.0,1.0,0.015892151540531967,0.07822435030483242,0.009336597827182873,0.08828436475750082,0.06464652513921469,0.112703406131206,1.1440578547632951,3.096609389230933,17.08688697145341,50.0,0.5288932214622974,0.5390269270925787,0.9014525258346603,0.010133705630281264,,,
causal_interference_detection,weak_effect_0_45,2,ok,480.0,24.0,0.6645833333333333,4.570833206176758,8.0,20.0,20.0,0.6935348331620326,0.30157138318211646,1.0,1.0,44.82943535162094,60.13473197005679,42.07747294704641,159.26277379071948,25.0,28.0,11.742135619594753,0.03333333333333333,0.0,1.0,1.0,0.06666666666666667,0.0,1.0,0.25,0.4,0.0,0.0,0.0,-0.28935226989336565,0.28935226989336565,0.29483508742745096,0.31096764820365214,-0.3066953948491656,0.31096764820365214,0.5,0.25,0.5298984554489385,,1.0,0.5,0.6666666666666666,1.0,0.03333333333333333,0.029157622746458285,0.14671431768513055,0.3372159306874942,0.8055555555555556,0.75,0.05284037142078449,0.07373743526389807,0.2788670355624987,0.29827144089502505,0.5,1.0,0.30321933916191735,0.3081494968355391,0.11174254966388063,0.0,0.75,0.1984752342273282,1.0,0.0,0.0,0.12799479600215907,0.0,2.614671572999214,-0.06279394423518547,0.22500000000000028,-0.2877939442351858,0.5712727379046114,0.0,0.0,-0.5996990665786257,-0.22500000000000012,-0.3746990665786256,0.008680905701793343,1.0,0.0,-0.054200850274277235,0.22500000000000023,-0.27920085027427743,0.903486158179611,0.0,0.0,-0.4407152184853737,-0.22499999999999992,-0.21571521848537378,0.0299823345906626,0.0,1.0,-0.22698184650328748,0.23599563866826365,-0.29915862206163996,0.3081494968355391,-0.10068338783431174,0.12790447269996752,1.3669586303130914,4.647862165924044,21.527709822291833,42.61633684590373,0.5800486030708538,0.5718354547219239,0.8680232736852671,-0.008213148348929944,,,
causal_interference_detection,weak_effect_0_45,3,ok,480.0,24.0,0.5291666666666667,4.616666793823242,8.0,20.0,20.0,0.5290133152585921,0.3398158139948638,1.0,1.0,89.12603630510068,64.26697855917891,55.97781471483338,112.55831272028772,42.0,36.0,27.35715459186728,0.03333333333333333,0.0,1.0,1.0,0.03333333333333333,1.0,1.0,0.25,0.4,0.0,0.0,0.0,0.03941856903066566,0.07909868503324019,0.09942065770733857,0.09893252701672266,0.03405432548526183,0.09893252701672266,1.0,1.0,0.49693401453802843,,1.0,0.25,0.4,1.0,0.03333333333333333,0.004230778405603344,0.04731786725723978,0.18086259112021275,0.9166666666666666,0.75,0.08155742615231801,0.0936246586480346,0.09648611123357659,0.12635316561669802,1.0,0.0,-0.0811325648071416,0.09074604295063703,0.11446071537385072,0.0,0.9166666666666666,0.10278322765244988,1.0,0.0,0.0,0.12003237066135954,0.0,2.6807619860046543,0.14563976799485095,0.22500000000000003,-0.07936023200514908,0.18655498116055813,0.0,1.0,-0.19113039876239152,-0.2249999999999999,0.03386960123760838,0.14497336162281724,0.0,1.0,0.40226165371862777,0.225,0.17726165371862776,0.0005696096171115107,1.0,1.0,-0.19909674682842435,-0.22499999999999992,0.025903253171575574,0.24935826370402014,0.0,1.0,-0.004252388212004007,0.09495772436285842,0.02869371759582237,0.09074604295063703,-0.01570567842495727,0.13210192967757828,1.1185559838672403,3.1844257737398003,13.431030858215495,43.17131559374383,0.5529446050173474,0.5602467250321606,0.9018345801298545,0.007302120014813118,,,
causal_interference_detection,weak_effect_0_45,4,ok,480.0,24.0,0.38333333333333336,4.754166603088379,8.0,20.0,20.0,0.39501697589909085,0.2961728881533198,1.0,1.0,149.8021562947968,58.26567955224791,71.23562935212401,64.7065444591405,86.0,25.0,6.177380744338282,0.16666666666666666,0.0,0.0,0.0,0.03333333333333333,1.0,0.0,0.0,0.0,0.0,0.0,0.0,0.003976369757165733,0.07268033232125898,0.0746773039764889,0.06634324739606252,0.005011452848376327,0.06634324739606252,1.0,1.0,0.4420739822067445,,0.0,0.0,0.0,0.0,0.3,0.006455191198015458,0.06100487302323613,0.22419916650400412,0.9444444444444444,0.75,-0.10291437951077251,0.1681061761361737,-0.08974405835803395,0.1146632010691427,1.0,0.0,0.002414449061054524,0.06459642479527716,0.12440133944986506,0.0,0.9166666666666666,0.21906821282230862,1.0,0.0,0.0,0.10678115512240206,0.0,2.373424499994144,0.13564409714312453,0.22500000000000006,-0.08935590285687553,0.25159424519150075,0.0,1.0,-0.15976312169379334,-0.2249999999999999,0.06523687830620656,0.10638739377150412,0.0,1.0,0.17694797772868917,0.22500000000000012,-0.048052022271310946,0.11111419796195415,0.0,1.0,-0.13692347414935702,-0.22499999999999987,0.08807652585064285,0.29904104693174205,0.0,1.0,0.03093129857948331,0.07955090702872969,-0.008232610121105474,0.06459642479527716,0.07260030602484868,0.23080726649461009,1.1639874225692908,1.6244900409809322,10.231339188923187,19.135202137111918,0.43844018694569353,0.44529259595723025,0.9234324936892989,0.00685240901153672,,,
causal_interference_detection,direct_spillover_interaction,0,ok,480.0,24.0,0.4979166666666667,4.429166793823242,7.0,20.0,20.0,0.510258848131971,0.33760297754632906,1.0,1.0,108.68085767523192,63.56460851049065,57.07543321134559,97.35080844188535,60.0,35.0,8.224041917101555,0.1,0.0,0.0,1.0,0.03333333333333333,1.0,1.0,0.25,0.4,0.0,0.0,0.0,0.09584966064745684,0.17679648099725795,0.1790945793638444,0.18067791556714424,0.09945812399430284,0.18067791556714424,0.75,0.75,0.4191516827047912,,1.0,0.5,0.6666666666666666,1.0,0.03333333333333333,0.012910543936998222,0.08579001558546324,0.3010445330592374,0.8055555555555556,0.75,-0.0888545706958537,0.14861749785260736,-0.051826888461246994,0.1172339925821282,1.0,1.0,0.1468535013267884,0.18387913981784704,0.07654354009578943,0.0,0.75,0.13897079605494042,1.0,0.0,0.0,0.10124436780308965,0.0,2.4242313300055685,0.3503930112798048,0.12499999999999999,0.22539301127980482,0.007401387559854358,1.0,0.0,0.29270014828321494,0.12500000000000017,0.16770014828321478,0.026046840796571852,0.0,1.0,0.27719912372641015,0.1250000000000001,0.15219912372641003,0.05459801992561149,0.0,1.0,-0.036893640699602076,0.12500000000000017,-0.16189364069960224,0.35879175269155195,0.0,1.0,0.21393230035404565,0.18690442198439117,0.21717542835551915,0.18387913981784704,0.19064660285683172,0.29930141717190484,1.1915403050700288,3.095704063349467,11.079355543146571,50.0,0.5189386851541012,0.5352326043219483,0.8251624735286859,0.01629391916784706,,,
causal_interference_detection,direct_spillover_interaction,1,ok,480.0,24.0,0.5208333333333334,4.616666793823242,8.0,20.0,20.0,0.52466280276988,0.3270662328947761,1.0,1.0,84.4890909922499,73.4118456073941,61.855086756178025,118.15062512377617,44.0,47.0,5.095522596749827,0.26666666666666666,0.0,0.0,0.0,0.03333333333333333,1.0,0.0,0.0,0.0,0.0,0.0,0.0,0.002020038278105398,0.09449504392324401,0.09742305193437525,0.09831414261954022,0.010277189564901146,0.09831414261954019,1.0,1.0,0.4176528759435927,,0.0,0.0,0.0,0.0,0.13333333333333333,0.00556715331654634,0.062375933950852516,0.16509225450028375,1.0,1.0,0.06657472961180522,0.0887109445601962,0.12941107205536467,0.1846377259866729,0.75,1.0,0.22023603613501677,0.08670895122838863,0.08313822069333629,0.0,1.0,0.07772548035428871,0.9999999999999998,0.0,0.0,0.10088233718444267,0.0,3.6576557450025575,0.18948480238887644,0.12500000000000017,0.06448480238887627,0.06032712039605491,0.0,1.0,0.04199998829411958,0.12499999999999989,-0.08300001170588031,0.6770133052614092,0.0,1.0,0.02305000041560301,0.12499999999999993,-0.10194999958439692,0.6862713199541446,0.0,1.0,0.2535453620138226,0.12500000000000006,0.12854536201382255,0.061071183513926826,0.0,1.0,0.14176789012548235,0.07883793518683238,0.1321045143221266,0.08670895122838863,0.16473409698126568,0.09202026688764098,1.1440578547632951,3.096609389230933,17.08688697145341,50.0,0.4716393043951074,0.48739294267795485,0.8228335711333405,0.015753638282847482,,,
causal_interference_detection,direct_spillover_interaction,2,ok,480.0,24.0,0.6645833333333333,4.570833206176758,8.0,20.0,20.0,0.6935348331620326,0.30157138318211646,1.0,1.0,44.82943535162094,60.13473197005679,42.07747294704641,159.26277379071948,25.0,28.0,5.755351406897958,0.26666666666666666,0.0,0.0,0.0,0.03333333333333333,1.0,0.0,0.0,0.0,0.0,0.0,0.0,-0.2932132909492737,0.2932132909492737,0.29956439746564756,0.3037063837748198,-0.29611116697268136,0.3037063837748198,0.0,0.5,0.5296542929374175,,0.0,0.0,0.0,0.0,0.3333333333333333,0.02940627136638159,0.14743291838787728,0.33473799421662603,0.8333333333333334,0.75,0.05159166297120907,0.07440805235921645,0.2747783361641037,0.2981288495796603,0.5,1.0,0.43388898909723156,0.3119106551353653,0.1130083186864887,0.0,0.25,0.21075981418688033,1.0,0.0,0.0,0.12793581955010086,0.0,2.630184622001252,-0.1520052381841937,0.1250000000000001,-0.2770052381841938,0.2600379104082332,0.0,0.0,-0.2699422898128426,0.12500000000000006,-0.39494228981284263,0.0976543330242586,0.0,0.0,-0.14533711652485193,0.125,-0.27033711652485193,0.5782883782470016,0.0,1.0,-0.10556851927520637,0.12500000000000006,-0.23056851927520644,0.6099198762974918,0.0,1.0,-0.10692460248930967,0.24221516091410739,-0.17688926133765687,0.3119106551353653,0.03387055284922348,0.11818583689176285,1.3669586303130914,4.647862165924044,21.527709822291833,42.61633684590373,0.5226031578173528,0.5287540045643865,0.7892429569576385,0.0061508467470337,,,
causal_interference_detection,direct_spillover_interaction,3,ok,480.0,24.0,0.5291666666666667,4.616666793823242,8.0,20.0,20.0,0.5290133152585921,0.3398158139948638,1.0,1.0,89.12603630510068,64.26697855917891,55.97781471483338,112.55831272028772,42.0,36.0,13.615892175888819,0.03333333333333333,0.0,1.0,1.0,0.03333333333333333,1.0,1.0,0.25,0.4,0.0,0.0,0.0,0.035517228701149525,0.0709096650634749,0.09931298398377454,0.08935403172020294,0.030293355103542467,0.08935403172020294,1.0,1.0,0.49697024373615417,,1.0,0.25,0.4,1.0,0.03333333333333333,0.004099436878996855,0.045308137699617654,0.18370441132076454,0.9166666666666666,0.75,0.07994384758046796,0.08892004739506858,0.09225988957805645,0.12370996820002686,1.0,1.0,0.030304430068715096,0.09231529296945208,0.11343531886439204,0.0,0.9166666666666666,0.10311137562238229,1.0,0.0,0.0,0.12004112167539957,0.0,2.3866882389993407,0.05421512727534913,0.12499999999999989,-0.07078487272465075,0.5221779708495191,0.0,1.0,0.14126434671928095,0.12500000000000006,0.016264346719280898,0.4779217146229664,0.0,1.0,0.3094734412448987,0.12499999999999999,0.18447344124489867,0.00636101715395365,1.0,1.0,0.13711599956506937,0.12500000000000008,0.012115999565069285,0.3939459850595842,0.0,1.0,0.11581461562839505,0.10259170458347339,0.15087198258249154,0.09231529296945208,0.11365605515911859,0.12714062174764942,1.1185559838672403,3.1844257737398003,13.431030858215495,43.17131559374383,0.49200368246425136,0.5114280106487276,0.8267155730770327,0.019424328184476203,,,
causal_interference_detection,direct_spillover_interaction,4,ok,480.0,24.0,0.38333333333333336,4.754166603088379,8.0,20.0,20.0,0.39501697589909085,0.2961728881533198,1.0,1.0,149.8021562947968,58.26567955224791,71.23562935212401,64.7065444591405,86.0,25.0,5.583965078068755,0.23333333333333334,0.0,0.0,0.0,0.03333333333333333,1.0,0.0,0.0,0.0,0.0,0.0,0.0,0.001388719922649894,0.06461211871937546,0.06679579344941372,0.05776917870728024,0.004152013849538904,0.05776917870728024,1.0,1.0,0.4417020022521724,,0.0,0.0,0.0,0.0,0.06666666666666667,0.006214311118295164,0.05931004050735538,0.22326839772221885,0.9444444444444444,0.75,-0.103808821216476,0.1660318551905,-0.0914485021541656,0.1099071956715495,1.0,1.0,0.1099488265580368,0.05826344959100229,0.12368569776865149,0.0,0.9166666666666666,0.23136339924363314,1.0,0.0,0.0,0.10669130489182907,0.0,2.781620634996216,0.04161186718188592,0.12500000000000014,-0.08338813281811422,0.7079222401300511,0.0,1.0,0.17821683730990454,0.12499999999999992,0.05321683730990462,0.12143605019259561,0.0,1.0,0.08194133522466304,0.12499999999999996,-0.043058664775336916,0.37433987647049516,0.0,1.0,0.203784839974146,0.12499999999999992,0.07878483997414609,0.057744347576808644,0.0,1.0,0.15587282505349231,0.07647774829095456,0.11499666211505485,0.05826344959100229,0.23719106690468816,0.2670224346601051,1.1639874225692908,1.6244900409809322,10.231339188923187,19.135202137111918,0.40917968636519714,0.4258411777872725,0.8555995045403828,0.016661491422075347,,,
causal_interference_detection,cancellation,0,ok,480.0,24.0,0.4979166666666667,4.429166793823242,7.0,20.0,20.0,0.510258848131971,0.33760297754632906,1.0,1.0,108.68085767523192,63.56460851049065,57.07543321134559,97.35080844188535,60.0,35.0,17.849771517301487,0.03333333333333333,0.0,1.0,1.0,0.03333333333333333,1.0,0.6666666666666666,0.6666666666666666,0.6666666666666666,0.3333333333333333,0.0,1.0,0.09460339526566826,0.17349004049753802,0.17554909929734572,0.17365724709814098,0.09403647330822426,0.17365724709814093,1.0,0.5,0.41914692012625987,1.0,0.6666666666666666,0.6666666666666666,0.6666666666666666,1.0,0.03333333333333333,0.012416471536046393,0.0835130797390738,0.2942967651082853,0.8055555555555556,0.5,-0.08313852886726125,0.14206135768075323,-0.03887352626711023,0.11839329067434523,1.0,1.0,0.11219786807917344,0.18034942603098247,0.07336756800540957,0.0,1.0,0.13673911961584984,1.0,0.0,0.0,0.1012432174218019,0.0,2.8684480550000444,0.6050132498609245,0.40000000000000135,0.20501324986092317,0.00015099569309806783,1.0,0.0,-0.15694395719195028,-0.34999999999999964,0.19305604280804936,0.13311446426079007,0.0,0.0,0.43811757885743974,0.2999999999999997,0.13811757885744003,0.0011809107458273201,1.0,1.0,-0.1577732904637395,0.0,-0.1577732904637395,0.032348195482199395,1.0,1.0,0.17668921608963992,0.1841826430654631,0.17783391148646108,0.18034942603098247,0.18153295495301514,0.31730451032398227,1.1915403050700288,3.095704063349467,11.079355543146571,50.0,0.5401858670667526,0.5673183873031189,0.8550672739824727,0.027132520236366253,,,
causal_interference_detection,cancellation,1,ok,480.0,24.0,0.5208333333333334,4.616666793823242,8.0,20.0,20.0,0.52466280276988,0.3270662328947761,1.0,1.0,84.4890909922499,73.4118456073941,61.855086756178025,118.15062512377617,44.0,47.0,23.33874585983676,0.03333333333333333,0.0,1.0,1.0,0.06666666666666667,0.0,1.0,1.0,1.0,0.0,1.0,0.0,0.0008547523891535638,0.0880656334684081,0.09534263616828395,0.09990207689714314,0.012972076129386646,0.09990207689714314,1.0,1.0,0.4178837664754802,1.0,1.0,1.0,1.0,1.0,0.03333333333333333,0.005431807169962354,0.06313463407106033,0.15961898377979594,1.0,1.0,0.0714186727816653,0.10274704190386913,0.14119032634244877,0.20999581506304976,0.75,1.0,0.18100492118183095,0.08527540445247375,0.0807380208337487,0.0,1.0,0.06475535784872788,0.9999999999999998,0.0,0.0,0.10093810784431889,0.0,2.560037684001145,0.44544805597547543,0.3999999999999998,0.04544805597547563,0.00043215877094895163,1.0,1.0,-0.4093178662192378,-0.34999999999999964,-0.05931786621923818,0.000852181410098208,1.0,1.0,0.1848961040607291,0.3,-0.1151038959392709,0.01053000811546752,1.0,1.0,0.1323927157396477,0.0,0.1323927157396477,0.29486278467787874,0.0,1.0,0.10149425210072055,0.07719369938347644,0.09294966969271909,0.08527540445247375,0.15681527726842553,0.09545646270030148,1.1440578547632951,3.096609389230933,17.08688697145341,50.0,0.5058992691865926,0.5510549606446158,0.8513341577808107,0.04515569145802323,,,
causal_interference_detection,cancellation,2,ok,480.0,24.0,0.6645833333333333,4.570833206176758,8.0,20.0,20.0,0.6935348331620326,0.30157138318211646,1.0,1.0,44.82943535162094,60.13473197005679,42.07747294704641,159.26277379071948,25.0,28.0,9.843244086488298,0.03333333333333333,0.0,1.0,1.0,0.06666666666666667,0.0,1.0,0.3333333333333333,0.5,0.0,0.0,0.0,-0.2957605563130128,0.2957605563130128,0.29957199391394157,0.3047829382496201,-0.30323166712552185,0.3047829382496201,1.0,0.25,0.5296338049729257,1.0,1.0,0.6666666666666666,0.8,1.0,0.03333333333333333,0.029587617306645036,0.14812830742966837,0.3577545956032385,0.8055555555555556,1.0,0.05707337001741668,0.07660152071749525,0.28991742575553,0.3049620616665388,0.75,1.0,0.3946880941166373,0.3121269144450453,0.11179363514089272,0.0,1.0,0.21090348577929016,1.0,0.0,0.0,0.1279308707664072,0.0,2.546865166994394,0.09245958263988474,0.40000000000000013,-0.3075404173601154,0.4624108328912514,0.0,0.0,-0.7086144714077737,-0.3500000000000001,-0.3586144714077736,0.007969596762331652,1.0,0.0,0.00837643250896114,0.29999999999999993,-0.2916235674910388,0.8704328786721306,0.0,0.0,-0.2252637689931234,0.0,-0.2252637689931234,0.20833806081321093,0.0,1.0,-0.14745254691765614,0.241072331092407,-0.21775044149594028,0.3121269144450453,-0.006846955716650102,0.12297282879911799,1.3669586303130914,4.647862165924044,21.527709822291833,42.61633684590373,0.5756305555523465,0.6048958693220936,0.8508710492312426,0.02926531376974706,,,
causal_interference_detection,cancellation,3,ok,480.0,24.0,0.5291666666666667,4.616666793823242,8.0,20.0,20.0,0.5290133152585921,0.3398158139948638,1.0,1.0,89.12603630510068,64.26697855917891,55.97781471483338,112.55831272028772,42.0,36.0,26.08406816443603,0.03333333333333333,0.0,1.0,1.0,0.03333333333333333,1.0,1.0,0.6666666666666666,0.8,0.0,0.0,0.0,0.03406275517312847,0.0815531141908369,0.09951322816142855,0.1064932369820456,0.02785255571649987,0.1064932369820456,1.0,1.0,0.4970527306090342,1.0,1.0,1.0,1.0,1.0,0.03333333333333333,0.00443469677285147,0.049387503717603136,0.17663765569713052,0.9166666666666666,0.75,0.08584352041278859,0.10392451324800252,0.10670785659981563,0.13895547282913176,1.0,1.0,-0.003126668394041892,0.09057448691254216,0.1153059555041015,0.0,1.0,0.11358795542130745,1.0,0.0,0.0,0.12006104604082954,0.0,2.560833488998469,0.30501928196458283,0.3999999999999997,-0.09498071803541686,0.02398867515580493,1.0,1.0,-0.3035703777935722,-0.34999999999999953,0.04642962220642732,0.0511798746768736,0.0,1.0,0.46776209781125616,0.2999999999999995,0.16776209781125667,5.752997091890733e-05,1.0,1.0,0.017040018710246733,0.0,0.017040018710246733,0.8565291738188285,0.0,1.0,0.07837472007273998,0.0940623289214694,0.1112720924051129,0.09057448691254216,0.06622589768677072,0.14316961789550775,1.1185559838672403,3.1844257737398003,13.431030858215495,43.17131559374383,0.5531527281502321,0.5812758823825348,0.880740143424642,0.028123154232302716,,,
causal_interference_detection,cancellation,4,ok,480.0,24.0,0.38333333333333336,4.754166603088379,8.0,20.0,20.0,0.39501697589909085,0.2961728881533198,1.0,1.0,149.8021562947968,58.26567955224791,71.23562935212401,64.7065444591405,86.0,25.0,14.492701555611387,0.03333333333333333,0.0,1.0,1.0,0.03333333333333333,1.0,1.0,0.6666666666666666,0.8,0.0,0.0,0.0,0.00028927072813905025,0.07776840277344804,0.07946807163529232,0.0700193502113107,-0.0008112214746479433,0.0700193502113107,1.0,1.0,0.442710592499669,1.0,0.0,0.0,0.0,0.0,0.1,0.006656129603035638,0.0629421910967855,0.22360081514428468,0.9444444444444444,0.75,-0.09932633746055151,0.17026505359936417,-0.08274885086843853,0.12127483264236069,1.0,1.0,0.07768851330894222,0.07015630032581614,0.125338682108886,0.0,1.0,0.22399451631257317,1.0,0.0,0.0,0.10693492572455775,0.0,2.6283115209953394,0.2997620139310371,0.40000000000000013,-0.10023798606896306,0.02430218775362444,1.0,1.0,-0.275987952212578,-0.3500000000000002,0.07401204778742221,0.00948291641032468,1.0,1.0,0.2452797219783449,0.2999999999999998,-0.05472027802165491,0.046462924603243715,0.0,1.0,0.08210329921575196,0.0,0.08210329921575196,0.3548629995450001,0.0,1.0,0.11534800340528323,0.08207762281845858,0.0760913837474491,0.07015630032581614,0.1611425509064169,0.2564723085425231,1.1639874225692908,1.6244900409809322,10.231339188923187,19.135202137111918,0.4106933135053341,0.43541326991246243,0.8826779002964265,0.02471995640712832,,,
causal_interference_detection,threshold_saturation,0,ok,480.0,24.0,0.4979166666666667,4.429166793823242,7.0,20.0,20.0,0.510258848131971,0.33760297754632906,1.0,1.0,108.68085767523192,63.56460851049065,57.07543321134559,97.35080844188535,60.0,35.0,18.071865873704695,0.03333333333333333,0.0,1.0,1.0,0.03333333333333333,1.0,0.75,1.0,0.8571428571428571,0.25,0.0,1.0,0.09866249749715202,0.17754914272902178,0.17974501333457743,0.1821751418482491,0.10201159239103064,0.18217514184824907,1.0,0.75,0.4189228805910691,1.0,0.75,1.0,0.8571428571428571,1.0,0.03333333333333333,0.012910382712759298,0.08642493891354781,0.30328379821529805,0.8055555555555556,0.5,-0.08629337185378005,0.1451713524187059,-0.046748757601553656,0.11509997347205084,1.0,0.0,0.19383472383473843,0.18427498835038975,0.1706466838697166,0.0,1.0,0.20446708617861345,1.0,0.0,0.0,0.10118910159204567,0.0,2.4561650620016735,1.0234138683415344,0.7999999999999997,0.22341386834153465,5.338884750642645e-05,1.0,0.0,-0.4731803661178825,-0.6499999999999995,0.17681963388211697,0.0016407044663810514,1.0,1.0,0.6521897782286961,0.5000000000000001,0.15218977822869595,0.0006626267901201501,1.0,1.0,-0.1577732904637395,0.0,-0.1577732904637395,0.032348195482199395,1.0,1.0,0.2612932739388731,0.1960048004747696,0.25689800558314907,0.18427498835038975,0.2035920200120413,0.30458264688921266,1.1915403050700288,3.095704063349467,11.079355543146571,50.0,0.5296153863615132,0.5655082824276547,0.8613546971557172,0.035892896066141544,,,
causal_interference_detection,threshold_saturation,1,ok,480.0,24.0,0.5208333333333334,4.616666793823242,8.0,20.0,20.0,0.52466280276988,0.3270662328947761,1.0,1.0,84.4890909922499,73.4118456073941,61.855086756178025,118.15062512377617,44.0,47.0,25.726116254296326,0.03333333333333333,0.0,1.0,1.0,0.03333333333333333,1.0,1.0,1.0,1.0,0.0,1.0,0.0,0.004301625452541778,0.0923642915507383,0.09643510219250417,0.09922879912357223,0.014133471965629169,0.09922879912357224,1.0,1.0,0.4174246307760807,1.0,1.0,1.0,1.0,1.0,0.03333333333333333,0.005700267702248087,0.06240856334918399,0.17154536196068965,0.9722222222222222,1.0,0.06869871951289197,0.09493878921131672,0.13415410857279475,0.19425644032623687,0.75,1.0,0.2519656529577304,0.08617800219663287,0.186582033738941,0.0,1.0,0.20745769528890223,0.9999999999999998,0.0,0.0,0.10082720550146876,0.0,2.387437195997336,0.8609391182669122,0.7999999999999997,0.06093911826691245,6.326370550627049e-06,1.0,1.0,-0.7231053584727904,-0.6500000000000005,-0.07310535847278998,2.069252929065628e-05,1.0,1.0,0.39698002627639706,0.5000000000000001,-0.10301997372360305,3.615352514716318e-05,1.0,1.0,0.1323927157396477,0.0,0.1323927157396477,0.29486278467787874,0.0,1.0,0.17783783748546622,0.07777946526623268,0.1714207624377902,0.08617800219663287,0.16775540659760366,0.2337657083353817,1.1440578547632951,3.096609389230933,17.08688697145341,50.0,0.4808263962617372,0.5299136531116825,0.858225030013106,0.049087256849945304,,,
causal_interference_detection,threshold_saturation,2,ok,480.0,24.0,0.6645833333333333,4.570833206176758,8.0,20.0,20.0,0.6935348331620326,0.30157138318211646,1.0,1.0,44.82943535162094,60.13473197005679,42.07747294704641,159.26277379071948,25.0,28.0,11.237097871129375,0.03333333333333333,0.0,1.0,1.0,0.03333333333333333,1.0,1.0,0.6666666666666666,0.8,0.0,0.0,0.0,-0.2902752336618164,0.2902752336618164,0.2957144681192872,0.30275453254271717,-0.2991020009633304,0.3027545325427172,1.0,0.5,0.5298018438388206,1.0,1.0,0.6666666666666666,0.8,1.0,0.03333333333333333,0.029312099524232763,0.1474269801983946,0.32860745509811123,0.8055555555555556,0.75,0.053419851661458045,0.07443043924198442,0.28023435964100973,0.29920894066022297,0.5,1.0,0.46571933916191754,0.3087297061337751,0.23848510242620627,0.0,1.0,0.23148612662595075,1.0,0.0,0.0,0.1279714598644494,0.0,2.6261355169990566,0.5172107846432663,0.8,-0.28278921535673374,0.015077048057443004,1.0,0.0,-1.0305557620125687,-0.6500000000000004,-0.38055576201256835,0.0026047877873743405,1.0,0.0,0.22750781171515996,0.5000000000000002,-0.27249218828484023,0.1561630050448789,0.0,1.0,-0.2252637689931234,0.0,-0.2252637689931234,0.20833806081321093,0.0,1.0,-0.07164587509734713,0.24047957191096273,-0.13715541314745056,0.3087297061337751,0.01451024937786885,0.2324984351834841,1.3669586303130914,4.647862165924044,21.527709822291833,42.61633684590373,0.5272196404860131,0.5533873070503609,0.81562461716541,0.02616766656434777,,,
causal_interference_detection,threshold_saturation,3,ok,480.0,24.0,0.5291666666666667,4.616666793823242,8.0,20.0,20.0,0.5290133152585921,0.3398158139948638,1.0,1.0,89.12603630510068,64.26697855917891,55.97781471483338,112.55831272028772,42.0,36.0,29.194084837929726,0.03333333333333333,0.0,1.0,1.0,0.03333333333333333,1.0,1.0,1.0,1.0,0.0,1.0,0.0,0.03872553813618693,0.07567995910988859,0.10047108834868532,0.09560076312048026,0.034207251228113175,0.09560076312048027,1.0,1.0,0.4969087008054983,1.0,1.0,1.0,1.0,1.0,0.03333333333333333,0.0041671967462210985,0.04509050282550612,0.1843527318153667,0.9166666666666666,0.5,0.0821401196806972,0.09459765189848872,0.09770709769891267,0.1275711486814379,1.0,0.0,0.0813674351928585,0.09251313841029565,0.264824890631369,0.0,1.0,0.28053502192891305,1.0,0.0,0.0,0.12002625623321217,0.0,2.603269219995127,0.7260911580525963,0.7999999999999996,-0.07390884194740333,0.00026457424064388747,1.0,1.0,-0.6222215096458098,-0.6499999999999997,0.02777849035418989,0.0009037077780858169,1.0,1.0,0.6839924854277146,0.5000000000000002,0.1839924854277144,2.5651530668835327e-05,1.0,1.0,0.017040018710246733,0.0,0.017040018710246733,0.8565291738188285,0.0,1.0,0.15715591122504044,0.09971859191278071,0.19086026487057786,0.09251313841029565,0.08956641304248553,0.2962457775900558,1.1185559838672403,3.1844257737398003,13.431030858215495,43.17131559374383,0.5094577779215107,0.5603001376858627,0.8721475782090153,0.05084235976435203,,,
causal_interference_detection,threshold_saturation,4,ok,480.0,24.0,0.38333333333333336,4.754166603088379,8.0,20.0,20.0,0.39501697589909085,0.2961728881533198,1.0,1.0,149.8021562947968,58.26567955224791,71.23562935212401,64.7065444591405,86.0,25.0,15.418055826401387,0.03333333333333333,0.0,1.0,1.0,0.03333333333333333,1.0,1.0,1.0,1.0,0.0,1.0,0.0,0.003649745457597782,0.06768697858507175,0.06980208162271442,0.06094045661252549,0.005431282335041785,0.06094045661252549,1.0,1.0,0.4423778470914486,1.0,1.0,1.0,1.0,1.0,0.03333333333333333,0.006341005244147611,0.059758363311673564,0.22360081514428468,0.9444444444444444,0.75,-0.10248290845219533,0.16783618165948994,-0.08911688934058282,0.11359396549231178,1.0,0.0,0.16491444906105426,0.06054627357823931,0.2868326074775367,0.0,1.0,0.26075232354033606,1.0,0.0,0.0,0.10685455243754799,0.0,2.741616179002449,0.715009327226299,0.8000000000000005,-0.08499067277370154,0.0006970967324715496,1.0,1.0,-0.5894298511304131,-0.6500000000000002,0.060570148869587115,0.00041027420459418575,1.0,1.0,0.4569162065187537,0.5000000000000001,-0.04308379348124641,0.008087277556285782,1.0,1.0,0.08210329921575196,0.0,0.08210329921575196,0.3548629995450001,0.0,1.0,0.20298678943751108,0.07385026761569219,0.15413175098913628,0.06054627357823931,0.19672619686825138,0.29811550542438137,1.1639874225692908,1.6244900409809322,10.231339188923187,19.135202137111918,0.4050052854804612,0.44029403795455546,0.8763146835012955,0.03528875247409424,,,
causal_interference_detection,zero_selected_contrast,0,ok,480.0,24.0,0.4979166666666667,4.429166793823242,7.0,20.0,20.0,0.510258848131971,0.33760297754632906,1.0,1.0,108.68085767523192,63.56460851049065,57.07543321134559,97.35080844188535,60.0,35.0,9.528272294795173,0.1,0.0,0.0,1.0,0.2,0.0,1.0,1.0,1.0,0.0,1.0,0.0,0.1033491418203537,0.18223578705222343,0.18572633936506708,0.19239352032997645,0.11158104656433263,0.19239352032997645,,0.75,0.4190737502388655,0.75,0.5,0.3333333333333333,0.4,1.0,0.03333333333333333,0.013407626349514812,0.09056546936662987,0.29344117693099164,0.8055555555555556,0.75,-0.08759457774928643,0.14680384804097338,-0.048391845699720624,0.11556727150628755,1.0,0.0,0.04488085087163221,0.18860299567738567,0.09171847583321592,0.0,,0.13889356545501721,1.0,0.0,0.0,0.10122554353595783,0.0,2.516987198003335,0.2440445964198975,0.0,0.2440445964198975,0.01980132810492929,0.0,0.0,0.16028787786834744,0.0,0.16028787786834744,0.31803978118194687,0.0,1.0,0.16683738345690938,0.0,0.16683738345690938,0.1708092809104973,0.0,1.0,-0.1577732904637395,0.0,-0.1577732904637395,0.032348195482199395,0.0,1.0,0.09897666069820571,0.19582534241733915,0.09806349010470045,0.18860299567738567,0.08420939611179465,0.3062958301241835,1.1915403050700288,3.095704063349467,11.079355543146571,50.0,0.5621936892913648,0.5881526281057524,0.9182277112440743,0.0259589388143876,,,
causal_interference_detection,zero_selected_contrast,1,ok,480.0,24.0,0.5208333333333334,4.616666793823242,8.0,20.0,20.0,0.52466280276988,0.3270662328947761,1.0,1.0,84.4890909922499,73.4118456073941,61.855086756178025,118.15062512377617,44.0,47.0,3.2158478371817782,0.6333333333333333,0.0,0.0,0.0,0.03333333333333333,1.0,1.0,1.0,1.0,0.0,1.0,0.0,0.009301580972251807,0.09845143386055988,0.10042050561562843,0.10636853038572353,0.020628334170243144,0.10636853038572353,,1.0,0.4180685515690689,1.0,1.0,0.6666666666666666,0.8,1.0,0.03333333333333333,0.006156437752884334,0.0629435502996479,0.183680611984688,0.9722222222222222,1.0,0.06736830013959999,0.09133028945706297,0.13229016485512612,0.19071352597479305,0.75,1.0,0.08761593093942636,0.0887990276577037,0.09245925580161583,0.0,,0.075713881477363,0.9999999999999998,0.0,0.0,0.10098274192489587,0.0,2.2762422789965058,0.08311331392597568,0.0,0.08311331392597568,0.3381238087460037,0.0,1.0,-0.09089127754975061,0.0,-0.09089127754975061,0.39481721258079994,0.0,1.0,-0.08740842822686554,0.0,-0.08740842822686554,0.300482722193569,0.0,1.0,0.1323927157396477,0.0,0.1323927157396477,0.29486278467787874,0.0,1.0,0.020812603048778345,0.08251294365961295,0.012678293541486668,0.0887990276577037,0.06503654912068518,0.0947273986252529,1.1440578547632951,3.096609389230933,17.08688697145341,50.0,0.5285769684896299,0.5531769136382494,0.9230851978300578,0.024599945148619518,,,
causal_interference_detection,zero_selected_contrast,2,ok,480.0,24.0,0.6645833333333333,4.570833206176758,8.0,20.0,20.0,0.6935348331620326,0.30157138318211646,1.0,1.0,44.82943535162094,60.13473197005679,42.07747294704641,159.26277379071948,25.0,28.0,9.450812806310458,0.06666666666666667,0.0,0.0,1.0,0.9,0.0,1.0,1.0,1.0,0.0,1.0,0.0,-0.28122482734518295,0.28122482734518295,0.291357648655937,0.30163972895503577,-0.29330890249907104,0.30163972895503577,,0.5,0.5305405905579312,0.5,1.0,0.6666666666666666,0.8,1.0,0.03333333333333333,0.029032050233507165,0.14503941515308352,0.34222628446300757,0.8888888888888888,0.75,0.0514395349514189,0.07390669559162721,0.27731972099269786,0.2979560675749291,0.5,1.0,0.3279418815640538,0.305580992993514,0.12694860970736416,0.0,,0.20463867658798035,1.0,0.0,0.0,0.1281499011009496,0.0,2.320855587007827,-0.24290868699620957,0.0,-0.24290868699620957,0.07400313576275276,0.0,0.0,-0.4125169824713527,0.0,-0.4125169824713527,0.03502443549459233,0.0,0.0,-0.24420987092004617,0.0,-0.24420987092004617,0.3203781051135344,0.0,1.0,-0.2252637689931234,0.0,-0.2252637689931234,0.20833806081321093,0.0,1.0,-0.21955092754160344,0.23432829170548433,-0.2924303287370832,0.305580992993514,-0.08779165214910284,0.12235130680813054,1.3669586303130914,4.647862165924044,21.527709822291833,42.61633684590373,0.5886281295080793,0.6137954067247715,0.909821570757241,0.025167277216692208,,,
causal_interference_detection,zero_selected_contrast,3,ok,480.0,24.0,0.5291666666666667,4.616666793823242,8.0,20.0,20.0,0.5290133152585921,0.3398158139948638,1.0,1.0,89.12603630510068,64.26697855917891,55.97781471483338,112.55831272028772,42.0,36.0,8.088398264995567,0.06666666666666667,0.0,0.0,1.0,0.03333333333333333,1.0,1.0,1.0,1.0,0.0,1.0,0.0,0.04461342988882255,0.06856875288212934,0.1043964088811789,0.1009284830740967,0.04106059045743419,0.1009284830740967,,1.0,0.4967378104620058,1.0,1.0,1.0,1.0,1.0,0.03333333333333333,0.004048033365265375,0.043581558105035924,0.1810316079589505,0.9166666666666666,0.75,0.08081090142867109,0.09153733567148603,0.09613140199390668,0.12603532979092785,1.0,0.0,-0.06672311327500585,0.09627341535333211,0.145348290904777,0.0,,0.11561794221242605,1.0,0.0,0.0,0.11998497837246519,0.0,2.920388668993837,-0.047910645986613584,0.0,-0.047910645986613584,0.7860832143199086,0.0,1.0,0.006937285530512788,0.0,0.006937285530512788,0.89829249296902,0.0,1.0,0.20238706130114426,0.0,0.20238706130114426,0.03131875408113718,0.0,1.0,0.017040018710246733,0.0,0.017040018710246733,0.8565291738188285,0.0,1.0,5.407258717647981e-05,0.1086272450927588,0.03282902085206866,0.09627341535333211,-0.012935749470978797,0.12837261545719184,1.1185559838672403,3.1844257737398003,13.431030858215495,43.17131559374383,0.538266987370365,0.5761349822324358,0.9190542629445558,0.03786799486207071,,,
causal_interference_detection,zero_selected_contrast,4,ok,480.0,24.0,0.38333333333333336,4.754166603088379,8.0,20.0,20.0,0.39501697589909085,0.2961728881533198,1.0,1.0,149.8021562947968,58.26567955224791,71.23562935212401,64.7065444591405,86.0,25.0,1.8001427420028444,0.8333333333333334,0.0,0.0,0.0,0.8333333333333334,0.0,1.0,1.0,1.0,0.0,1.0,0.0,0.005886667774160342,0.061474550248513574,0.06412761614439613,0.056435703198357466,0.006112491969908325,0.056435703198357466,,1.0,0.4411974370397493,1.0,0.0,0.0,0.0,0.0,0.13333333333333333,0.00631071287186977,0.05893685605610047,0.22360081514428468,0.9444444444444444,0.75,-0.10358469619609582,0.16710129618693753,-0.09085672878925793,0.11235471136505434,1.0,0.0,-0.013160493143767583,0.056985105844079294,0.19423615465720825,0.0,,0.2342762082414881,1.0,0.0,0.0,0.10656942923665443,0.0,2.4252669289999176,-0.07507703266983404,0.0,-0.07507703266983404,0.4817337252494228,0.0,1.0,0.05261913682959586,0.0,0.05261913682959586,0.5714581195115125,0.0,1.0,-0.03609873227887242,0.0,-0.03609873227887242,0.7463350336422394,0.0,1.0,0.08210329921575196,0.0,0.08210329921575196,0.3548629995450001,0.0,1.0,0.03031905478259401,0.07878415007545131,-0.00712555480111457,0.056985105844079294,0.08699084876595944,0.2566871003413374,1.1639874225692908,1.6244900409809322,10.231339188923187,19.135202137111918,0.436992635318865,0.46069742443100087,0.9495260331835421,0.02370478911213586,,,
causal_interference_detection,sparse_multivariate_effects,0,ok,480.0,24.0,0.4979166666666667,4.429166793823242,7.0,20.0,20.0,0.510258848131971,0.33760297754632906,1.0,1.0,108.68085767523192,63.56460851049065,57.07543321134559,97.35080844188535,60.0,35.0,16.120667802609464,0.03333333333333333,0.0,1.0,1.0,0.1,0.0,1.0,0.5,0.6666666666666666,0.0,0.0,0.0,0.09827999765502683,0.1771666428868966,0.17838397618056953,0.18750672757721373,0.10770714065819348,0.1875067275772137,1.0,0.75,0.41868618191401863,1.0,0.5,0.5,0.5,1.0,0.03333333333333333,0.012689237210479355,0.08511546080283498,0.2969598460073991,0.8055555555555556,0.5,-0.08701518167076897,0.14588788617761206,-0.04775059073937462,0.11422566809598922,1.0,0.0,0.05443847933314795,0.18301130114861042,0.07504445981849607,0.0,0.8333333333333334,0.14164817600750454,1.0,0.0,0.0,0.10113192799855523,0.0,2.341378512996016,0.6365785616259898,0.42499999999999993,0.21157856162598987,0.00038362385626920727,1.0,0.0,0.17505335306193082,0.0,0.17505335306193082,0.21390316489418004,0.0,1.0,-0.16073863360407428,-0.32500000000000046,0.16426136639592617,0.04520034805187437,0.0,1.0,-0.1577732904637395,0.0,-0.1577732904637395,0.032348195482199395,0.0,1.0,0.1175933602841133,0.18588204389159285,0.11889427132573763,0.18301130114861042,0.11073990098386394,0.31427283175676984,1.1915403050700288,3.095704063349467,11.079355543146571,50.0,0.5710623522314673,0.5815914384656956,0.901753578060299,0.010529086234228324,,,
causal_interference_detection,sparse_multivariate_effects,1,ok,480.0,24.0,0.5208333333333334,4.616666793823242,8.0,20.0,20.0,0.52466280276988,0.3270662328947761,1.0,1.0,84.4890909922499,73.4118456073941,61.855086756178025,118.15062512377617,44.0,47.0,16.038927873645285,0.03333333333333333,0.0,1.0,1.0,0.03333333333333333,1.0,1.0,1.0,1.0,0.0,1.0,0.0,0.004288796140149376,0.08769912151759111,0.09247859808155842,0.09775798207178278,0.012735185716175452,0.0977579820717828,1.0,1.0,0.4174127211532692,1.0,1.0,1.0,1.0,1.0,0.03333333333333333,0.005632731064996818,0.06228340713917066,0.17528498829685385,0.9722222222222222,1.0,0.06809866423538724,0.09321829348018497,0.13301217614355373,0.19110249421870945,0.75,1.0,0.11561972959318757,0.08356335859185729,0.08310322059735367,0.0,1.0,0.09199099681554326,0.9999999999999998,0.0,0.0,0.10082432878098291,0.0,2.598671598985675,0.4765831195758332,0.42499999999999993,0.05158311957583328,0.0004959244196624449,1.0,1.0,-0.07613192420388701,0.0,-0.07613192420388701,0.4771955326720658,0.0,1.0,-0.4156887265509967,-0.32500000000000023,-0.09068872655099647,0.0004723463648354307,1.0,1.0,0.1323927157396477,0.0,0.1323927157396477,0.29486278467787874,0.0,1.0,0.04087164343030741,0.078095545383301,0.03370905361856797,0.08356335859185729,0.08638669809254364,0.1020891532512101,1.1440578547632951,3.096609389230933,17.08688697145341,50.0,0.5106616861706907,0.5343407991755057,0.8815527116595334,0.023679113004814956,,,
causal_interference_detection,sparse_multivariate_effects,2,ok,480.0,24.0,0.6645833333333333,4.570833206176758,8.0,20.0,20.0,0.6935348331620326,0.30157138318211646,1.0,1.0,44.82943535162094,60.13473197005679,42.07747294704641,159.26277379071948,25.0,28.0,5.7455598075951535,0.23333333333333334,0.0,0.0,0.0,0.16666666666666666,0.0,0.0,0.0,0.0,0.0,0.0,0.0,-0.290413219949781,0.290413219949781,0.29649496795839486,0.31185069275765726,-0.30716749095026963,0.31185069275765726,1.0,0.5,0.5294445197162345,0.5,0.6666666666666666,1.0,0.8,1.0,0.03333333333333333,0.029122529108488678,0.14677018745726694,0.33253509719672586,0.8055555555555556,0.75,0.05298858514733615,0.07514277941834495,0.27913338501569496,0.2995710606443906,0.5,1.0,0.32935326914898067,0.3096728090851246,0.11293758022796853,0.0,1.0,0.2012305174073128,1.0,0.0,0.0,0.12788514968991174,0.0,2.371777160995407,0.1287184553134837,0.4250000000000002,-0.2962815446865165,0.28924712597080704,0.0,0.0,-0.3842476170863761,0.0,-0.3842476170863761,0.041833882275129,0.0,0.0,-0.5808599490331079,-0.32500000000000007,-0.2558599490331078,0.029145750139833806,0.0,1.0,-0.2252637689931234,0.0,-0.2252637689931234,0.20833806081321093,0.0,1.0,-0.20332188636731255,0.23799378610421423,-0.27503049318497885,0.3096728090851246,-0.07379997577766606,0.11356043864976288,1.3669586303130914,4.647862165924044,21.527709822291833,42.61633684590373,0.5816984378497647,0.5764851670321667,0.8705382785626152,-0.005213270817598037,,,
causal_interference_detection,sparse_multivariate_effects,3,ok,480.0,24.0,0.5291666666666667,4.616666793823242,8.0,20.0,20.0,0.5290133152585921,0.3398158139948638,1.0,1.0,89.12603630510068,64.26697855917891,55.97781471483338,112.55831272028772,42.0,36.0,7.504745749218874,0.1,0.0,0.0,1.0,0.03333333333333333,1.0,1.0,0.5,0.6666666666666666,0.0,0.0,0.0,0.038433765201628806,0.08205309652034784,0.1096566808983748,0.1107751305541649,0.035380375919547395,0.11077513055416491,1.0,1.0,0.4974810513535155,1.0,1.0,0.5,0.6666666666666666,1.0,0.03333333333333333,0.004452426845392175,0.04780673571752331,0.18728089302352596,0.9166666666666666,0.75,0.08165670518554055,0.09341525071689541,0.09666788772261137,0.12768366648337984,1.0,0.0,-0.058845165831970206,0.09984916269073453,0.11456456399789773,0.0,1.0,0.10925965794558798,1.0,0.0,0.0,0.12016450515785401,0.0,2.695321867009625,0.33776133736256175,0.4249999999999998,-0.08723866263743807,0.012357974210268729,1.0,1.0,0.025006366776281,0.0,0.025006366776281,0.9727596211240391,0.0,1.0,-0.12607266204257486,-0.3250000000000004,0.19892733795742554,0.20427093199780033,0.0,1.0,0.017040018710246733,0.0,0.017040018710246733,0.8565291738188285,0.0,1.0,0.01965037922592979,0.10955994467745728,0.0528997801504529,0.09984916269073453,0.009494852390782859,0.13059168357380616,1.1185559838672403,3.1844257737398003,13.431030858215495,43.17131559374383,0.5484716095145996,0.5569039013730245,0.8997267124612418,0.008432291858424867,,,
causal_interference_detection,sparse_multivariate_effects,4,ok,480.0,24.0,0.38333333333333336,4.754166603088379,8.0,20.0,20.0,0.39501697589909085,0.2961728881533198,1.0,1.0,149.8021562947968,58.26567955224791,71.23562935212401,64.7065444591405,86.0,25.0,11.32319366652169,0.06666666666666667,0.0,0.0,1.0,0.06666666666666667,0.0,1.0,1.0,1.0,0.0,1.0,0.0,0.0033126779088443886,0.06737079753468929,0.07129802480431932,0.06284404932381651,0.004452157626206628,0.06284404932381653,1.0,1.0,0.4423766834785163,1.0,1.0,1.0,1.0,1.0,0.03333333333333333,0.006351128021812504,0.06050942428821916,0.22360081514428468,0.9444444444444444,0.75,-0.10276489243028573,0.16840674942460468,-0.08944689635256717,0.11258787174306673,1.0,0.0,0.023921324560450853,0.06153840960056071,0.12498849710241407,0.0,1.0,0.26524551177054617,1.0,0.0,0.0,0.10685427137162228,0.0,2.2947659630008275,0.33033456235655556,0.4249999999999998,-0.09466543764344426,0.024495633244076595,1.0,1.0,0.05926365167131539,0.0,0.05926365167131539,0.5279326173486046,0.0,1.0,-0.3584508016082456,-0.32500000000000007,-0.03345080160824554,0.004616425594914529,1.0,1.0,0.08210329921575196,0.0,0.08210329921575196,0.3548629995450001,0.0,1.0,0.05568253657251741,0.07963971789711151,0.016262348479626015,0.06153840960056071,0.10344017603969885,0.2841053967070162,1.1639874225692908,1.6244900409809322,10.231339188923187,19.135202137111918,0.4350486549844139,0.4421718645101924,0.9187680295202846,0.0071232095257784955,,,
causal_interference_detection,mixed_outcome_types,0,ok,480.0,24.0,0.525,4.425000190734863,8.0,20.0,20.0,0.5190992354885284,0.3387740282135354,1.0,1.0,100.80398193029117,52.29571141914318,53.19774480686745,117.97181004128744,55.0,28.0,7.99259696003886,0.06666666666666667,0.0,0.0,1.0,0.06666666666666667,0.0,0.0,0.0,0.0,0.0,0.0,0.0,-0.0760855273648966,0.0760855273648966,0.09194709744244904,0.06500226592780174,-0.059828065318355904,0.06500226592780174,1.0,1.0,0.49056350510955804,,0.0,0.0,0.0,0.0,0.06666666666666667,0.02561792164037426,0.1042027182013643,0.5405789612269029,0.8888888888888888,0.6666666666666666,-0.13230222571462516,0.15961716192638725,-0.06655687399993832,0.11301678518541541,1.0,0.0,0.2120697225539244,0.09666847318437724,0.13102890326454344,0.0,0.6666666666666666,0.1645639963815221,1.0,0.0,0.0,0.11849360026800922,0.0,5.260303158996976,0.3216826875394725,0.40000000000000024,-0.07831731246052775,0.0886718127686669,0.0,1.0,-0.07611679102175517,-0.06434649347976251,-0.011770297541992658,0.3404689725544474,0.0,1.0,0.1621658954703008,0.3003348675624702,-0.13816897209216938,0.11469505669331367,0.0,1.0,,,,,,,0.09052703597364233,0.20265601554813015,0.1343385915083241,0.09666847318437724,0.07224471156881397,0.26947693169318826,1.1249104618354575,3.078239481237547,12.023106748501476,50.0,0.7075065507853386,0.6986162540017155,0.9352822584827648,-0.008890296783623186,,,
causal_interference_detection,mixed_outcome_types,1,ok,480.0,24.0,0.5958333333333333,4.645833492279053,8.0,20.0,20.0,0.6004603735706892,0.3129795678289667,1.0,1.0,72.21765199189706,67.87824900160959,61.01629762839322,131.24333086819067,33.0,41.0,13.991845371611184,0.03333333333333333,0.0,1.0,1.0,0.03333333333333333,1.0,1.0,0.3333333333333333,0.5,0.0,0.0,0.0,-0.02102754188916911,0.08038381151990193,0.09593594939061631,0.07272746481038576,-0.03227976177187474,0.07272746481038576,1.0,1.0,0.3964768036584358,,1.0,0.6666666666666666,0.8,1.0,0.03333333333333333,0.024187393313244092,0.11668244011417875,0.3232578169596837,0.7407407407407407,0.6666666666666666,-0.04945451152091688,0.0607830471610143,0.05121676610612532,0.0865747752232969,1.0,1.0,0.18629912326205686,0.11077131116412824,0.16088764285355825,0.0,1.0,0.11826745133355974,0.9999999999999998,0.0,0.0,0.09576734387884922,0.0,4.3619898929900955,0.2602461218620702,0.40000000000000036,-0.13975387813793017,0.09641823620970355,0.0,1.0,-0.07925732703247051,-0.06689417505679413,-0.01236315197567639,0.296978931229131,0.0,1.0,0.38462514463408304,0.2955907401879838,0.08903440444609922,0.0018739527384218511,1.0,1.0,,,,,,,0.15677403926996628,0.1391073865369746,0.19982663803673129,0.11077131116412824,0.215842295095915,0.08290835168684513,1.0442845022702356,4.059780578116584,48.88645809590056,50.0,0.5825894991094182,0.6008020908651505,0.9188097213012408,0.01821259175573231,,,
causal_interference_detection,mixed_outcome_types,2,ok,480.0,24.0,0.5395833333333333,4.566666603088379,8.0,20.0,20.0,0.5365582601275662,0.3348862327958998,1.0,1.0,93.66496623599969,58.91741161956282,62.067114123365826,112.75662903977175,48.0,25.0,12.452519660344443,0.03333333333333333,0.0,1.0,1.0,0.03333333333333333,1.0,0.0,0.0,0.0,0.0,0.0,0.0,-0.05762913182220732,0.05762913182220732,0.0658321596578485,0.05503787438150098,-0.048223816572833526,0.05503787438150097,1.0,1.0,0.4023151269929182,,1.0,0.3333333333333333,0.5,1.0,0.03333333333333333,0.019120141288995977,0.0972277420244893,0.4346419229587082,0.8888888888888888,0.6666666666666666,-0.007363864676999621,0.066919790220233,0.08124615025853388,0.11978171711059471,1.0,0.0,0.165460558481383,0.05465215864680024,0.1655661592302391,0.0,1.0,0.1584059360702002,1.0,0.0,0.0,0.09717756690650199,0.0,5.866892532998463,0.31142467984932687,0.3999999999999996,-0.08857532015067271,0.06521000350812617,0.0,1.0,-0.08042773222742639,-0.06657160069839546,-0.013856131529030924,0.24874293996265517,0.0,1.0,0.25328959504139115,0.3237455388283095,-0.07045594378691833,0.07941458710252078,0.0,1.0,,,,,,,0.13650604736905078,0.10196577373236076,0.16837189960145557,0.05465215864680024,0.21369767853053098,0.17371993619106194,1.038091060588205,3.709999933066223,11.225385398794776,50.0,0.6685946503421243,0.6795508135218132,0.8907046994506599,0.01095616317968895,,,
causal_interference_detection,mixed_outcome_types,3,ok,480.0,24.0,0.4791666666666667,4.741666793823242,8.0,20.0,20.0,0.48900263334495864,0.3224065971506225,1.0,1.0,110.72673983805423,61.40603086517032,63.08880624142032,103.78677814275237,59.0,27.0,19.450142311101246,0.03333333333333333,0.0,1.0,1.0,0.03333333333333333,1.0,1.0,0.3333333333333333,0.5,0.0,0.0,0.0,-0.05763152808960812,0.12418558402886043,0.13346637965344618,0.12668878638104397,-0.05893370299141789,0.12668878638104394,1.0,1.0,0.4053345945228068,,1.0,0.6666666666666666,0.8,1.0,0.03333333333333333,0.03919342733082395,0.15483455513642252,0.5058841601645897,0.6296296296296297,0.3333333333333333,-0.060367078907542615,0.10693426856290332,-0.06999117454142646,0.07767991013993815,1.0,0.0,0.1335214659461474,0.12814675996093322,0.11328538873953488,0.0,1.0,0.16766341691641187,1.0,0.0,0.0,0.09790690688956687,0.0,4.920352803994319,0.4998310839088783,0.39999999999999986,0.09983108390887846,0.00114109416162152,1.0,1.0,-0.14612159151048343,-0.06581200504157247,-0.08030958646891095,0.033894602563176175,0.0,1.0,0.08240457779601085,0.2748206595048027,-0.19241608170879188,0.44220506005024585,0.0,1.0,,,,,,,0.13089903130846767,0.13974021235261783,0.14662695371851392,0.12814675996093322,0.20926557566743006,0.036826298673689334,1.0870284992411077,2.9585990823394694,14.290199492539424,50.0,0.6650150989571227,0.6936700375787458,0.9079662278157917,0.02865493862162305,,,
causal_interference_detection,mixed_outcome_types,4,ok,480.0,24.0,0.44166666666666665,4.550000190734863,8.0,20.0,20.0,0.44431951948280374,0.3446160978876337,1.0,1.0,117.14924851801625,54.54908566673851,50.60180178882539,97.53698847785208,61.0,27.0,12.194241015941275,0.03333333333333333,0.0,1.0,1.0,0.1,0.0,1.0,0.3333333333333333,0.5,0.0,0.0,0.0,0.09936856375512454,0.15509366787001425,0.1752531225904884,0.17679210789815694,0.12787896559907524,0.17679210789815694,0.6666666666666666,0.3333333333333333,0.48785242744730056,,1.0,0.3333333333333333,0.5,1.0,0.03333333333333333,0.012103233091787426,0.09387010088322256,0.18902702816656136,0.8518518518518519,1.0,-0.23879327490653504,0.3339728015468632,-0.22176933868915727,0.2683835402316994,1.0,0.0,0.40789339169997624,0.1823229503046721,0.11857263978929741,0.0,0.7777777777777778,0.11335243359378062,1.0,0.0,0.0,0.1178387505911354,0.0,6.174456066000857,0.669297833460646,0.3999999999999999,0.26929783346064606,0.004287608464481518,1.0,0.0,0.05096035158468504,-0.06143516239237706,0.1123955139770621,0.327332571720398,0.0,0.0,0.22450494444536573,0.3080926006177003,-0.08358765617233455,0.10139417181949377,0.0,1.0,,,,,,,0.29206293488040097,0.14373317836315208,0.3206601704145913,0.1823229503046721,0.260401519375777,0.08246720729474309,1.053444611604592,1.5707807090928518,13.876493149742785,50.0,0.5865220464970925,0.5906251601819014,0.9171259948724183,0.004103113684808868,,,
causal_interference_detection,poor_exposure_overlap,0,ok,480.0,24.0,0.61875,19.0,19.0,20.0,20.0,0.6185069457575446,0.45539137541242586,0.0,0.0,135.24704200827608,7.238103058120096,5.059222997357343,213.82860037377984,0.0,0.0,2.051840707959311,1.0,0.0,0.0,0.0,1.0,0.0,0.0,0.0,0.0,0.0,0.0,0.0,-0.03249133193196232,0.05114306544807692,0.06090329969942979,0.06450533109561271,-0.03250212972606295,0.06450533109561271,1.0,1.0,0.539362911469631,1.0,0.0,0.0,0.0,0.0,1.0,0.027879740285100738,0.12222620916540035,0.36425401626642456,0.9444444444444444,1.0,0.13095476790634955,0.16742942934475802,0.1929541113303401,0.24115245218770767,1.0,0.0,0.015696957915987797,0.06660564089163974,0.18664325663444303,0.0,1.0,0.002910791295285573,1.0,0.0,0.0,0.13028089649024902,0.0,2.583234153004014,0.38335118909461663,0.40000000000000135,-0.016648810905384726,1.0,0.0,1.0,-0.4305169971722593,-0.32500000000000034,-0.10551699717225893,1.0,0.0,1.0,0.2873034670322292,0.25,0.0373034670322292,1.0,0.0,1.0,-0.04510298668243482,0.0,-0.04510298668243482,1.0,0.0,1.0,0.03239595829687026,0.06903923943080331,0.0333210467431566,0.06660564089163974,0.03239595829687026,0.06903923943080331,1.0204081632653061,1.043473743055162,2.3178257093915575,50.0,0.5280939300298727,0.5271246636042382,0.8391350305890124,-0.0009692664256345518,,,
causal_interference_detection,poor_exposure_overlap,1,ok,480.0,24.0,0.7166666666666667,19.0,19.0,20.0,20.0,0.7159341763713573,0.3882906346080767,0.0,0.0,68.39302861901685,16.675121661138924,4.986865597995512,241.5914090865924,12.0,0.0,0.33859822423242925,1.0,0.0,0.0,0.0,1.0,0.0,0.0,0.0,0.0,0.0,0.0,0.0,0.008229111265810714,0.05704586709309577,0.07042233963685227,0.07441058048551343,0.014218092971923335,0.07441058048551343,1.0,1.0,0.33612160084051945,1.0,0.0,0.0,0.0,0.0,1.0,0.012166782447143846,0.08755327058254209,0.2638484264666872,0.9722222222222222,1.0,0.02236740741930654,0.08965534429386748,-0.18547785464332583,0.19665293086363664,1.0,0.0,0.126618707223359,0.07093320833006253,0.11914482942032473,0.0,1.0,0.00983005313467544,0.9999999999999999,0.0,0.0,0.0811887924735554,0.0,2.5429559009935474,0.3867011480688277,0.3999999999999998,-0.013298851931172084,1.0,0.0,1.0,-0.3045936286333586,-0.32499999999999984,0.02040637136664125,1.0,0.0,1.0,0.16566534027660232,0.25000000000000033,-0.08433465972339801,1.0,0.0,1.0,0.1101435853511717,0.0,0.1101435853511717,1.0,0.0,1.0,0.10032376461894643,0.06887857438009524,0.090493711484271,0.07093320833006253,0.10032376461894643,0.06887857438009524,1.0204081632653061,1.0748432203705074,23.36170582617608,42.549160718982876,0.4613106301917994,0.45979493754490447,0.8192361261776189,-0.0015156926468949394,,,
causal_interference_detection,poor_exposure_overlap,2,ok,480.0,24.0,0.7416666666666667,19.0,19.0,20.0,20.0,0.741552390018158,0.40625338535917066,0.0,0.0,79.38133917082365,8.172315228228507,4.747941972788287,231.8067701782958,0.0,0.0,2.382136834272133,1.0,0.0,0.0,0.0,1.0,0.0,0.0,0.0,0.0,0.0,0.0,0.0,-0.11373309582264776,0.11512347064266462,0.13954317052921889,0.14557638902333625,-0.11979002687341772,0.14557638902333625,1.0,0.75,0.6350087760592575,1.0,0.0,0.0,0.0,0.0,1.0,0.032371717863077305,0.13011534759157495,0.44082176436725085,1.0,1.0,0.09042432009289453,0.14181653353406543,0.23471579057591585,0.24698638561568054,1.0,0.0,0.14802774527783263,0.15034203472996482,0.1509118523720888,0.0,1.0,0.004901149188448951,0.9999999999999999,0.0,0.0,0.15338376233315404,0.0,2.5178176470071776,0.1762551123041854,0.40000000000000013,-0.22374488769581474,1.0,0.0,0.0,-0.4269989876883293,-0.3250000000000007,-0.1019989876883286,1.0,0.0,1.0,0.25278074964003394,0.2500000000000002,0.0027807496400337195,1.0,0.0,1.0,-0.13196925754648142,0.0,-0.13196925754648142,1.0,0.0,1.0,-0.052826286628851804,0.14851720447680067,-0.055604198547294044,0.15034203472996482,-0.052826286628851804,0.14851720447680067,1.0204081632653061,1.0265385669873308,50.0,50.0,0.4516501216223838,0.45060840425986737,0.7637926576819971,-0.0010417173625164589,,,
causal_interference_detection,poor_exposure_overlap,3,ok,480.0,24.0,0.5166666666666667,19.0,19.0,20.0,20.0,0.5169762005097791,0.4488541393872486,0.0,0.0,151.8794373576846,15.74973134792093,6.016909782181198,179.9125685186563,0.0,0.0,4.493992554163041,1.0,0.0,0.0,0.0,1.0,0.0,0.0,0.0,0.0,0.0,0.0,0.0,0.05621699684491177,0.08532241102181923,0.1090439713868859,0.11347768273639366,0.05901340915977769,0.11347768273639366,1.0,0.75,0.3907897218342823,1.0,0.0,0.0,0.0,0.0,1.0,0.0294448978488766,0.13991682373033945,0.369862186036215,0.9722222222222222,1.0,0.028018862862284083,0.1638672209850171,-0.10555854561630644,0.14835315596750065,1.0,0.0,-0.28029891029345144,0.1085216329407078,0.13696407145295827,0.0,1.0,0.01269783123564611,1.0,0.0,0.0,0.0943936526169764,0.0,2.2706144749972736,0.42736799820233995,0.3999999999999997,0.02736799820234026,1.0,0.0,1.0,-0.1238955918595741,-0.3250000000000003,0.20110440814042618,1.0,0.0,0.0,0.3046064093906957,0.25000000000000017,0.054606409390695554,1.0,0.0,1.0,-0.058210828353814914,0.0,-0.058210828353814914,1.0,0.0,1.0,0.14386810266648598,0.11824009417640537,0.14298609866702844,0.1085216329407078,0.14386810266648598,0.11824009417640537,1.0204081632653061,1.0248609666863502,14.58635109454776,50.0,0.4946730674715364,0.4884714055973505,0.8242364266700843,-0.00620166187418586,,,
causal_interference_detection,poor_exposure_overlap,4,ok,480.0,24.0,0.4708333333333333,19.0,19.0,20.0,20.0,0.47149942457861405,0.4597066880167889,0.0,0.0,154.08693846992577,6.43239529079702,7.715486466363025,147.61602232777932,16.0,0.0,0.5445628080842689,1.0,0.0,0.0,0.0,1.0,0.0,0.0,0.0,0.0,0.0,0.0,0.0,-0.06471009198834085,0.06471009198834085,0.08219989893840447,0.07078418877561418,-0.05600309717285145,0.07078418877561415,1.0,1.0,0.42307003677431865,1.0,0.0,0.0,0.0,0.0,1.0,0.039389910963043034,0.16715637925813687,0.4419189773773262,0.8611111111111112,0.75,0.18108025640263414,0.24755301836843369,0.27997076470654225,0.3088085905647792,0.75,1.0,0.004261796354612102,0.08349463287316397,0.17621696007984045,0.0,1.0,0.011362136506314627,1.0,0.0,0.0,0.10219083013872433,0.0,2.8427547570026945,0.27011292264164916,0.40000000000000013,-0.12988707735835098,1.0,0.0,1.0,-0.42156683627860014,-0.325,-0.09656683627860013,1.0,0.0,1.0,0.22141634111426917,0.24999999999999972,-0.028583658885730556,1.0,0.0,1.0,-0.0038027954306817102,0.0,-0.0038027954306817102,1.0,0.0,1.0,0.013225860144143044,0.09210385348947017,0.016306447802434666,0.08349463287316397,0.013225860144143044,0.09210385348947017,1.0204081632653061,1.0569102358795301,1.1657596064932136,50.0,0.4087199267959566,0.40101672722451487,0.877764290215546,-0.007703199571441721,,,
causal_interference_detection,degree_heterogeneity,0,ok,480.0,24.0,0.5395833333333333,3.2125000953674316,8.550000190734863,20.0,20.0,0.5509341255178489,0.4060883676620988,1.0,1.0,70.45052169948413,49.27310652778903,40.40455710118254,90.93773091125684,21.0,13.0,8.279350350844604,0.06666666666666667,0.0,0.0,1.0,0.03333333333333333,1.0,0.0,0.0,0.0,0.0,0.0,0.0,0.10705371317166702,0.10705371317166702,0.13915545191847897,0.14872154234454954,0.11195367295907674,0.1487215423445495,1.0,0.75,0.4934512825161136,1.0,1.0,1.0,1.0,1.0,0.03333333333333333,0.006856786412674212,0.06815387052837586,0.1660961838671921,0.9444444444444444,1.0,-0.09462091217421924,0.11940522354794741,-0.1954905079088281,0.25521707485740786,0.75,1.0,0.3939077913931129,0.15037935667350735,0.06013548617169476,0.0,1.0,0.23157300682243107,0.9999999999999999,0.0,0.0,0.11919113104253953,0.0,2.7180338999896776,0.4321010096994664,0.40000000000000135,0.032101009699465055,0.026597650554948823,0.0,1.0,-0.3012045839347303,-0.32500000000000034,0.023795416065270025,0.11784997367263227,0.0,1.0,0.4933857677530459,0.25,0.24338576775304588,0.014845170727716427,0.0,0.0,0.12893265916888713,0.0,0.12893265916888713,0.06761481245838664,0.0,1.0,0.20447760934155823,0.15885679977261044,0.19060927253953386,0.15037935667350735,0.06071797803043544,0.19196269193401155,1.0655349268664056,3.704551007894225,19.76039857067106,39.38988763720119,0.5664582388734716,0.5847173950224684,0.8820573734351909,0.01825915614899687,,,
causal_interference_detection,degree_heterogeneity,1,ok,480.0,24.0,0.5625,3.195833444595337,8.550000190734863,20.0,20.0,0.46927605514879317,0.3954727564076948,1.0,1.0,73.76006547533254,38.71659423116639,60.038352490147666,92.1032757625282,22.0,14.0,13.086580820560062,0.03333333333333333,0.0,1.0,1.0,0.03333333333333333,1.0,1.0,0.3333333333333333,0.5,0.0,0.0,0.0,0.07959157601303958,0.1039383996257193,0.11798996929883325,0.1254698927119152,0.08552537768107138,0.1254698927119152,1.0,1.0,0.5951709310646063,1.0,1.0,1.0,1.0,1.0,0.03333333333333333,0.008096476490978239,0.07518784899974852,0.18081688265126997,0.9722222222222222,0.75,-0.03019260414644237,0.09863048075571519,-0.027717819938297944,0.1104642310543595,1.0,0.0,0.40261795387253024,0.127492039647837,0.11371919330954137,0.0,1.0,0.13554323775777782,0.9999999999999999,0.0,0.0,0.14376109446004984,0.0,2.537980590990628,0.5815844667380755,0.3999999999999998,0.1815844667380757,0.006991601043990311,1.0,1.0,-0.27189787238004154,-0.32499999999999984,0.053102127619958306,0.04605929439539989,0.0,1.0,0.2013063527746409,0.25000000000000033,-0.04869364722535943,0.23275730742443757,0.0,1.0,0.13237335691948374,0.0,0.13237335691948374,0.3234306551174895,0.0,1.0,0.28952102969371113,0.21313247951092318,0.17124906402900328,0.127492039647837,0.21220892943827793,0.15557537879084055,1.0752057601350509,2.578535965330909,27.41691606443782,50.0,0.5127314091313944,0.5469013715013251,0.8521753555247038,0.03416996236993075,,,
causal_interference_detection,degree_heterogeneity,2,ok,480.0,24.0,0.575,3.195833444595337,7.599999904632568,20.0,20.0,0.6467979741389596,0.3654773265756258,1.0,1.0,51.245665927293004,65.00176059492793,38.849818814298146,107.06261121261792,15.0,21.0,12.317252897394807,0.03333333333333333,0.0,1.0,1.0,0.03333333333333333,1.0,1.0,0.3333333333333333,0.5,0.0,0.0,0.0,0.036066246120962306,0.08621365238796434,0.09850533572380912,0.1025137167019326,0.03872919804214808,0.1025137167019326,1.0,1.0,0.371877461604445,1.0,1.0,1.0,1.0,1.0,0.03333333333333333,0.008519608128875814,0.06730735401882527,0.25736695576242347,0.9722222222222222,1.0,0.014345111404399091,0.04051713692569121,0.004779530706718257,0.08307326020256242,1.0,0.0,0.10621366656772022,0.09656588132431503,0.05257268369785559,0.0,1.0,0.3192068350877739,1.0,0.0,0.0,0.08982547381749881,0.0,2.4483675560040865,0.29970518746599606,0.40000000000000013,-0.10029481253400407,0.02813307877849159,0.0,1.0,-0.2664970699317495,-0.3250000000000007,0.05850293006825119,0.003034291695194853,1.0,1.0,0.2796920949838185,0.2500000000000002,0.02969209498381825,0.08626876852666965,0.0,1.0,0.15636477196578386,0.0,0.15636477196578386,0.23319147067482582,0.0,1.0,0.16078057314145988,0.10008759222617561,0.11707830089212833,0.09656588132431503,0.20946525262982202,0.27777095243996125,1.304426921946266,3.7918939951488353,9.661860744751614,22.057045939392975,0.5163904707541951,0.5384172648880157,0.8282271262880074,0.022026794133820582,,,
causal_interference_detection,degree_heterogeneity,3,ok,480.0,24.0,0.5229166666666667,3.3583333492279053,6.650000095367432,20.0,20.0,0.5454888036017608,0.42021900277294805,1.0,0.0,67.75945682239174,42.088824357290754,28.836300271867913,98.930558052717,20.0,17.0,10.828653511929021,0.03333333333333333,0.0,1.0,1.0,1.0,0.0,1.0,0.6666666666666666,0.8,0.0,0.0,0.0,-0.02566103838799795,0.10872201619047257,0.1246965351417475,0.1229371270494172,-0.026535009395845792,0.12293712704941721,1.0,1.0,0.5892544338794334,1.0,1.0,0.6666666666666666,0.8,1.0,0.03333333333333333,0.011096548789409529,0.0805811458392782,0.28618997020883485,1.0,1.0,0.047934614099368,0.11967868144028525,-0.0669908720316735,0.09678831135864649,1.0,0.0,0.1119898353463464,0.13490376878955354,0.08909092905752418,0.0,0.8888888888888888,0.39776539404728917,1.0,0.0,0.0,0.14233198885976656,0.0,2.7673911070014583,0.5661219556049489,0.3999999999999997,0.16612195560494925,0.0035520432041289077,1.0,1.0,-0.391475047280947,-0.3250000000000003,-0.06647504728094672,0.010066497763244068,1.0,1.0,0.21857043065959114,0.25000000000000017,-0.031429569340409025,0.1423576796069019,0.0,1.0,-0.1708614925355853,0.0,-0.1708614925355853,0.2545338234621347,0.0,1.0,0.0832616165879419,0.1575776891653234,0.05603917426619855,0.13490376878955354,0.4343216092475166,0.3670549858171263,1.0420150912515984,1.5378777535921628,14.747842124027581,50.0,0.519265150660399,0.5566396616148925,0.8641429146682799,0.03737451095449351,,,
causal_interference_detection,degree_heterogeneity,4,ok,480.0,24.0,0.3875,3.2791666984558105,7.599999904632568,20.0,20.0,0.4197436962226821,0.37202447669243377,1.0,1.0,107.03819427158555,61.13722281483653,52.161074685331585,54.01554101871295,43.0,16.0,12.060037497986697,0.03333333333333333,0.0,1.0,1.0,0.03333333333333333,1.0,1.0,0.3333333333333333,0.5,0.0,0.0,0.0,0.08032845547373027,0.10562882184423605,0.1347664720315862,0.11775319800230256,0.07160171249436399,0.11775319800230258,1.0,1.0,0.49282472458296744,1.0,1.0,0.3333333333333333,0.5,1.0,0.03333333333333333,0.005291156962664602,0.059762316334045336,0.1477641848576458,1.0,1.0,-0.0585616843082023,0.07093710420315778,-0.010954169836353212,0.08194922318793714,1.0,0.0,0.16922634447181695,0.13845951271879725,0.09563092133476321,0.0,1.0,0.19477686696643345,1.0,0.0,0.0,0.1190397885466105,0.0,2.583259976003319,0.6162871524634178,0.40000000000000013,0.21628715246341768,0.002773481791931047,1.0,1.0,-0.16937259782748504,-0.325,0.15562740217251497,0.08932131037938781,0.0,1.0,0.21113920902887434,0.24999999999999972,-0.03886079097112538,0.10630940211930376,0.0,1.0,-0.01173994176988617,0.0,-0.01173994176988617,0.6718492228311613,0.0,1.0,0.2021644320419489,0.15022794734352937,0.16731959194334842,0.13845951271879725,0.01793144324704956,0.08727826507248217,1.1932904402307496,2.241157755722588,8.099734849102113,12.222816135227612,0.3943903150030159,0.4215217484555883,0.8931867800200345,0.027131433452572407,,,
causal_interference_detection,shared_outcome_shock,0,ok,480.0,24.0,0.4979166666666667,4.429166793823242,7.0,20.0,20.0,0.510258848131971,0.33760297754632906,1.0,1.0,108.68085767523192,63.56460851049065,57.07543321134559,97.35080844188535,60.0,35.0,1.9639182426434496,0.8,0.0,0.0,0.0,0.8666666666666667,0.0,1.0,1.0,1.0,0.0,1.0,0.0,0.15463086731094638,0.1740824453583366,0.19386163833166967,0.13481072257723978,0.10594491905735963,0.13481072257723978,,1.0,1.429400048550685,1.0,1.0,1.0,1.0,0.0,0.9666666666666667,0.023599375130821984,0.12615941118844937,0.3429911722829638,1.0,1.0,-0.018963110571931965,0.15335337735017213,-0.10007357898626391,0.3194284379092303,1.0,0.0,0.03820100434370956,0.23847398701263392,0.22143868597563385,0.0,,0.3861410307714085,1.0,0.0,0.0,0.3452657122103104,0.0,2.5172924890066497,0.1718269975011877,0.0,0.1718269975011877,0.7569176034831506,0.0,1.0,0.2691424349371848,0.0,0.2691424349371848,0.564474499411585,0.0,1.0,-0.03890315609478044,0.0,-0.03890315609478044,0.9885569885764413,0.0,1.0,0.21645719290019355,0.0,0.21645719290019355,0.550743304334852,0.0,1.0,0.18464833175449025,0.22329753171981986,0.1930797083235139,0.23847398701263392,0.5234084962444813,0.6311774772554268,1.1268453064018347,3.0619125206067204,11.245095737746597,50.0,0.7810024431832052,0.7680911830255412,0.9867592251898987,-0.012911260157663973,,,
causal_interference_detection,shared_outcome_shock,1,ok,480.0,24.0,0.5208333333333334,4.616666793823242,8.0,20.0,20.0,0.52466280276988,0.3270662328947761,1.0,1.0,84.4890909922499,73.4118456073941,61.855086756178025,118.15062512377617,44.0,47.0,1.684220151463379,0.8666666666666667,0.0,0.0,0.0,0.13333333333333333,0.0,1.0,1.0,1.0,0.0,1.0,0.0,0.12612503132934053,0.1317224189915081,0.15110098067659444,0.1040874050375276,0.08463570725802362,0.1040874050375276,,1.0,1.603428688556601,1.0,1.0,1.0,1.0,0.0,0.8666666666666667,0.04080527605210709,0.16255366798016435,0.4463887366139164,1.0,1.0,0.10234524555499336,0.18513556385783914,0.02873429998555565,0.14666596596383966,1.0,0.0,-0.18222392839383972,0.12785955723550477,0.2839180307519013,0.0,,0.7188776551065471,0.9999999999999998,0.0,0.0,0.38730161559338183,0.0,2.6750568889983697,-0.011194775324335174,0.0,-0.011194775324335174,0.8666424232137695,0.0,1.0,0.14641389537895205,0.0,0.14641389537895205,0.7418622102261758,0.0,1.0,0.15653851633875104,0.0,0.15653851633875104,0.6148822804480604,0.0,1.0,0.2127424889239942,0.0,0.2127424889239942,0.4257882686140474,0.0,1.0,0.17162571289667658,0.21368564935759243,0.10205506929581468,0.12785955723550477,0.6561298645782454,1.0165724214874414,1.097593033103328,3.2537056815889103,22.491902683142563,50.0,0.8142116777120315,0.7810363030820842,1.0313767115611119,-0.03317537462994735,,,
causal_interference_detection,shared_outcome_shock,2,ok,480.0,24.0,0.6645833333333333,4.570833206176758,8.0,20.0,20.0,0.6935348331620326,0.30157138318211646,1.0,1.0,44.82943535162094,60.13473197005679,42.07747294704641,159.26277379071948,25.0,28.0,2.076837689711505,0.7666666666666667,0.0,0.0,0.0,0.5333333333333333,0.0,1.0,1.0,1.0,0.0,1.0,0.0,0.18539033436390787,0.20327231191757175,0.2430919633247846,0.179293006632747,0.1387074672029912,0.179293006632747,,1.0,1.169828502213108,1.0,1.0,1.0,1.0,0.0,0.8,0.07068669700896119,0.22489830370247274,0.5906322044336085,1.0,1.0,0.03354481729915748,0.2726773427783377,-0.053568991415490305,0.1511089390663165,1.0,0.0,0.1056639185698858,0.27324488426510407,0.222708557690407,0.0,,0.44010973422394173,1.0,0.0,0.0,0.2825672710659682,0.0,2.396794549000333,-0.03576395510732777,0.0,-0.03576395510732777,0.8307768757964265,0.0,1.0,0.40102738662460835,0.0,0.40102738662460835,0.3304237042856938,0.0,1.0,0.22981865549821717,0.0,0.22981865549821717,0.4567023091747834,0.0,1.0,0.14647925044013366,0.0,0.14647925044013366,0.6667300706808387,0.0,1.0,0.2835132191498462,0.43718550823725083,0.18321504245918374,0.27324488426510407,0.3210807245153591,0.63029678266322,1.226160572996991,4.395283661580118,19.767713343710874,44.323326232633825,0.8540284308669823,0.8495639816465456,0.9933617112613059,-0.004464449220436761,,,
causal_interference_detection,shared_outcome_shock,3,ok,480.0,24.0,0.5291666666666667,4.616666793823242,8.0,20.0,20.0,0.5290133152585921,0.3398158139948638,1.0,1.0,89.12603630510068,64.26697855917891,55.97781471483338,112.55831272028772,42.0,36.0,11.34713292889274,0.03333333333333333,0.0,1.0,1.0,0.1,0.0,1.0,1.0,1.0,0.0,1.0,0.0,-0.11043762275451406,0.318489428559118,0.3423746420224072,0.27318154093302016,-0.0882588508178973,0.27318154093302016,,0.75,0.8689034969258571,0.75,1.0,1.0,1.0,0.0,0.1,0.03523330171534872,0.15439166404842308,0.38073839147929456,0.9166666666666666,1.0,-0.04440906208959389,0.2139535856254156,0.14389090694182677,0.41864914435777567,0.75,1.0,0.38974418640203434,0.3532523726994968,0.3306771687333536,0.0,,0.4309250106600955,1.0,0.0,1.0,0.20988007172122153,0.0,2.4228110940020997,0.4161036116092079,0.0,0.4161036116092079,0.04784754436525983,0.0,0.0,-0.13528050879948578,0.0,-0.13528050879948578,0.7277919470485158,0.0,1.0,-0.270781959761348,0.0,-0.270781959761348,0.28589247954716734,0.0,1.0,-0.45179163406643036,0.0,-0.45179163406643036,0.01822297507804606,0.0,1.0,-0.05380937586154466,0.35514554785646696,-0.07765451855850825,0.3532523726994968,0.001884119839257875,0.5658467964080744,1.1833476896373374,3.223512882465502,13.69255504842461,35.972907185506166,0.7628529589964653,0.748648541778841,0.9550966688212226,-0.014204417217624332,,,
causal_interference_detection,shared_outcome_shock,4,ok,480.0,24.0,0.38333333333333336,4.754166603088379,8.0,20.0,20.0,0.39501697589909085,0.2961728881533198,1.0,1.0,149.8021562947968,58.26567955224791,71.23562935212401,64.7065444591405,86.0,25.0,1.7854493452083953,0.8666666666666667,0.0,0.0,0.0,0.2,0.0,1.0,1.0,1.0,0.0,1.0,0.0,0.03648038632816307,0.16088578549661361,0.17870830457658948,0.10833574203632118,0.01999665617076404,0.10833574203632118,,1.0,1.3240188855640065,1.0,1.0,1.0,1.0,0.0,0.16666666666666666,0.05188755962712602,0.1992686880410553,0.45667507781014116,0.9444444444444444,1.0,0.1950642787522684,0.27256430747132265,0.14174467338692126,0.22774895174615412,1.0,0.0,0.21312814037880018,0.18583265575371716,0.22052643973523095,0.0,,0.9382523075091094,1.0,0.0,0.0,0.31981132501546056,0.0,2.6696832540037576,0.25086586078823725,0.0,0.25086586078823725,0.2759829783651029,0.0,1.0,-0.04328209544466019,0.0,-0.04328209544466019,0.9834841544782592,0.0,1.0,-0.2055287028922409,0.0,-0.2055287028922409,0.3013139458491989,0.0,1.0,0.14386648286131612,0.0,0.14386648286131612,0.7721954968298747,0.0,1.0,0.019535448765862697,0.20760017507878006,0.030963192862461894,0.18583265575371716,0.6388430267864902,1.2845579096762518,1.1754033794383187,1.618523623741501,9.287970861070885,35.19916857275942,0.7185201363410757,0.705623476327836,1.0011602994382134,-0.012896660013239747,,,
causal_interference_detection,observed_homophily,0,ok,480.0,24.0,0.56875,5.224999904632568,9.0,20.0,20.0,0.5653274233884759,0.3365195317203185,1.0,1.0,77.27150073415423,66.11159597628657,51.929117487760074,137.00850348088676,35.0,34.0,12.322218448259692,0.03333333333333333,0.0,1.0,1.0,0.9333333333333333,0.0,0.0,1.0,0.0,1.0,0.0,1.0,0.16559970772714813,0.16559970772714813,0.20615750413892553,0.220574990662936,0.1747771392736726,0.220574990662936,,0.75,0.6161659432450566,0.75,0.0,1.0,0.0,1.0,0.03333333333333333,0.013608490018649355,0.09478806760707241,0.20778277673832227,0.8888888888888888,0.75,-0.006068125029540988,0.10242873118976893,-0.10566815627573709,0.15068957210369235,1.0,0.0,0.3807914106123584,0.21240803429874802,0.11958983962979407,0.0,,0.14561930124070904,1.0,0.0,1.0,0.14883235344083492,0.0,2.471572713009664,0.03440422201460949,0.0,0.03440422201460949,0.9065942542874148,0.0,1.0,0.36189370891739703,0.0,0.36189370891739703,0.004572235227244395,1.0,0.0,0.1680369796859471,0.0,0.1680369796859471,0.156892110112989,0.0,1.0,0.09806392029063893,0.0,0.09806392029063893,0.549429145027604,0.0,1.0,0.12928723350583382,0.17947170933897189,0.17517899562266348,0.21240803429874802,0.2064794148863801,0.2931393378994686,1.055861022397009,2.725056723206856,22.901993772173935,50.0,0.5295434216700825,0.5252834786955335,0.8450046495397806,-0.004259942974549014,,,
causal_interference_detection,observed_homophily,1,ok,480.0,24.0,0.5333333333333333,5.295833110809326,9.0,20.0,20.0,0.5263530238070869,0.30675758939078607,1.0,1.0,115.06098913928226,56.45365705895327,65.59061270594479,115.84103708846192,55.0,26.0,1.0621664692070811,0.8666666666666667,0.0,0.0,0.0,0.7666666666666667,0.0,1.0,1.0,1.0,0.0,1.0,0.0,-0.022695950466182016,0.05499013339892235,0.06338800941074586,0.06999533190734201,-0.027411228439978192,0.06999533190734201,,1.0,0.6026469574565901,1.0,1.0,1.0,1.0,0.0,0.9333333333333333,0.007522739111934722,0.07656285025932504,0.19588864144251383,0.9166666666666666,0.75,-0.11398962098393049,0.17284076658311406,0.025267650589477733,0.07967446865223916,1.0,0.0,-0.2089937790319773,0.0747540998222306,0.21951093573108876,0.0,,0.13175760911968684,1.0,0.0,0.0,0.14556689793637445,0.0,2.5045303179940674,-0.10243342050678989,0.0,-0.10243342050678989,0.5569153392394848,0.0,1.0,-0.02464717335643133,0.0,-0.02464717335643133,0.6850998116979652,0.0,1.0,-0.028291573866987524,0.0,-0.028291573866987524,0.6284149202961291,0.0,1.0,0.06458836586548067,0.0,0.06458836586548067,0.6467621400024448,0.0,1.0,-0.02825636009513098,0.0743635284417419,-0.02674539119262187,0.0747540998222306,0.017304530062916,0.09654498811527586,1.0204081632653061,2.5620864887121075,11.175723191126071,50.0,0.4892722011939446,0.4842406746904184,0.8594641491399083,-0.005031526503526174,,,
causal_interference_detection,observed_homophily,2,ok,480.0,24.0,0.4895833333333333,5.349999904632568,9.0,20.0,20.0,0.4939810512211165,0.3576202164471635,1.0,1.0,112.96831736758465,49.44993022851435,51.928755408423775,98.2051363595785,58.0,23.0,1.2226928469822944,0.9,0.0,0.0,0.0,0.36666666666666664,0.0,1.0,1.0,1.0,0.0,1.0,0.0,0.048371080412164494,0.048371080412164494,0.05318258979902869,0.05564791723211424,0.05033573936826738,0.05564791723211424,,1.0,0.503437586333007,1.0,1.0,1.0,1.0,0.0,0.9333333333333333,0.0038989245102459013,0.04984218624015386,0.13332223382439945,1.0,1.0,-0.05490425053598018,0.088770109169764,-0.09730042291769127,0.13934093224556388,1.0,0.0,-0.35743824598973006,0.05164987468568713,0.22698785282921424,0.0,,0.11975360490049747,0.9999999999999999,0.0,0.0,0.12160328172294856,0.0,2.6625275499973213,0.032792733242647136,0.0,0.032792733242647136,0.802336750691557,0.0,1.0,0.02070777473111214,0.0,0.02070777473111214,0.9589561783558663,0.0,1.0,0.06757922185959558,0.0,0.06757922185959558,0.6079041493244053,0.0,1.0,0.07240459181530312,0.0,0.07240459181530312,0.44152909211469316,0.0,1.0,0.07865568781811327,0.0932464723108731,0.04757086111685346,0.05164987468568713,0.07029345580360602,0.14022218297404898,1.0317804703824376,1.9666217676727786,23.77507121156857,50.0,0.565554688560767,0.5571188301747423,0.859518851439362,-0.008435858386024675,,,
causal_interference_detection,observed_homophily,3,ok,480.0,24.0,0.4666666666666667,5.125,9.0,20.0,20.0,0.471114539358708,0.31500628097687955,1.0,1.0,121.89410929895043,62.52960189389417,62.26276043379839,96.93516319793841,72.0,30.0,1.6156506826637134,0.8333333333333334,0.0,0.0,0.0,0.06666666666666667,0.0,1.0,1.0,1.0,0.0,1.0,0.0,-0.005985029109946489,0.06953615325882605,0.08701375164284153,0.09673431727661119,-0.011660626127131656,0.09673431727661119,,1.0,0.420525532881862,1.0,1.0,1.0,1.0,0.0,0.3333333333333333,0.008463690726058962,0.07408221705904004,0.20249670066230296,0.9166666666666666,0.75,-0.0216984471935959,0.07979971352442106,-0.06461823333284525,0.12808657457105418,0.75,1.0,-0.15685146247303988,0.09420529117057214,0.23448518526191356,0.0,,0.16289259958917596,1.0,0.0,0.0,0.10157621567194736,0.0,2.6536618340032874,-0.15104236473754507,0.0,-0.15104236473754507,0.38488293337051227,0.0,1.0,0.02119792199233518,0.0,0.02119792199233518,0.943352917046177,0.0,1.0,0.026357418442122513,0.0,0.026357418442122513,0.7478045164555934,0.0,1.0,0.07954690786330143,0.0,0.07954690786330143,0.5174117033044657,0.0,1.0,0.014233529606025672,0.09142220687083191,-0.00505922684208663,0.09420529117057214,0.13092115182560732,0.20882186064300234,1.0204081632653061,2.1233987463651207,16.18116198449777,50.0,0.5492797969534771,0.543331199836645,0.9107531522456088,-0.005948597116832044,,,
causal_interference_detection,observed_homophily,4,ok,480.0,24.0,0.4979166666666667,5.620833396911621,9.0,20.0,20.0,0.5121117255979576,0.3256074306302684,1.0,1.0,103.63426067325912,62.531848131364654,50.409754676076844,130.56938332601916,57.0,32.0,1.0405906739984307,0.9666666666666667,0.0,0.0,0.0,0.06666666666666667,0.0,1.0,1.0,1.0,0.0,1.0,0.0,0.015509671365507401,0.0702069351415463,0.08572538501082769,0.06761395424140013,0.006283774937916747,0.06761395424140013,,1.0,0.5533819573120671,1.0,1.0,1.0,1.0,0.0,0.26666666666666666,0.007539524595073236,0.06762860739038366,0.2253587033981824,0.9166666666666666,0.75,-0.08918041222029703,0.10984945765451162,0.040070697885636254,0.09473935645739079,1.0,0.0,-0.04263411196037993,0.09313418249408609,0.4942526698354684,0.0,,0.11861113934612237,1.0,0.0,0.0,0.1336671394473592,0.0,2.5744815429934533,0.020379470624426167,0.0,0.020379470624426167,0.9997560425262211,0.0,1.0,-0.1093945275520778,0.0,-0.1093945275520778,0.5808623677477396,0.0,1.0,0.022591700869336276,0.0,0.022591700869336276,0.7573640577798183,0.0,1.0,0.12846204152034496,0.0,0.12846204152034496,0.4205333516144124,0.0,1.0,0.02582200799879287,0.10515134426412877,0.027205768216987208,0.09313418249408609,-0.02873868646516293,0.12143885321616428,1.0204081632653061,2.0317847230227954,14.319763818738148,50.0,0.29876539162684285,0.29416570430261496,0.7159621034660564,-0.004599687324227886,,,
causal_interference_detection,hidden_confounding,0,ok,480.0,24.0,0.56875,5.224999904632568,9.0,20.0,20.0,0.5653274233884759,0.3365195317203185,1.0,1.0,77.27150073415423,66.11159597628657,51.929117487760074,137.00850348088676,35.0,34.0,15.733711762459928,0.03333333333333333,0.0,1.0,1.0,0.03333333333333333,1.0,0.75,1.0,0.8571428571428571,0.25,0.0,1.0,0.8417248631696879,0.8417248631696879,0.8543042871084572,0.6554082212999041,0.6341429795651664,0.6554082212999042,0.6666666666666666,0.0,0.7444390508075395,0.0,0.75,1.0,0.8571428571428571,1.0,0.03333333333333333,0.24976435748036657,0.4247731963882464,0.9494893553222203,0.3888888888888889,0.0,0.2433582037549248,0.27069081822814695,-0.08017303370676335,0.1349261719980341,1.0,0.0,3.3211251980884864,0.8843165727534896,0.7695377865065688,0.0,0.6666666666666666,0.2982347193964783,1.0,0.0,0.0,0.17981619584723177,0.0,2.676618760000565,1.003535689594127,0.3749999999999995,0.6285356895941274,0.00023071084404948316,1.0,0.0,0.7392446469559337,-0.2750000000000002,1.0142446469559339,0.0007643604355398747,1.0,0.0,1.0188665246407016,0.22500000000000042,0.7938665246407012,8.331815863894648e-05,1.0,0.0,0.9302525914879891,0.0,0.9302525914879891,0.0005057841574781699,1.0,0.0,0.9734809587976124,0.9081966048044846,0.9528571850284887,0.8843165727534896,1.2489307849520053,1.1894506348436606,1.1217249614209515,5.201910146733626,50.0,50.0,0.30694873968814784,0.3866403255006764,0.455691601850441,0.07969158581252855,,,
causal_interference_detection,hidden_confounding,1,ok,480.0,24.0,0.5333333333333333,5.295833110809326,9.0,20.0,20.0,0.5263530238070869,0.30675758939078607,1.0,1.0,115.06098913928226,56.45365705895327,65.59061270594479,115.84103708846192,55.0,26.0,22.365607080591243,0.03333333333333333,0.0,1.0,1.0,0.03333333333333333,1.0,0.75,1.0,0.8571428571428571,0.25,0.0,1.0,0.7018796809759988,0.7018796809759988,0.712295750876194,0.4704860383885428,0.468902361217141,0.4704860383885428,0.6666666666666666,0.0,0.6935752509680919,0.0,0.75,1.0,0.8571428571428571,1.0,0.03333333333333333,0.1459716691443214,0.3292694460826999,0.7348587086351094,0.4166666666666667,0.0,0.0029832852993174064,0.12717454514596413,-0.005663955689623662,0.08216837905666113,1.0,0.0,0.5018390366307418,0.7467048216299744,0.7712490800947162,0.0,0.6666666666666666,0.6166480368003615,1.0,0.0,0.0,0.16753025385702702,0.0,2.4031721589999506,0.9314684819974046,0.37499999999999983,0.5564684819974048,0.0005351886372044094,1.0,0.0,0.3628929274932193,-0.27499999999999974,0.637892927493219,0.028304150468733406,1.0,0.0,0.9549036027884517,0.22499999999999926,0.7299036027884525,0.0002466210001192775,1.0,0.0,0.8832537116249191,0.0,0.8832537116249191,0.00011651376881612117,1.0,0.0,0.8361264422916251,0.7670784611467139,0.815856347705244,0.7467048216299744,1.4325043845056054,1.360098204713203,1.0783189023492652,2.913281907491468,12.308193089512297,45.23040661554279,0.27208509480452425,0.3502064610845091,0.48672863678232436,0.07812136627998484,,,
causal_interference_detection,hidden_confounding,2,ok,480.0,24.0,0.4895833333333333,5.349999904632568,9.0,20.0,20.0,0.4939810512211165,0.3576202164471635,1.0,1.0,112.96831736758465,49.44993022851435,51.928755408423775,98.2051363595785,58.0,23.0,37.366115904221175,0.03333333333333333,0.0,1.0,1.0,0.03333333333333333,1.0,0.6666666666666666,0.6666666666666666,0.6666666666666666,0.3333333333333333,0.0,1.0,0.6429881315412818,0.6429881315412818,0.6461181570171536,0.42669088517731846,0.4232412360290514,0.42669088517731846,0.6666666666666666,0.0,0.704606853147629,0.0,0.6666666666666666,0.6666666666666666,0.6666666666666666,1.0,0.03333333333333333,0.153653746297567,0.3323975762336969,0.854794565055801,0.5833333333333334,0.0,0.2975207036215299,0.30811416797195673,-0.0004308218256229082,0.10278452033708446,1.0,0.0,1.6223936403227368,0.6954483436478941,0.8597646367487144,0.0,0.6666666666666666,0.6674175549083651,0.9999999999999999,0.0,0.0,0.1701948920646447,0.0,3.4681285209953785,0.924835635328664,0.3750000000000002,0.5498356353286638,8.496614330394869e-08,1.0,0.0,0.36536861729751946,-0.27500000000000013,0.6403686172975196,0.0700239659912313,0.0,0.0,0.8779970084580888,0.2249999999999997,0.6529970084580892,1.2999858431047532e-05,1.0,0.0,0.7287512650808547,0.0,0.7287512650808547,0.0020546716188986945,1.0,0.0,0.8488916201128245,0.7687789327109974,0.774358033235514,0.6954483436478941,1.441775588143879,1.3727904623324545,1.1522937982087005,3.771110083189439,20.795379708881306,50.0,0.39854979460892404,0.45149332864395875,0.5809779590111857,0.05294353403503471,,,
causal_interference_detection,hidden_confounding,3,ok,480.0,24.0,0.4666666666666667,5.125,9.0,20.0,20.0,0.471114539358708,0.31500628097687955,1.0,1.0,121.89410929895043,62.52960189389417,62.26276043379839,96.93516319793841,72.0,30.0,18.42293821163604,0.03333333333333333,0.0,1.0,1.0,0.03333333333333333,1.0,0.75,1.0,0.8571428571428571,0.25,0.0,1.0,0.5854014728440288,0.5854014728440288,0.5986940605499137,0.47204769352159476,0.46161858624011337,0.47204769352159476,0.6666666666666666,0.0,0.6283150140947974,0.0,0.75,1.0,0.8571428571428571,1.0,0.03333333333333333,0.08598865658080493,0.26802588226293955,0.4948330091563071,0.4166666666666667,0.0,0.11206241713013934,0.13847246370195568,-0.15966563555361019,0.19570512183967764,0.75,1.0,0.8874678639963584,0.6263180969344095,0.6960576147013975,0.0,0.6666666666666666,0.3716731555645837,1.0,0.0,0.0,0.15176691161710087,0.0,2.4041542949998984,0.7540945108563321,0.3749999999999999,0.37909451085633217,7.68740930167147e-05,1.0,0.0,0.35944342398792106,-0.27500000000000036,0.6344434239879214,0.007694392021635987,1.0,0.0,0.8360011697192489,0.225,0.6110011697192489,4.6322526906725473e-05,1.0,0.0,0.7170667868126128,0.0,0.7170667868126128,0.000775334015741638,1.0,0.0,0.7251753044976691,0.6569706599282464,0.6939721008994132,0.6263180969344095,1.0656452564639967,1.0004256968837926,1.0984707121661954,3.0595622123819637,13.57272682630706,50.0,0.4237011476020919,0.5000627845200529,0.6346907350817508,0.07636163691796105,,,
causal_interference_detection,hidden_confounding,4,ok,480.0,24.0,0.4979166666666667,5.620833396911621,9.0,20.0,20.0,0.5121117255979576,0.3256074306302684,1.0,1.0,103.63426067325912,62.531848131364654,50.409754676076844,130.56938332601916,57.0,32.0,22.657036069228276,0.03333333333333333,0.0,1.0,1.0,0.03333333333333333,1.0,0.75,1.0,0.8571428571428571,0.25,0.0,1.0,0.8064472044771323,0.8064472044771323,0.8189267207226772,0.4973151075056623,0.4897860489890645,0.4973151075056624,0.6666666666666666,0.0,0.7567120737866274,0.0,0.75,1.0,0.8571428571428571,1.0,0.03333333333333333,0.18057673617338998,0.35920119886207186,0.9054983321371213,0.5277777777777778,0.0,0.2144932872593294,0.2303723307551483,0.07187949623839422,0.11739608540596896,1.0,0.0,1.1524942274818486,0.8745949708648104,1.2046941184460118,0.0,0.6666666666666666,0.3802136066962098,1.0,0.0,0.0,0.18278069415135928,0.0,2.39726323200739,1.0419489922700014,0.3750000000000004,0.6669489922700009,0.0015128687647139663,1.0,0.0,0.44157628609331045,-0.27500000000000013,0.7165762860933106,0.01747939685060626,1.0,0.0,1.0293116323726228,0.22500000000000003,0.8043116323726227,5.7361319494939194e-05,1.0,0.0,1.0379519071725944,0.0,1.0379519071725944,0.0020800152884971872,1.0,0.0,0.9680751499771071,0.8999927352795213,0.9430854897631991,0.8745949708648104,1.323299096459409,1.2477901611395288,1.04932110516988,3.239167361698527,11.30840255765359,31.05983253431984,0.2761551279498539,0.34481507230020214,0.48773283506728926,0.06865994435034822,,,
causal_interference_detection,misspecified_exposure,0,ok,480.0,24.0,0.4979166666666667,4.429166793823242,7.0,20.0,20.0,0.5095131373256374,0.33680161009199655,1.0,1.0,107.74292149773771,64.4811219148273,58.068783202515114,97.1660440407936,73.0,41.0,10.474070933422201,0.03333333333333333,0.0,1.0,1.0,0.1,0.0,1.0,0.3333333333333333,0.5,0.0,0.0,0.0,0.03883124711277887,0.13916089687371985,0.19659239663571682,0.22606767619459048,0.05422817047725452,0.22606767619459042,0.6666666666666666,0.75,0.4632123615193896,1.0,0.5,0.3333333333333333,0.4,1.0,0.03333333333333333,0.013499419362994841,0.09751290864696766,0.2603626372705885,0.9166666666666666,0.75,-0.0752517397920977,0.15770587228986999,-0.011886533485362345,0.13160586681479888,1.0,0.0,0.13057340771407155,0.20398292529663292,0.10758021047542798,0.0,0.7777777777777778,0.25433819313456224,0.8195357511501147,0.0,0.0,0.1118870438452632,0.0,2.381864515002235,0.3626233859064557,0.3750000000000001,-0.012376614093544402,0.004869624900832858,1.0,1.0,0.08098428797299767,-0.2749999999999998,0.35598428797299747,0.625449798298837,0.0,0.0,0.20153787270233245,0.22500000000000026,-0.023462127297667806,0.10935021668807617,0.0,1.0,-0.16482055813066981,0.0,-0.16482055813066981,0.056095084485368756,0.0,1.0,0.11870335547193422,0.20398292529663292,0.11980353680845268,0.2060220366112982,0.16830272692822096,0.30917239976469485,1.159379529811385,3.1981396108819373,9.421141537682185,17.597146196634768,0.5659847530513225,0.5622279888571674,0.9008415180165514,-0.003756764194155049,,,
causal_interference_detection,misspecified_exposure,1,ok,480.0,24.0,0.5208333333333334,4.616666793823242,8.0,20.0,20.0,0.5219923941798942,0.32489416821047995,1.0,1.0,84.38311061240819,73.09480379933221,60.84985190963884,116.95511329521806,49.0,47.0,4.773762371591381,0.3333333333333333,0.0,0.0,0.0,0.06666666666666667,0.0,0.0,0.0,0.0,0.0,0.0,0.0,-0.04319624615392616,0.16263255438823837,0.16882222095336835,0.17233532050490727,-0.03987914388436806,0.17233532050490727,1.0,0.75,0.4895309664972082,1.0,0.0,0.0,0.0,0.0,0.5666666666666667,0.011081149440020753,0.0896309464272132,0.19204703537125153,0.8888888888888888,1.0,0.05843725975831532,0.09113697669443915,0.08965037593965473,0.12944724217326917,1.0,0.0,0.2094806435277758,0.16975840048549637,0.11115417588189924,0.0,0.8888888888888888,0.14801834932692992,0.7778408503128894,0.0,0.0,0.11824419480608894,0.0,2.3172762089961907,0.1780772108639664,0.3749999999999998,-0.19692278913603337,0.1270124514333306,0.0,1.0,-0.17265288948886778,-0.27500000000000013,0.10234711051113235,0.19383634908527259,0.0,1.0,0.010265188051705038,0.2250000000000007,-0.21473481194829566,0.8525108338545124,0.0,0.0,0.13652550595749208,0.0,0.13652550595749208,0.3392474903756466,0.0,1.0,0.04445907316068959,0.16975840048549637,0.034231845805251536,0.18342725639673252,0.1442538501109859,0.0950992409849486,1.137331858891294,3.30883084413762,17.061402313852756,50.0,0.5249629262664288,0.5246222353735559,0.8935339866608031,-0.0003406908928729191,,,
causal_interference_detection,misspecified_exposure,2,ok,480.0,24.0,0.6645833333333333,4.570833206176758,8.0,20.0,20.0,0.694289396945647,0.29939558234371033,1.0,1.0,44.670902665768565,60.84168321996583,39.87785576655086,163.14421775434633,28.0,30.0,12.437383466453644,0.03333333333333333,0.0,1.0,1.0,0.8333333333333334,0.0,0.0,0.0,0.0,0.0,0.0,0.0,-0.2621571502185914,0.2621571502185914,0.292705918037178,0.30751314315864414,-0.27711458469537903,0.3075131431586442,0.3333333333333333,0.5,0.4693961859138158,1.0,0.0,0.0,0.0,0.0,0.13333333333333333,0.02741181743682711,0.12943337268538252,0.4414488895597139,0.75,0.5,0.021496467067713618,0.06131928006829333,0.1488901712163159,0.19367612092012698,1.0,0.0,0.20970525233572027,0.3030582012518087,0.15679178988997894,0.0,0.5555555555555556,0.24908660712626884,0.793835531877619,0.0,0.0,0.11338072123522122,0.0,2.3130964339943603,-0.06542843857798897,0.37499999999999944,-0.4404284385779884,0.3624541653116521,0.0,0.0,-0.3995327274875713,-0.2749999999999997,-0.1245327274875716,0.018829135943132395,0.0,1.0,-0.10698446433681841,0.22500000000000023,-0.3319844643368186,0.6344695521140562,0.0,0.0,-0.15168297047198687,0.0,-0.15168297047198687,0.23704707550717774,0.0,1.0,-0.19562527448701753,0.3030582012518087,-0.27048775201895203,0.3757220231140202,-0.021401144892683174,0.12764032629246794,1.3117770716384363,4.365546735944201,17.31538237686994,50.0,0.5697455657063107,0.5608898344065717,0.86773934865334,-0.008855731299739045,,,
causal_interference_detection,misspecified_exposure,3,ok,480.0,24.0,0.5291666666666667,4.616666793823242,8.0,20.0,20.0,0.5270138888888889,0.3380712164291061,1.0,1.0,92.30797107953188,61.73520665811976,55.7628302706109,111.47775446474627,45.0,38.0,12.75190118937677,0.03333333333333333,0.0,1.0,1.0,0.03333333333333333,1.0,0.0,0.0,0.0,0.0,0.0,0.0,-0.06402750813693514,0.1374220442971975,0.19277700799701802,0.21687122358460326,-0.07762849289012759,0.21687122358460326,1.0,0.75,0.4942950193511212,1.0,0.0,0.0,0.0,0.0,0.1,0.013211881746043557,0.07794951827678374,0.28019534511723304,0.8055555555555556,0.5,0.12009241180617541,0.12194658273290493,0.15650045266568458,0.17286638119230308,1.0,0.0,-0.0693838789229193,0.18382361327435373,0.17895506275968218,0.0,1.0,0.11000967969216208,0.8106343657598785,0.0,0.0,0.11939493221041575,0.0,2.384597620999557,0.021295849061389482,0.3749999999999999,-0.3537041509386104,0.7469408248187893,0.0,0.0,-0.12821092767947556,-0.2750000000000003,0.14678907232052474,0.3472817834238068,0.0,1.0,0.22025408920934963,0.225,-0.004745910790650371,0.023588256082302698,0.0,1.0,-0.0444490431390045,0.0,-0.0444490431390045,0.7927051999714425,0.0,1.0,0.013521937020757338,0.18382361327435373,0.0459149451572019,0.21145347459462888,0.06282703069530503,0.13769647707956992,1.096305237346987,3.1109779246133047,13.283738947936582,38.50879304272932,0.5542486945075393,0.5505879610188047,0.9116759965118532,-0.0036607334887346354,,,
causal_interference_detection,misspecified_exposure,4,ok,480.0,24.0,0.38333333333333336,4.754166603088379,8.0,20.0,20.0,0.39413773148148146,0.2940629158894052,1.0,1.0,148.88559231752464,57.69555684804076,73.94193839311865,62.438327991433404,96.0,27.0,2.811962380338201,0.6333333333333333,0.0,0.0,0.0,0.06666666666666667,0.0,0.0,0.0,0.0,0.0,0.0,0.0,-0.01957783160427999,0.22808580282733218,0.25054062410024097,0.22688452184488692,-0.00938351554678665,0.2268845218448869,0.6666666666666666,0.5,0.4681769659859017,1.0,0.0,0.0,0.0,0.0,0.26666666666666666,0.02915329575537507,0.14251697827526033,0.39163848771714727,0.6944444444444444,0.25,-0.12729682908536682,0.1439073043899858,-0.13312605904952518,0.14701550101940936,1.0,0.0,-0.05039516437176095,0.2467788380219397,0.21166164110002217,0.0,0.5555555555555556,0.31321761250198393,0.7517832069522731,0.0,0.0,0.11308622366809222,0.0,2.7696943460032344,-0.0019252188939025972,0.37499999999999983,-0.3769252188939024,0.9340253205218418,0.0,0.0,-0.003090123853307508,-0.27499999999999986,0.2719098761466924,0.953408290787279,0.0,0.0,0.10659795003067818,0.22500000000000012,-0.11840204996932194,0.24408192799859962,0.0,1.0,0.145106066299412,0.0,0.145106066299412,0.1697415940512621,0.0,1.0,0.04657033496472272,0.2467788380219397,0.006176858727293025,0.2674694067747529,0.15279113041522363,0.25702807357363605,1.2028491304028743,1.899002404977443,8.481271002682236,20.52694858477161,0.4424765818446282,0.436073085198988,0.9224990165240271,-0.006403496645640161,,,
causal_interference_detection,noisy_relation_matrix,0,ok,480.0,24.0,0.5833333333333334,4.020833492279053,7.0,20.0,20.0,0.5694670860210657,0.36004925331846005,1.0,1.0,89.48094666249172,45.80846867753046,50.25074625512753,116.77820858121791,46.0,17.0,5.631162591444504,0.23333333333333334,0.0,0.0,0.0,0.06666666666666667,0.0,0.0,0.0,0.0,0.0,0.0,0.0,-0.008655296184055798,0.12334581534589494,0.1242329180646613,0.12970138207312373,0.002232556665864305,0.1297013820731237,1.0,1.0,0.5227285178278669,1.0,0.0,0.0,0.0,0.0,0.16666666666666666,0.011613333301264565,0.09130439396337534,0.228306593254301,0.8888888888888888,0.75,0.03518168908948133,0.07143298738334102,0.044292209960992625,0.14904449052938976,0.75,1.0,0.23990687718206757,0.1166625366521447,0.013000072891230233,0.0,1.0,0.19450364420517793,0.9051500512003087,0.1827956989247312,0.0,0.12626292701156205,0.0,2.399155744991731,0.2554940901695464,0.3750000000000001,-0.11950590983045373,0.19602715535724202,0.0,1.0,-0.14876404167562093,-0.2749999999999998,0.12623595832437887,0.23642774937293665,0.0,1.0,0.32814507999929965,0.22500000000000026,0.1031450799992994,0.10044534560979328,0.0,1.0,-0.14449631322944773,0.0,-0.14449631322944773,0.2160740478077503,0.0,1.0,0.07576510737203206,0.10948572204239357,0.08109465435977772,0.1166625366521447,-0.05596517270440808,0.19379896298035548,1.1205587308266125,3.5323946061491345,17.018687111970355,50.0,0.5214048310117083,0.5248887571489007,0.8528205463775017,0.0034839261371923946,,,
causal_interference_detection,noisy_relation_matrix,1,ok,480.0,24.0,0.4708333333333333,4.1875,7.0,20.0,20.0,0.4661682567821714,0.33498452767685416,1.0,1.0,113.75968927360962,59.37626675157942,55.59267408534648,101.8266665350152,48.0,30.0,15.862388796101058,0.03333333333333333,0.0,1.0,1.0,0.06666666666666667,0.0,1.0,0.6666666666666666,0.8,0.0,0.0,0.0,-0.06208474534792928,0.09934466315329123,0.10395669726627356,0.09670567122438614,-0.052478566409661906,0.09670567122438613,1.0,1.0,0.5475602639061609,1.0,1.0,0.6666666666666666,0.8,1.0,0.03333333333333333,0.005344562364429666,0.05531284494230872,0.20451440074040056,0.9444444444444444,0.5,0.10315563345847745,0.1146846980243131,0.10499187912285679,0.15903519800531166,1.0,0.0,-0.10074177309729634,0.09450355620075605,0.07154376569061857,0.0,0.8888888888888888,0.18204513173644254,0.9358288240778518,0.17687661777394306,0.0,0.1322609333106669,0.0,2.451898810992134,0.4495198356107237,0.3749999999999998,0.0745198356107239,0.011513739123328643,1.0,1.0,-0.4241034558018071,-0.27500000000000013,-0.14910345580180695,0.0009810979373723427,1.0,1.0,0.1249414540719734,0.2250000000000007,-0.10005854592802729,0.2238522684265858,0.0,1.0,-0.07369681527260678,0.0,-0.07369681527260678,0.660637721549504,0.0,1.0,0.08768656933204896,0.09736060639645892,0.03079323566473085,0.09450355620075605,0.11130924038581318,0.1672849190721835,1.1330258484548559,3.122586123539667,8.241652902487877,50.0,0.5522448720320283,0.5626121414832261,0.8998838647242804,0.010367269451197814,,,
causal_interference_detection,noisy_relation_matrix,2,ok,480.0,24.0,0.49166666666666664,4.145833492279053,7.0,20.0,20.0,0.5127324297241798,0.3370247282479589,1.0,1.0,92.34839855297042,66.67131628460743,50.13287087294028,117.80934710120512,42.0,31.0,13.701387650731382,0.03333333333333333,0.0,1.0,1.0,0.23333333333333334,0.0,0.0,0.0,0.0,0.0,0.0,0.0,-0.04726917869110807,0.1616858486524702,0.18195146157047914,0.19191039866307477,-0.04861068645505886,0.19191039866307477,1.0,0.75,0.44089508807852607,1.0,0.0,0.0,0.0,0.0,0.16666666666666666,0.009138442086706404,0.08020672885891662,0.2128491436554717,0.9722222222222222,0.75,0.024276622981292545,0.07867327352366531,-0.013339499552855669,0.14652509936899893,1.0,0.0,0.04450262407519705,0.1776905347025213,0.08445027674871826,0.0,1.0,0.1361582716244286,0.905029802033467,0.18245004344048654,0.0,0.10649639808660052,0.0,2.355436309997458,0.16600559838829004,0.37499999999999944,-0.2089944016117094,0.10690937908440115,0.0,0.0,-0.046166660077275434,-0.2749999999999997,0.22883333992272425,0.8421874779285174,0.0,1.0,0.20586246722448295,0.22500000000000023,-0.019137532775517274,0.018876399131618992,0.0,1.0,-0.18977812029992985,0.0,-0.18977812029992985,0.04937540391259458,0.0,1.0,0.04279950257294051,0.17898458843271092,0.030423618608941397,0.1776905347025213,-0.044089196536124864,0.29574054476917927,1.0838417366612145,2.3580323285055282,12.782043126935982,50.0,0.5766549186310903,0.5859411563990522,0.8845900431164859,0.009286237767961891,,,
causal_interference_detection,noisy_relation_matrix,3,ok,480.0,24.0,0.5541666666666667,4.1875,7.0,20.0,20.0,0.5475092525180663,0.37982299214201776,1.0,1.0,90.75540507378592,42.531503046256795,37.92531757448297,119.05167739382532,47.0,16.0,9.361481615695338,0.03333333333333333,0.0,1.0,1.0,0.13333333333333333,0.0,0.0,0.0,0.0,0.0,0.0,0.0,-0.08273051128447222,0.1153119647771011,0.1253945744164881,0.1217465750467907,-0.07923528939461022,0.1217465750467907,1.0,1.0,0.6225537851309202,1.0,0.0,0.0,0.0,0.0,0.16666666666666666,0.008899130818406216,0.07237049585066889,0.22157646969410916,1.0,1.0,0.015874086361167855,0.08095964716957577,0.044752751426186434,0.07902626617653608,1.0,0.0,-0.06382034554338714,0.12532600126173657,0.0657781969278593,0.0,0.8888888888888888,0.163051515097562,0.9379753139881287,0.17372515125324114,0.0,0.15037531041809665,0.0,2.6480101909983205,0.30608566285953853,0.3749999999999999,-0.06891433714046136,0.0800973551393224,0.0,1.0,-0.20983709301474257,-0.2750000000000003,0.06516290698525773,0.1364237720895048,0.0,1.0,0.04763969327061873,0.225,-0.17736030672938127,0.8529889849691061,0.0,1.0,-0.14981030825330396,0.0,-0.14981030825330396,0.2730826557654643,0.0,1.0,-0.015678435016597707,0.13898314459092084,0.0005142146140504553,0.12532600126173657,-0.0015679866132490457,0.1655405632284359,1.0526255895831855,1.4444407903909013,12.963125249340745,36.538553958800364,0.5549993386173614,0.5581571268675387,0.8807740955912156,0.003157788250177318,,,
causal_interference_detection,noisy_relation_matrix,4,ok,480.0,24.0,0.45416666666666666,4.3125,7.0,20.0,20.0,0.4431694667025783,0.35211971035316786,1.0,1.0,115.44311007776425,51.43443479039993,53.70777161094825,92.79332704499654,57.0,28.0,9.298434184781685,0.06666666666666667,0.0,0.0,1.0,0.03333333333333333,1.0,1.0,1.0,1.0,0.0,1.0,0.0,-0.029055715093207434,0.08105607223575259,0.10768817553023416,0.09173614368792947,-0.02532213834462163,0.09173614368792947,1.0,1.0,0.38176367502376035,1.0,1.0,0.6666666666666666,0.8,1.0,0.03333333333333333,0.012954679588824998,0.08933251193718154,0.351079560312558,0.8611111111111112,0.5,0.03168509196979766,0.08685095327637068,0.10012443276973461,0.1397805730178505,1.0,0.0,-0.11481098270842145,0.10070541014188705,0.10405319427495201,0.0,1.0,0.12805064252469142,0.9384829438309108,0.1806020066889632,0.0,0.09221344807337208,0.0,2.47814112699416,0.18786100308369297,0.37499999999999983,-0.18713899691630687,0.03736356714865143,1.0,1.0,-0.2926659470263797,-0.27499999999999986,-0.017665947026379858,0.020651212803677654,1.0,1.0,0.3290007142850904,0.22500000000000012,0.1040007142850903,0.012962474742372578,1.0,1.0,-0.015418630715233325,0.0,-0.015418630715233325,0.8052932785948879,0.0,1.0,0.0385180524420255,0.12244774893883026,0.059445984630878156,0.10070541014188705,0.04906322248247745,0.16677001565656793,1.0738389682360712,1.781833365545289,13.08359470136657,50.0,0.4083962690848105,0.4108623373207851,0.9103671514476366,0.002466068235974561,,,
causal_interference_detection,interference_outside_W,0,ok,480.0,24.0,0.45625,4.429166793823242,7.0,20.0,20.0,0.4690645362132498,0.32304832091021446,1.0,1.0,111.79022703115494,71.97246591372237,67.5364481280895,87.36547022234171,60.0,36.0,9.629258856288928,0.06666666666666667,0.0,0.0,1.0,0.03333333333333333,1.0,1.0,0.3333333333333333,0.5,0.0,0.0,0.0,0.023159942699504388,0.0999322927530975,0.10521081071421629,0.11174258320716607,0.021713971639996284,0.11174258320716605,1.0,1.0,0.4339757262444158,1.0,1.0,0.6666666666666666,0.8,1.0,0.03333333333333333,0.00770920356493951,0.06970083701503879,0.22522460748888526,0.9166666666666666,1.0,0.030043757507587948,0.03955157629670121,0.0917297700846669,0.11582633539054876,1.0,0.0,-0.04159191895186626,0.11047373365426985,0.0967098623922827,0.0,1.0,0.11820135711912932,0.9511048081555631,0.11930405965202982,0.0,0.10482505464840963,0.0,2.6062568219931563,0.32421417781640055,0.3750000000000001,-0.05078582218359956,0.006110803184669637,1.0,1.0,-0.13147158119342697,-0.2749999999999998,0.14352841880657283,0.4629396587361433,0.0,1.0,0.12224112207641358,0.22500000000000026,-0.10275887792358668,0.15132428010355164,0.0,1.0,0.10265605209863096,0.0,0.10265605209863096,0.37715985416827624,0.0,1.0,0.13800382541683362,0.1176428010308935,0.10890961289147512,0.11047373365426985,0.036299449100133066,0.08073921266815128,1.2123912923675617,2.552622146130175,13.065446751847174,50.0,0.5461979908825605,0.5560594696620746,0.8947966691060325,0.009861478779514155,,,
causal_interference_detection,interference_outside_W,1,ok,480.0,24.0,0.5020833333333333,4.616666793823242,8.0,20.0,20.0,0.49366193950963555,0.3516226817242961,1.0,1.0,104.21697259331471,55.48744357925917,51.75012634343821,110.68267887916721,51.0,27.0,17.00518603555567,0.03333333333333333,0.0,1.0,1.0,0.03333333333333333,1.0,1.0,0.3333333333333333,0.5,0.0,0.0,0.0,-0.042950995527364956,0.13474937662358988,0.14496805965762566,0.14400114362292443,-0.05042785408037927,0.14400114362292443,1.0,1.0,0.4733237542676305,1.0,1.0,0.3333333333333333,0.5,1.0,0.03333333333333333,0.012321620373911667,0.08739042098723702,0.25638496904355773,0.8888888888888888,0.75,-0.11789189013358764,0.19159899941401748,-0.11677662758274843,0.14017662453747173,1.0,0.0,-0.12900038911395778,0.1479198555400997,0.1301167829657847,0.0,0.8888888888888888,0.08683161487813958,0.975780430900796,0.11501597444089456,0.0,0.11432940924338902,0.0,2.2101886800082866,0.32831688524403585,0.3749999999999998,-0.04668311475596393,0.002249809035316654,1.0,1.0,-0.09140323780755025,-0.27500000000000013,0.18359676219244989,0.38573463745155023,0.0,1.0,0.08680567712260329,0.2250000000000007,-0.1381943228773974,0.6285261273211276,0.0,1.0,-0.17052330666854837,0.0,-0.17052330666854837,0.344989220712865,0.0,1.0,0.023468394349066803,0.1288964268813014,0.03633743472007325,0.1479198555400997,0.012808012255513992,0.14430572063997657,1.0436644706260791,2.4739229132989973,17.84013190037134,49.830070266807695,0.5534896429688213,0.5609468152070711,0.9116293844495866,0.007457172238249821,,,
causal_interference_detection,interference_outside_W,2,ok,480.0,24.0,0.5104166666666666,4.570833206176758,8.0,20.0,20.0,0.5011336665377542,0.31507279755374706,1.0,1.0,109.32947936529204,59.58376241520617,65.3771885262904,103.21218109630252,59.0,28.0,28.13480528534418,0.03333333333333333,0.0,1.0,1.0,0.03333333333333333,1.0,1.0,0.6666666666666666,0.8,0.0,0.0,0.0,-0.07555947281071498,0.11906882526289796,0.144635737060288,0.15300096432450747,-0.0822726447646994,0.15300096432450747,0.6666666666666666,1.0,0.4851043512380082,1.0,1.0,0.6666666666666666,0.8,1.0,0.03333333333333333,0.00840186593862157,0.076282628867735,0.18459869699674106,0.9722222222222222,0.75,0.1432588992264772,0.14491165903691614,0.15746016173743071,0.1715631793958987,0.75,1.0,0.003147324327359289,0.1400213358451689,0.10781908637631239,0.0,0.7777777777777778,0.13180441449497823,0.9490825879813078,0.11603545527800162,0.0,0.11717496406715175,0.0,2.201876015999005,0.3625409824106399,0.37499999999999944,-0.012459017589359522,0.0007118452927928022,1.0,1.0,-0.18798129509563374,-0.2749999999999997,0.08701870490436595,0.020976579637230174,1.0,1.0,-0.013209912604101204,0.22500000000000023,-0.23820991260410143,0.8633585045818178,0.0,1.0,-0.13858766595376493,0.0,-0.13858766595376493,0.16714080161899825,0.0,1.0,-0.019175535619541037,0.16749858163340967,0.009330393826990191,0.1400213358451689,0.08312837490599997,0.16015588118485966,1.1178297862128612,3.4774422556379574,9.640273495157603,50.0,0.5966784254628977,0.5987273870935594,0.9054862963653507,0.0020489616306617053,,,
causal_interference_detection,interference_outside_W,3,ok,480.0,24.0,0.5583333333333333,4.616666793823242,8.0,20.0,20.0,0.5386409677277787,0.32503612976090374,1.0,1.0,98.20486974896964,60.020516094211985,53.02939728705262,128.87814704066466,60.0,38.0,9.498640695149467,0.03333333333333333,0.0,1.0,1.0,0.03333333333333333,1.0,0.0,0.0,0.0,0.0,0.0,0.0,0.1455843025599215,0.17573361305467777,0.2002174375651931,0.19902748904429557,0.14043728859959392,0.19902748904429557,1.0,0.75,0.4540268118647343,0.0,0.0,0.0,0.0,0.0,0.13333333333333333,0.012760277154247057,0.0940301692449343,0.24751260125936775,0.8888888888888888,0.75,0.024200613389618486,0.05591085486390678,-0.04402646326309657,0.2066253969257762,0.75,1.0,0.37628228999792307,0.19701048925110842,0.16771779865734845,0.0,0.8888888888888888,0.18539162801417042,0.9626969637451583,0.11501597444089456,0.0,0.10966831204462182,0.0,2.450865321996389,0.31470137901048734,0.3749999999999999,-0.06029862098951255,0.02501197450898491,0.0,1.0,-0.16734426286805743,-0.2750000000000003,0.10765573713194287,0.16966764140856516,0.0,1.0,0.460705166603085,0.225,0.23570516660308502,0.052879114968263696,0.0,1.0,0.2992749274941706,0.0,0.2992749274941706,0.046942944052616016,0.0,0.0,0.20493309092132733,0.17647734265277168,0.22702619076981448,0.19701048925110842,0.07593402795615307,0.2239816393436076,1.2326171131860204,2.8436716843324588,26.94291311960611,50.0,0.5158027309152522,0.5195092605487955,0.8952177075985279,0.003706529633543343,,,
causal_interference_detection,interference_outside_W,4,ok,480.0,24.0,0.3541666666666667,4.754166603088379,8.0,20.0,20.0,0.3476214542701615,0.28475528603136463,1.0,1.0,165.5518570400561,56.693082929603875,75.45560277729614,52.8868915563944,99.0,28.0,8.729790938911973,0.03333333333333333,0.0,1.0,1.0,0.03333333333333333,1.0,1.0,0.3333333333333333,0.5,0.0,0.0,0.0,-0.1383388432814005,0.1383388432814005,0.17228555174319463,0.14658176489536417,-0.12029268026987444,0.14658176489536417,1.0,1.0,0.4859676984569894,1.0,0.0,0.0,0.0,0.0,0.1,0.008865195041288673,0.07748246402323775,0.19730217147383938,0.9722222222222222,1.0,0.05291221959521217,0.1710532361132738,0.09157566252571372,0.17268451714850866,1.0,0.0,0.0500577894843861,0.190170597478934,0.059128115551491923,0.0,1.0,0.13997583257375393,0.9630454347253035,0.11206225680933853,0.0,0.11738350204275108,0.0,2.4844003339967458,0.08105160674114706,0.37499999999999983,-0.2939483932588528,0.7577240776502681,0.0,1.0,-0.434111042345648,-0.27499999999999986,-0.15911104234564816,0.009104587212188429,1.0,1.0,0.2062974293163531,0.22500000000000012,-0.01870257068364703,0.08284637794214583,0.0,1.0,-0.08159336683745397,0.0,-0.08159336683745397,0.5809777975930324,0.0,1.0,-0.021557942966437146,0.12830768748786436,-0.07040324218611937,0.190170597478934,0.06957259038763455,0.04694555686315395,1.1248420292612662,1.37715353527354,6.170259840285667,41.82555167524664,0.40654106775761567,0.40170114573424065,0.9147812623900902,-0.004839922023375021,,,
causal_interference_detection,policy_shift,0,ok,480.0,24.0,0.4979166666666667,4.429166793823242,7.0,20.0,20.0,0.510258848131971,0.33760297754632906,1.0,1.0,108.68085767523192,63.56460851049065,57.07543321134559,97.35080844188535,60.0,35.0,14.014447391220479,0.03333333333333333,0.0,1.0,1.0,0.03333333333333333,1.0,0.6666666666666666,0.6666666666666666,0.6666666666666666,0.3333333333333333,0.0,1.0,0.09642584004888864,0.17531248528075838,0.17720893834941864,0.18592598601772378,0.105292597150827,0.18592598601772378,1.0,0.75,0.41882007359186046,1.0,0.6666666666666666,0.6666666666666666,0.6666666666666666,1.0,0.03333333333333333,0.012614223559395787,0.08458337945371434,0.29738596875240775,0.8055555555555556,0.5,-0.08691514472402725,0.14596462606892274,-0.04746434211421932,0.11526018330375341,1.0,0.0,0.10642192920457098,0.18210255010868712,0.075223228333671,0.0,1.0,0.13546024781053564,1.0,0.0,0.0,0.10116426898354118,0.0,2.5164619120041607,0.5882267017203334,0.3750000000000001,0.2132267017203333,0.00047540275890065416,1.0,0.0,-0.09088187641917322,-0.2749999999999998,0.18411812358082658,0.2565941504565742,0.0,1.0,0.3711318253581344,0.22500000000000026,0.14613182535813413,0.01077666712442724,1.0,1.0,-0.1577732904637395,0.0,-0.1577732904637395,0.032348195482199395,1.0,1.0,0.17153207839677215,0.18503950659023322,0.17361618268560947,0.18210255010868712,0.16039466880631026,0.30226251697171497,1.1915403050700288,3.095704063349467,11.079355543146571,50.0,0.556995335865059,0.5647566167956939,0.8847161364518902,0.007761280930634884,0.050293788829777905,1.0,0.0
causal_interference_detection,policy_shift,1,ok,480.0,24.0,0.5208333333333334,4.616666793823242,8.0,20.0,20.0,0.52466280276988,0.3270662328947761,1.0,1.0,84.4890909922499,73.4118456073941,61.855086756178025,118.15062512377617,44.0,47.0,15.796963937414843,0.03333333333333333,0.0,1.0,1.0,0.03333333333333333,1.0,1.0,0.6666666666666666,0.8,0.0,0.0,0.0,0.002557486963528366,0.09019990143937985,0.09553814021638991,0.09951927595456858,0.012338588222998177,0.09951927595456858,1.0,1.0,0.4176672115222033,1.0,1.0,1.0,1.0,1.0,0.03333333333333333,0.005473014211677539,0.06258918191410086,0.15961898377979594,1.0,1.0,0.06820597130663253,0.09351199200112063,0.1333408919405886,0.1925984401609873,0.75,1.0,0.1744664020229668,0.08545213421530783,0.08221930531359949,0.0,1.0,0.08343607759186286,0.9999999999999998,0.0,0.0,0.10088579988459018,0.0,2.486335321998922,0.4281220610661685,0.3749999999999998,0.053122061066168735,0.0009394812619569304,1.0,1.0,-0.34266774600706945,-0.27500000000000013,-0.06766774600706932,0.0066242146339349755,1.0,1.0,0.11738291705536705,0.2250000000000007,-0.10761708294463365,0.08262741071250776,0.0,1.0,0.1323927157396477,0.0,0.1323927157396477,0.29486278467787874,0.0,1.0,0.09707550018229671,0.07812533293123598,0.08854707914918215,0.08545213421530783,0.1353020872375304,0.10173454059228247,1.1440578547632951,3.096609389230933,17.08688697145341,50.0,0.5126445812329673,0.5293092374295084,0.8810472099571773,0.016664656196541117,0.10613784111923126,1.0,0.0
causal_interference_detection,policy_shift,2,ok,480.0,24.0,0.6645833333333333,4.570833206176758,8.0,20.0,20.0,0.6935348331620326,0.30157138318211646,1.0,1.0,44.82943535162094,60.13473197005679,42.07747294704641,159.26277379071948,25.0,28.0,10.591455385688135,0.03333333333333333,0.0,1.0,1.0,0.03333333333333333,1.0,1.0,0.3333333333333333,0.5,0.0,0.0,0.0,-0.29280035757671946,0.29280035757671946,0.29750652172778586,0.3118807370275457,-0.30839646587318903,0.3118807370275457,0.6666666666666666,0.25,0.5297024154503153,1.0,1.0,0.3333333333333333,0.5,1.0,0.03333333333333333,0.02932312872832772,0.14744180109460855,0.3389623227677472,0.8055555555555556,0.75,0.05332206603208062,0.07440861731101235,0.2797326712853897,0.29904308539387736,0.5,1.0,0.38815461161987114,0.3101869623950451,0.11225438572819345,0.0,0.7777777777777778,0.20742990456227006,1.0,0.0,0.0,0.1279474433454868,0.0,2.4625836570048705,0.08084035542631529,0.37499999999999944,-0.29415964457368415,0.48290591147300455,0.0,0.0,-0.6475771664657926,-0.2749999999999997,-0.37257716646579286,0.006603715249899087,1.0,0.0,-0.054200850274277235,0.22500000000000023,-0.27920085027427743,0.903486158179611,0.0,0.0,-0.2252637689931234,0.0,-0.2252637689931234,0.20833806081321093,0.0,1.0,-0.15008697606135746,0.23884266261478695,-0.22074220321249235,0.3101869623950451,-0.013312298650222279,0.12152784981660411,1.3669586303130914,4.647862165924044,21.527709822291833,42.61633684590373,0.5663939441885548,0.5617654597173042,0.8485374050203167,-0.004628484471250638,0.13655896657066668,1.0,0.0
causal_interference_detection,policy_shift,3,ok,480.0,24.0,0.5291666666666667,4.616666793823242,8.0,20.0,20.0,0.5290133152585921,0.3398158139948638,1.0,1.0,89.12603630510068,64.26697855917891,55.97781471483338,112.55831272028772,42.0,36.0,25.246757591306316,0.03333333333333333,0.0,1.0,1.0,0.03333333333333333,1.0,1.0,0.6666666666666666,0.8,0.0,0.0,0.0,0.036217956586297194,0.07885248407598056,0.10033358952520684,0.09937422905554968,0.03135129308793339,0.09937422905554968,1.0,1.0,0.49702480763496826,1.0,1.0,1.0,1.0,1.0,0.03333333333333333,0.004271207892361627,0.04755176727121018,0.18086259112021275,0.9166666666666666,0.75,0.08188008301029101,0.09391889503772155,0.09707688482293897,0.12693133655395955,1.0,0.0,-0.008698518137834673,0.09188532356680451,0.11427383391736991,0.0,1.0,0.10087011490940168,1.0,0.0,0.0,0.12005430136110345,0.0,2.382517457008362,0.2897309450206332,0.3749999999999999,-0.08526905497936671,0.024486697554743714,1.0,1.0,-0.23916079110431931,-0.2750000000000003,0.035839208895680985,0.08075872224774092,0.0,1.0,0.40226165371862777,0.225,0.17726165371862776,0.0005696096171115107,1.0,1.0,0.017040018710246733,0.0,0.017040018710246733,0.8565291738188285,0.0,1.0,0.07343160596128119,0.097131626840915,0.10736342089836828,0.09188532356680451,0.06619604672620139,0.13146268017152538,1.1185559838672403,3.1844257737398003,13.431030858215495,43.17131559374383,0.5449291393549528,0.5551413957271891,0.8933700174964628,0.010212256372236328,0.07695613474372694,1.0,0.0
causal_interference_detection,policy_shift,4,ok,480.0,24.0,0.38333333333333336,4.754166603088379,8.0,20.0,20.0,0.39501697589909085,0.2961728881533198,1.0,1.0,149.8021562947968,58.26567955224791,71.23562935212401,64.7065444591405,86.0,25.0,8.444353100464415,0.1,0.0,0.0,1.0,0.03333333333333333,1.0,0.0,0.0,0.0,0.0,0.0,0.0,0.0018193712501215695,0.07251440935917941,0.07448614280024599,0.06605004256556918,0.003529304780881929,0.06605004256556918,1.0,1.0,0.4421812902040488,1.0,0.0,0.0,0.0,0.0,0.06666666666666667,0.006451614066686057,0.061302824251618655,0.22360081514428468,0.9444444444444444,0.75,-0.10242854649919157,0.16783737459295325,-0.08877828184026859,0.11372100457771239,1.0,0.0,0.07231179443409304,0.06481521594456843,0.12458114126779644,0.0,1.0,0.24603408633232254,1.0,0.0,0.0,0.1068070749285142,0.0,2.479646253006649,0.2816619460531951,0.37499999999999983,-0.09333805394680472,0.041535876268643655,0.0,1.0,-0.20843573799714987,-0.27499999999999986,0.06656426200284998,0.04512816700457335,0.0,1.0,0.17694797772868917,0.22500000000000012,-0.048052022271310946,0.11111419796195415,0.0,1.0,0.08210329921575196,0.0,0.08210329921575196,0.3548629995450001,0.0,1.0,0.11137282205684719,0.07907825098611235,0.07137600533127088,0.06481521594456843,0.1728298835731183,0.25993972564748474,1.1639874225692908,1.6244900409809322,10.231339188923187,19.135202137111918,0.4302952898473247,0.4400131176426803,0.9067653339794698,0.009717827795355627,0.07925961982429865,1.0,0.0
