scenario,task,seed,method,absolute_residual
external_appliances_energy,static_ate,87000000,Pretrained soft router,0.029160274737035086
external_appliances_energy,static_ate,87000000,Pretrained hard top-1,0.08114148886738792
external_appliances_energy,static_ate,87000000,Temperature-scaled router,0.036162493513542004
external_appliances_energy,static_ate,87000000,Uniform expert mean,0.0968045899099253
external_appliances_energy,static_ate,87000000,Median expert,0.0008725651925943767
external_appliances_energy,static_ate,87000000,Best fixed expert,0.08114148886738792
external_appliances_energy,static_ate,87000000,Metadata-only selector,0.08114148886738792
external_appliances_energy,static_ate,87000000,Shallow risk selector,0.08114148886738792
external_appliances_energy,static_ate,87000000,Convex stack,0.04857312656277346
external_appliances_energy,static_ate,87000000,Expert: linear,0.0008725651925943767
external_appliances_energy,static_ate,87000000,Expert: orthogonal,0.643865836543455
external_appliances_energy,static_ate,87000000,Expert: spline,0.10485221655903831
external_appliances_energy,static_ate,87000000,Expert: interaction,0.08114148886738792
external_appliances_energy,static_ate,87000000,Expert: piecewise,0.025278253240003434
external_appliances_energy,static_ate,87000000,Linear g-computation,0.0008867362165742576
external_appliances_energy,static_ate,87000000,Random forest g-computation,0.3288318705848389
external_appliances_energy,static_ate,87000000,Spline g-computation,0.10485221655903831
external_appliances_energy,static_ate,87000000,Interaction g-computation,0.08114148886738792
external_appliances_energy,static_ate,87000000,AIPW,0.643865836543455
external_appliances_energy,static_ate,87000000,DR learner (spline nuisances),0.052894329057215195
external_appliances_energy,static_ate,87000001,Pretrained soft router,0.18736419136341742
external_appliances_energy,static_ate,87000001,Pretrained hard top-1,0.25849081960355513
external_appliances_energy,static_ate,87000001,Temperature-scaled router,0.19293160013259592
external_appliances_energy,static_ate,87000001,Uniform expert mean,0.18426383224164722
external_appliances_energy,static_ate,87000001,Median expert,0.18329228845273726
external_appliances_energy,static_ate,87000001,Best fixed expert,0.25849081960355513
external_appliances_energy,static_ate,87000001,Metadata-only selector,0.25849081960355513
external_appliances_energy,static_ate,87000001,Shallow risk selector,0.1357777902189421
external_appliances_energy,static_ate,87000001,Convex stack,0.18323070737695257
external_appliances_energy,static_ate,87000001,Expert: linear,0.1357777902189421
external_appliances_energy,static_ate,87000001,Expert: orthogonal,0.15835197654401534
external_appliances_energy,static_ate,87000001,Expert: spline,0.18540628638898604
external_appliances_energy,static_ate,87000001,Expert: interaction,0.25849081960355513
external_appliances_energy,static_ate,87000001,Expert: piecewise,0.18329228845273726
external_appliances_energy,static_ate,87000001,Linear g-computation,0.13578652544409742
external_appliances_energy,static_ate,87000001,Random forest g-computation,0.20404048510602196
external_appliances_energy,static_ate,87000001,Spline g-computation,0.18540628638898604
external_appliances_energy,static_ate,87000001,Interaction g-computation,0.25849081960355513
external_appliances_energy,static_ate,87000001,AIPW,0.15835197654401534
external_appliances_energy,static_ate,87000001,DR learner (spline nuisances),0.34468502135302537
external_appliances_energy,static_ate,87000002,Pretrained soft router,0.00925016796030892
external_appliances_energy,static_ate,87000002,Pretrained hard top-1,0.022495770879406296
external_appliances_energy,static_ate,87000002,Temperature-scaled router,0.01861152168366148
external_appliances_energy,static_ate,87000002,Uniform expert mean,0.04872372107921186
external_appliances_energy,static_ate,87000002,Median expert,0.022495770879406296
external_appliances_energy,static_ate,87000002,Best fixed expert,0.022495770879406296
external_appliances_energy,static_ate,87000002,Metadata-only selector,0.022495770879406296
external_appliances_energy,static_ate,87000002,Shallow risk selector,0.15540968818249162
external_appliances_energy,static_ate,87000002,Convex stack,0.07606624762018488
external_appliances_energy,static_ate,87000002,Expert: linear,0.06842943472446855
external_appliances_energy,static_ate,87000002,Expert: orthogonal,0.4425846393626744
external_appliances_energy,static_ate,87000002,Expert: spline,0.15540968818249162
external_appliances_energy,static_ate,87000002,Expert: interaction,0.022495770879406296
external_appliances_energy,static_ate,87000002,Expert: piecewise,0.04736885981975142
external_appliances_energy,static_ate,87000002,Linear g-computation,0.06843786415522163
external_appliances_energy,static_ate,87000002,Random forest g-computation,0.28191111078166875
external_appliances_energy,static_ate,87000002,Spline g-computation,0.15540968818249162
external_appliances_energy,static_ate,87000002,Interaction g-computation,0.022495770879406296
external_appliances_energy,static_ate,87000002,AIPW,0.4425846393626744
external_appliances_energy,static_ate,87000002,DR learner (spline nuisances),0.07291671988457799
external_appliances_energy,static_ate,87000003,Pretrained soft router,0.2954279398560304
external_appliances_energy,static_ate,87000003,Pretrained hard top-1,0.2183110063065929
external_appliances_energy,static_ate,87000003,Temperature-scaled router,0.22845841091698424
external_appliances_energy,static_ate,87000003,Uniform expert mean,0.34695503014225193
external_appliances_energy,static_ate,87000003,Median expert,0.2183110063065929
external_appliances_energy,static_ate,87000003,Best fixed expert,0.17285172092813678
external_appliances_energy,static_ate,87000003,Metadata-only selector,0.17285172092813678
external_appliances_energy,static_ate,87000003,Shallow risk selector,0.20136005628008075
external_appliances_energy,static_ate,87000003,Convex stack,0.2001302227878677
external_appliances_energy,static_ate,87000003,Expert: linear,0.20136005628008075
external_appliances_energy,static_ate,87000003,Expert: orthogonal,0.8573753778924389
external_appliances_energy,static_ate,87000003,Expert: spline,0.2183110063065929
external_appliances_energy,static_ate,87000003,Expert: interaction,0.17285172092813678
external_appliances_energy,static_ate,87000003,Expert: piecewise,0.28487698930401034
external_appliances_energy,static_ate,87000003,Linear g-computation,0.20133941995074994
external_appliances_energy,static_ate,87000003,Random forest g-computation,0.3725137199132208
external_appliances_energy,static_ate,87000003,Spline g-computation,0.2183110063065929
external_appliances_energy,static_ate,87000003,Interaction g-computation,0.17285172092813678
external_appliances_energy,static_ate,87000003,AIPW,0.8573753778924389
external_appliances_energy,static_ate,87000003,DR learner (spline nuisances),0.380666596630613
external_appliances_energy,static_ate,87000004,Pretrained soft router,0.006541527730076158
external_appliances_energy,static_ate,87000004,Pretrained hard top-1,0.05254642105435742
external_appliances_energy,static_ate,87000004,Temperature-scaled router,0.013897342417694802
external_appliances_energy,static_ate,87000004,Uniform expert mean,0.02390163802767381
external_appliances_energy,static_ate,87000004,Median expert,0.02595635318422901
external_appliances_energy,static_ate,87000004,Best fixed expert,0.05254642105435742
external_appliances_energy,static_ate,87000004,Metadata-only selector,0.05254642105435742
external_appliances_energy,static_ate,87000004,Shallow risk selector,0.05254642105435742
external_appliances_energy,static_ate,87000004,Convex stack,0.01624514473047156
external_appliances_energy,static_ate,87000004,Expert: linear,0.031603375438207515
external_appliances_energy,static_ate,87000004,Expert: orthogonal,0.1347154583897649
external_appliances_energy,static_ate,87000004,Expert: spline,0.04298617505694019
external_appliances_energy,static_ate,87000004,Expert: interaction,0.05254642105435742
external_appliances_energy,static_ate,87000004,Expert: piecewise,0.02595635318422901
external_appliances_energy,static_ate,87000004,Linear g-computation,0.03159473466536483
external_appliances_energy,static_ate,87000004,Random forest g-computation,0.2727785927238587
external_appliances_energy,static_ate,87000004,Spline g-computation,0.04298617505694019
external_appliances_energy,static_ate,87000004,Interaction g-computation,0.05254642105435742
external_appliances_energy,static_ate,87000004,AIPW,0.1347154583897649
external_appliances_energy,static_ate,87000004,DR learner (spline nuisances),0.09858016217813192
external_appliances_energy,static_ate,87000005,Pretrained soft router,0.24360520293156318
external_appliances_energy,static_ate,87000005,Pretrained hard top-1,0.15794447280568435
external_appliances_energy,static_ate,87000005,Temperature-scaled router,0.2190631159238956
external_appliances_energy,static_ate,87000005,Uniform expert mean,0.25859171740812614
external_appliances_energy,static_ate,87000005,Median expert,0.23144394375485733
external_appliances_energy,static_ate,87000005,Best fixed expert,0.1977206639210637
external_appliances_energy,static_ate,87000005,Metadata-only selector,0.1977206639210637
external_appliances_energy,static_ate,87000005,Shallow risk selector,0.26380682207745865
external_appliances_energy,static_ate,87000005,Convex stack,0.21725897145120762
external_appliances_energy,static_ate,87000005,Expert: linear,0.26380682207745865
external_appliances_energy,static_ate,87000005,Expert: orthogonal,0.4420426844815667
external_appliances_energy,static_ate,87000005,Expert: spline,0.15794447280568435
external_appliances_energy,static_ate,87000005,Expert: interaction,0.1977206639210637
external_appliances_energy,static_ate,87000005,Expert: piecewise,0.23144394375485733
external_appliances_energy,static_ate,87000005,Linear g-computation,0.26380914331476024
external_appliances_energy,static_ate,87000005,Random forest g-computation,0.34365860636524564
external_appliances_energy,static_ate,87000005,Spline g-computation,0.15794447280568435
external_appliances_energy,static_ate,87000005,Interaction g-computation,0.1977206639210637
external_appliances_energy,static_ate,87000005,AIPW,0.4420426844815667
external_appliances_energy,static_ate,87000005,DR learner (spline nuisances),0.013611254888259428
external_appliances_energy,static_ate,87000006,Pretrained soft router,0.03575895293068054
external_appliances_energy,static_ate,87000006,Pretrained hard top-1,0.11422459144633201
external_appliances_energy,static_ate,87000006,Temperature-scaled router,0.095824917081681
external_appliances_energy,static_ate,87000006,Uniform expert mean,0.007422711360045409
external_appliances_energy,static_ate,87000006,Median expert,0.11230645437281517
external_appliances_energy,static_ate,87000006,Best fixed expert,0.11230645437281517
external_appliances_energy,static_ate,87000006,Metadata-only selector,0.11230645437281517
external_appliances_energy,static_ate,87000006,Shallow risk selector,0.11230645437281517
external_appliances_energy,static_ate,87000006,Convex stack,0.12820689646074446
external_appliances_energy,static_ate,87000006,Expert: linear,0.14984957237284569
external_appliances_energy,static_ate,87000006,Expert: orthogonal,0.47702933739382836
external_appliances_energy,static_ate,87000006,Expert: spline,0.11422459144633201
external_appliances_energy,static_ate,87000006,Expert: interaction,0.11230645437281517
external_appliances_energy,static_ate,87000006,Expert: piecewise,0.0635351624016085
external_appliances_energy,static_ate,87000006,Linear g-computation,0.14987024373053182
external_appliances_energy,static_ate,87000006,Random forest g-computation,0.20801395442547876
external_appliances_energy,static_ate,87000006,Spline g-computation,0.11422456164400963
external_appliances_energy,static_ate,87000006,Interaction g-computation,0.11230642457049278
external_appliances_energy,static_ate,87000006,AIPW,0.47702933739382836
external_appliances_energy,static_ate,87000006,DR learner (spline nuisances),0.13315521798231578
external_appliances_energy,static_ate,87000007,Pretrained soft router,0.2402433045876765
external_appliances_energy,static_ate,87000007,Pretrained hard top-1,0.37019339291288256
external_appliances_energy,static_ate,87000007,Temperature-scaled router,0.3281115946512576
external_appliances_energy,static_ate,87000007,Uniform expert mean,0.1734908082885921
external_appliances_energy,static_ate,87000007,Median expert,0.3033699103994548
external_appliances_energy,static_ate,87000007,Best fixed expert,0.378208787123698
external_appliances_energy,static_ate,87000007,Metadata-only selector,0.378208787123698
external_appliances_energy,static_ate,87000007,Shallow risk selector,0.37019339291288256
external_appliances_energy,static_ate,87000007,Convex stack,0.34055364581292724
external_appliances_energy,static_ate,87000007,Expert: linear,0.3033699103994548
external_appliances_energy,static_ate,87000007,Expert: orthogonal,0.45998741598890425
external_appliances_energy,static_ate,87000007,Expert: spline,0.37019339291288256
external_appliances_energy,static_ate,87000007,Expert: interaction,0.378208787123698
external_appliances_energy,static_ate,87000007,Expert: piecewise,0.27566936699582933
external_appliances_energy,static_ate,87000007,Linear g-computation,0.3034111425860422
external_appliances_energy,static_ate,87000007,Random forest g-computation,0.1116951166373803
external_appliances_energy,static_ate,87000007,Spline g-computation,0.37019339291288256
external_appliances_energy,static_ate,87000007,Interaction g-computation,0.378208787123698
external_appliances_energy,static_ate,87000007,AIPW,0.45998741598890425
external_appliances_energy,static_ate,87000007,DR learner (spline nuisances),0.15757196186699762
external_appliances_energy,static_ate,87000008,Pretrained soft router,0.02039534929831599
external_appliances_energy,static_ate,87000008,Pretrained hard top-1,0.14628634507028493
external_appliances_energy,static_ate,87000008,Temperature-scaled router,0.13164318695237037
external_appliances_energy,static_ate,87000008,Uniform expert mean,0.13048227971227733
external_appliances_energy,static_ate,87000008,Median expert,0.07607600743142995
external_appliances_energy,static_ate,87000008,Best fixed expert,0.14628634507028493
external_appliances_energy,static_ate,87000008,Metadata-only selector,0.14628634507028493
external_appliances_energy,static_ate,87000008,Shallow risk selector,0.07607600743142995
external_appliances_energy,static_ate,87000008,Convex stack,0.0873294860630548
external_appliances_energy,static_ate,87000008,Expert: linear,0.048736489361209
external_appliances_energy,static_ate,87000008,Expert: orthogonal,1.1769793862644014
external_appliances_energy,static_ate,87000008,Expert: spline,0.07607600743142995
external_appliances_energy,static_ate,87000008,Expert: interaction,0.14628634507028493
external_appliances_energy,static_ate,87000008,Expert: piecewise,0.25346914584009084
external_appliances_energy,static_ate,87000008,Linear g-computation,0.04873409262439704
external_appliances_energy,static_ate,87000008,Random forest g-computation,0.28567983569983185
external_appliances_energy,static_ate,87000008,Spline g-computation,0.07607603723375234
external_appliances_energy,static_ate,87000008,Interaction g-computation,0.14628633016912373
external_appliances_energy,static_ate,87000008,AIPW,1.1769793862644014
external_appliances_energy,static_ate,87000008,DR learner (spline nuisances),0.16015459079591404
external_appliances_energy,static_ate,87000009,Pretrained soft router,0.5062889479063765
external_appliances_energy,static_ate,87000009,Pretrained hard top-1,0.5150288344109003
external_appliances_energy,static_ate,87000009,Temperature-scaled router,0.5662234905014991
external_appliances_energy,static_ate,87000009,Uniform expert mean,0.404615059562916
external_appliances_energy,static_ate,87000009,Median expert,0.6193712652409021
external_appliances_energy,static_ate,87000009,Best fixed expert,0.5150288344109003
external_appliances_energy,static_ate,87000009,Metadata-only selector,0.5150288344109003
external_appliances_energy,static_ate,87000009,Shallow risk selector,0.6670539528810923
external_appliances_energy,static_ate,87000009,Convex stack,0.6119519854990713
external_appliances_energy,static_ate,87000009,Expert: linear,0.6381450743162577
external_appliances_energy,static_ate,87000009,Expert: orthogonal,0.4165238290345724
external_appliances_energy,static_ate,87000009,Expert: spline,0.6670539528810923
external_appliances_energy,static_ate,87000009,Expert: interaction,0.5150288344109003
external_appliances_energy,static_ate,87000009,Expert: piecewise,0.6193712652409021
external_appliances_energy,static_ate,87000009,Linear g-computation,0.6381586918447995
external_appliances_energy,static_ate,87000009,Random forest g-computation,0.415441090297009
external_appliances_energy,static_ate,87000009,Spline g-computation,0.6670539528810923
external_appliances_energy,static_ate,87000009,Interaction g-computation,0.5150288344109003
external_appliances_energy,static_ate,87000009,AIPW,0.4165238886392172
external_appliances_energy,static_ate,87000009,DR learner (spline nuisances),0.48536072420162923
external_appliances_energy,static_ate,87000010,Pretrained soft router,0.16141762320508313
external_appliances_energy,static_ate,87000010,Pretrained hard top-1,0.04633095025143208
external_appliances_energy,static_ate,87000010,Temperature-scaled router,0.06869000321086588
external_appliances_energy,static_ate,87000010,Uniform expert mean,0.23287638484558643
external_appliances_energy,static_ate,87000010,Median expert,0.052123121014447826
external_appliances_energy,static_ate,87000010,Best fixed expert,0.030217417487291676
external_appliances_energy,static_ate,87000010,Metadata-only selector,0.030217417487291676
external_appliances_energy,static_ate,87000010,Shallow risk selector,0.030217417487291676
external_appliances_energy,static_ate,87000010,Convex stack,0.03174622037168362
external_appliances_energy,static_ate,87000010,Expert: linear,0.052123121014447826
external_appliances_energy,static_ate,87000010,Expert: orthogonal,0.9021343207272011
external_appliances_energy,static_ate,87000010,Expert: spline,0.04633095025143208
external_appliances_energy,static_ate,87000010,Expert: interaction,0.030217417487291676
external_appliances_energy,static_ate,87000010,Expert: piecewise,0.19401094972214283
external_appliances_energy,static_ate,87000010,Linear g-computation,0.05210104436499924
external_appliances_energy,static_ate,87000010,Random forest g-computation,0.2990094417949496
external_appliances_energy,static_ate,87000010,Spline g-computation,0.04633095025143208
external_appliances_energy,static_ate,87000010,Interaction g-computation,0.030217417487291676
external_appliances_energy,static_ate,87000010,AIPW,0.9021343505295235
external_appliances_energy,static_ate,87000010,DR learner (spline nuisances),0.1587033152516325
external_appliances_energy,static_ate,87000011,Pretrained soft router,0.007317172518874537
external_appliances_energy,static_ate,87000011,Pretrained hard top-1,0.0512397098359656
external_appliances_energy,static_ate,87000011,Temperature-scaled router,0.03300987758282159
external_appliances_energy,static_ate,87000011,Uniform expert mean,0.0549531537112784
external_appliances_energy,static_ate,87000011,Median expert,0.010317106265108622
external_appliances_energy,static_ate,87000011,Best fixed expert,0.0512397098359656
external_appliances_energy,static_ate,87000011,Metadata-only selector,0.0512397098359656
external_appliances_energy,static_ate,87000011,Shallow risk selector,0.13920876802829985
external_appliances_energy,static_ate,87000011,Convex stack,0.05230733461669518
external_appliances_energy,static_ate,87000011,Expert: linear,0.13920876802829985
external_appliances_energy,static_ate,87000011,Expert: orthogonal,0.45481805084319826
external_appliances_energy,static_ate,87000011,Expert: spline,0.010317106265108622
external_appliances_energy,static_ate,87000011,Expert: interaction,0.0512397098359656
external_appliances_energy,static_ate,87000011,Expert: piecewise,0.08176611782936338
external_appliances_energy,static_ate,87000011,Linear g-computation,0.1392173682731187
external_appliances_energy,static_ate,87000011,Random forest g-computation,0.27593238401760045
external_appliances_energy,static_ate,87000011,Spline g-computation,0.010317106265108622
external_appliances_energy,static_ate,87000011,Interaction g-computation,0.0512397098359656
external_appliances_energy,static_ate,87000011,AIPW,0.45481805084319826
external_appliances_energy,static_ate,87000011,DR learner (spline nuisances),0.08420644720924098
external_appliances_energy,static_ate,87000012,Pretrained soft router,0.037873113258161784
external_appliances_energy,static_ate,87000012,Pretrained hard top-1,0.11824040031978922
external_appliances_energy,static_ate,87000012,Temperature-scaled router,0.047908074215199936
external_appliances_energy,static_ate,87000012,Uniform expert mean,0.032090415721629406
external_appliances_energy,static_ate,87000012,Median expert,0.01634232616970377
external_appliances_energy,static_ate,87000012,Best fixed expert,0.11824040031978922
external_appliances_energy,static_ate,87000012,Metadata-only selector,0.11824040031978922
external_appliances_energy,static_ate,87000012,Shallow risk selector,0.11824040031978922
external_appliances_energy,static_ate,87000012,Convex stack,0.042723930372762675
external_appliances_energy,static_ate,87000012,Expert: linear,0.010753258233760166
external_appliances_energy,static_ate,87000012,Expert: orthogonal,0.005981490844990445
external_appliances_energy,static_ate,87000012,Expert: spline,0.021097584729884433
external_appliances_energy,static_ate,87000012,Expert: interaction,0.11824040031978922
external_appliances_energy,static_ate,87000012,Expert: piecewise,0.01634232616970377
external_appliances_energy,static_ate,87000012,Linear g-computation,0.010789488890600607
external_appliances_energy,static_ate,87000012,Random forest g-computation,0.23354900439482867
external_appliances_energy,static_ate,87000012,Spline g-computation,0.021097584729884433
external_appliances_energy,static_ate,87000012,Interaction g-computation,0.11824040031978922
external_appliances_energy,static_ate,87000012,AIPW,0.005981490844990445
external_appliances_energy,static_ate,87000012,DR learner (spline nuisances),0.02518021648866048
external_appliances_energy,static_ate,87000013,Pretrained soft router,0.38407490494674634
external_appliances_energy,static_ate,87000013,Pretrained hard top-1,0.33382493360562
external_appliances_energy,static_ate,87000013,Temperature-scaled router,0.37704760627565265
external_appliances_energy,static_ate,87000013,Uniform expert mean,0.38808465477207427
external_appliances_energy,static_ate,87000013,Median expert,0.4262010921783534
external_appliances_energy,static_ate,87000013,Best fixed expert,0.29716952993197115
external_appliances_energy,static_ate,87000013,Metadata-only selector,0.29716952993197115
external_appliances_energy,static_ate,87000013,Shallow risk selector,0.45033669015986594
external_appliances_energy,static_ate,87000013,Convex stack,0.3996677888898296
external_appliances_energy,static_ate,87000013,Expert: linear,0.45033669015986594
external_appliances_energy,static_ate,87000013,Expert: orthogonal,0.43289102798456075
external_appliances_energy,static_ate,87000013,Expert: spline,0.4262010921783534
external_appliances_energy,static_ate,87000013,Expert: interaction,0.29716952993197115
external_appliances_energy,static_ate,87000013,Expert: piecewise,0.33382493360562
external_appliances_energy,static_ate,87000013,Linear g-computation,0.45033941979243425
external_appliances_energy,static_ate,87000013,Random forest g-computation,0.4255844038122697
external_appliances_energy,static_ate,87000013,Spline g-computation,0.4262010921783534
external_appliances_energy,static_ate,87000013,Interaction g-computation,0.29716952993197115
external_appliances_energy,static_ate,87000013,AIPW,0.43289102798456075
external_appliances_energy,static_ate,87000013,DR learner (spline nuisances),0.5730483534143974
external_appliances_energy,static_ate,87000014,Pretrained soft router,0.07526999337469337
external_appliances_energy,static_ate,87000014,Pretrained hard top-1,0.023039363441118066
external_appliances_energy,static_ate,87000014,Temperature-scaled router,0.018670443665101455
external_appliances_energy,static_ate,87000014,Uniform expert mean,0.15216462474788078
external_appliances_energy,static_ate,87000014,Median expert,0.023039363441118066
external_appliances_energy,static_ate,87000014,Best fixed expert,0.023039363441118066
external_appliances_energy,static_ate,87000014,Metadata-only selector,0.023039363441118066
external_appliances_energy,static_ate,87000014,Shallow risk selector,0.023039363441118066
external_appliances_energy,static_ate,87000014,Convex stack,0.02797168917258841
external_appliances_energy,static_ate,87000014,Expert: linear,0.04369854193652517
external_appliances_energy,static_ate,87000014,Expert: orthogonal,0.7312605009647692
external_appliances_energy,static_ate,87000014,Expert: spline,0.013963066157945458
external_appliances_energy,static_ate,87000014,Expert: interaction,0.023039363441118066
external_appliances_energy,static_ate,87000014,Expert: piecewise,0.05113834876095408
external_appliances_energy,static_ate,87000014,Linear g-computation,0.04372119915067818
external_appliances_energy,static_ate,87000014,Random forest g-computation,0.24972337073498027
external_appliances_energy,static_ate,87000014,Spline g-computation,0.013963066157945458
external_appliances_energy,static_ate,87000014,Interaction g-computation,0.023039363441118066
external_appliances_energy,static_ate,87000014,AIPW,0.7312605009647692
external_appliances_energy,static_ate,87000014,DR learner (spline nuisances),0.1790169542144391
external_appliances_energy,static_ate,87000015,Pretrained soft router,0.10887233807474456
external_appliances_energy,static_ate,87000015,Pretrained hard top-1,0.06681779417553041
external_appliances_energy,static_ate,87000015,Temperature-scaled router,0.09830530902520312
external_appliances_energy,static_ate,87000015,Uniform expert mean,0.1167169162944803
external_appliances_energy,static_ate,87000015,Median expert,0.11371779832401369
external_appliances_energy,static_ate,87000015,Best fixed expert,0.13923380169429872
external_appliances_energy,static_ate,87000015,Metadata-only selector,0.13923380169429872
external_appliances_energy,static_ate,87000015,Shallow risk selector,0.13923380169429872
external_appliances_energy,static_ate,87000015,Convex stack,0.0942745565028088
external_appliances_energy,static_ate,87000015,Expert: linear,0.056627962918663954
external_appliances_energy,static_ate,87000015,Expert: orthogonal,0.20718722435989473
external_appliances_energy,static_ate,87000015,Expert: spline,0.11371779832401369
external_appliances_energy,static_ate,87000015,Expert: interaction,0.13923380169429872
external_appliances_energy,static_ate,87000015,Expert: piecewise,0.06681779417553041
external_appliances_energy,static_ate,87000015,Linear g-computation,0.056627536098488696
external_appliances_energy,static_ate,87000015,Random forest g-computation,0.3156170618080903
external_appliances_energy,static_ate,87000015,Spline g-computation,0.11371779832401369
external_appliances_energy,static_ate,87000015,Interaction g-computation,0.13923380169429872
external_appliances_energy,static_ate,87000015,AIPW,0.20718722435989473
external_appliances_energy,static_ate,87000015,DR learner (spline nuisances),0.1390593364391358
external_appliances_energy,static_ate,87000016,Pretrained soft router,0.12764711220027092
external_appliances_energy,static_ate,87000016,Pretrained hard top-1,0.18223777906341487
external_appliances_energy,static_ate,87000016,Temperature-scaled router,0.12499835978042995
external_appliances_energy,static_ate,87000016,Uniform expert mean,0.1320403863613122
external_appliances_energy,static_ate,87000016,Median expert,0.12114590899391109
external_appliances_energy,static_ate,87000016,Best fixed expert,0.18223777906341487
external_appliances_energy,static_ate,87000016,Metadata-only selector,0.18223777906341487
external_appliances_energy,static_ate,87000016,Shallow risk selector,0.12114590899391109
external_appliances_energy,static_ate,87000016,Convex stack,0.12503443613336535
external_appliances_energy,static_ate,87000016,Expert: linear,0.09495959178848201
external_appliances_energy,static_ate,87000016,Expert: orthogonal,0.18565729753417903
external_appliances_energy,static_ate,87000016,Expert: spline,0.12114590899391109
external_appliances_energy,static_ate,87000016,Expert: interaction,0.18223777906341487
external_appliances_energy,static_ate,87000016,Expert: piecewise,0.07620135442657405
external_appliances_energy,static_ate,87000016,Linear g-computation,0.09493937075178144
external_appliances_energy,static_ate,87000016,Random forest g-computation,0.16252312504043526
external_appliances_energy,static_ate,87000016,Spline g-computation,0.12114590899391109
external_appliances_energy,static_ate,87000016,Interaction g-computation,0.18223777906341487
external_appliances_energy,static_ate,87000016,AIPW,0.18565729753417903
external_appliances_energy,static_ate,87000016,DR learner (spline nuisances),0.29353072503810496
external_appliances_energy,static_ate,87000017,Pretrained soft router,0.13379548607067515
external_appliances_energy,static_ate,87000017,Pretrained hard top-1,0.00883337827598285
external_appliances_energy,static_ate,87000017,Temperature-scaled router,0.08409478130249293
external_appliances_energy,static_ate,87000017,Uniform expert mean,0.17021810384666158
external_appliances_energy,static_ate,87000017,Median expert,0.11259874673759174
external_appliances_energy,static_ate,87000017,Best fixed expert,0.00883337827598285
external_appliances_energy,static_ate,87000017,Metadata-only selector,0.00883337827598285
external_appliances_energy,static_ate,87000017,Shallow risk selector,0.11259874673759174
external_appliances_energy,static_ate,87000017,Convex stack,0.11635841287838555
external_appliances_energy,static_ate,87000017,Expert: linear,0.18476840825950336
external_appliances_energy,static_ate,87000017,Expert: orthogonal,0.43271234603797626
external_appliances_energy,static_ate,87000017,Expert: spline,0.11259874673759174
external_appliances_energy,static_ate,87000017,Expert: interaction,0.00883337827598285
external_appliances_energy,static_ate,87000017,Expert: piecewise,0.1121776399222536
external_appliances_energy,static_ate,87000017,Linear g-computation,0.18478972188659482
external_appliances_energy,static_ate,87000017,Random forest g-computation,0.22446764656560034
external_appliances_energy,static_ate,87000017,Spline g-computation,0.11259874673759174
external_appliances_energy,static_ate,87000017,Interaction g-computation,0.00883337827598285
external_appliances_energy,static_ate,87000017,AIPW,0.43271234603797626
external_appliances_energy,static_ate,87000017,DR learner (spline nuisances),0.11936284736449942
external_appliances_energy,static_ate,87000018,Pretrained soft router,0.21994225068636197
external_appliances_energy,static_ate,87000018,Pretrained hard top-1,0.24152422309086274
external_appliances_energy,static_ate,87000018,Temperature-scaled router,0.2533124933376125
external_appliances_energy,static_ate,87000018,Uniform expert mean,0.16695025473997543
external_appliances_energy,static_ate,87000018,Median expert,0.24152422309086274
external_appliances_energy,static_ate,87000018,Best fixed expert,0.24152422309086274
external_appliances_energy,static_ate,87000018,Metadata-only selector,0.24152422309086274
external_appliances_energy,static_ate,87000018,Shallow risk selector,0.24152422309086274
external_appliances_energy,static_ate,87000018,Convex stack,0.25587784611011766
external_appliances_energy,static_ate,87000018,Expert: linear,0.24126646280453157
external_appliances_energy,static_ate,87000018,Expert: orthogonal,0.2427591049654727
external_appliances_energy,static_ate,87000018,Expert: spline,0.29072367012665223
external_appliances_energy,static_ate,87000018,Expert: interaction,0.24152422309086274
external_appliances_energy,static_ate,87000018,Expert: piecewise,0.3039960226433034
external_appliances_energy,static_ate,87000018,Linear g-computation,0.24126059683039572
external_appliances_energy,static_ate,87000018,Random forest g-computation,0.3535648680300168
external_appliances_energy,static_ate,87000018,Spline g-computation,0.29072367012665223
external_appliances_energy,static_ate,87000018,Interaction g-computation,0.24152422309086274
external_appliances_energy,static_ate,87000018,AIPW,0.2427591049654727
external_appliances_energy,static_ate,87000018,DR learner (spline nuisances),0.32742481662767686
external_appliances_energy,static_ate,87000019,Pretrained soft router,0.003221317740541796
external_appliances_energy,static_ate,87000019,Pretrained hard top-1,0.029643804695385967
external_appliances_energy,static_ate,87000019,Temperature-scaled router,0.0013237199986622095
external_appliances_energy,static_ate,87000019,Uniform expert mean,0.001161517832499459
external_appliances_energy,static_ate,87000019,Median expert,0.037405640747326885
external_appliances_energy,static_ate,87000019,Best fixed expert,0.029643804695385967
external_appliances_energy,static_ate,87000019,Metadata-only selector,0.029643804695385967
external_appliances_energy,static_ate,87000019,Shallow risk selector,0.20956088516495797
external_appliances_energy,static_ate,87000019,Convex stack,0.012175664070837366
external_appliances_energy,static_ate,87000019,Expert: linear,0.075781465437192
external_appliances_energy,static_ate,87000019,Expert: orthogonal,0.037405640747326885
external_appliances_energy,static_ate,87000019,Expert: spline,0.20956088516495797
external_appliances_energy,static_ate,87000019,Expert: interaction,0.029643804695385967
external_appliances_energy,static_ate,87000019,Expert: piecewise,0.06092238512255577
external_appliances_energy,static_ate,87000019,Linear g-computation,0.07578876121429445
external_appliances_energy,static_ate,87000019,Random forest g-computation,0.3410803625027071
external_appliances_energy,static_ate,87000019,Spline g-computation,0.20956088516495797
external_appliances_energy,static_ate,87000019,Interaction g-computation,0.029643804695385967
external_appliances_energy,static_ate,87000019,AIPW,0.03740567054964927
external_appliances_energy,static_ate,87000019,DR learner (spline nuisances),0.17433004372350247
external_appliances_energy,static_ate,87000020,Pretrained soft router,0.1785329231645959
external_appliances_energy,static_ate,87000020,Pretrained hard top-1,0.14884058796052446
external_appliances_energy,static_ate,87000020,Temperature-scaled router,0.15876247018590772
external_appliances_energy,static_ate,87000020,Uniform expert mean,0.1962749775517415
external_appliances_energy,static_ate,87000020,Median expert,0.16432027183656206
external_appliances_energy,static_ate,87000020,Best fixed expert,0.14884058796052446
external_appliances_energy,static_ate,87000020,Metadata-only selector,0.14884058796052446
external_appliances_energy,static_ate,87000020,Shallow risk selector,0.14063469730500688
external_appliances_energy,static_ate,87000020,Convex stack,0.153936616820043
external_appliances_energy,static_ate,87000020,Expert: linear,0.16432027183656206
external_appliances_energy,static_ate,87000020,Expert: orthogonal,0.3614991124737691
external_appliances_energy,static_ate,87000020,Expert: spline,0.14063469730500688
external_appliances_energy,static_ate,87000020,Expert: interaction,0.14884058796052446
external_appliances_energy,static_ate,87000020,Expert: piecewise,0.16608021818284502
external_appliances_energy,static_ate,87000020,Linear g-computation,0.16437362054294558
external_appliances_energy,static_ate,87000020,Random forest g-computation,0.2582154836791735
external_appliances_energy,static_ate,87000020,Spline g-computation,0.14063469730500688
external_appliances_energy,static_ate,87000020,Interaction g-computation,0.14884058796052446
external_appliances_energy,static_ate,87000020,AIPW,0.3614991124737691
external_appliances_energy,static_ate,87000020,DR learner (spline nuisances),0.0878648711188012
external_appliances_energy,static_ate,87000021,Pretrained soft router,0.055035647456699754
external_appliances_energy,static_ate,87000021,Pretrained hard top-1,0.07914836726912677
external_appliances_energy,static_ate,87000021,Temperature-scaled router,0.044671813926216386
external_appliances_energy,static_ate,87000021,Uniform expert mean,0.06573407672175585
external_appliances_energy,static_ate,87000021,Median expert,0.07914836726912677
external_appliances_energy,static_ate,87000021,Best fixed expert,0.07914836726912677
external_appliances_energy,static_ate,87000021,Metadata-only selector,0.07914836726912677
external_appliances_energy,static_ate,87000021,Shallow risk selector,0.045505061967460514
external_appliances_energy,static_ate,87000021,Convex stack,0.07357682966788409
external_appliances_energy,static_ate,87000021,Expert: linear,0.09336520753630817
external_appliances_energy,static_ate,87000021,Expert: orthogonal,0.15474838040599048
external_appliances_energy,static_ate,87000021,Expert: spline,0.045505061967460514
external_appliances_energy,static_ate,87000021,Expert: interaction,0.07914836726912677
external_appliances_energy,static_ate,87000021,Expert: piecewise,0.044096633570106625
external_appliances_energy,static_ate,87000021,Linear g-computation,0.0933562481446526
external_appliances_energy,static_ate,87000021,Random forest g-computation,0.32750519142878254
external_appliances_energy,static_ate,87000021,Spline g-computation,0.045505061967460514
external_appliances_energy,static_ate,87000021,Interaction g-computation,0.07914836726912677
external_appliances_energy,static_ate,87000021,AIPW,0.15474838040599048
external_appliances_energy,static_ate,87000021,DR learner (spline nuisances),0.18350108470705934
external_appliances_energy,static_ate,87000022,Pretrained soft router,0.020086697417356192
external_appliances_energy,static_ate,87000022,Pretrained hard top-1,0.10839816878992864
external_appliances_energy,static_ate,87000022,Temperature-scaled router,0.0735639562932176
external_appliances_energy,static_ate,87000022,Uniform expert mean,0.14067583133023437
external_appliances_energy,static_ate,87000022,Median expert,0.05120474051195928
external_appliances_energy,static_ate,87000022,Best fixed expert,0.10839816878992864
external_appliances_energy,static_ate,87000022,Metadata-only selector,0.10839816878992864
external_appliances_energy,static_ate,87000022,Shallow risk selector,0.1090444619532282
external_appliances_energy,static_ate,87000022,Convex stack,0.09008520026330841
external_appliances_energy,static_ate,87000022,Expert: linear,0.1090444619532282
external_appliances_energy,static_ate,87000022,Expert: orthogonal,0.9345650677804296
external_appliances_energy,static_ate,87000022,Expert: spline,0.05120474051195928
external_appliances_energy,static_ate,87000022,Expert: interaction,0.10839816878992864
external_appliances_energy,static_ate,87000022,Expert: piecewise,0.037461460125858104
external_appliances_energy,static_ate,87000022,Linear g-computation,0.10901437911792328
external_appliances_energy,static_ate,87000022,Random forest g-computation,0.35705630233923474
external_appliances_energy,static_ate,87000022,Spline g-computation,0.05120474051195928
external_appliances_energy,static_ate,87000022,Interaction g-computation,0.10839816878992864
external_appliances_energy,static_ate,87000022,AIPW,0.9345650677804296
external_appliances_energy,static_ate,87000022,DR learner (spline nuisances),0.0969224266275131
external_appliances_energy,static_ate,87000023,Pretrained soft router,0.30742219580463337
external_appliances_energy,static_ate,87000023,Pretrained hard top-1,0.18575143565966157
external_appliances_energy,static_ate,87000023,Temperature-scaled router,0.22937440706448464
external_appliances_energy,static_ate,87000023,Uniform expert mean,0.38582831373049287
external_appliances_energy,static_ate,87000023,Median expert,0.27550661315752534
external_appliances_energy,static_ate,87000023,Best fixed expert,0.18575143565966157
external_appliances_energy,static_ate,87000023,Metadata-only selector,0.18575143565966157
external_appliances_energy,static_ate,87000023,Shallow risk selector,0.2872906302435544
external_appliances_energy,static_ate,87000023,Convex stack,0.2552573000723939
external_appliances_energy,static_ate,87000023,Expert: linear,0.2872906302435544
external_appliances_energy,static_ate,87000023,Expert: orthogonal,0.9521540378554013
external_appliances_energy,static_ate,87000023,Expert: spline,0.27550661315752534
external_appliances_energy,static_ate,87000023,Expert: interaction,0.18575143565966157
external_appliances_energy,static_ate,87000023,Expert: piecewise,0.22843885173632172
external_appliances_energy,static_ate,87000023,Linear g-computation,0.2873182054273913
external_appliances_energy,static_ate,87000023,Random forest g-computation,0.10271057129117034
external_appliances_energy,static_ate,87000023,Spline g-computation,0.27550661315752534
external_appliances_energy,static_ate,87000023,Interaction g-computation,0.18575143565966157
external_appliances_energy,static_ate,87000023,AIPW,0.9521540378554013
external_appliances_energy,static_ate,87000023,DR learner (spline nuisances),0.207382221553701
external_appliances_energy,static_ate,87000024,Pretrained soft router,0.021678603636392846
external_appliances_energy,static_ate,87000024,Pretrained hard top-1,0.09614367539923874
external_appliances_energy,static_ate,87000024,Temperature-scaled router,0.05659008052218367
external_appliances_energy,static_ate,87000024,Uniform expert mean,0.007247262644355601
external_appliances_energy,static_ate,87000024,Median expert,0.04206143076461044
external_appliances_energy,static_ate,87000024,Best fixed expert,0.09614367539923874
external_appliances_energy,static_ate,87000024,Metadata-only selector,0.09614367539923874
external_appliances_energy,static_ate,87000024,Shallow risk selector,0.04206143076461044
external_appliances_energy,static_ate,87000024,Convex stack,0.04897879306716085
external_appliances_energy,static_ate,87000024,Expert: linear,0.02453414852660385
external_appliances_energy,static_ate,87000024,Expert: orthogonal,0.2414700264211348
external_appliances_energy,static_ate,87000024,Expert: spline,0.04206143076461044
external_appliances_energy,static_ate,87000024,Expert: interaction,0.09614367539923874
external_appliances_energy,static_ate,87000024,Expert: piecewise,0.042494458508903654
external_appliances_energy,static_ate,87000024,Linear g-computation,0.02451409305190555
external_appliances_energy,static_ate,87000024,Random forest g-computation,0.2702700181816281
external_appliances_energy,static_ate,87000024,Spline g-computation,0.04206143076461044
external_appliances_energy,static_ate,87000024,Interaction g-computation,0.09614367539923874
external_appliances_energy,static_ate,87000024,AIPW,0.2414700264211348
external_appliances_energy,static_ate,87000024,DR learner (spline nuisances),0.17008792302708597
external_appliances_energy,static_ate,87000025,Pretrained soft router,0.18334694772609172
external_appliances_energy,static_ate,87000025,Pretrained hard top-1,0.018033367977735137
external_appliances_energy,static_ate,87000025,Temperature-scaled router,0.08974967858901295
external_appliances_energy,static_ate,87000025,Uniform expert mean,0.2268036784368786
external_appliances_energy,static_ate,87000025,Median expert,0.06506724895418015
external_appliances_energy,static_ate,87000025,Best fixed expert,0.00890262185156021
external_appliances_energy,static_ate,87000025,Metadata-only selector,0.00890262185156021
external_appliances_energy,static_ate,87000025,Shallow risk selector,0.06506724895418015
external_appliances_energy,static_ate,87000025,Convex stack,0.029186517053949812
external_appliances_energy,static_ate,87000025,Expert: linear,0.06506724895418015
external_appliances_energy,static_ate,87000025,Expert: orthogonal,0.782959359301928
external_appliances_energy,static_ate,87000025,Expert: spline,0.018033367977735137
external_appliances_energy,static_ate,87000025,Expert: interaction,0.00890262185156021
external_appliances_energy,static_ate,87000025,Expert: piecewise,0.3129277737575802
external_appliances_energy,static_ate,87000025,Linear g-computation,0.06504937035649372
external_appliances_energy,static_ate,87000025,Random forest g-computation,0.30608893879968885
external_appliances_energy,static_ate,87000025,Spline g-computation,0.018033367977735137
external_appliances_energy,static_ate,87000025,Interaction g-computation,0.00890262185156021
external_appliances_energy,static_ate,87000025,AIPW,0.782959359301928
external_appliances_energy,static_ate,87000025,DR learner (spline nuisances),0.16677217305454903
external_appliances_energy,static_ate,87000026,Pretrained soft router,0.16003153091843758
external_appliances_energy,static_ate,87000026,Pretrained hard top-1,0.14520520543057314
external_appliances_energy,static_ate,87000026,Temperature-scaled router,0.19010966712706046
external_appliances_energy,static_ate,87000026,Uniform expert mean,0.1305371758838355
external_appliances_energy,static_ate,87000026,Median expert,0.14932722424466005
external_appliances_energy,static_ate,87000026,Best fixed expert,0.24622482632595888
external_appliances_energy,static_ate,87000026,Metadata-only selector,0.24622482632595888
external_appliances_energy,static_ate,87000026,Shallow risk selector,0.14520520543057314
external_appliances_energy,static_ate,87000026,Convex stack,0.1775433344855789
external_appliances_energy,static_ate,87000026,Expert: linear,0.14932722424466005
external_appliances_energy,static_ate,87000026,Expert: orthogonal,0.1631530168155969
external_appliances_energy,static_ate,87000026,Expert: spline,0.14520520543057314
external_appliances_energy,static_ate,87000026,Expert: interaction,0.24622482632595888
external_appliances_energy,static_ate,87000026,Expert: piecewise,0.27508164023358217
external_appliances_energy,static_ate,87000026,Linear g-computation,0.1493647615478073
external_appliances_energy,static_ate,87000026,Random forest g-computation,0.08986081425169123
external_appliances_energy,static_ate,87000026,Spline g-computation,0.14520520543057314
external_appliances_energy,static_ate,87000026,Interaction g-computation,0.24622482632595888
external_appliances_energy,static_ate,87000026,AIPW,0.1631530168155969
external_appliances_energy,static_ate,87000026,DR learner (spline nuisances),0.009049815343710188
external_appliances_energy,static_ate,87000027,Pretrained soft router,0.01944944098349466
external_appliances_energy,static_ate,87000027,Pretrained hard top-1,0.07554234079373878
external_appliances_energy,static_ate,87000027,Temperature-scaled router,0.016441602032260527
external_appliances_energy,static_ate,87000027,Uniform expert mean,0.02677240184796853
external_appliances_energy,static_ate,87000027,Median expert,0.008510370931496203
external_appliances_energy,static_ate,87000027,Best fixed expert,0.07554234079373878
external_appliances_energy,static_ate,87000027,Metadata-only selector,0.07554234079373878
external_appliances_energy,static_ate,87000027,Shallow risk selector,0.016883810243477404
external_appliances_energy,static_ate,87000027,Convex stack,0.011812754006350457
external_appliances_energy,static_ate,87000027,Expert: linear,0.008510370931496203
external_appliances_energy,static_ate,87000027,Expert: orthogonal,0.10202522090924782
external_appliances_energy,static_ate,87000027,Expert: spline,0.016883810243477404
external_appliances_energy,static_ate,87000027,Expert: interaction,0.07554234079373878
external_appliances_energy,static_ate,87000027,Expert: piecewise,0.018311371288170397
external_appliances_energy,static_ate,87000027,Linear g-computation,0.008514937291082436
external_appliances_energy,static_ate,87000027,Random forest g-computation,0.3426819494550622
external_appliances_energy,static_ate,87000027,Spline g-computation,0.01688384004579979
external_appliances_energy,static_ate,87000027,Interaction g-computation,0.07554234079373878
external_appliances_energy,static_ate,87000027,AIPW,0.10202522090924782
external_appliances_energy,static_ate,87000027,DR learner (spline nuisances),0.007478902987099079
external_appliances_energy,static_ate,87000028,Pretrained soft router,0.4632016965638512
external_appliances_energy,static_ate,87000028,Pretrained hard top-1,0.47004420937568325
external_appliances_energy,static_ate,87000028,Temperature-scaled router,0.44676319912928003
external_appliances_energy,static_ate,87000028,Uniform expert mean,0.4737041387108006
external_appliances_energy,static_ate,87000028,Median expert,0.47004420937568325
external_appliances_energy,static_ate,87000028,Best fixed expert,0.47004420937568325
external_appliances_energy,static_ate,87000028,Metadata-only selector,0.47004420937568325
external_appliances_energy,static_ate,87000028,Shallow risk selector,0.3417581345287003
external_appliances_energy,static_ate,87000028,Convex stack,0.3953331247276869
external_appliances_energy,static_ate,87000028,Expert: linear,0.3417581345287003
external_appliances_energy,static_ate,87000028,Expert: orthogonal,0.5784608337429203
external_appliances_energy,static_ate,87000028,Expert: spline,0.3905888672319092
external_appliances_energy,static_ate,87000028,Expert: interaction,0.47004420937568325
external_appliances_energy,static_ate,87000028,Expert: piecewise,0.5876686486747899
external_appliances_energy,static_ate,87000028,Linear g-computation,0.3417633172697729
external_appliances_energy,static_ate,87000028,Random forest g-computation,0.3542299837960528
external_appliances_energy,static_ate,87000028,Spline g-computation,0.3905888672319092
external_appliances_energy,static_ate,87000028,Interaction g-computation,0.47004420937568325
external_appliances_energy,static_ate,87000028,AIPW,0.5784608337429203
external_appliances_energy,static_ate,87000028,DR learner (spline nuisances),0.3653338767305363
external_appliances_energy,static_ate,87000029,Pretrained soft router,0.055705033529136194
external_appliances_energy,static_ate,87000029,Pretrained hard top-1,0.017838332894649367
external_appliances_energy,static_ate,87000029,Temperature-scaled router,0.03782865011632697
external_appliances_energy,static_ate,87000029,Uniform expert mean,0.06863020146211612
external_appliances_energy,static_ate,87000029,Median expert,0.017838332894649367
external_appliances_energy,static_ate,87000029,Best fixed expert,0.00459030652364717
external_appliances_energy,static_ate,87000029,Metadata-only selector,0.00459030652364717
external_appliances_energy,static_ate,87000029,Shallow risk selector,0.00459030652364717
external_appliances_energy,static_ate,87000029,Convex stack,0.016055503828155016
external_appliances_energy,static_ate,87000029,Expert: linear,0.017722878697719435
external_appliances_energy,static_ate,87000029,Expert: orthogonal,0.20879482114633546
external_appliances_energy,static_ate,87000029,Expert: spline,0.017838332894649367
external_appliances_energy,static_ate,87000029,Expert: interaction,0.00459030652364717
external_appliances_energy,static_ate,87000029,Expert: piecewise,0.09420466804822908
external_appliances_energy,static_ate,87000029,Linear g-computation,0.0177197707638187
external_appliances_energy,static_ate,87000029,Random forest g-computation,0.3133213623014255
external_appliances_energy,static_ate,87000029,Spline g-computation,0.017838332894649367
external_appliances_energy,static_ate,87000029,Interaction g-computation,0.00459030652364717
external_appliances_energy,static_ate,87000029,AIPW,0.20879482114633546
external_appliances_energy,static_ate,87000029,DR learner (spline nuisances),0.1308142408374628
external_appliances_energy,static_ate,87000030,Pretrained soft router,0.06239718501172614
external_appliances_energy,static_ate,87000030,Pretrained hard top-1,0.41491568311355626
external_appliances_energy,static_ate,87000030,Temperature-scaled router,0.09906640989101384
external_appliances_energy,static_ate,87000030,Uniform expert mean,0.04467760249279057
external_appliances_energy,static_ate,87000030,Median expert,0.02075785175659145
external_appliances_energy,static_ate,87000030,Best fixed expert,0.033456059538345684
external_appliances_energy,static_ate,87000030,Metadata-only selector,0.033456059538345684
external_appliances_energy,static_ate,87000030,Shallow risk selector,0.13489363864757503
external_appliances_energy,static_ate,87000030,Convex stack,0.05867709814256988
external_appliances_energy,static_ate,87000030,Expert: linear,0.13489363864757503
external_appliances_energy,static_ate,87000030,Expert: orthogonal,0.02075785175659145
external_appliances_energy,static_ate,87000030,Expert: spline,0.06933223978378261
external_appliances_energy,static_ate,87000030,Expert: interaction,0.033456059538345684
external_appliances_energy,static_ate,87000030,Expert: piecewise,0.41491568311355626
external_appliances_energy,static_ate,87000030,Linear g-computation,0.13491340057281287
external_appliances_energy,static_ate,87000030,Random forest g-computation,0.25961271367750505
external_appliances_energy,static_ate,87000030,Spline g-computation,0.06933223978378261
external_appliances_energy,static_ate,87000030,Interaction g-computation,0.033456059538345684
external_appliances_energy,static_ate,87000030,AIPW,0.02075785175659145
external_appliances_energy,static_ate,87000030,DR learner (spline nuisances),0.11791955335220922
external_appliances_energy,static_ate,87000031,Pretrained soft router,0.3904585058722509
external_appliances_energy,static_ate,87000031,Pretrained hard top-1,0.32138848137558135
external_appliances_energy,static_ate,87000031,Temperature-scaled router,0.38433370077564394
external_appliances_energy,static_ate,87000031,Uniform expert mean,0.3931422097653214
external_appliances_energy,static_ate,87000031,Median expert,0.3703346831768814
external_appliances_energy,static_ate,87000031,Best fixed expert,0.32138848137558135
external_appliances_energy,static_ate,87000031,Metadata-only selector,0.32138848137558135
external_appliances_energy,static_ate,87000031,Shallow risk selector,0.32138848137558135
external_appliances_energy,static_ate,87000031,Convex stack,0.3565471613414167
external_appliances_energy,static_ate,87000031,Expert: linear,0.3703346831768814
external_appliances_energy,static_ate,87000031,Expert: orthogonal,0.40708064865768584
external_appliances_energy,static_ate,87000031,Expert: spline,0.3552674634426895
external_appliances_energy,static_ate,87000031,Expert: interaction,0.32138848137558135
external_appliances_energy,static_ate,87000031,Expert: piecewise,0.5116397721737687
external_appliances_energy,static_ate,87000031,Linear g-computation,0.3704336762545421
external_appliances_energy,static_ate,87000031,Random forest g-computation,0.2190249237549573
external_appliances_energy,static_ate,87000031,Spline g-computation,0.3552674634426895
external_appliances_energy,static_ate,87000031,Interaction g-computation,0.32138848137558135
external_appliances_energy,static_ate,87000031,AIPW,0.40708064865768584
external_appliances_energy,static_ate,87000031,DR learner (spline nuisances),0.12071033651761942
external_appliances_energy,static_ate,87000032,Pretrained soft router,0.03714124094415999
external_appliances_energy,static_ate,87000032,Pretrained hard top-1,0.03661436943823887
external_appliances_energy,static_ate,87000032,Temperature-scaled router,0.017003923220840045
external_appliances_energy,static_ate,87000032,Uniform expert mean,0.15355250032132078
external_appliances_energy,static_ate,87000032,Median expert,0.03661436943823887
external_appliances_energy,static_ate,87000032,Best fixed expert,0.03661436943823887
external_appliances_energy,static_ate,87000032,Metadata-only selector,0.03661436943823887
external_appliances_energy,static_ate,87000032,Shallow risk selector,0.1513676604490955
external_appliances_energy,static_ate,87000032,Convex stack,0.020704861317261514
external_appliances_energy,static_ate,87000032,Expert: linear,0.07181401939576076
external_appliances_energy,static_ate,87000032,Expert: orthogonal,0.9936226794261258
external_appliances_energy,static_ate,87000032,Expert: spline,0.1513676604490955
external_appliances_energy,static_ate,87000032,Expert: interaction,0.03661436943823887
external_appliances_energy,static_ate,87000032,Expert: piecewise,0.10969216732794834
external_appliances_energy,static_ate,87000032,Linear g-computation,0.07182830602750451
external_appliances_energy,static_ate,87000032,Random forest g-computation,0.28397564766760847
external_appliances_energy,static_ate,87000032,Spline g-computation,0.1513676604490955
external_appliances_energy,static_ate,87000032,Interaction g-computation,0.03661436943823887
external_appliances_energy,static_ate,87000032,AIPW,0.9936226794261258
external_appliances_energy,static_ate,87000032,DR learner (spline nuisances),0.22301779143203998
external_appliances_energy,static_ate,87000033,Pretrained soft router,0.20315492281674047
external_appliances_energy,static_ate,87000033,Pretrained hard top-1,0.20592058624812376
external_appliances_energy,static_ate,87000033,Temperature-scaled router,0.1894558217921281
external_appliances_energy,static_ate,87000033,Uniform expert mean,0.22705687012263548
external_appliances_energy,static_ate,87000033,Median expert,0.19720155920573484
external_appliances_energy,static_ate,87000033,Best fixed expert,0.20592058624812376
external_appliances_energy,static_ate,87000033,Metadata-only selector,0.20592058624812376
external_appliances_energy,static_ate,87000033,Shallow risk selector,0.11397464003154051
external_appliances_energy,static_ate,87000033,Convex stack,0.1774551494881655
external_appliances_energy,static_ate,87000033,Expert: linear,0.19720155920573484
external_appliances_energy,static_ate,87000033,Expert: orthogonal,0.4293474647004248
external_appliances_energy,static_ate,87000033,Expert: spline,0.11397464003154051
external_appliances_energy,static_ate,87000033,Expert: interaction,0.20592058624812376
external_appliances_energy,static_ate,87000033,Expert: piecewise,0.1888401004273535
external_appliances_energy,static_ate,87000033,Linear g-computation,0.19721060518723216
external_appliances_energy,static_ate,87000033,Random forest g-computation,0.20761106660044143
external_appliances_energy,static_ate,87000033,Spline g-computation,0.11397464003154051
external_appliances_energy,static_ate,87000033,Interaction g-computation,0.20592058624812376
external_appliances_energy,static_ate,87000033,AIPW,0.42934740509578
external_appliances_energy,static_ate,87000033,DR learner (spline nuisances),0.27386340513809
external_appliances_energy,static_ate,87000034,Pretrained soft router,0.11221158958294641
external_appliances_energy,static_ate,87000034,Pretrained hard top-1,0.21874596702058702
external_appliances_energy,static_ate,87000034,Temperature-scaled router,0.18130057515188924
external_appliances_energy,static_ate,87000034,Uniform expert mean,0.062292274107531576
external_appliances_energy,static_ate,87000034,Median expert,0.1797515355249205
external_appliances_energy,static_ate,87000034,Best fixed expert,0.16343303548295884
external_appliances_energy,static_ate,87000034,Metadata-only selector,0.16343303548295884
external_appliances_energy,static_ate,87000034,Shallow risk selector,0.21874596702058702
external_appliances_energy,static_ate,87000034,Convex stack,0.18586162711398746
external_appliances_energy,static_ate,87000034,Expert: linear,0.1797515355249205
external_appliances_energy,static_ate,87000034,Expert: orthogonal,0.44119820965330214
external_appliances_energy,static_ate,87000034,Expert: spline,0.21874596702058702
external_appliances_energy,static_ate,87000034,Expert: interaction,0.16343303548295884
external_appliances_energy,static_ate,87000034,Expert: piecewise,0.19072904216249376
external_appliances_energy,static_ate,87000034,Linear g-computation,0.1797793145504536
external_appliances_energy,static_ate,87000034,Random forest g-computation,0.2283072385934021
external_appliances_energy,static_ate,87000034,Spline g-computation,0.21874596702058702
external_appliances_energy,static_ate,87000034,Interaction g-computation,0.16343303548295884
external_appliances_energy,static_ate,87000034,AIPW,0.44119820965330214
external_appliances_energy,static_ate,87000034,DR learner (spline nuisances),0.1159636188422023
external_appliances_energy,static_ate,87000035,Pretrained soft router,0.1394384007110787
external_appliances_energy,static_ate,87000035,Pretrained hard top-1,0.014488945158573685
external_appliances_energy,static_ate,87000035,Temperature-scaled router,0.0299441101068606
external_appliances_energy,static_ate,87000035,Uniform expert mean,0.3117865882791552
external_appliances_energy,static_ate,87000035,Median expert,0.011707504836467209
external_appliances_energy,static_ate,87000035,Best fixed expert,0.014488945158573685
external_appliances_energy,static_ate,87000035,Metadata-only selector,0.014488945158573685
external_appliances_energy,static_ate,87000035,Shallow risk selector,0.03813726678714424
external_appliances_energy,static_ate,87000035,Convex stack,0.04399076570687771
external_appliances_energy,static_ate,87000035,Expert: linear,0.13057192191257805
external_appliances_energy,static_ate,87000035,Expert: orthogonal,1.4692797265924487
external_appliances_energy,static_ate,87000035,Expert: spline,0.03813726678714424
external_appliances_energy,static_ate,87000035,Expert: interaction,0.014488945158573685
external_appliances_energy,static_ate,87000035,Expert: piecewise,0.011707504836467209
external_appliances_energy,static_ate,87000035,Linear g-computation,0.13062531163659796
external_appliances_energy,static_ate,87000035,Random forest g-computation,0.31113588334767944
external_appliances_energy,static_ate,87000035,Spline g-computation,0.03813726678714424
external_appliances_energy,static_ate,87000035,Interaction g-computation,0.014488945158573685
external_appliances_energy,static_ate,87000035,AIPW,1.4692797265924487
external_appliances_energy,static_ate,87000035,DR learner (spline nuisances),0.00019569627396281986
external_appliances_energy,static_ate,87000036,Pretrained soft router,0.3012968268210091
external_appliances_energy,static_ate,87000036,Pretrained hard top-1,0.3372579410675295
external_appliances_energy,static_ate,87000036,Temperature-scaled router,0.31464631244616514
external_appliances_energy,static_ate,87000036,Uniform expert mean,0.2873882394287117
external_appliances_energy,static_ate,87000036,Median expert,0.2869879722598322
external_appliances_energy,static_ate,87000036,Best fixed expert,0.3372579410675295
external_appliances_energy,static_ate,87000036,Metadata-only selector,0.3372579410675295
external_appliances_energy,static_ate,87000036,Shallow risk selector,0.3372579410675295
external_appliances_energy,static_ate,87000036,Convex stack,0.3206078971655583
external_appliances_energy,static_ate,87000036,Expert: linear,0.27458774000437336
external_appliances_energy,static_ate,87000036,Expert: orthogonal,0.15430343598158436
external_appliances_energy,static_ate,87000036,Expert: spline,0.3838041078302391
external_appliances_energy,static_ate,87000036,Expert: interaction,0.3372579410675295
external_appliances_energy,static_ate,87000036,Expert: piecewise,0.2869879722598322
external_appliances_energy,static_ate,87000036,Linear g-computation,0.27458090072139174
external_appliances_energy,static_ate,87000036,Random forest g-computation,0.38823477745774454
external_appliances_energy,static_ate,87000036,Spline g-computation,0.3838041078302391
external_appliances_energy,static_ate,87000036,Interaction g-computation,0.3372579410675295
external_appliances_energy,static_ate,87000036,AIPW,0.15430343598158436
external_appliances_energy,static_ate,87000036,DR learner (spline nuisances),0.2442170240293729
external_appliances_energy,static_ate,87000037,Pretrained soft router,0.2117536525450383
external_appliances_energy,static_ate,87000037,Pretrained hard top-1,0.19184731887902462
external_appliances_energy,static_ate,87000037,Temperature-scaled router,0.21766703168929755
external_appliances_energy,static_ate,87000037,Uniform expert mean,0.1946350899549886
external_appliances_energy,static_ate,87000037,Median expert,0.19184731887902462
external_appliances_energy,static_ate,87000037,Best fixed expert,0.19184731887902462
external_appliances_energy,static_ate,87000037,Metadata-only selector,0.19184731887902462
external_appliances_energy,static_ate,87000037,Shallow risk selector,0.2868730221899911
external_appliances_energy,static_ate,87000037,Convex stack,0.2789483730704842
external_appliances_energy,static_ate,87000037,Expert: linear,0.2868730221899911
external_appliances_energy,static_ate,87000037,Expert: orthogonal,0.03481858027849949
external_appliances_energy,static_ate,87000037,Expert: spline,0.365963911733286
external_appliances_energy,static_ate,87000037,Expert: interaction,0.19184731887902462
external_appliances_energy,static_ate,87000037,Expert: piecewise,0.1633097772511407
external_appliances_energy,static_ate,87000037,Linear g-computation,0.28687243305241983
external_appliances_energy,static_ate,87000037,Random forest g-computation,0.34043883617562726
external_appliances_energy,static_ate,87000037,Spline g-computation,0.365963911733286
external_appliances_energy,static_ate,87000037,Interaction g-computation,0.19184731887902462
external_appliances_energy,static_ate,87000037,AIPW,0.03481858027849949
external_appliances_energy,static_ate,87000037,DR learner (spline nuisances),0.31405604758781247
external_appliances_energy,static_ate,87000038,Pretrained soft router,0.2228916753683653
external_appliances_energy,static_ate,87000038,Pretrained hard top-1,0.3551431350004063
external_appliances_energy,static_ate,87000038,Temperature-scaled router,0.23740113930915063
external_appliances_energy,static_ate,87000038,Uniform expert mean,0.21253011744135475
external_appliances_energy,static_ate,87000038,Median expert,0.20842850725763895
external_appliances_energy,static_ate,87000038,Best fixed expert,0.3551431350004063
external_appliances_energy,static_ate,87000038,Metadata-only selector,0.3551431350004063
external_appliances_energy,static_ate,87000038,Shallow risk selector,0.16164434473627665
external_appliances_energy,static_ate,87000038,Convex stack,0.22775469921972535
external_appliances_energy,static_ate,87000038,Expert: linear,0.16164434473627665
external_appliances_energy,static_ate,87000038,Expert: orthogonal,0.11864394466990091
external_appliances_energy,static_ate,87000038,Expert: spline,0.20842850725763895
external_appliances_energy,static_ate,87000038,Expert: interaction,0.3551431350004063
external_appliances_energy,static_ate,87000038,Expert: piecewise,0.21879065554255106
external_appliances_energy,static_ate,87000038,Linear g-computation,0.16167371503103423
external_appliances_energy,static_ate,87000038,Random forest g-computation,0.04011348185501207
external_appliances_energy,static_ate,87000038,Spline g-computation,0.20842850725763895
external_appliances_energy,static_ate,87000038,Interaction g-computation,0.3551431350004063
external_appliances_energy,static_ate,87000038,AIPW,0.11864394466990091
external_appliances_energy,static_ate,87000038,DR learner (spline nuisances),0.14295668855485455
external_appliances_energy,static_ate,87000039,Pretrained soft router,0.3410114717093536
external_appliances_energy,static_ate,87000039,Pretrained hard top-1,0.3108953921272202
external_appliances_energy,static_ate,87000039,Temperature-scaled router,0.30786329703165155
external_appliances_energy,static_ate,87000039,Uniform expert mean,0.3789370028449937
external_appliances_energy,static_ate,87000039,Median expert,0.3108953921272202
external_appliances_energy,static_ate,87000039,Best fixed expert,0.3108953921272202
external_appliances_energy,static_ate,87000039,Metadata-only selector,0.3108953921272202
external_appliances_energy,static_ate,87000039,Shallow risk selector,0.30502338094252784
external_appliances_energy,static_ate,87000039,Convex stack,0.2793996818169651
external_appliances_energy,static_ate,87000039,Expert: linear,0.30502338094252784
external_appliances_energy,static_ate,87000039,Expert: orthogonal,0.7376667348815842
external_appliances_energy,static_ate,87000039,Expert: spline,0.19811738414305885
external_appliances_energy,static_ate,87000039,Expert: interaction,0.3108953921272202
external_appliances_energy,static_ate,87000039,Expert: piecewise,0.34298212213057716
external_appliances_energy,static_ate,87000039,Linear g-computation,0.30500582466649756
external_appliances_energy,static_ate,87000039,Random forest g-computation,0.1892946361295847
external_appliances_energy,static_ate,87000039,Spline g-computation,0.19811744374770363
external_appliances_energy,static_ate,87000039,Interaction g-computation,0.31089533252257545
external_appliances_energy,static_ate,87000039,AIPW,0.7376667348815842
external_appliances_energy,static_ate,87000039,DR learner (spline nuisances),0.4785759811776504
external_appliances_energy,static_ate,87000040,Pretrained soft router,0.04287518787576572
external_appliances_energy,static_ate,87000040,Pretrained hard top-1,0.08620494023184988
external_appliances_energy,static_ate,87000040,Temperature-scaled router,0.08858465655617959
external_appliances_energy,static_ate,87000040,Uniform expert mean,0.0026642633952596584
external_appliances_energy,static_ate,87000040,Median expert,0.08339031949858877
external_appliances_energy,static_ate,87000040,Best fixed expert,0.08339031949858877
external_appliances_energy,static_ate,87000040,Metadata-only selector,0.08339031949858877
external_appliances_energy,static_ate,87000040,Shallow risk selector,0.08339031949858877
external_appliances_energy,static_ate,87000040,Convex stack,0.07567987620179695
external_appliances_energy,static_ate,87000040,Expert: linear,0.05910983100753042
external_appliances_energy,static_ate,87000040,Expert: orthogonal,0.41889993682284143
external_appliances_energy,static_ate,87000040,Expert: spline,0.08620494023184988
external_appliances_energy,static_ate,87000040,Expert: interaction,0.08339031949858877
external_appliances_energy,static_ate,87000040,Expert: piecewise,0.17687352910857412
external_appliances_energy,static_ate,87000040,Linear g-computation,0.05913607081351302
external_appliances_energy,static_ate,87000040,Random forest g-computation,0.22359692589951152
external_appliances_energy,static_ate,87000040,Spline g-computation,0.08620494023184988
external_appliances_energy,static_ate,87000040,Interaction g-computation,0.08339031949858877
external_appliances_energy,static_ate,87000040,AIPW,0.41889993682284143
external_appliances_energy,static_ate,87000040,DR learner (spline nuisances),0.23467259594811363
external_appliances_energy,static_ate,87000041,Pretrained soft router,0.5126083643430498
external_appliances_energy,static_ate,87000041,Pretrained hard top-1,0.5302005139206818
external_appliances_energy,static_ate,87000041,Temperature-scaled router,0.48509731960605496
external_appliances_energy,static_ate,87000041,Uniform expert mean,0.5324831803356579
external_appliances_energy,static_ate,87000041,Median expert,0.5093009200905732
external_appliances_energy,static_ate,87000041,Best fixed expert,0.43607224421848567
external_appliances_energy,static_ate,87000041,Metadata-only selector,0.43607224421848567
external_appliances_energy,static_ate,87000041,Shallow risk selector,0.4189896610592774
external_appliances_energy,static_ate,87000041,Convex stack,0.4550814701026335
external_appliances_energy,static_ate,87000041,Expert: linear,0.4189896610592774
external_appliances_energy,static_ate,87000041,Expert: orthogonal,0.7678525623892716
external_appliances_energy,static_ate,87000041,Expert: spline,0.5302005139206818
external_appliances_energy,static_ate,87000041,Expert: interaction,0.43607224421848567
external_appliances_energy,static_ate,87000041,Expert: piecewise,0.5093009200905732
external_appliances_energy,static_ate,87000041,Linear g-computation,0.41901026833362376
external_appliances_energy,static_ate,87000041,Random forest g-computation,0.3440887574941357
external_appliances_energy,static_ate,87000041,Spline g-computation,0.5302005139206818
external_appliances_energy,static_ate,87000041,Interaction g-computation,0.43607224421848567
external_appliances_energy,static_ate,87000041,AIPW,0.7678525623892716
external_appliances_energy,static_ate,87000041,DR learner (spline nuisances),0.3940837335194556
external_appliances_energy,static_ate,87000042,Pretrained soft router,0.16678397687718044
external_appliances_energy,static_ate,87000042,Pretrained hard top-1,0.18197766370698282
external_appliances_energy,static_ate,87000042,Temperature-scaled router,0.18571868326449095
external_appliances_energy,static_ate,87000042,Uniform expert mean,0.14634133703633614
external_appliances_energy,static_ate,87000042,Median expert,0.18197766370698282
external_appliances_energy,static_ate,87000042,Best fixed expert,0.18197766370698282
external_appliances_energy,static_ate,87000042,Metadata-only selector,0.18197766370698282
external_appliances_energy,static_ate,87000042,Shallow risk selector,0.21193206734582254
external_appliances_energy,static_ate,87000042,Convex stack,0.18214862011169086
external_appliances_energy,static_ate,87000042,Expert: linear,0.17821766860410043
external_appliances_energy,static_ate,87000042,Expert: orthogonal,0.026590939093386445
external_appliances_energy,static_ate,87000042,Expert: spline,0.1861702246181614
external_appliances_energy,static_ate,87000042,Expert: interaction,0.18197766370698282
external_appliances_energy,static_ate,87000042,Expert: piecewise,0.21193206734582254
external_appliances_energy,static_ate,87000042,Linear g-computation,0.17821941832731578
external_appliances_energy,static_ate,87000042,Random forest g-computation,0.33575189513949744
external_appliances_energy,static_ate,87000042,Spline g-computation,0.1861702246181614
external_appliances_energy,static_ate,87000042,Interaction g-computation,0.18197766370698282
external_appliances_energy,static_ate,87000042,AIPW,0.026590939093386445
external_appliances_energy,static_ate,87000042,DR learner (spline nuisances),0.012381488424753007
external_appliances_energy,static_ate,87000043,Pretrained soft router,0.1902309839315932
external_appliances_energy,static_ate,87000043,Pretrained hard top-1,0.19006249031641742
external_appliances_energy,static_ate,87000043,Temperature-scaled router,0.23547554158909859
external_appliances_energy,static_ate,87000043,Uniform expert mean,0.12395440957167408
external_appliances_energy,static_ate,87000043,Median expert,0.1932552876196172
external_appliances_energy,static_ate,87000043,Best fixed expert,0.19006249031641742
external_appliances_energy,static_ate,87000043,Metadata-only selector,0.19006249031641742
external_appliances_energy,static_ate,87000043,Shallow risk selector,0.25942547342398425
external_appliances_energy,static_ate,87000043,Convex stack,0.22541284920227453
external_appliances_energy,static_ate,87000043,Expert: linear,0.25942547342398425
external_appliances_energy,static_ate,87000043,Expert: orthogonal,0.3724657622852061
external_appliances_energy,static_ate,87000043,Expert: spline,0.1932552876196172
external_appliances_energy,static_ate,87000043,Expert: interaction,0.19006249031641742
external_appliances_energy,static_ate,87000043,Expert: piecewise,0.3494945587835576
external_appliances_energy,static_ate,87000043,Linear g-computation,0.25943366690497527
external_appliances_energy,static_ate,87000043,Random forest g-computation,0.3641384078139888
external_appliances_energy,static_ate,87000043,Spline g-computation,0.1932552876196172
external_appliances_energy,static_ate,87000043,Interaction g-computation,0.19006247541525623
external_appliances_energy,static_ate,87000043,AIPW,0.3724657622852061
external_appliances_energy,static_ate,87000043,DR learner (spline nuisances),0.1610907973413923
external_appliances_energy,static_ate,87000044,Pretrained soft router,0.06601512069115517
external_appliances_energy,static_ate,87000044,Pretrained hard top-1,0.06571763726010554
external_appliances_energy,static_ate,87000044,Temperature-scaled router,0.03081086777118397
external_appliances_energy,static_ate,87000044,Uniform expert mean,0.1049788591457867
external_appliances_energy,static_ate,87000044,Median expert,0.04728725524678462
external_appliances_energy,static_ate,87000044,Best fixed expert,0.06571763726010554
external_appliances_energy,static_ate,87000044,Metadata-only selector,0.06571763726010554
external_appliances_energy,static_ate,87000044,Shallow risk selector,0.025090962927196092
external_appliances_energy,static_ate,87000044,Convex stack,0.03061573123023892
external_appliances_energy,static_ate,87000044,Expert: linear,0.04728725524678462
external_appliances_energy,static_ate,87000044,Expert: orthogonal,0.4972264167858624
external_appliances_energy,static_ate,87000044,Expert: spline,0.025090962927196092
external_appliances_energy,static_ate,87000044,Expert: interaction,0.06571763726010554
external_appliances_energy,static_ate,87000044,Expert: piecewise,0.06024605063662297
external_appliances_energy,static_ate,87000044,Linear g-computation,0.04729905423637193
external_appliances_energy,static_ate,87000044,Random forest g-computation,0.19054998124516676
external_appliances_energy,static_ate,87000044,Spline g-computation,0.025090962927196092
external_appliances_energy,static_ate,87000044,Interaction g-computation,0.06571763726010554
external_appliances_energy,static_ate,87000044,AIPW,0.4972264167858624
external_appliances_energy,static_ate,87000044,DR learner (spline nuisances),0.1616981466593071
external_appliances_energy,static_ate,87000045,Pretrained soft router,0.05014578910892209
external_appliances_energy,static_ate,87000045,Pretrained hard top-1,0.12379505781311262
external_appliances_energy,static_ate,87000045,Temperature-scaled router,0.06569845639851396
external_appliances_energy,static_ate,87000045,Uniform expert mean,0.03875422028679121
external_appliances_energy,static_ate,87000045,Median expert,0.03182038215774763
external_appliances_energy,static_ate,87000045,Best fixed expert,0.159122373143618
external_appliances_energy,static_ate,87000045,Metadata-only selector,0.159122373143618
external_appliances_energy,static_ate,87000045,Shallow risk selector,0.03416553588729632
external_appliances_energy,static_ate,87000045,Convex stack,0.05116814499476585
external_appliances_energy,static_ate,87000045,Expert: linear,0.03182038215774763
external_appliances_energy,static_ate,87000045,Expert: orthogonal,0.08680117579322588
external_appliances_energy,static_ate,87000045,Expert: spline,0.03416553588729632
external_appliances_energy,static_ate,87000045,Expert: interaction,0.159122373143618
external_appliances_energy,static_ate,87000045,Expert: piecewise,0.12379505781311262
external_appliances_energy,static_ate,87000045,Linear g-computation,0.031849158945405354
external_appliances_energy,static_ate,87000045,Random forest g-computation,0.3170786064451373
external_appliances_energy,static_ate,87000045,Spline g-computation,0.03416553588729632
external_appliances_energy,static_ate,87000045,Interaction g-computation,0.159122373143618
external_appliances_energy,static_ate,87000045,AIPW,0.08680117579322588
external_appliances_energy,static_ate,87000045,DR learner (spline nuisances),0.14914592495398804
external_appliances_energy,static_ate,87000046,Pretrained soft router,0.17689136959877083
external_appliances_energy,static_ate,87000046,Pretrained hard top-1,0.1974362404319725
external_appliances_energy,static_ate,87000046,Temperature-scaled router,0.14817563843596487
external_appliances_energy,static_ate,87000046,Uniform expert mean,0.20262340914935684
external_appliances_energy,static_ate,87000046,Median expert,0.12981041979522323
external_appliances_energy,static_ate,87000046,Best fixed expert,0.05617768776149368
external_appliances_energy,static_ate,87000046,Metadata-only selector,0.05617768776149368
external_appliances_energy,static_ate,87000046,Shallow risk selector,0.12981041979522323
external_appliances_energy,static_ate,87000046,Convex stack,0.12742304945740365
external_appliances_energy,static_ate,87000046,Expert: linear,0.12981041979522323
external_appliances_energy,static_ate,87000046,Expert: orthogonal,0.5098767251941643
external_appliances_energy,static_ate,87000046,Expert: spline,0.1974362404319725
external_appliances_energy,static_ate,87000046,Expert: interaction,0.05617768776149368
external_appliances_energy,static_ate,87000046,Expert: piecewise,0.1198159725639305
external_appliances_energy,static_ate,87000046,Linear g-computation,0.12981471830641475
external_appliances_energy,static_ate,87000046,Random forest g-computation,0.3277623934798436
external_appliances_energy,static_ate,87000046,Spline g-computation,0.1974362404319725
external_appliances_energy,static_ate,87000046,Interaction g-computation,0.05617768776149368
external_appliances_energy,static_ate,87000046,AIPW,0.5098767251941643
external_appliances_energy,static_ate,87000046,DR learner (spline nuisances),0.17842555917922232
external_appliances_energy,static_ate,87000047,Pretrained soft router,0.12549482276993257
external_appliances_energy,static_ate,87000047,Pretrained hard top-1,0.1333116112295895
external_appliances_energy,static_ate,87000047,Temperature-scaled router,0.12206969293260056
external_appliances_energy,static_ate,87000047,Uniform expert mean,0.1246651140991955
external_appliances_energy,static_ate,87000047,Median expert,0.1333116112295895
external_appliances_energy,static_ate,87000047,Best fixed expert,0.1333116112295895
external_appliances_energy,static_ate,87000047,Metadata-only selector,0.1333116112295895
external_appliances_energy,static_ate,87000047,Shallow risk selector,0.2590881852452069
external_appliances_energy,static_ate,87000047,Convex stack,0.18562261417447956
external_appliances_energy,static_ate,87000047,Expert: linear,0.2590881852452069
external_appliances_energy,static_ate,87000047,Expert: orthogonal,0.10358865242641263
external_appliances_energy,static_ate,87000047,Expert: spline,0.13392619472186856
external_appliances_energy,static_ate,87000047,Expert: interaction,0.1333116112295895
external_appliances_energy,static_ate,87000047,Expert: piecewise,0.0065890731270999425
external_appliances_energy,static_ate,87000047,Linear g-computation,0.25907974229701625
external_appliances_energy,static_ate,87000047,Random forest g-computation,0.3643841054969791
external_appliances_energy,static_ate,87000047,Spline g-computation,0.13392619472186856
external_appliances_energy,static_ate,87000047,Interaction g-computation,0.1333116112295895
external_appliances_energy,static_ate,87000047,AIPW,0.10358865242641263
external_appliances_energy,static_ate,87000047,DR learner (spline nuisances),0.37428369157908414
external_appliances_energy,static_ate,87000048,Pretrained soft router,0.08425516749064155
external_appliances_energy,static_ate,87000048,Pretrained hard top-1,0.07853672960681912
external_appliances_energy,static_ate,87000048,Temperature-scaled router,0.05890500917928876
external_appliances_energy,static_ate,87000048,Uniform expert mean,0.10524957040233607
external_appliances_energy,static_ate,87000048,Median expert,0.07853672960681912
external_appliances_energy,static_ate,87000048,Best fixed expert,0.07853672960681912
external_appliances_energy,static_ate,87000048,Metadata-only selector,0.07853672960681912
external_appliances_energy,static_ate,87000048,Shallow risk selector,0.0002285732896805115
external_appliances_energy,static_ate,87000048,Convex stack,0.07535868813986646
external_appliances_energy,static_ate,87000048,Expert: linear,0.11864082077426907
external_appliances_energy,static_ate,87000048,Expert: orthogonal,0.32286016205234525
external_appliances_energy,static_ate,87000048,Expert: spline,0.006438712867927521
external_appliances_energy,static_ate,87000048,Expert: interaction,0.07853672960681912
external_appliances_energy,static_ate,87000048,Expert: piecewise,0.0002285732896805115
external_appliances_energy,static_ate,87000048,Linear g-computation,0.11867883955200914
external_appliances_energy,static_ate,87000048,Random forest g-computation,0.26360261370779126
external_appliances_energy,static_ate,87000048,Spline g-computation,0.006438712867927521
external_appliances_energy,static_ate,87000048,Interaction g-computation,0.07853672960681912
external_appliances_energy,static_ate,87000048,AIPW,0.32286016205234525
external_appliances_energy,static_ate,87000048,DR learner (spline nuisances),0.02678587732807508
external_appliances_energy,static_ate,87000049,Pretrained soft router,0.31992559013377203
external_appliances_energy,static_ate,87000049,Pretrained hard top-1,0.2101581152002715
external_appliances_energy,static_ate,87000049,Temperature-scaled router,0.2971790611024949
external_appliances_energy,static_ate,87000049,Uniform expert mean,0.3318543139319323
external_appliances_energy,static_ate,87000049,Median expert,0.3382709491472148
external_appliances_energy,static_ate,87000049,Best fixed expert,0.1994330938379668
external_appliances_energy,static_ate,87000049,Metadata-only selector,0.1994330938379668
external_appliances_energy,static_ate,87000049,Shallow risk selector,0.3382709491472148
external_appliances_energy,static_ate,87000049,Convex stack,0.24690031977620602
external_appliances_energy,static_ate,87000049,Expert: linear,0.2101581152002715
external_appliances_energy,static_ate,87000049,Expert: orthogonal,0.45735036390232076
external_appliances_energy,static_ate,87000049,Expert: spline,0.3382709491472148
external_appliances_energy,static_ate,87000049,Expert: interaction,0.1994330938379668
external_appliances_energy,static_ate,87000049,Expert: piecewise,0.45405904757188786
external_appliances_energy,static_ate,87000049,Linear g-computation,0.2101501523165885
external_appliances_energy,static_ate,87000049,Random forest g-computation,0.3443421636909918
external_appliances_energy,static_ate,87000049,Spline g-computation,0.3382709491472148
external_appliances_energy,static_ate,87000049,Interaction g-computation,0.1994330938379668
external_appliances_energy,static_ate,87000049,AIPW,0.45735036390232076
external_appliances_energy,static_ate,87000049,DR learner (spline nuisances),0.33689610307336126
external_appliances_energy,static_ate,87000050,Pretrained soft router,0.010601736782276938
external_appliances_energy,static_ate,87000050,Pretrained hard top-1,0.06512454502741483
external_appliances_energy,static_ate,87000050,Temperature-scaled router,0.022702360995736304
external_appliances_energy,static_ate,87000050,Uniform expert mean,0.0013784443632760546
external_appliances_energy,static_ate,87000050,Median expert,0.006996568511327239
external_appliances_energy,static_ate,87000050,Best fixed expert,0.006996568511327239
external_appliances_energy,static_ate,87000050,Metadata-only selector,0.006996568511327239
external_appliances_energy,static_ate,87000050,Shallow risk selector,0.006996568511327239
external_appliances_energy,static_ate,87000050,Convex stack,0.04265543333211547
external_appliances_energy,static_ate,87000050,Expert: linear,0.06261286490122464
external_appliances_energy,static_ate,87000050,Expert: orthogonal,0.10384449012120578
external_appliances_energy,static_ate,87000050,Expert: spline,0.06512454502741483
external_appliances_energy,static_ate,87000050,Expert: interaction,0.006996568511327239
external_appliances_energy,static_ate,87000050,Expert: piecewise,0.010004129479726287
external_appliances_energy,static_ate,87000050,Linear g-computation,0.06264616055549649
external_appliances_energy,static_ate,87000050,Random forest g-computation,0.2692727639080065
external_appliances_energy,static_ate,87000050,Spline g-computation,0.06512454502741483
external_appliances_energy,static_ate,87000050,Interaction g-computation,0.006996568511327239
external_appliances_energy,static_ate,87000050,AIPW,0.10384449012120578
external_appliances_energy,static_ate,87000050,DR learner (spline nuisances),0.053435817773547334
external_appliances_energy,static_ate,87000051,Pretrained soft router,0.1582044131550988
external_appliances_energy,static_ate,87000051,Pretrained hard top-1,0.15103221429914204
external_appliances_energy,static_ate,87000051,Temperature-scaled router,0.13451459808455069
external_appliances_energy,static_ate,87000051,Uniform expert mean,0.1741137926134464
external_appliances_energy,static_ate,87000051,Median expert,0.15103221429914204
external_appliances_energy,static_ate,87000051,Best fixed expert,0.07788301004499165
external_appliances_energy,static_ate,87000051,Metadata-only selector,0.07788301004499165
external_appliances_energy,static_ate,87000051,Shallow risk selector,0.18786155177682606
external_appliances_energy,static_ate,87000051,Convex stack,0.14578145765992467
external_appliances_energy,static_ate,87000051,Expert: linear,0.18786155177682606
external_appliances_energy,static_ate,87000051,Expert: orthogonal,0.372885433271825
external_appliances_energy,static_ate,87000051,Expert: spline,0.15103221429914204
external_appliances_energy,static_ate,87000051,Expert: interaction,0.07788301004499165
external_appliances_energy,static_ate,87000051,Expert: piecewise,0.08090675367444722
external_appliances_energy,static_ate,87000051,Linear g-computation,0.18788278155393745
external_appliances_energy,static_ate,87000051,Random forest g-computation,0.2703544485055498
external_appliances_energy,static_ate,87000051,Spline g-computation,0.15103221429914204
external_appliances_energy,static_ate,87000051,Interaction g-computation,0.07788301004499165
external_appliances_energy,static_ate,87000051,AIPW,0.372885433271825
external_appliances_energy,static_ate,87000051,DR learner (spline nuisances),0.15971344070608284
external_appliances_energy,static_ate,87000052,Pretrained soft router,0.05569597759525152
external_appliances_energy,static_ate,87000052,Pretrained hard top-1,0.14017924528677056
external_appliances_energy,static_ate,87000052,Temperature-scaled router,0.10239419929835886
external_appliances_energy,static_ate,87000052,Uniform expert mean,0.02385096114236901
external_appliances_energy,static_ate,87000052,Median expert,0.06189684432107995
external_appliances_energy,static_ate,87000052,Best fixed expert,0.14017924528677056
external_appliances_energy,static_ate,87000052,Metadata-only selector,0.14017924528677056
external_appliances_energy,static_ate,87000052,Shallow risk selector,0.06189684432107995
external_appliances_energy,static_ate,87000052,Convex stack,0.07757041208209531
external_appliances_energy,static_ate,87000052,Expert: linear,0.045377685242481924
external_appliances_energy,static_ate,87000052,Expert: orthogonal,0.262788580245189
external_appliances_energy,static_ate,87000052,Expert: spline,0.06189684432107995
external_appliances_energy,static_ate,87000052,Expert: interaction,0.14017924528677056
external_appliances_energy,static_ate,87000052,Expert: piecewise,0.1345896111067016
external_appliances_energy,static_ate,87000052,Linear g-computation,0.04537946964818751
external_appliances_energy,static_ate,87000052,Random forest g-computation,0.2780253311613367
external_appliances_energy,static_ate,87000052,Spline g-computation,0.06189684432107995
external_appliances_energy,static_ate,87000052,Interaction g-computation,0.14017924528677056
external_appliances_energy,static_ate,87000052,AIPW,0.2627885206405442
external_appliances_energy,static_ate,87000052,DR learner (spline nuisances),0.0775855736142616
external_appliances_energy,static_ate,87000053,Pretrained soft router,0.11953187904680551
external_appliances_energy,static_ate,87000053,Pretrained hard top-1,0.10074927600870132
external_appliances_energy,static_ate,87000053,Temperature-scaled router,0.12993781307116403
external_appliances_energy,static_ate,87000053,Uniform expert mean,0.10908039602289199
external_appliances_energy,static_ate,87000053,Median expert,0.10074927600870132
external_appliances_energy,static_ate,87000053,Best fixed expert,0.10074927600870132
external_appliances_energy,static_ate,87000053,Metadata-only selector,0.10074927600870132
external_appliances_energy,static_ate,87000053,Shallow risk selector,0.09387018474588393
external_appliances_energy,static_ate,87000053,Convex stack,0.11906788500416987
external_appliances_energy,static_ate,87000053,Expert: linear,0.1406955936814308
external_appliances_energy,static_ate,87000053,Expert: orthogonal,0.007041833725070945
external_appliances_energy,static_ate,87000053,Expert: spline,0.09387018474588393
external_appliances_energy,static_ate,87000053,Expert: interaction,0.10074927600870132
external_appliances_energy,static_ate,87000053,Expert: piecewise,0.20304509195337295
external_appliances_energy,static_ate,87000053,Linear g-computation,0.14074566745754102
external_appliances_energy,static_ate,87000053,Random forest g-computation,0.2666055598452745
external_appliances_energy,static_ate,87000053,Spline g-computation,0.09387018474588393
external_appliances_energy,static_ate,87000053,Interaction g-computation,0.10074927600870132
external_appliances_energy,static_ate,87000053,AIPW,0.007041833725070945
external_appliances_energy,static_ate,87000053,DR learner (spline nuisances),0.16126665819778319
external_appliances_energy,static_ate,87000054,Pretrained soft router,0.09693766727902864
external_appliances_energy,static_ate,87000054,Pretrained hard top-1,0.03055022207082192
external_appliances_energy,static_ate,87000054,Temperature-scaled router,0.10807971001742595
external_appliances_energy,static_ate,87000054,Uniform expert mean,0.08512228873551764
external_appliances_energy,static_ate,87000054,Median expert,0.08068866577924172
external_appliances_energy,static_ate,87000054,Best fixed expert,0.1570315912085859
external_appliances_energy,static_ate,87000054,Metadata-only selector,0.1570315912085859
external_appliances_energy,static_ate,87000054,Shallow risk selector,0.08068866577924172
external_appliances_energy,static_ate,87000054,Convex stack,0.14797363131362762
external_appliances_energy,static_ate,87000054,Expert: linear,0.1889781757909147
external_appliances_energy,static_ate,87000054,Expert: orthogonal,0.03163721117197593
external_appliances_energy,static_ate,87000054,Expert: spline,0.08068866577924172
external_appliances_energy,static_ate,87000054,Expert: interaction,0.1570315912085859
external_appliances_energy,static_ate,87000054,Expert: piecewise,0.03055022207082192
external_appliances_energy,static_ate,87000054,Linear g-computation,0.18897872837788143
external_appliances_energy,static_ate,87000054,Random forest g-computation,0.33045936838435175
external_appliances_energy,static_ate,87000054,Spline g-computation,0.08068866577924172
external_appliances_energy,static_ate,87000054,Interaction g-computation,0.1570315912085859
external_appliances_energy,static_ate,87000054,AIPW,0.03163721117197593
external_appliances_energy,static_ate,87000054,DR learner (spline nuisances),0.038222561060833216
external_appliances_energy,static_ate,87000055,Pretrained soft router,0.05664201634956734
external_appliances_energy,static_ate,87000055,Pretrained hard top-1,0.06402564087695328
external_appliances_energy,static_ate,87000055,Temperature-scaled router,0.06711642507143872
external_appliances_energy,static_ate,87000055,Uniform expert mean,0.04655142763442244
external_appliances_energy,static_ate,87000055,Median expert,0.06402564087695328
external_appliances_energy,static_ate,87000055,Best fixed expert,0.06402564087695328
external_appliances_energy,static_ate,87000055,Metadata-only selector,0.06402564087695328
external_appliances_energy,static_ate,87000055,Shallow risk selector,0.14700804689711777
external_appliances_energy,static_ate,87000055,Convex stack,0.056299218156224795
external_appliances_energy,static_ate,87000055,Expert: linear,0.004143297282989344
external_appliances_energy,static_ate,87000055,Expert: orthogonal,0.06039363106900009
external_appliances_energy,static_ate,87000055,Expert: spline,0.14700804689711777
external_appliances_energy,static_ate,87000055,Expert: interaction,0.06402564087695328
external_appliances_energy,static_ate,87000055,Expert: piecewise,0.08626037875003068
external_appliances_energy,static_ate,87000055,Linear g-computation,0.0041607764844357464
external_appliances_energy,static_ate,87000055,Random forest g-computation,0.3319220080699543
external_appliances_energy,static_ate,87000055,Spline g-computation,0.14700804689711777
external_appliances_energy,static_ate,87000055,Interaction g-computation,0.06402564087695328
external_appliances_energy,static_ate,87000055,AIPW,0.06039363106900009
external_appliances_energy,static_ate,87000055,DR learner (spline nuisances),0.06080500579975312
external_appliances_energy,static_ate,87000056,Pretrained soft router,0.21732267539215755
external_appliances_energy,static_ate,87000056,Pretrained hard top-1,0.2625069507482355
external_appliances_energy,static_ate,87000056,Temperature-scaled router,0.27506490930325145
external_appliances_energy,static_ate,87000056,Uniform expert mean,0.15918769250539
external_appliances_energy,static_ate,87000056,Median expert,0.2625069507482355
external_appliances_energy,static_ate,87000056,Best fixed expert,0.3131002673032587
external_appliances_energy,static_ate,87000056,Metadata-only selector,0.3131002673032587
external_appliances_energy,static_ate,87000056,Shallow risk selector,0.3131002673032587
external_appliances_energy,static_ate,87000056,Convex stack,0.273971234520035
external_appliances_energy,static_ate,87000056,Expert: linear,0.2512793430211847
external_appliances_energy,static_ate,87000056,Expert: orthogonal,0.40535710741850683
external_appliances_energy,static_ate,87000056,Expert: spline,0.2625069507482355
external_appliances_energy,static_ate,87000056,Expert: interaction,0.3131002673032587
external_appliances_energy,static_ate,87000056,Expert: piecewise,0.3744090088727777
external_appliances_energy,static_ate,87000056,Linear g-computation,0.25130638137305594
external_appliances_energy,static_ate,87000056,Random forest g-computation,0.017135725662431878
external_appliances_energy,static_ate,87000056,Spline g-computation,0.2625069507482355
external_appliances_energy,static_ate,87000056,Interaction g-computation,0.3131002673032587
external_appliances_energy,static_ate,87000056,AIPW,0.40535710741850683
external_appliances_energy,static_ate,87000056,DR learner (spline nuisances),0.06432652832740882
external_appliances_energy,static_ate,87000057,Pretrained soft router,0.31825919978386635
external_appliances_energy,static_ate,87000057,Pretrained hard top-1,0.38480453164360345
external_appliances_energy,static_ate,87000057,Temperature-scaled router,0.38020378095872825
external_appliances_energy,static_ate,87000057,Uniform expert mean,0.266061553070758
external_appliances_energy,static_ate,87000057,Median expert,0.38480453164360345
external_appliances_energy,static_ate,87000057,Best fixed expert,0.40764020354530633
external_appliances_energy,static_ate,87000057,Metadata-only selector,0.40764020354530633
external_appliances_energy,static_ate,87000057,Shallow risk selector,0.38480453164360345
external_appliances_energy,static_ate,87000057,Convex stack,0.3840045312226676
external_appliances_energy,static_ate,87000057,Expert: linear,0.3668136444785339
external_appliances_energy,static_ate,87000057,Expert: orthogonal,0.25328411190726935
external_appliances_energy,static_ate,87000057,Expert: spline,0.38480453164360345
external_appliances_energy,static_ate,87000057,Expert: interaction,0.40764020354530633
external_appliances_energy,static_ate,87000057,Expert: piecewise,0.42433349759361566
external_appliances_energy,static_ate,87000057,Linear g-computation,0.366839105045563
external_appliances_energy,static_ate,87000057,Random forest g-computation,0.24922728054576443
external_appliances_energy,static_ate,87000057,Spline g-computation,0.38480453164360345
external_appliances_energy,static_ate,87000057,Interaction g-computation,0.40764020354530633
external_appliances_energy,static_ate,87000057,AIPW,0.25328411190726935
external_appliances_energy,static_ate,87000057,DR learner (spline nuisances),0.15979158289327672
external_appliances_energy,static_ate,87000058,Pretrained soft router,0.13056571146178753
external_appliances_energy,static_ate,87000058,Pretrained hard top-1,0.212915054094601
external_appliances_energy,static_ate,87000058,Temperature-scaled router,0.15647970778753528
external_appliances_energy,static_ate,87000058,Uniform expert mean,0.1143386573908809
external_appliances_energy,static_ate,87000058,Median expert,0.1850536973593715
external_appliances_energy,static_ate,87000058,Best fixed expert,0.20453076673727066
external_appliances_energy,static_ate,87000058,Metadata-only selector,0.20453076673727066
external_appliances_energy,static_ate,87000058,Shallow risk selector,0.1850536973593715
external_appliances_energy,static_ate,87000058,Convex stack,0.194023750206476
external_appliances_energy,static_ate,87000058,Expert: linear,0.1850536973593715
external_appliances_energy,static_ate,87000058,Expert: orthogonal,0.06619382785577743
external_appliances_energy,static_ate,87000058,Expert: spline,0.212915054094601
external_appliances_energy,static_ate,87000058,Expert: interaction,0.20453076673727066
external_appliances_energy,static_ate,87000058,Expert: piecewise,0.035387596618938755
external_appliances_energy,static_ate,87000058,Linear g-computation,0.18507070536895998
external_appliances_energy,static_ate,87000058,Random forest g-computation,0.12579176996057312
external_appliances_energy,static_ate,87000058,Spline g-computation,0.212915054094601
external_appliances_energy,static_ate,87000058,Interaction g-computation,0.20453076673727066
external_appliances_energy,static_ate,87000058,AIPW,0.06619382785577743
external_appliances_energy,static_ate,87000058,DR learner (spline nuisances),0.497207293427655
external_appliances_energy,static_ate,87000059,Pretrained soft router,0.036095876789121406
external_appliances_energy,static_ate,87000059,Pretrained hard top-1,0.08813690142983754
external_appliances_energy,static_ate,87000059,Temperature-scaled router,0.06934175269239568
external_appliances_energy,static_ate,87000059,Uniform expert mean,0.013009633592313108
external_appliances_energy,static_ate,87000059,Median expert,0.027773370317166646
external_appliances_energy,static_ate,87000059,Best fixed expert,0.011865874103253682
external_appliances_energy,static_ate,87000059,Metadata-only selector,0.011865874103253682
external_appliances_energy,static_ate,87000059,Shallow risk selector,0.08813690142983754
external_appliances_energy,static_ate,87000059,Convex stack,0.04219960351815799
external_appliances_energy,static_ate,87000059,Expert: linear,0.027773370317166646
external_appliances_energy,static_ate,87000059,Expert: orthogonal,0.20764339966421763
external_appliances_energy,static_ate,87000059,Expert: spline,0.08813690142983754
external_appliances_energy,static_ate,87000059,Expert: interaction,0.011865874103253682
external_appliances_energy,static_ate,87000059,Expert: piecewise,0.1449154217755254
external_appliances_energy,static_ate,87000059,Linear g-computation,0.027779397589280497
external_appliances_energy,static_ate,87000059,Random forest g-computation,0.20822232842334748
external_appliances_energy,static_ate,87000059,Spline g-computation,0.08813690142983754
external_appliances_energy,static_ate,87000059,Interaction g-computation,0.011865874103253682
external_appliances_energy,static_ate,87000059,AIPW,0.20764339966421763
external_appliances_energy,static_ate,87000059,DR learner (spline nuisances),0.26650437365732016
external_appliances_energy,static_ate,87000060,Pretrained soft router,0.026032053890845563
external_appliances_energy,static_ate,87000060,Pretrained hard top-1,0.024860852186274485
external_appliances_energy,static_ate,87000060,Temperature-scaled router,0.04617466047695401
external_appliances_energy,static_ate,87000060,Uniform expert mean,0.00022133069794183502
external_appliances_energy,static_ate,87000060,Median expert,0.024860852186274485
external_appliances_energy,static_ate,87000060,Best fixed expert,0.024860852186274485
external_appliances_energy,static_ate,87000060,Metadata-only selector,0.024860852186274485
external_appliances_energy,static_ate,87000060,Shallow risk selector,0.048611038152766184
external_appliances_energy,static_ate,87000060,Convex stack,0.07013169216656184
external_appliances_energy,static_ate,87000060,Expert: linear,0.1141203872605085
external_appliances_energy,static_ate,87000060,Expert: orthogonal,0.19702155071060662
external_appliances_energy,static_ate,87000060,Expert: spline,0.048611038152766184
external_appliances_energy,static_ate,87000060,Expert: interaction,0.024860852186274485
external_appliances_energy,static_ate,87000060,Expert: piecewise,0.008322619621348337
external_appliances_energy,static_ate,87000060,Linear g-computation,0.11412868297174777
external_appliances_energy,static_ate,87000060,Random forest g-computation,0.2632122080321411
external_appliances_energy,static_ate,87000060,Spline g-computation,0.048611038152766184
external_appliances_energy,static_ate,87000060,Interaction g-computation,0.024860852186274485
external_appliances_energy,static_ate,87000060,AIPW,0.19702155071060662
external_appliances_energy,static_ate,87000060,DR learner (spline nuisances),0.10151943763042809
external_appliances_energy,static_ate,87000061,Pretrained soft router,0.3632962623217839
external_appliances_energy,static_ate,87000061,Pretrained hard top-1,0.2475712520382753
external_appliances_energy,static_ate,87000061,Temperature-scaled router,0.2912280577969849
external_appliances_energy,static_ate,87000061,Uniform expert mean,0.4095134907714477
external_appliances_energy,static_ate,87000061,Median expert,0.2799915445349565
external_appliances_energy,static_ate,87000061,Best fixed expert,0.25652272229412704
external_appliances_energy,static_ate,87000061,Metadata-only selector,0.25652272229412704
external_appliances_energy,static_ate,87000061,Shallow risk selector,0.25652272229412704
external_appliances_energy,static_ate,87000061,Convex stack,0.2673124418848454
external_appliances_energy,static_ate,87000061,Expert: linear,0.2799915445349565
external_appliances_energy,static_ate,87000061,Expert: orthogonal,0.8925716650984636
external_appliances_energy,static_ate,87000061,Expert: spline,0.2475712520382753
external_appliances_energy,static_ate,87000061,Expert: interaction,0.25652272229412704
external_appliances_energy,static_ate,87000061,Expert: piecewise,0.3709102698914161
external_appliances_energy,static_ate,87000061,Linear g-computation,0.2799938496122563
external_appliances_energy,static_ate,87000061,Random forest g-computation,0.3478079588897226
external_appliances_energy,static_ate,87000061,Spline g-computation,0.2475712520382753
external_appliances_energy,static_ate,87000061,Interaction g-computation,0.25652272229412704
external_appliances_energy,static_ate,87000061,AIPW,0.8925716650984636
external_appliances_energy,static_ate,87000061,DR learner (spline nuisances),0.279237604816156
external_appliances_energy,static_ate,87000062,Pretrained soft router,0.2656457375892134
external_appliances_energy,static_ate,87000062,Pretrained hard top-1,0.2677197610090878
external_appliances_energy,static_ate,87000062,Temperature-scaled router,0.23094938267727794
external_appliances_energy,static_ate,87000062,Uniform expert mean,0.31108242618547943
external_appliances_energy,static_ate,87000062,Median expert,0.23877616273867153
external_appliances_energy,static_ate,87000062,Best fixed expert,0.2677197610090878
external_appliances_energy,static_ate,87000062,Metadata-only selector,0.2677197610090878
external_appliances_energy,static_ate,87000062,Shallow risk selector,0.22423900711046718
external_appliances_energy,static_ate,87000062,Convex stack,0.23751225069018833
external_appliances_energy,static_ate,87000062,Expert: linear,0.22423900711046718
external_appliances_energy,static_ate,87000062,Expert: orthogonal,0.6962638055037167
external_appliances_energy,static_ate,87000062,Expert: spline,0.23877616273867153
external_appliances_energy,static_ate,87000062,Expert: interaction,0.2677197610090878
external_appliances_energy,static_ate,87000062,Expert: piecewise,0.12841339456545375
external_appliances_energy,static_ate,87000062,Linear g-computation,0.2242852862113487
external_appliances_energy,static_ate,87000062,Random forest g-computation,0.18946796450379838
external_appliances_energy,static_ate,87000062,Spline g-computation,0.23877616273867153
external_appliances_energy,static_ate,87000062,Interaction g-computation,0.2677197610090878
external_appliances_energy,static_ate,87000062,AIPW,0.6962638055037167
external_appliances_energy,static_ate,87000062,DR learner (spline nuisances),0.17092395693495122
external_appliances_energy,static_ate,87000063,Pretrained soft router,0.12539795094957318
external_appliances_energy,static_ate,87000063,Pretrained hard top-1,0.1441346879755495
external_appliances_energy,static_ate,87000063,Temperature-scaled router,0.09214666050073089
external_appliances_energy,static_ate,87000063,Uniform expert mean,0.16343378980507833
external_appliances_energy,static_ate,87000063,Median expert,0.14524899680962544
external_appliances_energy,static_ate,87000063,Best fixed expert,0.14524899680962544
external_appliances_energy,static_ate,87000063,Metadata-only selector,0.14524899680962544
external_appliances_energy,static_ate,87000063,Shallow risk selector,0.1973333831583498
external_appliances_energy,static_ate,87000063,Convex stack,0.161292491016628
external_appliances_energy,static_ate,87000063,Expert: linear,0.1973333831583498
external_appliances_energy,static_ate,87000063,Expert: orthogonal,0.4594582792078493
external_appliances_energy,static_ate,87000063,Expert: spline,0.1441346879755495
external_appliances_energy,static_ate,87000063,Expert: interaction,0.14524899680962544
external_appliances_energy,static_ate,87000063,Expert: piecewise,0.12900639812598247
external_appliances_energy,static_ate,87000063,Linear g-computation,0.19729771616563424
external_appliances_energy,static_ate,87000063,Random forest g-computation,0.3448559691265711
external_appliances_energy,static_ate,87000063,Spline g-computation,0.1441346879755495
external_appliances_energy,static_ate,87000063,Interaction g-computation,0.14524899680962544
external_appliances_energy,static_ate,87000063,AIPW,0.4594582792078493
external_appliances_energy,static_ate,87000063,DR learner (spline nuisances),0.18598307652109888
external_appliances_energy,static_ate,87000064,Pretrained soft router,0.4521813257127929
external_appliances_energy,static_ate,87000064,Pretrained hard top-1,0.44259137583594177
external_appliances_energy,static_ate,87000064,Temperature-scaled router,0.4209753909420411
external_appliances_energy,static_ate,87000064,Uniform expert mean,0.47463070072862656
external_appliances_energy,static_ate,87000064,Median expert,0.44259137583594177
external_appliances_energy,static_ate,87000064,Best fixed expert,0.44259137583594177
external_appliances_energy,static_ate,87000064,Metadata-only selector,0.44259137583594177
external_appliances_energy,static_ate,87000064,Shallow risk selector,0.325656394638823
external_appliances_energy,static_ate,87000064,Convex stack,0.3777885233073687
external_appliances_energy,static_ate,87000064,Expert: linear,0.325656394638823
external_appliances_energy,static_ate,87000064,Expert: orthogonal,0.6707302175245747
external_appliances_energy,static_ate,87000064,Expert: spline,0.3825255883175448
external_appliances_energy,static_ate,87000064,Expert: interaction,0.44259137583594177
external_appliances_energy,static_ate,87000064,Expert: piecewise,0.5516499273262486
external_appliances_energy,static_ate,87000064,Linear g-computation,0.3256566119360343
external_appliances_energy,static_ate,87000064,Random forest g-computation,0.37482491791458783
external_appliances_energy,static_ate,87000064,Spline g-computation,0.3825255883175448
external_appliances_energy,static_ate,87000064,Interaction g-computation,0.44259137583594177
external_appliances_energy,static_ate,87000064,AIPW,0.6707302175245747
external_appliances_energy,static_ate,87000064,DR learner (spline nuisances),0.42594857993966984
external_appliances_energy,static_ate,87000065,Pretrained soft router,0.21850693227548712
external_appliances_energy,static_ate,87000065,Pretrained hard top-1,0.3108903949067916
external_appliances_energy,static_ate,87000065,Temperature-scaled router,0.3023727221346564
external_appliances_energy,static_ate,87000065,Uniform expert mean,0.12962610767343896
external_appliances_energy,static_ate,87000065,Median expert,0.3108903949067916
external_appliances_energy,static_ate,87000065,Best fixed expert,0.315727192621025
external_appliances_energy,static_ate,87000065,Metadata-only selector,0.315727192621025
external_appliances_energy,static_ate,87000065,Shallow risk selector,0.315727192621025
external_appliances_energy,static_ate,87000065,Convex stack,0.30852009888569654
external_appliances_energy,static_ate,87000065,Expert: linear,0.30188878224352256
external_appliances_energy,static_ate,87000065,Expert: orthogonal,0.6034144873811875
external_appliances_energy,static_ate,87000065,Expert: spline,0.3108903949067916
external_appliances_energy,static_ate,87000065,Expert: interaction,0.315727192621025
external_appliances_energy,static_ate,87000065,Expert: piecewise,0.32303865597704307
external_appliances_energy,static_ate,87000065,Linear g-computation,0.30193126183595687
external_appliances_energy,static_ate,87000065,Random forest g-computation,0.2166128112796645
external_appliances_energy,static_ate,87000065,Spline g-computation,0.3108903949067916
external_appliances_energy,static_ate,87000065,Interaction g-computation,0.315727192621025
external_appliances_energy,static_ate,87000065,AIPW,0.6034144873811875
external_appliances_energy,static_ate,87000065,DR learner (spline nuisances),0.21037830232969193
external_appliances_energy,static_ate,87000066,Pretrained soft router,0.0838782994390303
external_appliances_energy,static_ate,87000066,Pretrained hard top-1,0.1195088584098562
external_appliances_energy,static_ate,87000066,Temperature-scaled router,0.07929449787690707
external_appliances_energy,static_ate,87000066,Uniform expert mean,0.09248781987759913
external_appliances_energy,static_ate,87000066,Median expert,0.0736484486732229
external_appliances_energy,static_ate,87000066,Best fixed expert,0.1195088584098562
external_appliances_energy,static_ate,87000066,Metadata-only selector,0.1195088584098562
external_appliances_energy,static_ate,87000066,Shallow risk selector,0.1195088584098562
external_appliances_energy,static_ate,87000066,Convex stack,0.08002339365903915
external_appliances_energy,static_ate,87000066,Expert: linear,0.062413777795766234
external_appliances_energy,static_ate,87000066,Expert: orthogonal,0.1778231222305044
external_appliances_energy,static_ate,87000066,Expert: spline,0.0736484486732229
external_appliances_energy,static_ate,87000066,Expert: interaction,0.1195088584098562
external_appliances_energy,static_ate,87000066,Expert: piecewise,0.029044892278645873
external_appliances_energy,static_ate,87000066,Linear g-computation,0.06243686820052352
external_appliances_energy,static_ate,87000066,Random forest g-computation,0.26133813215305357
external_appliances_energy,static_ate,87000066,Spline g-computation,0.0736484486732229
external_appliances_energy,static_ate,87000066,Interaction g-computation,0.11950888821217859
external_appliances_energy,static_ate,87000066,AIPW,0.1778231222305044
external_appliances_energy,static_ate,87000066,DR learner (spline nuisances),0.07133480188660268
external_appliances_energy,static_ate,87000067,Pretrained soft router,0.10533285163654676
external_appliances_energy,static_ate,87000067,Pretrained hard top-1,0.19466542140410276
external_appliances_energy,static_ate,87000067,Temperature-scaled router,0.1262423506832379
external_appliances_energy,static_ate,87000067,Uniform expert mean,0.08939103619025085
external_appliances_energy,static_ate,87000067,Median expert,0.07017754451201291
external_appliances_energy,static_ate,87000067,Best fixed expert,0.19466542140410276
external_appliances_energy,static_ate,87000067,Metadata-only selector,0.19466542140410276
external_appliances_energy,static_ate,87000067,Shallow risk selector,0.06695832745001645
external_appliances_energy,static_ate,87000067,Convex stack,0.14657445447656792
external_appliances_energy,static_ate,87000067,Expert: linear,0.16873248354361386
external_appliances_energy,static_ate,87000067,Expert: orthogonal,0.05357859595849185
external_appliances_energy,static_ate,87000067,Expert: spline,0.06695832745001645
external_appliances_energy,static_ate,87000067,Expert: interaction,0.19466542140410276
external_appliances_energy,static_ate,87000067,Expert: piecewise,0.07017754451201291
external_appliances_energy,static_ate,87000067,Linear g-computation,0.16875218268555892
external_appliances_energy,static_ate,87000067,Random forest g-computation,0.34858362597611314
external_appliances_energy,static_ate,87000067,Spline g-computation,0.06695832745001645
external_appliances_energy,static_ate,87000067,Interaction g-computation,0.19466542140410276
external_appliances_energy,static_ate,87000067,AIPW,0.05357859595849185
external_appliances_energy,static_ate,87000067,DR learner (spline nuisances),0.08645324678119087
external_appliances_energy,static_ate,87000068,Pretrained soft router,0.13941666469332842
external_appliances_energy,static_ate,87000068,Pretrained hard top-1,0.05844099090515248
external_appliances_energy,static_ate,87000068,Temperature-scaled router,0.05423406704690892
external_appliances_energy,static_ate,87000068,Uniform expert mean,0.21180524990974536
external_appliances_energy,static_ate,87000068,Median expert,0.029417373399125257
external_appliances_energy,static_ate,87000068,Best fixed expert,0.029417373399125257
external_appliances_energy,static_ate,87000068,Metadata-only selector,0.029417373399125257
external_appliances_energy,static_ate,87000068,Shallow risk selector,0.029417373399125257
external_appliances_energy,static_ate,87000068,Convex stack,0.008674624311952484
external_appliances_energy,static_ate,87000068,Expert: linear,0.03483175470413097
external_appliances_energy,static_ate,87000068,Expert: orthogonal,0.9768098072808848
external_appliances_energy,static_ate,87000068,Expert: spline,0.05844099090515248
external_appliances_energy,static_ate,87000068,Expert: interaction,0.029417373399125257
external_appliances_energy,static_ate,87000068,Expert: piecewise,0.029189832667695204
external_appliances_energy,static_ate,87000068,Linear g-computation,0.03484255560634847
external_appliances_energy,static_ate,87000068,Random forest g-computation,0.2988686995902895
external_appliances_energy,static_ate,87000068,Spline g-computation,0.05844099090515248
external_appliances_energy,static_ate,87000068,Interaction g-computation,0.029417373399125257
external_appliances_energy,static_ate,87000068,AIPW,0.9768098072808848
external_appliances_energy,static_ate,87000068,DR learner (spline nuisances),0.14137041541829481
external_appliances_energy,static_ate,87000069,Pretrained soft router,0.03842881781517077
external_appliances_energy,static_ate,87000069,Pretrained hard top-1,0.04189344182377991
external_appliances_energy,static_ate,87000069,Temperature-scaled router,0.014937678463538717
external_appliances_energy,static_ate,87000069,Uniform expert mean,0.05445589557057556
external_appliances_energy,static_ate,87000069,Median expert,0.04189344182377991
external_appliances_energy,static_ate,87000069,Best fixed expert,0.04189344182377991
external_appliances_energy,static_ate,87000069,Metadata-only selector,0.04189344182377991
external_appliances_energy,static_ate,87000069,Shallow risk selector,0.05520458087557617
external_appliances_energy,static_ate,87000069,Convex stack,0.030040479602307935
external_appliances_energy,static_ate,87000069,Expert: linear,0.0692435608827478
external_appliances_energy,static_ate,87000069,Expert: orthogonal,0.20162748232251343
external_appliances_energy,static_ate,87000069,Expert: spline,0.05520458087557617
external_appliances_energy,static_ate,87000069,Expert: interaction,0.04189344182377991
external_appliances_energy,static_ate,87000069,Expert: piecewise,0.15320669546490845
external_appliances_energy,static_ate,87000069,Linear g-computation,0.06925860488825708
external_appliances_energy,static_ate,87000069,Random forest g-computation,0.3003398778160283
external_appliances_energy,static_ate,87000069,Spline g-computation,0.05520461067789856
external_appliances_energy,static_ate,87000069,Interaction g-computation,0.04189344182377991
external_appliances_energy,static_ate,87000069,AIPW,0.20162748232251343
external_appliances_energy,static_ate,87000069,DR learner (spline nuisances),0.03995049024322345
external_appliances_energy,static_ate,87000070,Pretrained soft router,0.1150308667095985
external_appliances_energy,static_ate,87000070,Pretrained hard top-1,0.06191262427918365
external_appliances_energy,static_ate,87000070,Temperature-scaled router,0.01795914706396906
external_appliances_energy,static_ate,87000070,Uniform expert mean,0.22401333030112336
external_appliances_energy,static_ate,87000070,Median expert,0.031196119150000312
external_appliances_energy,static_ate,87000070,Best fixed expert,0.031196119150000312
external_appliances_energy,static_ate,87000070,Metadata-only selector,0.031196119150000312
external_appliances_energy,static_ate,87000070,Shallow risk selector,0.06191262427918365
external_appliances_energy,static_ate,87000070,Convex stack,0.03172056209106622
external_appliances_energy,static_ate,87000070,Expert: linear,0.09434276994116852
external_appliances_energy,static_ate,87000070,Expert: orthogonal,1.1428667920435245
external_appliances_energy,static_ate,87000070,Expert: spline,0.06191262427918365
external_appliances_energy,static_ate,87000070,Expert: interaction,0.031196119150000312
external_appliances_energy,static_ate,87000070,Expert: piecewise,0.08642640534989288
external_appliances_energy,static_ate,87000070,Linear g-computation,0.09433051355892991
external_appliances_energy,static_ate,87000070,Random forest g-computation,0.24693787847729293
external_appliances_energy,static_ate,87000070,Spline g-computation,0.06191262427918365
external_appliances_energy,static_ate,87000070,Interaction g-computation,0.031196119150000312
external_appliances_energy,static_ate,87000070,AIPW,1.1428667920435245
external_appliances_energy,static_ate,87000070,DR learner (spline nuisances),0.04672829810508938
external_appliances_energy,static_ate,87000071,Pretrained soft router,0.0632029469538854
external_appliances_energy,static_ate,87000071,Pretrained hard top-1,0.11120087606743134
external_appliances_energy,static_ate,87000071,Temperature-scaled router,0.08253683777225923
external_appliances_energy,static_ate,87000071,Uniform expert mean,0.04321973128155032
external_appliances_energy,static_ate,87000071,Median expert,0.0781751344902829
external_appliances_energy,static_ate,87000071,Best fixed expert,0.11120087606743134
external_appliances_energy,static_ate,87000071,Metadata-only selector,0.11120087606743134
external_appliances_energy,static_ate,87000071,Shallow risk selector,0.0781751344902829
external_appliances_energy,static_ate,87000071,Convex stack,0.11531852993451014
external_appliances_energy,static_ate,87000071,Expert: linear,0.14801114005878724
external_appliances_energy,static_ate,87000071,Expert: orthogonal,0.09065529005691253
external_appliances_energy,static_ate,87000071,Expert: spline,0.0781751344902829
external_appliances_energy,static_ate,87000071,Expert: interaction,0.11120087606743134
external_appliances_energy,static_ate,87000071,Expert: piecewise,0.030633204151837456
external_appliances_energy,static_ate,87000071,Linear g-computation,0.14800146922454493
external_appliances_energy,static_ate,87000071,Random forest g-computation,0.31450151438155005
external_appliances_energy,static_ate,87000071,Spline g-computation,0.0781751344902829
external_appliances_energy,static_ate,87000071,Interaction g-computation,0.11120087606743134
external_appliances_energy,static_ate,87000071,AIPW,0.09065529005691253
external_appliances_energy,static_ate,87000071,DR learner (spline nuisances),0.06841271942070531
external_appliances_energy,static_ate,87000072,Pretrained soft router,0.2518035850627508
external_appliances_energy,static_ate,87000072,Pretrained hard top-1,0.18210248587602718
external_appliances_energy,static_ate,87000072,Temperature-scaled router,0.21148136860173813
external_appliances_energy,static_ate,87000072,Uniform expert mean,0.28173658264750584
external_appliances_energy,static_ate,87000072,Median expert,0.2264083617734347
external_appliances_energy,static_ate,87000072,Best fixed expert,0.12925383387083156
external_appliances_energy,static_ate,87000072,Metadata-only selector,0.12925383387083156
external_appliances_energy,static_ate,87000072,Shallow risk selector,0.12925383387083156
external_appliances_energy,static_ate,87000072,Convex stack,0.18995630600240054
external_appliances_energy,static_ate,87000072,Expert: linear,0.2264083617734347
external_appliances_energy,static_ate,87000072,Expert: orthogonal,0.5818705850648318
external_appliances_energy,static_ate,87000072,Expert: spline,0.18210248587602718
external_appliances_energy,static_ate,87000072,Expert: interaction,0.12925383387083156
external_appliances_energy,static_ate,87000072,Expert: piecewise,0.2890476466524039
external_appliances_energy,static_ate,87000072,Linear g-computation,0.2264103501196087
external_appliances_energy,static_ate,87000072,Random forest g-computation,0.3153477540660936
external_appliances_energy,static_ate,87000072,Spline g-computation,0.18210248587602718
external_appliances_energy,static_ate,87000072,Interaction g-computation,0.12925381896967036
external_appliances_energy,static_ate,87000072,AIPW,0.5818705850648318
external_appliances_energy,static_ate,87000072,DR learner (spline nuisances),0.3494139348321676
external_appliances_energy,static_ate,87000073,Pretrained soft router,0.1125383080378477
external_appliances_energy,static_ate,87000073,Pretrained hard top-1,0.10095798299590686
external_appliances_energy,static_ate,87000073,Temperature-scaled router,0.11044906873803029
external_appliances_energy,static_ate,87000073,Uniform expert mean,0.11367862448970417
external_appliances_energy,static_ate,87000073,Median expert,0.10095798299590686
external_appliances_energy,static_ate,87000073,Best fixed expert,0.10095798299590686
external_appliances_energy,static_ate,87000073,Metadata-only selector,0.10095798299590686
external_appliances_energy,static_ate,87000073,Shallow risk selector,0.07073042617122272
external_appliances_energy,static_ate,87000073,Convex stack,0.08615166130774757
external_appliances_energy,static_ate,87000073,Expert: linear,0.07073042617122272
external_appliances_energy,static_ate,87000073,Expert: orthogonal,0.1247841350821648
external_appliances_energy,static_ate,87000073,Expert: spline,0.0877389393834267
external_appliances_energy,static_ate,87000073,Expert: interaction,0.10095798299590686
external_appliances_energy,static_ate,87000073,Expert: piecewise,0.18418163881579974
external_appliances_energy,static_ate,87000073,Linear g-computation,0.0706732064840695
external_appliances_energy,static_ate,87000073,Random forest g-computation,0.2854711581411523
external_appliances_energy,static_ate,87000073,Spline g-computation,0.0877389393834267
external_appliances_energy,static_ate,87000073,Interaction g-computation,0.10095799789706805
external_appliances_energy,static_ate,87000073,AIPW,0.1247841350821648
external_appliances_energy,static_ate,87000073,DR learner (spline nuisances),0.13757472211624078
external_appliances_energy,static_ate,87000074,Pretrained soft router,0.13450279872486037
external_appliances_energy,static_ate,87000074,Pretrained hard top-1,0.24198117137439157
external_appliances_energy,static_ate,87000074,Temperature-scaled router,0.21441074493677514
external_appliances_energy,static_ate,87000074,Uniform expert mean,0.0740417349386921
external_appliances_energy,static_ate,87000074,Median expert,0.20215161920077707
external_appliances_energy,static_ate,87000074,Best fixed expert,0.2526268589545002
external_appliances_energy,static_ate,87000074,Metadata-only selector,0.2526268589545002
external_appliances_energy,static_ate,87000074,Shallow risk selector,0.24198117137439157
external_appliances_energy,static_ate,87000074,Convex stack,0.22614015497247653
external_appliances_energy,static_ate,87000074,Expert: linear,0.20215161920077707
external_appliances_energy,static_ate,87000074,Expert: orthogonal,0.5219061148118267
external_appliances_energy,static_ate,87000074,Expert: spline,0.24198117137439157
external_appliances_energy,static_ate,87000074,Expert: interaction,0.2526268589545002
external_appliances_energy,static_ate,87000074,Expert: piecewise,0.19535513997561837
external_appliances_energy,static_ate,87000074,Linear g-computation,0.20220571808203436
external_appliances_energy,static_ate,87000074,Random forest g-computation,0.14907500644036903
external_appliances_energy,static_ate,87000074,Spline g-computation,0.24198117137439157
external_appliances_energy,static_ate,87000074,Interaction g-computation,0.2526268589545002
external_appliances_energy,static_ate,87000074,AIPW,0.5219061148118267
external_appliances_energy,static_ate,87000074,DR learner (spline nuisances),0.02446310972811555
external_appliances_energy,static_ate,87000075,Pretrained soft router,0.03523741703896566
external_appliances_energy,static_ate,87000075,Pretrained hard top-1,0.0874538064102196
external_appliances_energy,static_ate,87000075,Temperature-scaled router,0.0006147383145403973
external_appliances_energy,static_ate,87000075,Uniform expert mean,0.09619614778957136
external_appliances_energy,static_ate,87000075,Median expert,0.0874538064102196
external_appliances_energy,static_ate,87000075,Best fixed expert,0.0874538064102196
external_appliances_energy,static_ate,87000075,Metadata-only selector,0.0874538064102196
external_appliances_energy,static_ate,87000075,Shallow risk selector,0.10552834869423144
external_appliances_energy,static_ate,87000075,Convex stack,0.10478733022700426
external_appliances_energy,static_ate,87000075,Expert: linear,0.10552834869423144
external_appliances_energy,static_ate,87000075,Expert: orthogonal,0.5774686694045997
external_appliances_energy,static_ate,87000075,Expert: spline,0.1542143911222481
external_appliances_energy,static_ate,87000075,Expert: interaction,0.0874538064102196
external_appliances_energy,static_ate,87000075,Expert: piecewise,0.2507086157699562
external_appliances_energy,static_ate,87000075,Linear g-computation,0.10554309991368988
external_appliances_energy,static_ate,87000075,Random forest g-computation,0.3150082881016814
external_appliances_energy,static_ate,87000075,Spline g-computation,0.1542143762210869
external_appliances_energy,static_ate,87000075,Interaction g-computation,0.0874538064102196
external_appliances_energy,static_ate,87000075,AIPW,0.5774686694045997
external_appliances_energy,static_ate,87000075,DR learner (spline nuisances),0.15005674106863442
external_appliances_energy,static_ate,87000076,Pretrained soft router,0.2033646092574884
external_appliances_energy,static_ate,87000076,Pretrained hard top-1,0.2318290689509041
external_appliances_energy,static_ate,87000076,Temperature-scaled router,0.20359473371385645
external_appliances_energy,static_ate,87000076,Uniform expert mean,0.20129801421572038
external_appliances_energy,static_ate,87000076,Median expert,0.16846115081716845
external_appliances_energy,static_ate,87000076,Best fixed expert,0.2318290689509041
external_appliances_energy,static_ate,87000076,Metadata-only selector,0.2318290689509041
external_appliances_energy,static_ate,87000076,Shallow risk selector,0.15878457515646288
external_appliances_energy,static_ate,87000076,Convex stack,0.21375863495785927
external_appliances_energy,static_ate,87000076,Expert: linear,0.15878457515646288
external_appliances_energy,static_ate,87000076,Expert: orthogonal,0.16846115081716845
external_appliances_energy,static_ate,87000076,Expert: spline,0.29288349240232775
external_appliances_energy,static_ate,87000076,Expert: interaction,0.2318290689509041
external_appliances_energy,static_ate,87000076,Expert: piecewise,0.15453178375173876
external_appliances_energy,static_ate,87000076,Linear g-computation,0.15877404235307313
external_appliances_energy,static_ate,87000076,Random forest g-computation,0.3433695744888327
external_appliances_energy,static_ate,87000076,Spline g-computation,0.29288349240232775
external_appliances_energy,static_ate,87000076,Interaction g-computation,0.2318290689509041
external_appliances_energy,static_ate,87000076,AIPW,0.16846115081716845
external_appliances_energy,static_ate,87000076,DR learner (spline nuisances),0.25931334366393183
external_appliances_energy,static_ate,87000077,Pretrained soft router,0.25555231984489424
external_appliances_energy,static_ate,87000077,Pretrained hard top-1,0.2184095801413476
external_appliances_energy,static_ate,87000077,Temperature-scaled router,0.26633752977840397
external_appliances_energy,static_ate,87000077,Uniform expert mean,0.24509821623567934
external_appliances_energy,static_ate,87000077,Median expert,0.222365212589544
external_appliances_energy,static_ate,87000077,Best fixed expert,0.2184095801413476
external_appliances_energy,static_ate,87000077,Metadata-only selector,0.2184095801413476
external_appliances_energy,static_ate,87000077,Shallow risk selector,0.222365212589544
external_appliances_energy,static_ate,87000077,Convex stack,0.25295261418766624
external_appliances_energy,static_ate,87000077,Expert: linear,0.2871380345523774
external_appliances_energy,static_ate,87000077,Expert: orthogonal,0.14967956855897302
external_appliances_energy,static_ate,87000077,Expert: spline,0.222365212589544
external_appliances_energy,static_ate,87000077,Expert: interaction,0.2184095801413476
external_appliances_energy,static_ate,87000077,Expert: piecewise,0.34789868533615464
external_appliances_energy,static_ate,87000077,Linear g-computation,0.28710895046401824
external_appliances_energy,static_ate,87000077,Random forest g-computation,0.3801327544027797
external_appliances_energy,static_ate,87000077,Spline g-computation,0.222365212589544
external_appliances_energy,static_ate,87000077,Interaction g-computation,0.2184095801413476
external_appliances_energy,static_ate,87000077,AIPW,0.14967956855897302
external_appliances_energy,static_ate,87000077,DR learner (spline nuisances),0.24810109944451048
external_appliances_energy,static_ate,87000078,Pretrained soft router,0.13922438073237398
external_appliances_energy,static_ate,87000078,Pretrained hard top-1,0.12280134739678672
external_appliances_energy,static_ate,87000078,Temperature-scaled router,0.13139164986974905
external_appliances_energy,static_ate,87000078,Uniform expert mean,0.14677884163659383
external_appliances_energy,static_ate,87000078,Median expert,0.1488098937491732
external_appliances_energy,static_ate,87000078,Best fixed expert,0.12280134739678672
external_appliances_energy,static_ate,87000078,Metadata-only selector,0.12280134739678672
external_appliances_energy,static_ate,87000078,Shallow risk selector,0.1488098937491732
external_appliances_energy,static_ate,87000078,Convex stack,0.14459624729696252
external_appliances_energy,static_ate,87000078,Expert: linear,0.15828929724496177
external_appliances_energy,static_ate,87000078,Expert: orthogonal,0.21096853794854453
external_appliances_energy,static_ate,87000078,Expert: spline,0.1488098937491732
external_appliances_energy,static_ate,87000078,Expert: interaction,0.12280134739678672
external_appliances_energy,static_ate,87000078,Expert: piecewise,0.09302513184350303
external_appliances_energy,static_ate,87000078,Linear g-computation,0.15831384754147737
external_appliances_energy,static_ate,87000078,Random forest g-computation,0.1800364466146009
external_appliances_energy,static_ate,87000078,Spline g-computation,0.1488098937491732
external_appliances_energy,static_ate,87000078,Interaction g-computation,0.12280134739678672
external_appliances_energy,static_ate,87000078,AIPW,0.2109685975531893
external_appliances_energy,static_ate,87000078,DR learner (spline nuisances),0.20381706529347332
external_appliances_energy,static_ate,87000079,Pretrained soft router,0.2643379436738317
external_appliances_energy,static_ate,87000079,Pretrained hard top-1,0.21449659667379428
external_appliances_energy,static_ate,87000079,Temperature-scaled router,0.25964934284734487
external_appliances_energy,static_ate,87000079,Uniform expert mean,0.26483445964223906
external_appliances_energy,static_ate,87000079,Median expert,0.2564867576158719
external_appliances_energy,static_ate,87000079,Best fixed expert,0.21449659667379428
external_appliances_energy,static_ate,87000079,Metadata-only selector,0.21449659667379428
external_appliances_energy,static_ate,87000079,Shallow risk selector,0.3200573762453275
external_appliances_energy,static_ate,87000079,Convex stack,0.27904806650307323
external_appliances_energy,static_ate,87000079,Expert: linear,0.3200573762453275
external_appliances_energy,static_ate,87000079,Expert: orthogonal,0.2564867576158719
external_appliances_energy,static_ate,87000079,Expert: spline,0.2789569338358121
external_appliances_energy,static_ate,87000079,Expert: interaction,0.21449659667379428
external_appliances_energy,static_ate,87000079,Expert: piecewise,0.25417463384038974
external_appliances_energy,static_ate,87000079,Linear g-computation,0.3201225694028489
external_appliances_energy,static_ate,87000079,Random forest g-computation,0.07104284613838052
external_appliances_energy,static_ate,87000079,Spline g-computation,0.2789569338358121
external_appliances_energy,static_ate,87000079,Interaction g-computation,0.21449659667379428
external_appliances_energy,static_ate,87000079,AIPW,0.2564867576158719
external_appliances_energy,static_ate,87000079,DR learner (spline nuisances),0.2746217836965891
external_appliances_energy,static_ate,87000080,Pretrained soft router,0.0764164818009328
external_appliances_energy,static_ate,87000080,Pretrained hard top-1,0.09803950455509264
external_appliances_energy,static_ate,87000080,Temperature-scaled router,0.07250721964809742
external_appliances_energy,static_ate,87000080,Uniform expert mean,0.09060851004444198
external_appliances_energy,static_ate,87000080,Median expert,0.09803950455509264
external_appliances_energy,static_ate,87000080,Best fixed expert,0.09803950455509264
external_appliances_energy,static_ate,87000080,Metadata-only selector,0.09803950455509264
external_appliances_energy,static_ate,87000080,Shallow risk selector,0.09803950455509264
external_appliances_energy,static_ate,87000080,Convex stack,0.09729077911793921
external_appliances_energy,static_ate,87000080,Expert: linear,0.13972818520389635
external_appliances_energy,static_ate,87000080,Expert: orthogonal,0.2504577603610619
external_appliances_energy,static_ate,87000080,Expert: spline,0.04136237171016771
external_appliances_energy,static_ate,87000080,Expert: interaction,0.09803950455509264
external_appliances_energy,static_ate,87000080,Expert: piecewise,0.07654527160800856
external_appliances_energy,static_ate,87000080,Linear g-computation,0.13978520409011946
external_appliances_energy,static_ate,87000080,Random forest g-computation,0.2817191704251383
external_appliances_energy,static_ate,87000080,Spline g-computation,0.04136237171016771
external_appliances_energy,static_ate,87000080,Interaction g-computation,0.09803950455509264
external_appliances_energy,static_ate,87000080,AIPW,0.2504577603610619
external_appliances_energy,static_ate,87000080,DR learner (spline nuisances),0.22559032089954592
external_appliances_energy,static_ate,87000081,Pretrained soft router,0.002542142101487177
external_appliances_energy,static_ate,87000081,Pretrained hard top-1,0.08173855337896618
external_appliances_energy,static_ate,87000081,Temperature-scaled router,0.01200082664411839
external_appliances_energy,static_ate,87000081,Uniform expert mean,0.010462923910233624
external_appliances_energy,static_ate,87000081,Median expert,0.012342282201859622
external_appliances_energy,static_ate,87000081,Best fixed expert,0.03931771907606396
external_appliances_energy,static_ate,87000081,Metadata-only selector,0.03931771907606396
external_appliances_energy,static_ate,87000081,Shallow risk selector,0.08375329580507007
external_appliances_energy,static_ate,87000081,Convex stack,0.02760264276560026
external_appliances_energy,static_ate,87000081,Expert: linear,0.08375329580507007
external_appliances_energy,static_ate,87000081,Expert: orthogonal,0.07727531399926868
external_appliances_energy,static_ate,87000081,Expert: spline,0.012342282201859622
external_appliances_energy,static_ate,87000081,Expert: interaction,0.03931771907606396
external_appliances_energy,static_ate,87000081,Expert: piecewise,0.08173855337896618
external_appliances_energy,static_ate,87000081,Linear g-computation,0.08375416898540816
external_appliances_energy,static_ate,87000081,Random forest g-computation,0.29578201041356567
external_appliances_energy,static_ate,87000081,Spline g-computation,0.012342282201859622
external_appliances_energy,static_ate,87000081,Interaction g-computation,0.03931771907606396
external_appliances_energy,static_ate,87000081,AIPW,0.07727531399926868
external_appliances_energy,static_ate,87000081,DR learner (spline nuisances),0.09015469320090674
external_appliances_energy,static_ate,87000082,Pretrained soft router,0.39892874608497814
external_appliances_energy,static_ate,87000082,Pretrained hard top-1,0.2988922287210662
external_appliances_energy,static_ate,87000082,Temperature-scaled router,0.2748964647079552
external_appliances_energy,static_ate,87000082,Uniform expert mean,0.5996919084772308
external_appliances_energy,static_ate,87000082,Median expert,0.2988922287210662
external_appliances_energy,static_ate,87000082,Best fixed expert,0.2988922287210662
external_appliances_energy,static_ate,87000082,Metadata-only selector,0.2988922287210662
external_appliances_energy,static_ate,87000082,Shallow risk selector,0.34396800291387625
external_appliances_energy,static_ate,87000082,Convex stack,0.2884480415502865
external_appliances_energy,static_ate,87000082,Expert: linear,0.2546419192537505
external_appliances_energy,static_ate,87000082,Expert: orthogonal,1.9157874871477325
external_appliances_energy,static_ate,87000082,Expert: spline,0.34396800291387625
external_appliances_energy,static_ate,87000082,Expert: interaction,0.2988922287210662
external_appliances_energy,static_ate,87000082,Expert: piecewise,0.1851699043497283
external_appliances_energy,static_ate,87000082,Linear g-computation,0.2546850939296959
external_appliances_energy,static_ate,87000082,Random forest g-computation,0.21620200448031696
external_appliances_energy,static_ate,87000082,Spline g-computation,0.34396800291387625
external_appliances_energy,static_ate,87000082,Interaction g-computation,0.2988922287210662
external_appliances_energy,static_ate,87000082,AIPW,1.9157874871477325
external_appliances_energy,static_ate,87000082,DR learner (spline nuisances),0.2737394351567399
external_appliances_energy,static_ate,87000083,Pretrained soft router,0.1457318907083463
external_appliances_energy,static_ate,87000083,Pretrained hard top-1,0.19515141915436068
external_appliances_energy,static_ate,87000083,Temperature-scaled router,0.17277169664145342
external_appliances_energy,static_ate,87000083,Uniform expert mean,0.11682985197658816
external_appliances_energy,static_ate,87000083,Median expert,0.18278735946769992
external_appliances_energy,static_ate,87000083,Best fixed expert,0.19515141915436068
external_appliances_energy,static_ate,87000083,Metadata-only selector,0.19515141915436068
external_appliances_energy,static_ate,87000083,Shallow risk selector,0.18278735946769992
external_appliances_energy,static_ate,87000083,Convex stack,0.18632678522797783
external_appliances_energy,static_ate,87000083,Expert: linear,0.18278735946769992
external_appliances_energy,static_ate,87000083,Expert: orthogonal,0.1112690709913226
external_appliances_energy,static_ate,87000083,Expert: spline,0.18847961794491092
external_appliances_energy,static_ate,87000083,Expert: interaction,0.19515141915436068
external_appliances_energy,static_ate,87000083,Expert: piecewise,0.1289999343072919
external_appliances_energy,static_ate,87000083,Linear g-computation,0.1827865365192334
external_appliances_energy,static_ate,87000083,Random forest g-computation,0.3533300887867151
external_appliances_energy,static_ate,87000083,Spline g-computation,0.18847961794491092
external_appliances_energy,static_ate,87000083,Interaction g-computation,0.19515141915436068
external_appliances_energy,static_ate,87000083,AIPW,0.1112690709913226
external_appliances_energy,static_ate,87000083,DR learner (spline nuisances),0.05788974971713684
external_appliances_energy,static_ate,87000084,Pretrained soft router,0.01742265806034038
external_appliances_energy,static_ate,87000084,Pretrained hard top-1,0.025934349834044856
external_appliances_energy,static_ate,87000084,Temperature-scaled router,0.04363571199816646
external_appliances_energy,static_ate,87000084,Uniform expert mean,0.01782982415048273
external_appliances_energy,static_ate,87000084,Median expert,0.025934349834044856
external_appliances_energy,static_ate,87000084,Best fixed expert,0.025934349834044856
external_appliances_energy,static_ate,87000084,Metadata-only selector,0.025934349834044856
external_appliances_energy,static_ate,87000084,Shallow risk selector,0.025934349834044856
external_appliances_energy,static_ate,87000084,Convex stack,0.09575329489619072
external_appliances_energy,static_ate,87000084,Expert: linear,0.11875803404959051
external_appliances_energy,static_ate,87000084,Expert: orthogonal,0.36448116964189203
external_appliances_energy,static_ate,87000084,Expert: spline,0.13857505851896612
external_appliances_energy,static_ate,87000084,Expert: interaction,0.025934349834044856
external_appliances_energy,static_ate,87000084,Expert: piecewise,0.007935393513123112
external_appliances_energy,static_ate,87000084,Linear g-computation,0.1187626032799124
external_appliances_energy,static_ate,87000084,Random forest g-computation,0.33212109573751303
external_appliances_energy,static_ate,87000084,Spline g-computation,0.13857505851896612
external_appliances_energy,static_ate,87000084,Interaction g-computation,0.025934349834044856
external_appliances_energy,static_ate,87000084,AIPW,0.36448116964189203
external_appliances_energy,static_ate,87000084,DR learner (spline nuisances),0.04157798667848789
external_appliances_energy,static_ate,87000085,Pretrained soft router,0.10171266788632627
external_appliances_energy,static_ate,87000085,Pretrained hard top-1,0.06986902638066739
external_appliances_energy,static_ate,87000085,Temperature-scaled router,0.09682692291669026
external_appliances_energy,static_ate,87000085,Uniform expert mean,0.1059249399482104
external_appliances_energy,static_ate,87000085,Median expert,0.08706183715451687
external_appliances_energy,static_ate,87000085,Best fixed expert,0.1717344967900607
external_appliances_energy,static_ate,87000085,Metadata-only selector,0.1717344967900607
external_appliances_energy,static_ate,87000085,Shallow risk selector,0.08706183715451687
external_appliances_energy,static_ate,87000085,Convex stack,0.09906060789023136
external_appliances_energy,static_ate,87000085,Expert: linear,0.08706183715451687
external_appliances_energy,static_ate,87000085,Expert: orthogonal,0.15385466797936886
external_appliances_energy,static_ate,87000085,Expert: spline,0.04710467143643826
external_appliances_energy,static_ate,87000085,Expert: interaction,0.1717344967900607
external_appliances_energy,static_ate,87000085,Expert: piecewise,0.06986902638066739
external_appliances_energy,static_ate,87000085,Linear g-computation,0.08705690344258216
external_appliances_energy,static_ate,87000085,Random forest g-computation,0.2538131069008406
external_appliances_energy,static_ate,87000085,Spline g-computation,0.04710467143643826
external_appliances_energy,static_ate,87000085,Interaction g-computation,0.1717344967900607
external_appliances_energy,static_ate,87000085,AIPW,0.15385466797936886
external_appliances_energy,static_ate,87000085,DR learner (spline nuisances),0.09240286929820318
external_appliances_energy,static_ate,87000086,Pretrained soft router,0.19111275556382135
external_appliances_energy,static_ate,87000086,Pretrained hard top-1,0.23974195463265435
external_appliances_energy,static_ate,87000086,Temperature-scaled router,0.19696396797061422
external_appliances_energy,static_ate,87000086,Uniform expert mean,0.18965990287865653
external_appliances_energy,static_ate,87000086,Median expert,0.19148609382714288
external_appliances_energy,static_ate,87000086,Best fixed expert,0.23974195463265435
external_appliances_energy,static_ate,87000086,Metadata-only selector,0.23974195463265435
external_appliances_energy,static_ate,87000086,Shallow risk selector,0.15314308149422662
external_appliances_energy,static_ate,87000086,Convex stack,0.20554008202496
external_appliances_energy,static_ate,87000086,Expert: linear,0.23030844671334283
external_appliances_energy,static_ate,87000086,Expert: orthogonal,0.19148609382714288
external_appliances_energy,static_ate,87000086,Expert: spline,0.13361993772591607
external_appliances_energy,static_ate,87000086,Expert: interaction,0.23974195463265435
external_appliances_energy,static_ate,87000086,Expert: piecewise,0.15314308149422662
external_appliances_energy,static_ate,87000086,Linear g-computation,0.23032502590145665
external_appliances_energy,static_ate,87000086,Random forest g-computation,0.09443898854800337
external_appliances_energy,static_ate,87000086,Spline g-computation,0.13361993772591607
external_appliances_energy,static_ate,87000086,Interaction g-computation,0.23974195463265435
external_appliances_energy,static_ate,87000086,AIPW,0.19148609382714288
external_appliances_energy,static_ate,87000086,DR learner (spline nuisances),0.10344771255979274
external_appliances_energy,static_ate,87000087,Pretrained soft router,0.0894524591890189
external_appliances_energy,static_ate,87000087,Pretrained hard top-1,0.04832881593187155
external_appliances_energy,static_ate,87000087,Temperature-scaled router,0.08567270099855046
external_appliances_energy,static_ate,87000087,Uniform expert mean,0.09106988810975852
external_appliances_energy,static_ate,87000087,Median expert,0.07489034437616171
external_appliances_energy,static_ate,87000087,Best fixed expert,0.04832881593187155
external_appliances_energy,static_ate,87000087,Metadata-only selector,0.04832881593187155
external_appliances_energy,static_ate,87000087,Shallow risk selector,0.07489034437616171
external_appliances_energy,static_ate,87000087,Convex stack,0.09094468276389395
external_appliances_energy,static_ate,87000087,Expert: linear,0.07489034437616171
external_appliances_energy,static_ate,87000087,Expert: orthogonal,0.099953292841509
external_appliances_energy,static_ate,87000087,Expert: spline,0.16382676267106833
external_appliances_energy,static_ate,87000087,Expert: interaction,0.04832881593187155
external_appliances_energy,static_ate,87000087,Expert: piecewise,0.06835022472818197
external_appliances_energy,static_ate,87000087,Linear g-computation,0.07491890550448221
external_appliances_energy,static_ate,87000087,Random forest g-computation,0.2250776088624618
external_appliances_energy,static_ate,87000087,Spline g-computation,0.16382676267106833
external_appliances_energy,static_ate,87000087,Interaction g-computation,0.04832881593187155
external_appliances_energy,static_ate,87000087,AIPW,0.099953292841509
external_appliances_energy,static_ate,87000087,DR learner (spline nuisances),0.26289094326928386
external_appliances_energy,static_ate,87000088,Pretrained soft router,0.2725142927127344
external_appliances_energy,static_ate,87000088,Pretrained hard top-1,0.09112535755939821
external_appliances_energy,static_ate,87000088,Temperature-scaled router,0.1557822914579683
external_appliances_energy,static_ate,87000088,Uniform expert mean,0.4085793856889759
external_appliances_energy,static_ate,87000088,Median expert,0.20913066308803896
external_appliances_energy,static_ate,87000088,Best fixed expert,0.09112535755939821
external_appliances_energy,static_ate,87000088,Metadata-only selector,0.09112535755939821
external_appliances_energy,static_ate,87000088,Shallow risk selector,0.09112535755939821
external_appliances_energy,static_ate,87000088,Convex stack,0.1802748207775322
external_appliances_energy,static_ate,87000088,Expert: linear,0.2610133473188434
external_appliances_energy,static_ate,87000088,Expert: orthogonal,1.347761649301723
external_appliances_energy,static_ate,87000088,Expert: spline,0.13386591117687563
external_appliances_energy,static_ate,87000088,Expert: interaction,0.09112535755939821
external_appliances_energy,static_ate,87000088,Expert: piecewise,0.20913066308803896
external_appliances_energy,static_ate,87000088,Linear g-computation,0.2610350873817041
external_appliances_energy,static_ate,87000088,Random forest g-computation,0.21520243337390454
external_appliances_energy,static_ate,87000088,Spline g-computation,0.13386591117687563
external_appliances_energy,static_ate,87000088,Interaction g-computation,0.09112535755939821
external_appliances_energy,static_ate,87000088,AIPW,1.347761649301723
external_appliances_energy,static_ate,87000088,DR learner (spline nuisances),0.218617671907406
external_appliances_energy,static_ate,87000089,Pretrained soft router,0.1664998905325074
external_appliances_energy,static_ate,87000089,Pretrained hard top-1,0.1587156690972144
external_appliances_energy,static_ate,87000089,Temperature-scaled router,0.18646357199285818
external_appliances_energy,static_ate,87000089,Uniform expert mean,0.15087381380966253
external_appliances_energy,static_ate,87000089,Median expert,0.16575235504081792
external_appliances_energy,static_ate,87000089,Best fixed expert,0.23366070169380254
external_appliances_energy,static_ate,87000089,Metadata-only selector,0.23366070169380254
external_appliances_energy,static_ate,87000089,Shallow risk selector,0.1587156690972144
external_appliances_energy,static_ate,87000089,Convex stack,0.18343273619632022
external_appliances_energy,static_ate,87000089,Expert: linear,0.16575235504081792
external_appliances_energy,static_ate,87000089,Expert: orthogonal,0.01640185338088923
external_appliances_energy,static_ate,87000089,Expert: spline,0.1587156690972144
external_appliances_energy,static_ate,87000089,Expert: interaction,0.23366070169380254
external_appliances_energy,static_ate,87000089,Expert: piecewise,0.212642196597367
external_appliances_energy,static_ate,87000089,Linear g-computation,0.16576188604810466
external_appliances_energy,static_ate,87000089,Random forest g-computation,0.042575597676102694
external_appliances_energy,static_ate,87000089,Spline g-computation,0.1587156690972144
external_appliances_energy,static_ate,87000089,Interaction g-computation,0.23366076129844732
external_appliances_energy,static_ate,87000089,AIPW,0.01640185338088923
external_appliances_energy,static_ate,87000089,DR learner (spline nuisances),0.3489210313389823
external_appliances_energy,static_ate,87000090,Pretrained soft router,0.036021070490331875
external_appliances_energy,static_ate,87000090,Pretrained hard top-1,0.06963109127868594
external_appliances_energy,static_ate,87000090,Temperature-scaled router,0.045744430098744016
external_appliances_energy,static_ate,87000090,Uniform expert mean,0.028047261160506598
external_appliances_energy,static_ate,87000090,Median expert,0.03414406530250491
external_appliances_energy,static_ate,87000090,Best fixed expert,0.06963109127868594
external_appliances_energy,static_ate,87000090,Metadata-only selector,0.06963109127868594
external_appliances_energy,static_ate,87000090,Shallow risk selector,0.06963109127868594
external_appliances_energy,static_ate,87000090,Convex stack,0.03926465446944455
external_appliances_energy,static_ate,87000090,Expert: linear,0.03414406530250491
external_appliances_energy,static_ate,87000090,Expert: orthogonal,0.036750891286240206
external_appliances_energy,static_ate,87000090,Expert: spline,0.014843664091719999
external_appliances_energy,static_ate,87000090,Expert: interaction,0.06963109127868594
external_appliances_energy,static_ate,87000090,Expert: piecewise,0.058368376415862455
external_appliances_energy,static_ate,87000090,Linear g-computation,0.03416163146923351
external_appliances_energy,static_ate,87000090,Random forest g-computation,0.3161581341650376
external_appliances_energy,static_ate,87000090,Spline g-computation,0.014843664091719999
external_appliances_energy,static_ate,87000090,Interaction g-computation,0.06963109127868594
external_appliances_energy,static_ate,87000090,AIPW,0.036750891286240206
external_appliances_energy,static_ate,87000090,DR learner (spline nuisances),0.012421349320507202
external_appliances_energy,static_ate,87000091,Pretrained soft router,0.12959269776222637
external_appliances_energy,static_ate,87000091,Pretrained hard top-1,0.1428928329008361
external_appliances_energy,static_ate,87000091,Temperature-scaled router,0.14529197948626593
external_appliances_energy,static_ate,87000091,Uniform expert mean,0.11082142129118644
external_appliances_energy,static_ate,87000091,Median expert,0.1428928329008361
external_appliances_energy,static_ate,87000091,Best fixed expert,0.09838449492628776
external_appliances_energy,static_ate,87000091,Metadata-only selector,0.09838449492628776
external_appliances_energy,static_ate,87000091,Shallow risk selector,0.1428928329008361
external_appliances_energy,static_ate,87000091,Convex stack,0.14266651579797118
external_appliances_energy,static_ate,87000091,Expert: linear,0.1660643769758483
external_appliances_energy,static_ate,87000091,Expert: orthogonal,0.06172973379914559
external_appliances_energy,static_ate,87000091,Expert: spline,0.1428928329008361
external_appliances_energy,static_ate,87000091,Expert: interaction,0.09838449492628776
external_appliances_energy,static_ate,87000091,Expert: piecewise,0.20849513545210563
external_appliances_energy,static_ate,87000091,Linear g-computation,0.1661026821669116
external_appliances_energy,static_ate,87000091,Random forest g-computation,0.2958232174740957
external_appliances_energy,static_ate,87000091,Spline g-computation,0.1428928329008361
external_appliances_energy,static_ate,87000091,Interaction g-computation,0.09838449492628776
external_appliances_energy,static_ate,87000091,AIPW,0.06172973379914559
external_appliances_energy,static_ate,87000091,DR learner (spline nuisances),0.20278578657936186
external_appliances_energy,static_ate,87000092,Pretrained soft router,0.14555365746490134
external_appliances_energy,static_ate,87000092,Pretrained hard top-1,0.17950407990896633
external_appliances_energy,static_ate,87000092,Temperature-scaled router,0.11090024448855251
external_appliances_energy,static_ate,87000092,Uniform expert mean,0.2012179029890292
external_appliances_energy,static_ate,87000092,Median expert,0.07895643839323452
external_appliances_energy,static_ate,87000092,Best fixed expert,0.17950407990896633
external_appliances_energy,static_ate,87000092,Metadata-only selector,0.17950407990896633
external_appliances_energy,static_ate,87000092,Shallow risk selector,0.07895643839323452
external_appliances_energy,static_ate,87000092,Convex stack,0.0995713486828364
external_appliances_energy,static_ate,87000092,Expert: linear,0.06818656453573635
external_appliances_energy,static_ate,87000092,Expert: orthogonal,0.6770557595201724
external_appliances_energy,static_ate,87000092,Expert: spline,0.07895643839323452
external_appliances_energy,static_ate,87000092,Expert: interaction,0.17950407990896633
external_appliances_energy,static_ate,87000092,Expert: piecewise,0.002386672587036398
external_appliances_energy,static_ate,87000092,Linear g-computation,0.0682147023907742
external_appliances_energy,static_ate,87000092,Random forest g-computation,0.27833973529463907
external_appliances_energy,static_ate,87000092,Spline g-computation,0.07895643839323452
external_appliances_energy,static_ate,87000092,Interaction g-computation,0.17950407990896633
external_appliances_energy,static_ate,87000092,AIPW,0.6770557595201724
external_appliances_energy,static_ate,87000092,DR learner (spline nuisances),0.17240340669512422
external_appliances_energy,static_ate,87000093,Pretrained soft router,0.20713747806173
external_appliances_energy,static_ate,87000093,Pretrained hard top-1,0.36598663003541065
external_appliances_energy,static_ate,87000093,Temperature-scaled router,0.26420165277224644
external_appliances_energy,static_ate,87000093,Uniform expert mean,0.16988568575478624
external_appliances_energy,static_ate,87000093,Median expert,0.19579448149896694
external_appliances_energy,static_ate,87000093,Best fixed expert,0.36598663003541065
external_appliances_energy,static_ate,87000093,Metadata-only selector,0.36598663003541065
external_appliances_energy,static_ate,87000093,Shallow risk selector,0.19579448149896694
external_appliances_energy,static_ate,87000093,Convex stack,0.23124136592024228
external_appliances_energy,static_ate,87000093,Expert: linear,0.16997179733015133
external_appliances_energy,static_ate,87000093,Expert: orthogonal,0.109222557680835
external_appliances_energy,static_ate,87000093,Expert: spline,0.19579448149896694
external_appliances_energy,static_ate,87000093,Expert: interaction,0.36598663003541065
external_appliances_energy,static_ate,87000093,Expert: piecewise,0.2268980775902374
external_appliances_energy,static_ate,87000093,Linear g-computation,0.16995042088111456
external_appliances_energy,static_ate,87000093,Random forest g-computation,0.3757446267783467
external_appliances_energy,static_ate,87000093,Spline g-computation,0.19579448149896694
external_appliances_energy,static_ate,87000093,Interaction g-computation,0.36598663003541065
external_appliances_energy,static_ate,87000093,AIPW,0.109222557680835
external_appliances_energy,static_ate,87000093,DR learner (spline nuisances),0.006536403972860427
external_appliances_energy,static_ate,87000094,Pretrained soft router,0.11117522888234621
external_appliances_energy,static_ate,87000094,Pretrained hard top-1,0.11267870034210636
external_appliances_energy,static_ate,87000094,Temperature-scaled router,0.11009297808994373
external_appliances_energy,static_ate,87000094,Uniform expert mean,0.11249639953606083
external_appliances_energy,static_ate,87000094,Median expert,0.11267870034210636
external_appliances_energy,static_ate,87000094,Best fixed expert,0.11267870034210636
external_appliances_energy,static_ate,87000094,Metadata-only selector,0.11267870034210636
external_appliances_energy,static_ate,87000094,Shallow risk selector,0.1052310999774213
external_appliances_energy,static_ate,87000094,Convex stack,0.10176424547314811
external_appliances_energy,static_ate,87000094,Expert: linear,0.0918045874976392
external_appliances_energy,static_ate,87000094,Expert: orthogonal,0.12919261421196415
external_appliances_energy,static_ate,87000094,Expert: spline,0.1052310999774213
external_appliances_energy,static_ate,87000094,Expert: interaction,0.11267870034210636
external_appliances_energy,static_ate,87000094,Expert: piecewise,0.12357499565117314
external_appliances_energy,static_ate,87000094,Linear g-computation,0.09178380730402175
external_appliances_energy,static_ate,87000094,Random forest g-computation,0.16368429522025127
external_appliances_energy,static_ate,87000094,Spline g-computation,0.1052310999774213
external_appliances_energy,static_ate,87000094,Interaction g-computation,0.11267870034210636
external_appliances_energy,static_ate,87000094,AIPW,0.12919261421196415
external_appliances_energy,static_ate,87000094,DR learner (spline nuisances),0.2619845450282545
external_appliances_energy,static_ate,87000095,Pretrained soft router,0.3384793687330405
external_appliances_energy,static_ate,87000095,Pretrained hard top-1,0.345135534957847
external_appliances_energy,static_ate,87000095,Temperature-scaled router,0.36314497683544333
external_appliances_energy,static_ate,87000095,Uniform expert mean,0.2773780208386987
external_appliances_energy,static_ate,87000095,Median expert,0.345135534957847
external_appliances_energy,static_ate,87000095,Best fixed expert,0.345135534957847
external_appliances_energy,static_ate,87000095,Metadata-only selector,0.345135534957847
external_appliances_energy,static_ate,87000095,Shallow risk selector,0.515347382829389
external_appliances_energy,static_ate,87000095,Convex stack,0.4654737110461016
external_appliances_energy,static_ate,87000095,Expert: linear,0.515347382829389
external_appliances_energy,static_ate,87000095,Expert: orthogonal,0.2251486416600138
external_appliances_energy,static_ate,87000095,Expert: spline,0.5279582355477422
external_appliances_energy,static_ate,87000095,Expert: interaction,0.345135534957847
external_appliances_energy,static_ate,87000095,Expert: piecewise,0.2235975925185293
external_appliances_energy,static_ate,87000095,Linear g-computation,0.5153512518852428
external_appliances_energy,static_ate,87000095,Random forest g-computation,0.36651741003414773
external_appliances_energy,static_ate,87000095,Spline g-computation,0.5279582355477422
external_appliances_energy,static_ate,87000095,Interaction g-computation,0.345135534957847
external_appliances_energy,static_ate,87000095,AIPW,0.2251486416600138
external_appliances_energy,static_ate,87000095,DR learner (spline nuisances),0.017171781952707854
external_appliances_energy,static_ate,87000096,Pretrained soft router,0.17812796743269266
external_appliances_energy,static_ate,87000096,Pretrained hard top-1,0.07018140764026504
external_appliances_energy,static_ate,87000096,Temperature-scaled router,0.09950125044308694
external_appliances_energy,static_ate,87000096,Uniform expert mean,0.23198308558254105
external_appliances_energy,static_ate,87000096,Median expert,0.0898871204355226
external_appliances_energy,static_ate,87000096,Best fixed expert,0.019941457221792747
external_appliances_energy,static_ate,87000096,Metadata-only selector,0.019941457221792747
external_appliances_energy,static_ate,87000096,Shallow risk selector,0.0898871204355226
external_appliances_energy,static_ate,87000096,Convex stack,0.0678830971331198
external_appliances_energy,static_ate,87000096,Expert: linear,0.0898871204355226
external_appliances_energy,static_ate,87000096,Expert: orthogonal,0.8025269886949525
external_appliances_energy,static_ate,87000096,Expert: spline,0.07018140764026504
external_appliances_energy,static_ate,87000096,Expert: interaction,0.019941457221792747
external_appliances_energy,static_ate,87000096,Expert: piecewise,0.17737845392017226
external_appliances_energy,static_ate,87000096,Linear g-computation,0.08986367819459495
external_appliances_energy,static_ate,87000096,Random forest g-computation,0.3122758574473411
external_appliances_energy,static_ate,87000096,Spline g-computation,0.07018140764026504
external_appliances_energy,static_ate,87000096,Interaction g-computation,0.019941457221792747
external_appliances_energy,static_ate,87000096,AIPW,0.8025269886949525
external_appliances_energy,static_ate,87000096,DR learner (spline nuisances),0.11113541737597604
external_appliances_energy,static_ate,87000097,Pretrained soft router,0.12014293460496284
external_appliances_energy,static_ate,87000097,Pretrained hard top-1,0.12353923565603331
external_appliances_energy,static_ate,87000097,Temperature-scaled router,0.14244872807287562
external_appliances_energy,static_ate,87000097,Uniform expert mean,0.09383787161565854
external_appliances_energy,static_ate,87000097,Median expert,0.14284875637746886
external_appliances_energy,static_ate,87000097,Best fixed expert,0.12353923565603331
external_appliances_energy,static_ate,87000097,Metadata-only selector,0.12353923565603331
external_appliances_energy,static_ate,87000097,Shallow risk selector,0.12353923565603331
external_appliances_energy,static_ate,87000097,Convex stack,0.1478737356932086
external_appliances_energy,static_ate,87000097,Expert: linear,0.16511855668283537
external_appliances_energy,static_ate,87000097,Expert: orthogonal,0.12241393678926393
external_appliances_energy,static_ate,87000097,Expert: spline,0.14284875637746886
external_appliances_energy,static_ate,87000097,Expert: interaction,0.12353923565603331
external_appliances_energy,static_ate,87000097,Expert: piecewise,0.16009674615121916
external_appliances_energy,static_ate,87000097,Linear g-computation,0.16510575714125736
external_appliances_energy,static_ate,87000097,Random forest g-computation,0.3167009994691375
external_appliances_energy,static_ate,87000097,Spline g-computation,0.14284875637746886
external_appliances_energy,static_ate,87000097,Interaction g-computation,0.12353923565603331
external_appliances_energy,static_ate,87000097,AIPW,0.12241393678926393
external_appliances_energy,static_ate,87000097,DR learner (spline nuisances),0.04558683629545096
external_appliances_energy,static_ate,87000098,Pretrained soft router,0.04843813932069818
external_appliances_energy,static_ate,87000098,Pretrained hard top-1,0.10336717952854635
external_appliances_energy,static_ate,87000098,Temperature-scaled router,0.09929140680212234
external_appliances_energy,static_ate,87000098,Uniform expert mean,0.008606165751147254
external_appliances_energy,static_ate,87000098,Median expert,0.09531772126324178
external_appliances_energy,static_ate,87000098,Best fixed expert,0.10336717952854635
external_appliances_energy,static_ate,87000098,Metadata-only selector,0.10336717952854635
external_appliances_energy,static_ate,87000098,Shallow risk selector,0.09531772126324178
external_appliances_energy,static_ate,87000098,Convex stack,0.1513451612382905
external_appliances_energy,static_ate,87000098,Expert: linear,0.22221675504810812
external_appliances_energy,static_ate,87000098,Expert: orthogonal,0.4688106180273771
external_appliances_energy,static_ate,87000098,Expert: spline,0.09531772126324178
external_appliances_energy,static_ate,87000098,Expert: interaction,0.10336717952854635
external_appliances_energy,static_ate,87000098,Expert: piecewise,0.004878133431744591
external_appliances_energy,static_ate,87000098,Linear g-computation,0.22220459026957626
external_appliances_energy,static_ate,87000098,Random forest g-computation,0.31857648740174266
external_appliances_energy,static_ate,87000098,Spline g-computation,0.09531772126324178
external_appliances_energy,static_ate,87000098,Interaction g-computation,0.10336717952854635
external_appliances_energy,static_ate,87000098,AIPW,0.4688106180273771
external_appliances_energy,static_ate,87000098,DR learner (spline nuisances),0.11970750779780193
external_appliances_energy,static_ate,87000099,Pretrained soft router,0.13348432744169875
external_appliances_energy,static_ate,87000099,Pretrained hard top-1,0.13312620089747335
external_appliances_energy,static_ate,87000099,Temperature-scaled router,0.16533650968473523
external_appliances_energy,static_ate,87000099,Uniform expert mean,0.1111343906948748
external_appliances_energy,static_ate,87000099,Median expert,0.14314957128264333
external_appliances_energy,static_ate,87000099,Best fixed expert,0.13312620089747335
external_appliances_energy,static_ate,87000099,Metadata-only selector,0.13312620089747335
external_appliances_energy,static_ate,87000099,Shallow risk selector,0.16773870752550984
external_appliances_energy,static_ate,87000099,Convex stack,0.1535588444494465
external_appliances_energy,static_ate,87000099,Expert: linear,0.16773870752550984
external_appliances_energy,static_ate,87000099,Expert: orthogonal,0.12463466657898997
external_appliances_energy,static_ate,87000099,Expert: spline,0.14314957128264333
external_appliances_energy,static_ate,87000099,Expert: interaction,0.13312620089747335
external_appliances_energy,static_ate,87000099,Expert: piecewise,0.23629214034773732
external_appliances_energy,static_ate,87000099,Linear g-computation,0.1677319442153143
external_appliances_energy,static_ate,87000099,Random forest g-computation,0.36029816861116964
external_appliances_energy,static_ate,87000099,Spline g-computation,0.14314957128264333
external_appliances_energy,static_ate,87000099,Interaction g-computation,0.13312620089747335
external_appliances_energy,static_ate,87000099,AIPW,0.12463466657898997
external_appliances_energy,static_ate,87000099,DR learner (spline nuisances),0.006374689318259241
external_appliances_energy,static_ate,87000100,Pretrained soft router,0.014829494171673785
external_appliances_energy,static_ate,87000100,Pretrained hard top-1,0.07990052510685985
external_appliances_energy,static_ate,87000100,Temperature-scaled router,0.001553215136429198
external_appliances_energy,static_ate,87000100,Uniform expert mean,0.02887880016751354
external_appliances_energy,static_ate,87000100,Median expert,0.02432950545735424
external_appliances_energy,static_ate,87000100,Best fixed expert,0.07990052510685985
external_appliances_energy,static_ate,87000100,Metadata-only selector,0.07990052510685985
external_appliances_energy,static_ate,87000100,Shallow risk selector,0.01446843932681019
external_appliances_energy,static_ate,87000100,Convex stack,0.018562664084087577
external_appliances_energy,static_ate,87000100,Expert: linear,0.01446843932681019
external_appliances_energy,static_ate,87000100,Expert: orthogonal,0.18179999996609753
external_appliances_energy,static_ate,87000100,Expert: spline,0.02432950545735424
external_appliances_energy,static_ate,87000100,Expert: interaction,0.07990052510685985
external_appliances_energy,static_ate,87000100,Expert: piecewise,0.12716759036593372
external_appliances_energy,static_ate,87000100,Linear g-computation,0.014438165962534666
external_appliances_energy,static_ate,87000100,Random forest g-computation,0.34027306333459106
external_appliances_energy,static_ate,87000100,Spline g-computation,0.02432950545735424
external_appliances_energy,static_ate,87000100,Interaction g-computation,0.07990052510685985
external_appliances_energy,static_ate,87000100,AIPW,0.18179999996609753
external_appliances_energy,static_ate,87000100,DR learner (spline nuisances),0.13678881386715502
external_appliances_energy,static_ate,87000101,Pretrained soft router,0.03581418085701654
external_appliances_energy,static_ate,87000101,Pretrained hard top-1,0.013254749173237435
external_appliances_energy,static_ate,87000101,Temperature-scaled router,0.06480426117670257
external_appliances_energy,static_ate,87000101,Uniform expert mean,0.001832849675728443
external_appliances_energy,static_ate,87000101,Median expert,0.07195864855678236
external_appliances_energy,static_ate,87000101,Best fixed expert,0.09461342036159193
external_appliances_energy,static_ate,87000101,Metadata-only selector,0.09461342036159193
external_appliances_energy,static_ate,87000101,Shallow risk selector,0.013254749173237435
external_appliances_energy,static_ate,87000101,Convex stack,0.06455713879047681
external_appliances_energy,static_ate,87000101,Expert: linear,0.07195864855678236
external_appliances_energy,static_ate,87000101,Expert: orthogonal,0.32131842285959566
external_appliances_energy,static_ate,87000101,Expert: spline,0.013254749173237435
external_appliances_energy,static_ate,87000101,Expert: interaction,0.09461342036159193
external_appliances_energy,static_ate,87000101,Expert: piecewise,0.1506558531466261
external_appliances_energy,static_ate,87000101,Linear g-computation,0.0719360131244473
external_appliances_energy,static_ate,87000101,Random forest g-computation,0.16229322621982673
external_appliances_energy,static_ate,87000101,Spline g-computation,0.013254749173237435
external_appliances_energy,static_ate,87000101,Interaction g-computation,0.09461342036159193
external_appliances_energy,static_ate,87000101,AIPW,0.32131842285959566
external_appliances_energy,static_ate,87000101,DR learner (spline nuisances),0.255375588990277
external_appliances_energy,static_ate,87000102,Pretrained soft router,0.056512646317750714
external_appliances_energy,static_ate,87000102,Pretrained hard top-1,0.033698832916881194
external_appliances_energy,static_ate,87000102,Temperature-scaled router,0.05346146164360571
external_appliances_energy,static_ate,87000102,Uniform expert mean,0.05783765904870186
external_appliances_energy,static_ate,87000102,Median expert,0.06426010124650156
external_appliances_energy,static_ate,87000102,Best fixed expert,0.033698832916881194
external_appliances_energy,static_ate,87000102,Metadata-only selector,0.033698832916881194
external_appliances_energy,static_ate,87000102,Shallow risk selector,0.020244812893535247
external_appliances_energy,static_ate,87000102,Convex stack,0.04323680297076821
external_appliances_energy,static_ate,87000102,Expert: linear,0.020244812893535247
external_appliances_energy,static_ate,87000102,Expert: orthogonal,0.06426010124650156
external_appliances_energy,static_ate,87000102,Expert: spline,0.08795959346261178
external_appliances_energy,static_ate,87000102,Expert: interaction,0.033698832916881194
external_appliances_energy,static_ate,87000102,Expert: piecewise,0.08302495472397958
external_appliances_energy,static_ate,87000102,Linear g-computation,0.020196333460419436
external_appliances_energy,static_ate,87000102,Random forest g-computation,0.3369397863617672
external_appliances_energy,static_ate,87000102,Spline g-computation,0.08795959346261178
external_appliances_energy,static_ate,87000102,Interaction g-computation,0.033698832916881194
external_appliances_energy,static_ate,87000102,AIPW,0.06426010124650156
external_appliances_energy,static_ate,87000102,DR learner (spline nuisances),0.18552530392512384
external_appliances_energy,static_ate,87000103,Pretrained soft router,0.046291202620680316
external_appliances_energy,static_ate,87000103,Pretrained hard top-1,0.10465587777259833
external_appliances_energy,static_ate,87000103,Temperature-scaled router,0.0452194091542259
external_appliances_energy,static_ate,87000103,Uniform expert mean,0.048979202929763876
external_appliances_energy,static_ate,87000103,Median expert,0.05455099147918707
external_appliances_energy,static_ate,87000103,Best fixed expert,0.10465587777259833
external_appliances_energy,static_ate,87000103,Metadata-only selector,0.10465587777259833
external_appliances_energy,static_ate,87000103,Shallow risk selector,0.10465587777259833
external_appliances_energy,static_ate,87000103,Convex stack,0.0632434284778085
external_appliances_energy,static_ate,87000103,Expert: linear,0.05455099147918707
external_appliances_energy,static_ate,87000103,Expert: orthogonal,0.08587469262245184
external_appliances_energy,static_ate,87000103,Expert: spline,0.045250997964172424
external_appliances_energy,static_ate,87000103,Expert: interaction,0.10465587777259833
external_appliances_energy,static_ate,87000103,Expert: piecewise,0.045436545189590394
external_appliances_energy,static_ate,87000103,Linear g-computation,0.05458041169512867
external_appliances_energy,static_ate,87000103,Random forest g-computation,0.29416819374623504
external_appliances_energy,static_ate,87000103,Spline g-computation,0.045250997964172424
external_appliances_energy,static_ate,87000103,Interaction g-computation,0.10465587777259833
external_appliances_energy,static_ate,87000103,AIPW,0.08587469262245184
external_appliances_energy,static_ate,87000103,DR learner (spline nuisances),0.043131327874684655
external_appliances_energy,static_ate,87000104,Pretrained soft router,0.07926872802300222
external_appliances_energy,static_ate,87000104,Pretrained hard top-1,0.01790212355226739
external_appliances_energy,static_ate,87000104,Temperature-scaled router,0.03645985238012822
external_appliances_energy,static_ate,87000104,Uniform expert mean,0.11631121673017275
external_appliances_energy,static_ate,87000104,Median expert,0.07353235520749823
external_appliances_energy,static_ate,87000104,Best fixed expert,0.01790212355226739
external_appliances_energy,static_ate,87000104,Metadata-only selector,0.01790212355226739
external_appliances_energy,static_ate,87000104,Shallow risk selector,0.032069695371682805
external_appliances_energy,static_ate,87000104,Convex stack,0.0495255923857883
external_appliances_energy,static_ate,87000104,Expert: linear,0.09995649494558112
external_appliances_energy,static_ate,87000104,Expert: orthogonal,0.3938996616783692
external_appliances_energy,static_ate,87000104,Expert: spline,0.032069695371682805
external_appliances_energy,static_ate,87000104,Expert: interaction,0.01790212355226739
external_appliances_energy,static_ate,87000104,Expert: piecewise,0.07353235520749823
external_appliances_energy,static_ate,87000104,Linear g-computation,0.09996662541918344
external_appliances_energy,static_ate,87000104,Random forest g-computation,0.08825830036197169
external_appliances_energy,static_ate,87000104,Spline g-computation,0.032069695371682805
external_appliances_energy,static_ate,87000104,Interaction g-computation,0.01790212355226739
external_appliances_energy,static_ate,87000104,AIPW,0.3938996616783692
external_appliances_energy,static_ate,87000104,DR learner (spline nuisances),0.10993218569550717
external_appliances_energy,static_ate,87000105,Pretrained soft router,0.12273589239813643
external_appliances_energy,static_ate,87000105,Pretrained hard top-1,0.14458827736586966
external_appliances_energy,static_ate,87000105,Temperature-scaled router,0.12348739537200337
external_appliances_energy,static_ate,87000105,Uniform expert mean,0.12317071321219841
external_appliances_energy,static_ate,87000105,Median expert,0.12301205160827078
external_appliances_energy,static_ate,87000105,Best fixed expert,0.14458827736586966
external_appliances_energy,static_ate,87000105,Metadata-only selector,0.14458827736586966
external_appliances_energy,static_ate,87000105,Shallow risk selector,0.11431361797065176
external_appliances_energy,static_ate,87000105,Convex stack,0.11739755671332269
external_appliances_energy,static_ate,87000105,Expert: linear,0.10225169422835745
external_appliances_energy,static_ate,87000105,Expert: orthogonal,0.1316879248878423
external_appliances_energy,static_ate,87000105,Expert: spline,0.11431361797065176
external_appliances_energy,static_ate,87000105,Expert: interaction,0.14458827736586966
external_appliances_energy,static_ate,87000105,Expert: piecewise,0.12301205160827078
external_appliances_energy,static_ate,87000105,Linear g-computation,0.10226704243312923
external_appliances_energy,static_ate,87000105,Random forest g-computation,0.2349062173053807
external_appliances_energy,static_ate,87000105,Spline g-computation,0.11431361797065176
external_appliances_energy,static_ate,87000105,Interaction g-computation,0.14458827736586966
external_appliances_energy,static_ate,87000105,AIPW,0.1316879248878423
external_appliances_energy,static_ate,87000105,DR learner (spline nuisances),0.1463924909405243
external_appliances_energy,static_ate,87000106,Pretrained soft router,0.1619120802301866
external_appliances_energy,static_ate,87000106,Pretrained hard top-1,0.13898129162363243
external_appliances_energy,static_ate,87000106,Temperature-scaled router,0.19732592977826152
external_appliances_energy,static_ate,87000106,Uniform expert mean,0.13038409945539664
external_appliances_energy,static_ate,87000106,Median expert,0.18355120119623375
external_appliances_energy,static_ate,87000106,Best fixed expert,0.33907772001795006
external_appliances_energy,static_ate,87000106,Metadata-only selector,0.33907772001795006
external_appliances_energy,static_ate,87000106,Shallow risk selector,0.13898129162363243
external_appliances_energy,static_ate,87000106,Convex stack,0.22798640916471552
external_appliances_energy,static_ate,87000106,Expert: linear,0.21534563002161217
external_appliances_energy,static_ate,87000106,Expert: orthogonal,0.22503534558244515
external_appliances_energy,static_ate,87000106,Expert: spline,0.13898129162363243
external_appliances_energy,static_ate,87000106,Expert: interaction,0.33907772001795006
external_appliances_energy,static_ate,87000106,Expert: piecewise,0.18355120119623375
external_appliances_energy,static_ate,87000106,Linear g-computation,0.2153658799787927
external_appliances_energy,static_ate,87000106,Random forest g-computation,0.15747641812121746
external_appliances_energy,static_ate,87000106,Spline g-computation,0.13898129162363243
external_appliances_energy,static_ate,87000106,Interaction g-computation,0.33907772001795006
external_appliances_energy,static_ate,87000106,AIPW,0.22503534558244515
external_appliances_energy,static_ate,87000106,DR learner (spline nuisances),0.09832536705879363
external_appliances_energy,static_ate,87000107,Pretrained soft router,0.10269314089961068
external_appliances_energy,static_ate,87000107,Pretrained hard top-1,0.058924903233265824
external_appliances_energy,static_ate,87000107,Temperature-scaled router,0.058050378813661596
external_appliances_energy,static_ate,87000107,Uniform expert mean,0.15423187192223065
external_appliances_energy,static_ate,87000107,Median expert,0.058924903233265824
external_appliances_energy,static_ate,87000107,Best fixed expert,0.058924903233265824
external_appliances_energy,static_ate,87000107,Metadata-only selector,0.058924903233265824
external_appliances_energy,static_ate,87000107,Shallow risk selector,0.0562924640967607
external_appliances_energy,static_ate,87000107,Convex stack,0.03139109430042569
external_appliances_energy,static_ate,87000107,Expert: linear,0.0045456391976118615
external_appliances_energy,static_ate,87000107,Expert: orthogonal,0.5525598424269914
external_appliances_energy,static_ate,87000107,Expert: spline,0.0562924640967607
external_appliances_energy,static_ate,87000107,Expert: interaction,0.058924903233265824
external_appliances_energy,static_ate,87000107,Expert: piecewise,0.10792778905174727
external_appliances_energy,static_ate,87000107,Linear g-computation,0.004515777333951532
external_appliances_energy,static_ate,87000107,Random forest g-computation,0.2596448668255439
external_appliances_energy,static_ate,87000107,Spline g-computation,0.0562924640967607
external_appliances_energy,static_ate,87000107,Interaction g-computation,0.058924903233265824
external_appliances_energy,static_ate,87000107,AIPW,0.5525598424269914
external_appliances_energy,static_ate,87000107,DR learner (spline nuisances),0.06236074457778862
external_appliances_energy,static_ate,87000108,Pretrained soft router,0.2703702432858652
external_appliances_energy,static_ate,87000108,Pretrained hard top-1,0.24470723455402438
external_appliances_energy,static_ate,87000108,Temperature-scaled router,0.21857102560777125
external_appliances_energy,static_ate,87000108,Uniform expert mean,0.3581684428975302
external_appliances_energy,static_ate,87000108,Median expert,0.20191360300037448
external_appliances_energy,static_ate,87000108,Best fixed expert,0.24470723455402438
external_appliances_energy,static_ate,87000108,Metadata-only selector,0.24470723455402438
external_appliances_energy,static_ate,87000108,Shallow risk selector,0.11801774089786593
external_appliances_energy,static_ate,87000108,Convex stack,0.19090270904433698
external_appliances_energy,static_ate,87000108,Expert: linear,0.20191360300037448
external_appliances_energy,static_ate,87000108,Expert: orthogonal,1.0457061607167442
external_appliances_energy,static_ate,87000108,Expert: spline,0.11801774089786593
external_appliances_energy,static_ate,87000108,Expert: interaction,0.24470723455402438
external_appliances_energy,static_ate,87000108,Expert: piecewise,0.1804974753186423
external_appliances_energy,static_ate,87000108,Linear g-computation,0.20196433086558013
external_appliances_energy,static_ate,87000108,Random forest g-computation,0.16605421367250484
external_appliances_energy,static_ate,87000108,Spline g-computation,0.11801774089786593
external_appliances_energy,static_ate,87000108,Interaction g-computation,0.24470723455402438
external_appliances_energy,static_ate,87000108,AIPW,1.0457061607167442
external_appliances_energy,static_ate,87000108,DR learner (spline nuisances),0.059152782078775
external_appliances_energy,static_ate,87000109,Pretrained soft router,0.4460800067707203
external_appliances_energy,static_ate,87000109,Pretrained hard top-1,0.41166186750420236
external_appliances_energy,static_ate,87000109,Temperature-scaled router,0.4302157519538354
external_appliances_energy,static_ate,87000109,Uniform expert mean,0.46125570953377387
external_appliances_energy,static_ate,87000109,Median expert,0.41166186750420236
external_appliances_energy,static_ate,87000109,Best fixed expert,0.41166186750420236
external_appliances_energy,static_ate,87000109,Metadata-only selector,0.41166186750420236
external_appliances_energy,static_ate,87000109,Shallow risk selector,0.3860979718018403
external_appliances_energy,static_ate,87000109,Convex stack,0.391632940191395
external_appliances_energy,static_ate,87000109,Expert: linear,0.373229448204123
external_appliances_energy,static_ate,87000109,Expert: orthogonal,0.5725172203827729
external_appliances_energy,static_ate,87000109,Expert: spline,0.3860979718018403
external_appliances_energy,static_ate,87000109,Expert: interaction,0.41166186750420236
external_appliances_energy,static_ate,87000109,Expert: piecewise,0.5627720397759308
external_appliances_energy,static_ate,87000109,Linear g-computation,0.37325480209808876
external_appliances_energy,static_ate,87000109,Random forest g-computation,0.16965758952147608
external_appliances_energy,static_ate,87000109,Spline g-computation,0.3860979718018403
external_appliances_energy,static_ate,87000109,Interaction g-computation,0.4116618078995576
external_appliances_energy,static_ate,87000109,AIPW,0.5725172203827729
external_appliances_energy,static_ate,87000109,DR learner (spline nuisances),0.2568074962171321
external_appliances_energy,static_ate,87000110,Pretrained soft router,0.45441846080560233
external_appliances_energy,static_ate,87000110,Pretrained hard top-1,0.3636465898429304
external_appliances_energy,static_ate,87000110,Temperature-scaled router,0.45229787959476875
external_appliances_energy,static_ate,87000110,Uniform expert mean,0.45180817755807934
external_appliances_energy,static_ate,87000110,Median expert,0.4451725712691694
external_appliances_energy,static_ate,87000110,Best fixed expert,0.3636465898429304
external_appliances_energy,static_ate,87000110,Metadata-only selector,0.3636465898429304
external_appliances_energy,static_ate,87000110,Shallow risk selector,0.5451826682959944
external_appliances_energy,static_ate,87000110,Convex stack,0.4505065171864163
external_appliances_energy,static_ate,87000110,Expert: linear,0.4451725712691694
external_appliances_energy,static_ate,87000110,Expert: orthogonal,0.4149047366057783
external_appliances_energy,static_ate,87000110,Expert: spline,0.5451826682959944
external_appliances_energy,static_ate,87000110,Expert: interaction,0.3636465898429304
external_appliances_energy,static_ate,87000110,Expert: piecewise,0.49013432177652416
external_appliances_energy,static_ate,87000110,Linear g-computation,0.44520331291481163
external_appliances_energy,static_ate,87000110,Random forest g-computation,0.0729016121489719
external_appliances_energy,static_ate,87000110,Spline g-computation,0.5451826682959944
external_appliances_energy,static_ate,87000110,Interaction g-computation,0.36364653023828564
external_appliances_energy,static_ate,87000110,AIPW,0.4149047366057783
external_appliances_energy,static_ate,87000110,DR learner (spline nuisances),0.28446899066241504
external_appliances_energy,static_ate,87000111,Pretrained soft router,0.1219610964055487
external_appliances_energy,static_ate,87000111,Pretrained hard top-1,0.0027918776721713168
external_appliances_energy,static_ate,87000111,Temperature-scaled router,0.15300910718472144
external_appliances_energy,static_ate,87000111,Uniform expert mean,0.03141898305704621
external_appliances_energy,static_ate,87000111,Median expert,0.15128313393881349
external_appliances_energy,static_ate,87000111,Best fixed expert,0.0027918776721713168
external_appliances_energy,static_ate,87000111,Metadata-only selector,0.0027918776721713168
external_appliances_energy,static_ate,87000111,Shallow risk selector,0.21104342134287385
external_appliances_energy,static_ate,87000111,Convex stack,0.1476172370858166
external_appliances_energy,static_ate,87000111,Expert: linear,0.21104342134287385
external_appliances_energy,static_ate,87000111,Expert: orthogonal,0.8338507076949833
external_appliances_energy,static_ate,87000111,Expert: spline,0.15128313393881349
external_appliances_energy,static_ate,87000111,Expert: interaction,0.0027918776721713168
external_appliances_energy,static_ate,87000111,Expert: piecewise,0.6314109453706982
external_appliances_energy,static_ate,87000111,Linear g-computation,0.21104330379607408
external_appliances_energy,static_ate,87000111,Random forest g-computation,0.34237843055810524
external_appliances_energy,static_ate,87000111,Spline g-computation,0.15128313393881349
external_appliances_energy,static_ate,87000111,Interaction g-computation,0.0027918776721713168
external_appliances_energy,static_ate,87000111,AIPW,0.8338507076949833
external_appliances_energy,static_ate,87000111,DR learner (spline nuisances),0.20028221422759593
external_appliances_energy,static_ate,87000112,Pretrained soft router,0.2139205271068766
external_appliances_energy,static_ate,87000112,Pretrained hard top-1,0.3434418390951416
external_appliances_energy,static_ate,87000112,Temperature-scaled router,0.2930184479648211
external_appliances_energy,static_ate,87000112,Uniform expert mean,0.1644477938748261
external_appliances_energy,static_ate,87000112,Median expert,0.29137527453520506
external_appliances_energy,static_ate,87000112,Best fixed expert,0.29137527453520506
external_appliances_energy,static_ate,87000112,Metadata-only selector,0.29137527453520506
external_appliances_energy,static_ate,87000112,Shallow risk selector,0.3434418390951416
external_appliances_energy,static_ate,87000112,Convex stack,0.31055939276313105
external_appliances_energy,static_ate,87000112,Expert: linear,0.30547350155928343
external_appliances_energy,static_ate,87000112,Expert: orthogonal,0.3787395881973842
external_appliances_energy,static_ate,87000112,Expert: spline,0.3434418390951416
external_appliances_energy,static_ate,87000112,Expert: interaction,0.29137527453520506
external_appliances_energy,static_ate,87000112,Expert: piecewise,0.26068794238188475
external_appliances_energy,static_ate,87000112,Linear g-computation,0.30553444123070417
external_appliances_energy,static_ate,87000112,Random forest g-computation,0.09517648788432859
external_appliances_energy,static_ate,87000112,Spline g-computation,0.3434418390951416
external_appliances_energy,static_ate,87000112,Interaction g-computation,0.29137527453520506
external_appliances_energy,static_ate,87000112,AIPW,0.3787395881973842
external_appliances_energy,static_ate,87000112,DR learner (spline nuisances),0.13471580928366922
external_appliances_energy,static_ate,87000113,Pretrained soft router,0.0008112209204946819
external_appliances_energy,static_ate,87000113,Pretrained hard top-1,0.010129159642135788
external_appliances_energy,static_ate,87000113,Temperature-scaled router,0.012005323412528024
external_appliances_energy,static_ate,87000113,Uniform expert mean,0.012521970318878028
external_appliances_energy,static_ate,87000113,Median expert,0.010129159642135788
external_appliances_energy,static_ate,87000113,Best fixed expert,0.010129159642135788
external_appliances_energy,static_ate,87000113,Metadata-only selector,0.010129159642135788
external_appliances_energy,static_ate,87000113,Shallow risk selector,0.06540001030055254
external_appliances_energy,static_ate,87000113,Convex stack,0.028113098535212266
external_appliances_energy,static_ate,87000113,Expert: linear,0.020932322693741012
external_appliances_energy,static_ate,87000113,Expert: orthogonal,0.11431383495243819
external_appliances_energy,static_ate,87000113,Expert: spline,0.06540001030055254
external_appliances_energy,static_ate,87000113,Expert: interaction,0.010129159642135788
external_appliances_energy,static_ate,87000113,Expert: piecewise,0.04475750927838118
external_appliances_energy,static_ate,87000113,Linear g-computation,0.020961777521415148
external_appliances_energy,static_ate,87000113,Random forest g-computation,0.28993372238890386
external_appliances_energy,static_ate,87000113,Spline g-computation,0.06539998049823015
external_appliances_energy,static_ate,87000113,Interaction g-computation,0.010129159642135788
external_appliances_energy,static_ate,87000113,AIPW,0.11431383495243819
external_appliances_energy,static_ate,87000113,DR learner (spline nuisances),0.014502138814686205
external_appliances_energy,static_ate,87000114,Pretrained soft router,0.3731909416591907
external_appliances_energy,static_ate,87000114,Pretrained hard top-1,0.3405449972375249
external_appliances_energy,static_ate,87000114,Temperature-scaled router,0.34466369535760794
external_appliances_energy,static_ate,87000114,Uniform expert mean,0.4050986275895451
external_appliances_energy,static_ate,87000114,Median expert,0.3405449972375249
external_appliances_energy,static_ate,87000114,Best fixed expert,0.3405449972375249
external_appliances_energy,static_ate,87000114,Metadata-only selector,0.3405449972375249
external_appliances_energy,static_ate,87000114,Shallow risk selector,0.3405449972375249
external_appliances_energy,static_ate,87000114,Convex stack,0.28961620583259534
external_appliances_energy,static_ate,87000114,Expert: linear,0.22724211075147144
external_appliances_energy,static_ate,87000114,Expert: orthogonal,0.6713838563187933
external_appliances_energy,static_ate,87000114,Expert: spline,0.32612001755078784
external_appliances_energy,static_ate,87000114,Expert: interaction,0.3405449972375249
external_appliances_energy,static_ate,87000114,Expert: piecewise,0.46020215608914844
external_appliances_energy,static_ate,87000114,Linear g-computation,0.22725380884907725
external_appliances_energy,static_ate,87000114,Random forest g-computation,0.1361657613350007
external_appliances_energy,static_ate,87000114,Spline g-computation,0.32612001755078784
external_appliances_energy,static_ate,87000114,Interaction g-computation,0.3405449972375249
external_appliances_energy,static_ate,87000114,AIPW,0.6713838563187933
external_appliances_energy,static_ate,87000114,DR learner (spline nuisances),0.39822250425962363
external_appliances_energy,static_ate,87000115,Pretrained soft router,0.08741380018080314
external_appliances_energy,static_ate,87000115,Pretrained hard top-1,0.1939302159906533
external_appliances_energy,static_ate,87000115,Temperature-scaled router,0.11768648737235943
external_appliances_energy,static_ate,87000115,Uniform expert mean,0.06727595464002156
external_appliances_energy,static_ate,87000115,Median expert,0.07256264225255515
external_appliances_energy,static_ate,87000115,Best fixed expert,0.1939302159906533
external_appliances_energy,static_ate,87000115,Metadata-only selector,0.1939302159906533
external_appliances_energy,static_ate,87000115,Shallow risk selector,0.036922879374137185
external_appliances_energy,static_ate,87000115,Convex stack,0.11668657586942821
external_appliances_energy,static_ate,87000115,Expert: linear,0.11927849785100486
external_appliances_energy,static_ate,87000115,Expert: orthogonal,0.08631446226824258
external_appliances_energy,static_ate,87000115,Expert: spline,0.036922879374137185
external_appliances_energy,static_ate,87000115,Expert: interaction,0.1939302159906533
external_appliances_energy,static_ate,87000115,Expert: piecewise,0.07256264225255515
external_appliances_energy,static_ate,87000115,Linear g-computation,0.11929020064903234
external_appliances_energy,static_ate,87000115,Random forest g-computation,0.33120094756176977
external_appliances_energy,static_ate,87000115,Spline g-computation,0.036922879374137185
external_appliances_energy,static_ate,87000115,Interaction g-computation,0.1939302159906533
external_appliances_energy,static_ate,87000115,AIPW,0.08631446226824258
external_appliances_energy,static_ate,87000115,DR learner (spline nuisances),0.03264238289432625
external_appliances_energy,static_ate,87000116,Pretrained soft router,0.08250442170198719
external_appliances_energy,static_ate,87000116,Pretrained hard top-1,0.08822811885578113
external_appliances_energy,static_ate,87000116,Temperature-scaled router,0.040742247117521946
external_appliances_energy,static_ate,87000116,Uniform expert mean,0.15936543389064745
external_appliances_energy,static_ate,87000116,Median expert,0.05274386449558216
external_appliances_energy,static_ate,87000116,Best fixed expert,0.08822811885578113
external_appliances_energy,static_ate,87000116,Metadata-only selector,0.08822811885578113
external_appliances_energy,static_ate,87000116,Shallow risk selector,0.04216809825199169
external_appliances_energy,static_ate,87000116,Convex stack,0.032925263943903105
external_appliances_energy,static_ate,87000116,Expert: linear,0.05274386449558216
external_appliances_energy,static_ate,87000116,Expert: orthogonal,0.8283153597901531
external_appliances_energy,static_ate,87000116,Expert: spline,0.04216809825199169
external_appliances_energy,static_ate,87000116,Expert: interaction,0.08822811885578113
external_appliances_energy,static_ate,87000116,Expert: piecewise,0.13029207543628735
external_appliances_energy,static_ate,87000116,Linear g-computation,0.05277060044184073
external_appliances_energy,static_ate,87000116,Random forest g-computation,0.316837908098461
external_appliances_energy,static_ate,87000116,Spline g-computation,0.04216809825199169
external_appliances_energy,static_ate,87000116,Interaction g-computation,0.08822811885578113
external_appliances_energy,static_ate,87000116,AIPW,0.8283154789994427
external_appliances_energy,static_ate,87000116,DR learner (spline nuisances),0.1860627047424051
external_appliances_energy,static_ate,87000117,Pretrained soft router,0.06383716512873838
external_appliances_energy,static_ate,87000117,Pretrained hard top-1,0.011984119194888176
external_appliances_energy,static_ate,87000117,Temperature-scaled router,0.018219652048740653
external_appliances_energy,static_ate,87000117,Uniform expert mean,0.09680895395889194
external_appliances_energy,static_ate,87000117,Median expert,0.011984119194888176
external_appliances_energy,static_ate,87000117,Best fixed expert,0.017536034804440437
external_appliances_energy,static_ate,87000117,Metadata-only selector,0.017536034804440437
external_appliances_energy,static_ate,87000117,Shallow risk selector,0.017536034804440437
external_appliances_energy,static_ate,87000117,Convex stack,0.008691908946880211
external_appliances_energy,static_ate,87000117,Expert: linear,0.01753561757192701
external_appliances_energy,static_ate,87000117,Expert: orthogonal,0.48046586104049593
external_appliances_energy,static_ate,87000117,Expert: spline,0.011984119194888176
external_appliances_energy,static_ate,87000117,Expert: interaction,0.017536034804440437
external_appliances_energy,static_ate,87000117,Expert: piecewise,0.026666441935442986
external_appliances_energy,static_ate,87000117,Linear g-computation,0.017514632419530052
external_appliances_energy,static_ate,87000117,Random forest g-computation,0.14939104635109715
external_appliances_energy,static_ate,87000117,Spline g-computation,0.011984119194888176
external_appliances_energy,static_ate,87000117,Interaction g-computation,0.017536034804440437
external_appliances_energy,static_ate,87000117,AIPW,0.48046585358991534
external_appliances_energy,static_ate,87000117,DR learner (spline nuisances),0.08254240926698508
external_appliances_energy,static_ate,87000118,Pretrained soft router,0.10841409708999217
external_appliances_energy,static_ate,87000118,Pretrained hard top-1,0.0681036079799272
external_appliances_energy,static_ate,87000118,Temperature-scaled router,0.09353888490929674
external_appliances_energy,static_ate,87000118,Uniform expert mean,0.12004201510301604
external_appliances_energy,static_ate,87000118,Median expert,0.07348093041530623
external_appliances_energy,static_ate,87000118,Best fixed expert,0.03573280223957076
external_appliances_energy,static_ate,87000118,Metadata-only selector,0.03573280223957076
external_appliances_energy,static_ate,87000118,Shallow risk selector,0.07348093041530623
external_appliances_energy,static_ate,87000118,Convex stack,0.08768313281731055
external_appliances_energy,static_ate,87000118,Expert: linear,0.07348093041530623
external_appliances_energy,static_ate,87000118,Expert: orthogonal,0.2561081389462091
external_appliances_energy,static_ate,87000118,Expert: spline,0.16678459593406691
external_appliances_energy,static_ate,87000118,Expert: interaction,0.03573280223957076
external_appliances_energy,static_ate,87000118,Expert: piecewise,0.0681036079799272
external_appliances_energy,static_ate,87000118,Linear g-computation,0.07347324785441789
external_appliances_energy,static_ate,87000118,Random forest g-computation,0.2943387078801949
external_appliances_energy,static_ate,87000118,Spline g-computation,0.16678459593406691
external_appliances_energy,static_ate,87000118,Interaction g-computation,0.03573280223957076
external_appliances_energy,static_ate,87000118,AIPW,0.2561081389462091
external_appliances_energy,static_ate,87000118,DR learner (spline nuisances),0.0386022700560098
external_appliances_energy,static_ate,87000119,Pretrained soft router,0.21180935797079614
external_appliances_energy,static_ate,87000119,Pretrained hard top-1,0.28721377840797524
external_appliances_energy,static_ate,87000119,Temperature-scaled router,0.22905878427957171
external_appliances_energy,static_ate,87000119,Uniform expert mean,0.1980582355574808
external_appliances_energy,static_ate,87000119,Median expert,0.20830646744529824
external_appliances_energy,static_ate,87000119,Best fixed expert,0.28721377840797524
external_appliances_energy,static_ate,87000119,Metadata-only selector,0.28721377840797524
external_appliances_energy,static_ate,87000119,Shallow risk selector,0.14487013808052163
external_appliances_energy,static_ate,87000119,Convex stack,0.20352097012102155
external_appliances_energy,static_ate,87000119,Expert: linear,0.14487013808052163
external_appliances_energy,static_ate,87000119,Expert: orthogonal,0.0650788306311808
external_appliances_energy,static_ate,87000119,Expert: spline,0.20830646744529824
external_appliances_energy,static_ate,87000119,Expert: interaction,0.28721377840797524
external_appliances_energy,static_ate,87000119,Expert: piecewise,0.28482196322242836
external_appliances_energy,static_ate,87000119,Linear g-computation,0.14491128366979245
external_appliances_energy,static_ate,87000119,Random forest g-computation,0.2599927447129956
external_appliances_energy,static_ate,87000119,Spline g-computation,0.20830646744529824
external_appliances_energy,static_ate,87000119,Interaction g-computation,0.28721371880333046
external_appliances_energy,static_ate,87000119,AIPW,0.0650788306311808
external_appliances_energy,static_ate,87000119,DR learner (spline nuisances),0.17113322428528
external_appliances_energy,static_ate,87000120,Pretrained soft router,0.10702053329861139
external_appliances_energy,static_ate,87000120,Pretrained hard top-1,0.031138192587788716
external_appliances_energy,static_ate,87000120,Temperature-scaled router,0.0481390947708768
external_appliances_energy,static_ate,87000120,Uniform expert mean,0.17290044921010317
external_appliances_energy,static_ate,87000120,Median expert,0.07496718662350954
external_appliances_energy,static_ate,87000120,Best fixed expert,0.031138192587788716
external_appliances_energy,static_ate,87000120,Metadata-only selector,0.031138192587788716
external_appliances_energy,static_ate,87000120,Shallow risk selector,0.11556554930775942
external_appliances_energy,static_ate,87000120,Convex stack,0.07853735748462498
external_appliances_energy,static_ate,87000120,Expert: linear,0.11556554930775942
external_appliances_energy,static_ate,87000120,Expert: orthogonal,0.6702790965375263
external_appliances_energy,static_ate,87000120,Expert: spline,0.07496718662350954
external_appliances_energy,static_ate,87000120,Expert: interaction,0.031138192587788716
external_appliances_energy,static_ate,87000120,Expert: piecewise,0.027447779006068096
external_appliances_energy,static_ate,87000120,Linear g-computation,0.1155914493839808
external_appliances_energy,static_ate,87000120,Random forest g-computation,0.08902125110024572
external_appliances_energy,static_ate,87000120,Spline g-computation,0.07496718662350954
external_appliances_energy,static_ate,87000120,Interaction g-computation,0.031138192587788716
external_appliances_energy,static_ate,87000120,AIPW,0.6702790965375263
external_appliances_energy,static_ate,87000120,DR learner (spline nuisances),0.011552998095365752
external_appliances_energy,static_ate,87000121,Pretrained soft router,0.09840634411746574
external_appliances_energy,static_ate,87000121,Pretrained hard top-1,0.12280570053083084
external_appliances_energy,static_ate,87000121,Temperature-scaled router,0.11034090023270154
external_appliances_energy,static_ate,87000121,Uniform expert mean,0.08764121018869064
external_appliances_energy,static_ate,87000121,Median expert,0.09182651423436783
external_appliances_energy,static_ate,87000121,Best fixed expert,0.12280570053083084
external_appliances_energy,static_ate,87000121,Metadata-only selector,0.12280570053083084
external_appliances_energy,static_ate,87000121,Shallow risk selector,0.09182651423436783
external_appliances_energy,static_ate,87000121,Convex stack,0.13188796162204897
external_appliances_energy,static_ate,87000121,Expert: linear,0.16488486610871933
external_appliances_energy,static_ate,87000121,Expert: orthogonal,0.008629902372535248
external_appliances_energy,static_ate,87000121,Expert: spline,0.09182651423436783
external_appliances_energy,static_ate,87000121,Expert: interaction,0.12280570053083084
external_appliances_energy,static_ate,87000121,Expert: piecewise,0.06731887244207047
external_appliances_energy,static_ate,87000121,Linear g-computation,0.16490517008170472
external_appliances_energy,static_ate,87000121,Random forest g-computation,0.32279059668940935
external_appliances_energy,static_ate,87000121,Spline g-computation,0.09182651423436783
external_appliances_energy,static_ate,87000121,Interaction g-computation,0.12280570053083084
external_appliances_energy,static_ate,87000121,AIPW,0.008629902372535248
external_appliances_energy,static_ate,87000121,DR learner (spline nuisances),0.040646994458589936
external_appliances_energy,static_ate,87000122,Pretrained soft router,0.08670881301627231
external_appliances_energy,static_ate,87000122,Pretrained hard top-1,0.1187792386942359
external_appliances_energy,static_ate,87000122,Temperature-scaled router,0.0901213431850661
external_appliances_energy,static_ate,87000122,Uniform expert mean,0.08358459138207158
external_appliances_energy,static_ate,87000122,Median expert,0.050284561150595763
external_appliances_energy,static_ate,87000122,Best fixed expert,0.1187792386942359
external_appliances_energy,static_ate,87000122,Metadata-only selector,0.1187792386942359
external_appliances_energy,static_ate,87000122,Shallow risk selector,0.04255333208374701
external_appliances_energy,static_ate,87000122,Convex stack,0.09330148035261615
external_appliances_energy,static_ate,87000122,Expert: linear,0.04255333208374701
external_appliances_energy,static_ate,87000122,Expert: orthogonal,0.050090697043463805
external_appliances_energy,static_ate,87000122,Expert: spline,0.1562151279383155
external_appliances_energy,static_ate,87000122,Expert: interaction,0.1187792386942359
external_appliances_energy,static_ate,87000122,Expert: piecewise,0.050284561150595763
external_appliances_energy,static_ate,87000122,Linear g-computation,0.042536283297415156
external_appliances_energy,static_ate,87000122,Random forest g-computation,0.3015588206026777
external_appliances_energy,static_ate,87000122,Spline g-computation,0.1562151130371543
external_appliances_energy,static_ate,87000122,Interaction g-computation,0.1187792386942359
external_appliances_energy,static_ate,87000122,AIPW,0.050090697043463805
external_appliances_energy,static_ate,87000122,DR learner (spline nuisances),0.20708901921631195
external_appliances_energy,static_ate,87000123,Pretrained soft router,0.024783869612161502
external_appliances_energy,static_ate,87000123,Pretrained hard top-1,0.027307170530033065
external_appliances_energy,static_ate,87000123,Temperature-scaled router,0.03912628137752433
external_appliances_energy,static_ate,87000123,Uniform expert mean,0.012433487077426864
external_appliances_energy,static_ate,87000123,Median expert,0.027307170530033065
external_appliances_energy,static_ate,87000123,Best fixed expert,0.027307170530033065
external_appliances_energy,static_ate,87000123,Metadata-only selector,0.027307170530033065
external_appliances_energy,static_ate,87000123,Shallow risk selector,0.00859414329118724
external_appliances_energy,static_ate,87000123,Convex stack,0.04161557579932562
external_appliances_energy,static_ate,87000123,Expert: linear,0.00859414329118724
external_appliances_energy,static_ate,87000123,Expert: orthogonal,0.1194722772639275
external_appliances_energy,static_ate,87000123,Expert: spline,0.11252878894395824
external_appliances_energy,static_ate,87000123,Expert: interaction,0.027307170530033065
external_appliances_energy,static_ate,87000123,Expert: piecewise,0.033209609885883284
external_appliances_energy,static_ate,87000123,Linear g-computation,0.008672715574794987
external_appliances_energy,static_ate,87000123,Random forest g-computation,0.3249356734065475
external_appliances_energy,static_ate,87000123,Spline g-computation,0.11252878894395824
external_appliances_energy,static_ate,87000123,Interaction g-computation,0.027307170530033065
external_appliances_energy,static_ate,87000123,AIPW,0.1194722772639275
external_appliances_energy,static_ate,87000123,DR learner (spline nuisances),0.07348079121908913
external_appliances_energy,static_ate,87000124,Pretrained soft router,0.06622146636360776
external_appliances_energy,static_ate,87000124,Pretrained hard top-1,0.004964016846442487
external_appliances_energy,static_ate,87000124,Temperature-scaled router,0.0067327806753232355
external_appliances_energy,static_ate,87000124,Uniform expert mean,0.11257566911814187
external_appliances_energy,static_ate,87000124,Median expert,0.004964016846442487
external_appliances_energy,static_ate,87000124,Best fixed expert,0.09314680797693703
external_appliances_energy,static_ate,87000124,Metadata-only selector,0.09314680797693703
external_appliances_energy,static_ate,87000124,Shallow risk selector,0.004964016846442487
external_appliances_energy,static_ate,87000124,Convex stack,0.003360235947081569
external_appliances_energy,static_ate,87000124,Expert: linear,0.04338228004338768
external_appliances_energy,static_ate,87000124,Expert: orthogonal,0.5757342050754783
external_appliances_energy,static_ate,87000124,Expert: spline,0.004964016846442487
external_appliances_energy,static_ate,87000124,Expert: interaction,0.09314680797693703
external_appliances_energy,static_ate,87000124,Expert: piecewise,0.05765637057187584
external_appliances_energy,static_ate,87000124,Linear g-computation,0.04340150716545427
external_appliances_energy,static_ate,87000124,Random forest g-computation,0.15895173043316582
external_appliances_energy,static_ate,87000124,Spline g-computation,0.004964016846442487
external_appliances_energy,static_ate,87000124,Interaction g-computation,0.09314680797693703
external_appliances_energy,static_ate,87000124,AIPW,0.5757342050754783
external_appliances_energy,static_ate,87000124,DR learner (spline nuisances),0.0495641236290143
external_appliances_energy,static_ate,87000125,Pretrained soft router,0.275395348038179
external_appliances_energy,static_ate,87000125,Pretrained hard top-1,0.27926052204439755
external_appliances_energy,static_ate,87000125,Temperature-scaled router,0.24923763804654653
external_appliances_energy,static_ate,87000125,Uniform expert mean,0.30294193617174736
external_appliances_energy,static_ate,87000125,Median expert,0.25960749975512143
external_appliances_energy,static_ate,87000125,Best fixed expert,0.27926052204439755
external_appliances_energy,static_ate,87000125,Metadata-only selector,0.27926052204439755
external_appliances_energy,static_ate,87000125,Shallow risk selector,0.23573470703432675
external_appliances_energy,static_ate,87000125,Convex stack,0.2524713779289205
external_appliances_energy,static_ate,87000125,Expert: linear,0.23573470703432675
external_appliances_energy,static_ate,87000125,Expert: orthogonal,0.5592994748718512
external_appliances_energy,static_ate,87000125,Expert: spline,0.25960749975512143
external_appliances_energy,static_ate,87000125,Expert: interaction,0.27926052204439755
external_appliances_energy,static_ate,87000125,Expert: piecewise,0.18080747715304013
external_appliances_energy,static_ate,87000125,Linear g-computation,0.23575279110829994
external_appliances_energy,static_ate,87000125,Random forest g-computation,0.06911417325715474
external_appliances_energy,static_ate,87000125,Spline g-computation,0.25960744015047665
external_appliances_energy,static_ate,87000125,Interaction g-computation,0.27926052204439755
external_appliances_energy,static_ate,87000125,AIPW,0.5592994748718512
external_appliances_energy,static_ate,87000125,DR learner (spline nuisances),0.38363489201818635
external_appliances_energy,static_ate,87000126,Pretrained soft router,0.04995070868637641
external_appliances_energy,static_ate,87000126,Pretrained hard top-1,0.0673489323006235
external_appliances_energy,static_ate,87000126,Temperature-scaled router,0.025299399079047324
external_appliances_energy,static_ate,87000126,Uniform expert mean,0.07543280777793748
external_appliances_energy,static_ate,87000126,Median expert,0.04316434768300875
external_appliances_energy,static_ate,87000126,Best fixed expert,0.01646164563756808
external_appliances_energy,static_ate,87000126,Metadata-only selector,0.01646164563756808
external_appliances_energy,static_ate,87000126,Shallow risk selector,0.04316434768300875
external_appliances_energy,static_ate,87000126,Convex stack,0.03981915414298215
external_appliances_energy,static_ate,87000126,Expert: linear,0.04316434768300875
external_appliances_energy,static_ate,87000126,Expert: orthogonal,0.30897103009086474
external_appliances_energy,static_ate,87000126,Expert: spline,0.0673489323006235
external_appliances_energy,static_ate,87000126,Expert: interaction,0.01646164563756808
external_appliances_energy,static_ate,87000126,Expert: piecewise,0.0587819168223776
external_appliances_energy,static_ate,87000126,Linear g-computation,0.0431337675930451
external_appliances_energy,static_ate,87000126,Random forest g-computation,0.3095711203714022
external_appliances_energy,static_ate,87000126,Spline g-computation,0.0673489323006235
external_appliances_energy,static_ate,87000126,Interaction g-computation,0.01646164563756808
external_appliances_energy,static_ate,87000126,AIPW,0.30897103009086474
external_appliances_energy,static_ate,87000126,DR learner (spline nuisances),0.03645513724219135
external_appliances_energy,static_ate,87000127,Pretrained soft router,0.07624111422817981
external_appliances_energy,static_ate,87000127,Pretrained hard top-1,0.13399476070617844
external_appliances_energy,static_ate,87000127,Temperature-scaled router,0.11636442991885676
external_appliances_energy,static_ate,87000127,Uniform expert mean,0.029336601092569137
external_appliances_energy,static_ate,87000127,Median expert,0.13212850947593857
external_appliances_energy,static_ate,87000127,Best fixed expert,0.13399476070617844
external_appliances_energy,static_ate,87000127,Metadata-only selector,0.13399476070617844
external_appliances_energy,static_ate,87000127,Shallow risk selector,0.13212850947593857
external_appliances_energy,static_ate,87000127,Convex stack,0.14533123467932943
external_appliances_energy,static_ate,87000127,Expert: linear,0.13212850947593857
external_appliances_energy,static_ate,87000127,Expert: orthogonal,0.3742782596805174
external_appliances_energy,static_ate,87000127,Expert: spline,0.18623937924122025
external_appliances_energy,static_ate,87000127,Expert: interaction,0.13399476070617844
external_appliances_energy,static_ate,87000127,Expert: piecewise,0.06859861572002579
external_appliances_energy,static_ate,87000127,Linear g-computation,0.13210758888854665
external_appliances_energy,static_ate,87000127,Random forest g-computation,0.31135664858897927
external_appliances_energy,static_ate,87000127,Spline g-computation,0.18623937924122025
external_appliances_energy,static_ate,87000127,Interaction g-computation,0.13399476070617844
external_appliances_energy,static_ate,87000127,AIPW,0.3742782596805174
external_appliances_energy,static_ate,87000127,DR learner (spline nuisances),0.26984087508940025
external_appliances_energy,static_ate,87000128,Pretrained soft router,0.15418440060147032
external_appliances_energy,static_ate,87000128,Pretrained hard top-1,0.002341468167216254
external_appliances_energy,static_ate,87000128,Temperature-scaled router,0.07640485974930211
external_appliances_energy,static_ate,87000128,Uniform expert mean,0.19998546140202814
external_appliances_energy,static_ate,87000128,Median expert,0.05314199225911431
external_appliances_energy,static_ate,87000128,Best fixed expert,0.003960777354151679
external_appliances_energy,static_ate,87000128,Metadata-only selector,0.003960777354151679
external_appliances_energy,static_ate,87000128,Shallow risk selector,0.003960777354151679
external_appliances_energy,static_ate,87000128,Convex stack,0.09152143871594437
external_appliances_energy,static_ate,87000128,Expert: linear,0.2081228603602343
external_appliances_energy,static_ate,87000128,Expert: orthogonal,0.74496469991216
external_appliances_energy,static_ate,87000128,Expert: spline,0.002341468167216254
external_appliances_energy,static_ate,87000128,Expert: interaction,0.003960777354151679
external_appliances_energy,static_ate,87000128,Expert: piecewise,0.05314199225911431
external_appliances_energy,static_ate,87000128,Linear g-computation,0.2081581893905372
external_appliances_energy,static_ate,87000128,Random forest g-computation,0.3107716078392996
external_appliances_energy,static_ate,87000128,Spline g-computation,0.002341468167216254
external_appliances_energy,static_ate,87000128,Interaction g-computation,0.003960777354151679
external_appliances_energy,static_ate,87000128,AIPW,0.74496469991216
external_appliances_energy,static_ate,87000128,DR learner (spline nuisances),0.15498398385245324
external_appliances_energy,static_ate,87000129,Pretrained soft router,0.17046241548675112
external_appliances_energy,static_ate,87000129,Pretrained hard top-1,0.08492615400519798
external_appliances_energy,static_ate,87000129,Temperature-scaled router,0.13593290370118719
external_appliances_energy,static_ate,87000129,Uniform expert mean,0.19279644517865607
external_appliances_energy,static_ate,87000129,Median expert,0.09688421665397118
external_appliances_energy,static_ate,87000129,Best fixed expert,0.09309044061866234
external_appliances_energy,static_ate,87000129,Metadata-only selector,0.09309044061866234
external_appliances_energy,static_ate,87000129,Shallow risk selector,0.09309044061866234
external_appliances_energy,static_ate,87000129,Convex stack,0.09685532451257756
external_appliances_energy,static_ate,87000129,Expert: linear,0.09688421665397118
external_appliances_energy,static_ate,87000129,Expert: orthogonal,0.4216403546806855
external_appliances_energy,static_ate,87000129,Expert: spline,0.08492615400519798
external_appliances_energy,static_ate,87000129,Expert: interaction,0.09309044061866234
external_appliances_energy,static_ate,87000129,Expert: piecewise,0.2674410599347634
external_appliances_energy,static_ate,87000129,Linear g-computation,0.09686161613642186
external_appliances_energy,static_ate,87000129,Random forest g-computation,0.3253856211252582
external_appliances_energy,static_ate,87000129,Spline g-computation,0.08492615400519798
external_appliances_energy,static_ate,87000129,Interaction g-computation,0.09309044061866234
external_appliances_energy,static_ate,87000129,AIPW,0.4216403546806855
external_appliances_energy,static_ate,87000129,DR learner (spline nuisances),0.03510397760794737
external_appliances_energy,static_ate,87000130,Pretrained soft router,0.19632934541513625
external_appliances_energy,static_ate,87000130,Pretrained hard top-1,0.12596341249680387
external_appliances_energy,static_ate,87000130,Temperature-scaled router,0.1861637098773723
external_appliances_energy,static_ate,87000130,Uniform expert mean,0.20106284794545043
external_appliances_energy,static_ate,87000130,Median expert,0.22839983579850065
external_appliances_energy,static_ate,87000130,Best fixed expert,0.1430318581793295
external_appliances_energy,static_ate,87000130,Metadata-only selector,0.1430318581793295
external_appliances_energy,static_ate,87000130,Shallow risk selector,0.24311370429730284
external_appliances_energy,static_ate,87000130,Convex stack,0.21886851468613258
external_appliances_energy,static_ate,87000130,Expert: linear,0.24311370429730284
external_appliances_energy,static_ate,87000130,Expert: orthogonal,0.22839983579850065
external_appliances_energy,static_ate,87000130,Expert: spline,0.2648054289553152
external_appliances_energy,static_ate,87000130,Expert: interaction,0.1430318581793295
external_appliances_energy,static_ate,87000130,Expert: piecewise,0.12596341249680387
external_appliances_energy,static_ate,87000130,Linear g-computation,0.24311399807082507
external_appliances_energy,static_ate,87000130,Random forest g-computation,0.3625291316703547
external_appliances_energy,static_ate,87000130,Spline g-computation,0.2648054289553152
external_appliances_energy,static_ate,87000130,Interaction g-computation,0.1430318581793295
external_appliances_energy,static_ate,87000130,AIPW,0.22839983579850065
external_appliances_energy,static_ate,87000130,DR learner (spline nuisances),0.4237712065751599
external_appliances_energy,static_ate,87000131,Pretrained soft router,0.2646665131030735
external_appliances_energy,static_ate,87000131,Pretrained hard top-1,0.11421850717467003
external_appliances_energy,static_ate,87000131,Temperature-scaled router,0.11743140565368843
external_appliances_energy,static_ate,87000131,Uniform expert mean,0.5070684770385616
external_appliances_energy,static_ate,87000131,Median expert,0.11421850717467003
external_appliances_energy,static_ate,87000131,Best fixed expert,0.11421850717467003
external_appliances_energy,static_ate,87000131,Metadata-only selector,0.11421850717467003
external_appliances_energy,static_ate,87000131,Shallow risk selector,0.05380866325300865
external_appliances_energy,static_ate,87000131,Convex stack,0.04664601943034924
external_appliances_energy,static_ate,87000131,Expert: linear,0.01800593339997597
external_appliances_energy,static_ate,87000131,Expert: orthogonal,1.9944615701476924
external_appliances_energy,static_ate,87000131,Expert: spline,0.05380866325300865
external_appliances_energy,static_ate,87000131,Expert: interaction,0.11421850717467003
external_appliances_energy,static_ate,87000131,Expert: piecewise,0.39085957801741295
external_appliances_energy,static_ate,87000131,Linear g-computation,0.01800059104833107
external_appliances_energy,static_ate,87000131,Random forest g-computation,0.23597424938623707
external_appliances_energy,static_ate,87000131,Spline g-computation,0.05380866325300865
external_appliances_energy,static_ate,87000131,Interaction g-computation,0.11421850717467003
external_appliances_energy,static_ate,87000131,AIPW,1.9944615701476924
external_appliances_energy,static_ate,87000131,DR learner (spline nuisances),0.1408712261934279
external_appliances_energy,static_ate,87000132,Pretrained soft router,0.21587129765021662
external_appliances_energy,static_ate,87000132,Pretrained hard top-1,0.34507438435945736
external_appliances_energy,static_ate,87000132,Temperature-scaled router,0.21371939227467834
external_appliances_energy,static_ate,87000132,Uniform expert mean,0.21844864085111843
external_appliances_energy,static_ate,87000132,Median expert,0.21225906431470143
external_appliances_energy,static_ate,87000132,Best fixed expert,0.12579933821950184
external_appliances_energy,static_ate,87000132,Metadata-only selector,0.12579933821950184
external_appliances_energy,static_ate,87000132,Shallow risk selector,0.21225906431470143
external_appliances_energy,static_ate,87000132,Convex stack,0.17046500498684963
external_appliances_energy,static_ate,87000132,Expert: linear,0.21225906431470143
external_appliances_energy,static_ate,87000132,Expert: orthogonal,0.2789413136223339
external_appliances_energy,static_ate,87000132,Expert: spline,0.13016910373959767
external_appliances_energy,static_ate,87000132,Expert: interaction,0.12579933821950184
external_appliances_energy,static_ate,87000132,Expert: piecewise,0.34507438435945736
external_appliances_energy,static_ate,87000132,Linear g-computation,0.21226229533309826
external_appliances_energy,static_ate,87000132,Random forest g-computation,0.2773977882490265
external_appliances_energy,static_ate,87000132,Spline g-computation,0.13016910373959767
external_appliances_energy,static_ate,87000132,Interaction g-computation,0.12579933821950184
external_appliances_energy,static_ate,87000132,AIPW,0.2789413136223339
external_appliances_energy,static_ate,87000132,DR learner (spline nuisances),0.2328421795839426
external_appliances_energy,static_ate,87000133,Pretrained soft router,0.05997193103161125
external_appliances_energy,static_ate,87000133,Pretrained hard top-1,0.042806501588617096
external_appliances_energy,static_ate,87000133,Temperature-scaled router,0.04071591266723279
external_appliances_energy,static_ate,87000133,Uniform expert mean,0.06927200416585372
external_appliances_energy,static_ate,87000133,Median expert,0.0841175661470549
external_appliances_energy,static_ate,87000133,Best fixed expert,0.042806501588617096
external_appliances_energy,static_ate,87000133,Metadata-only selector,0.042806501588617096
external_appliances_energy,static_ate,87000133,Shallow risk selector,0.19984445432683395
external_appliances_energy,static_ate,87000133,Convex stack,0.001964652724872673
external_appliances_energy,static_ate,87000133,Expert: linear,0.03042718311289383
external_appliances_energy,static_ate,87000133,Expert: orthogonal,0.13563168505689072
external_appliances_energy,static_ate,87000133,Expert: spline,0.0841175661470549
external_appliances_energy,static_ate,87000133,Expert: interaction,0.042806501588617096
external_appliances_energy,static_ate,87000133,Expert: piecewise,0.19984445432683395
external_appliances_energy,static_ate,87000133,Linear g-computation,0.030438991657123438
external_appliances_energy,static_ate,87000133,Random forest g-computation,0.29637387699697465
external_appliances_energy,static_ate,87000133,Spline g-computation,0.0841175661470549
external_appliances_energy,static_ate,87000133,Interaction g-computation,0.04280647178629471
external_appliances_energy,static_ate,87000133,AIPW,0.13563168505689072
external_appliances_energy,static_ate,87000133,DR learner (spline nuisances),0.11894391362055204
external_appliances_energy,static_ate,87000134,Pretrained soft router,0.09905700186057503
external_appliances_energy,static_ate,87000134,Pretrained hard top-1,0.08112420394299052
external_appliances_energy,static_ate,87000134,Temperature-scaled router,0.13455403295686158
external_appliances_energy,static_ate,87000134,Uniform expert mean,0.04098709180233501
external_appliances_energy,static_ate,87000134,Median expert,0.14621116473553203
external_appliances_energy,static_ate,87000134,Best fixed expert,0.08112420394299052
external_appliances_energy,static_ate,87000134,Metadata-only selector,0.08112420394299052
external_appliances_energy,static_ate,87000134,Shallow risk selector,0.19899802162525676
external_appliances_energy,static_ate,87000134,Convex stack,0.14536920321506758
external_appliances_energy,static_ate,87000134,Expert: linear,0.14621116473553203
external_appliances_energy,static_ate,87000134,Expert: orthogonal,0.4866393332255123
external_appliances_energy,static_ate,87000134,Expert: spline,0.19899802162525676
external_appliances_energy,static_ate,87000134,Expert: interaction,0.08112420394299052
external_appliances_energy,static_ate,87000134,Expert: piecewise,0.265241401933408
external_appliances_energy,static_ate,87000134,Linear g-computation,0.14617443679124342
external_appliances_energy,static_ate,87000134,Random forest g-computation,0.37367723306126427
external_appliances_energy,static_ate,87000134,Spline g-computation,0.19899802162525676
external_appliances_energy,static_ate,87000134,Interaction g-computation,0.08112420394299052
external_appliances_energy,static_ate,87000134,AIPW,0.4866393332255123
external_appliances_energy,static_ate,87000134,DR learner (spline nuisances),0.2743263056423952
external_appliances_energy,static_ate,87000135,Pretrained soft router,0.3571809598002758
external_appliances_energy,static_ate,87000135,Pretrained hard top-1,0.3124714269543664
external_appliances_energy,static_ate,87000135,Temperature-scaled router,0.3417238180990252
external_appliances_energy,static_ate,87000135,Uniform expert mean,0.36506793194065257
external_appliances_energy,static_ate,87000135,Median expert,0.404367413302757
external_appliances_energy,static_ate,87000135,Best fixed expert,0.3124714269543664
external_appliances_energy,static_ate,87000135,Metadata-only selector,0.3124714269543664
external_appliances_energy,static_ate,87000135,Shallow risk selector,0.3124714269543664
external_appliances_energy,static_ate,87000135,Convex stack,0.3184390339674781
external_appliances_energy,static_ate,87000135,Expert: linear,0.2420128881240861
external_appliances_energy,static_ate,87000135,Expert: orthogonal,0.404367413302757
external_appliances_energy,static_ate,87000135,Expert: spline,0.4431396833861844
external_appliances_energy,static_ate,87000135,Expert: interaction,0.3124714269543664
external_appliances_energy,static_ate,87000135,Expert: piecewise,0.42334824793586895
external_appliances_energy,static_ate,87000135,Linear g-computation,0.24202661858775992
external_appliances_energy,static_ate,87000135,Random forest g-computation,0.3503979966249958
external_appliances_energy,static_ate,87000135,Spline g-computation,0.4431396833861844
external_appliances_energy,static_ate,87000135,Interaction g-computation,0.3124714269543664
external_appliances_energy,static_ate,87000135,AIPW,0.404367413302757
external_appliances_energy,static_ate,87000135,DR learner (spline nuisances),0.2857240824829643
external_appliances_energy,static_ate,87000136,Pretrained soft router,0.14503549851195352
external_appliances_energy,static_ate,87000136,Pretrained hard top-1,0.12850186701031685
external_appliances_energy,static_ate,87000136,Temperature-scaled router,0.13743034621079858
external_appliances_energy,static_ate,87000136,Uniform expert mean,0.15066178913327216
external_appliances_energy,static_ate,87000136,Median expert,0.14941552753659249
external_appliances_energy,static_ate,87000136,Best fixed expert,0.15897626157017708
external_appliances_energy,static_ate,87000136,Metadata-only selector,0.15897626157017708
external_appliances_energy,static_ate,87000136,Shallow risk selector,0.14941552753659249
external_appliances_energy,static_ate,87000136,Convex stack,0.1401137016022851
external_appliances_energy,static_ate,87000136,Expert: linear,0.14941552753659249
external_appliances_energy,static_ate,87000136,Expert: orthogonal,0.21024927969189644
external_appliances_energy,static_ate,87000136,Expert: spline,0.10616600985737801
external_appliances_energy,static_ate,87000136,Expert: interaction,0.15897626157017708
external_appliances_energy,static_ate,87000136,Expert: piecewise,0.12850186701031685
external_appliances_energy,static_ate,87000136,Linear g-computation,0.14938700191473328
external_appliances_energy,static_ate,87000136,Random forest g-computation,0.31952310816971097
external_appliances_energy,static_ate,87000136,Spline g-computation,0.10616600985737801
external_appliances_energy,static_ate,87000136,Interaction g-computation,0.15897626157017708
external_appliances_energy,static_ate,87000136,AIPW,0.21024927969189644
external_appliances_energy,static_ate,87000136,DR learner (spline nuisances),0.09087923166718148
external_appliances_energy,static_ate,87000137,Pretrained soft router,0.0863470380875867
external_appliances_energy,static_ate,87000137,Pretrained hard top-1,0.027330728112533342
external_appliances_energy,static_ate,87000137,Temperature-scaled router,0.020176951342902927
external_appliances_energy,static_ate,87000137,Uniform expert mean,0.19324768358357214
external_appliances_energy,static_ate,87000137,Median expert,0.027330728112533342
external_appliances_energy,static_ate,87000137,Best fixed expert,0.027330728112533342
external_appliances_energy,static_ate,87000137,Metadata-only selector,0.027330728112533342
external_appliances_energy,static_ate,87000137,Shallow risk selector,0.0760588628660891
external_appliances_energy,static_ate,87000137,Convex stack,0.028991098432188167
external_appliances_energy,static_ate,87000137,Expert: linear,0.04213046854846214
external_appliances_energy,static_ate,87000137,Expert: orthogonal,0.9652844088662412
external_appliances_energy,static_ate,87000137,Expert: spline,0.0760588628660891
external_appliances_energy,static_ate,87000137,Expert: interaction,0.027330728112533342
external_appliances_energy,static_ate,87000137,Expert: piecewise,0.09181261235363747
external_appliances_energy,static_ate,87000137,Linear g-computation,0.04213598589990236
external_appliances_energy,static_ate,87000137,Random forest g-computation,0.2140987141232012
external_appliances_energy,static_ate,87000137,Spline g-computation,0.0760588628660891
external_appliances_energy,static_ate,87000137,Interaction g-computation,0.027330728112533342
external_appliances_energy,static_ate,87000137,AIPW,0.9652844088662412
external_appliances_energy,static_ate,87000137,DR learner (spline nuisances),0.023713805363835716
external_appliances_energy,static_ate,87000138,Pretrained soft router,0.24033880916958833
external_appliances_energy,static_ate,87000138,Pretrained hard top-1,0.1968794582648889
external_appliances_energy,static_ate,87000138,Temperature-scaled router,0.20677283584793765
external_appliances_energy,static_ate,87000138,Uniform expert mean,0.2681927798553125
external_appliances_energy,static_ate,87000138,Median expert,0.20564312918621458
external_appliances_energy,static_ate,87000138,Best fixed expert,0.1968794582648889
external_appliances_energy,static_ate,87000138,Metadata-only selector,0.1968794582648889
external_appliances_energy,static_ate,87000138,Shallow risk selector,0.20564312918621458
external_appliances_energy,static_ate,87000138,Convex stack,0.20486999674394885
external_appliances_energy,static_ate,87000138,Expert: linear,0.2097445247932092
external_appliances_energy,static_ate,87000138,Expert: orthogonal,0.5317317961021082
external_appliances_energy,static_ate,87000138,Expert: spline,0.20564312918621458
external_appliances_energy,static_ate,87000138,Expert: interaction,0.1968794582648889
external_appliances_energy,static_ate,87000138,Expert: piecewise,0.19696499093014158
external_appliances_energy,static_ate,87000138,Linear g-computation,0.20978009276958348
external_appliances_energy,static_ate,87000138,Random forest g-computation,0.11621723330470307
external_appliances_energy,static_ate,87000138,Spline g-computation,0.20564312918621458
external_appliances_energy,static_ate,87000138,Interaction g-computation,0.19687939866024412
external_appliances_energy,static_ate,87000138,AIPW,0.5317317961021082
external_appliances_energy,static_ate,87000138,DR learner (spline nuisances),0.20675585988357587
external_appliances_energy,static_ate,87000139,Pretrained soft router,0.25281962696942023
external_appliances_energy,static_ate,87000139,Pretrained hard top-1,0.12198439770309194
external_appliances_energy,static_ate,87000139,Temperature-scaled router,0.0791335028611273
external_appliances_energy,static_ate,87000139,Uniform expert mean,0.4570785231057002
external_appliances_energy,static_ate,87000139,Median expert,0.03282315068809255
external_appliances_energy,static_ate,87000139,Best fixed expert,0.03282315068809255
external_appliances_energy,static_ate,87000139,Metadata-only selector,0.03282315068809255
external_appliances_energy,static_ate,87000139,Shallow risk selector,0.03282315068809255
external_appliances_energy,static_ate,87000139,Convex stack,0.0603771275209673
external_appliances_energy,static_ate,87000139,Expert: linear,0.04710010223952993
external_appliances_energy,static_ate,87000139,Expert: orthogonal,2.4288758284512353
external_appliances_energy,static_ate,87000139,Expert: spline,0.12198439770309194
external_appliances_energy,static_ate,87000139,Expert: interaction,0.03282315068809255
external_appliances_energy,static_ate,87000139,Expert: piecewise,0.05842443770797984
external_appliances_energy,static_ate,87000139,Linear g-computation,0.04712660812760122
external_appliances_energy,static_ate,87000139,Random forest g-computation,0.2842706816302396
external_appliances_energy,static_ate,87000139,Spline g-computation,0.12198439770309194
external_appliances_energy,static_ate,87000139,Interaction g-computation,0.03282315068809255
external_appliances_energy,static_ate,87000139,AIPW,2.4288758284512353
external_appliances_energy,static_ate,87000139,DR learner (spline nuisances),0.022721644353324577
external_appliances_energy,static_ate,87000140,Pretrained soft router,0.03323257953302483
external_appliances_energy,static_ate,87000140,Pretrained hard top-1,0.04463569133795464
external_appliances_energy,static_ate,87000140,Temperature-scaled router,0.02178872229778528
external_appliances_energy,static_ate,87000140,Uniform expert mean,0.03973980934106147
external_appliances_energy,static_ate,87000140,Median expert,0.055524579591381906
external_appliances_energy,static_ate,87000140,Best fixed expert,0.04463569133795464
external_appliances_energy,static_ate,87000140,Metadata-only selector,0.04463569133795464
external_appliances_energy,static_ate,87000140,Shallow risk selector,0.055524579591381906
external_appliances_energy,static_ate,87000140,Convex stack,0.008363003310842554
external_appliances_energy,static_ate,87000140,Expert: linear,0.008519641465771555
external_appliances_energy,static_ate,87000140,Expert: orthogonal,0.09388866216622627
external_appliances_energy,static_ate,87000140,Expert: spline,0.055524579591381906
external_appliances_energy,static_ate,87000140,Expert: interaction,0.04463569133795464
external_appliances_energy,static_ate,87000140,Expert: piecewise,0.08540185481988227
external_appliances_energy,static_ate,87000140,Linear g-computation,0.00850507984397142
external_appliances_energy,static_ate,87000140,Random forest g-computation,0.24343204252687856
external_appliances_energy,static_ate,87000140,Spline g-computation,0.055524579591381906
external_appliances_energy,static_ate,87000140,Interaction g-computation,0.04463569133795464
external_appliances_energy,static_ate,87000140,AIPW,0.09388866216622627
external_appliances_energy,static_ate,87000140,DR learner (spline nuisances),0.2034960445213849
external_appliances_energy,static_ate,87000141,Pretrained soft router,0.23207551021144202
external_appliances_energy,static_ate,87000141,Pretrained hard top-1,0.3312105462374735
external_appliances_energy,static_ate,87000141,Temperature-scaled router,0.2665957546499267
external_appliances_energy,static_ate,87000141,Uniform expert mean,0.20808667991781715
external_appliances_energy,static_ate,87000141,Median expert,0.2631746456446695
external_appliances_energy,static_ate,87000141,Best fixed expert,0.2631746456446695
external_appliances_energy,static_ate,87000141,Metadata-only selector,0.2631746456446695
external_appliances_energy,static_ate,87000141,Shallow risk selector,0.3312105462374735
external_appliances_energy,static_ate,87000141,Convex stack,0.24530088811337714
external_appliances_energy,static_ate,87000141,Expert: linear,0.1807241961779642
external_appliances_energy,static_ate,87000141,Expert: orthogonal,0.023951508062834748
external_appliances_energy,static_ate,87000141,Expert: spline,0.3312105462374735
external_appliances_energy,static_ate,87000141,Expert: interaction,0.2631746456446695
external_appliances_energy,static_ate,87000141,Expert: piecewise,0.2892755195918131
external_appliances_energy,static_ate,87000141,Linear g-computation,0.18075363727014082
external_appliances_energy,static_ate,87000141,Random forest g-computation,0.029659647074314954
external_appliances_energy,static_ate,87000141,Spline g-computation,0.3312105462374735
external_appliances_energy,static_ate,87000141,Interaction g-computation,0.2631746456446695
external_appliances_energy,static_ate,87000141,AIPW,0.023951508062834748
external_appliances_energy,static_ate,87000141,DR learner (spline nuisances),0.121077637703495
external_appliances_energy,static_ate,87000142,Pretrained soft router,0.22816402116722312
external_appliances_energy,static_ate,87000142,Pretrained hard top-1,0.22503034683428935
external_appliances_energy,static_ate,87000142,Temperature-scaled router,0.23993565168568173
external_appliances_energy,static_ate,87000142,Uniform expert mean,0.21640611203871898
external_appliances_energy,static_ate,87000142,Median expert,0.24007859739028148
external_appliances_energy,static_ate,87000142,Best fixed expert,0.22503034683428935
external_appliances_energy,static_ate,87000142,Metadata-only selector,0.22503034683428935
external_appliances_energy,static_ate,87000142,Shallow risk selector,0.25766360672675304
external_appliances_energy,static_ate,87000142,Convex stack,0.24116197030466413
external_appliances_energy,static_ate,87000142,Expert: linear,0.24007859739028148
external_appliances_energy,static_ate,87000142,Expert: orthogonal,0.09734006139002971
external_appliances_energy,static_ate,87000142,Expert: spline,0.25766360672675304
external_appliances_energy,static_ate,87000142,Expert: interaction,0.22503034683428935
external_appliances_energy,static_ate,87000142,Expert: piecewise,0.2619179478522413
external_appliances_energy,static_ate,87000142,Linear g-computation,0.2400640816394502
external_appliances_energy,static_ate,87000142,Random forest g-computation,0.3339354946835268
external_appliances_energy,static_ate,87000142,Spline g-computation,0.25766360672675304
external_appliances_energy,static_ate,87000142,Interaction g-computation,0.22503034683428935
external_appliances_energy,static_ate,87000142,AIPW,0.09734006139002971
external_appliances_energy,static_ate,87000142,DR learner (spline nuisances),0.2125858008215581
external_appliances_energy,static_ate,87000143,Pretrained soft router,0.22639016068943396
external_appliances_energy,static_ate,87000143,Pretrained hard top-1,0.24463960117510586
external_appliances_energy,static_ate,87000143,Temperature-scaled router,0.26699986600702086
external_appliances_energy,static_ate,87000143,Uniform expert mean,0.19135307258776457
external_appliances_energy,static_ate,87000143,Median expert,0.24463960117510586
external_appliances_energy,static_ate,87000143,Best fixed expert,0.25472327655962734
external_appliances_energy,static_ate,87000143,Metadata-only selector,0.25472327655962734
external_appliances_energy,static_ate,87000143,Shallow risk selector,0.24463960117510586
external_appliances_energy,static_ate,87000143,Convex stack,0.21194348791105
external_appliances_energy,static_ate,87000143,Expert: linear,0.1544385213296774
external_appliances_energy,static_ate,87000143,Expert: orthogonal,0.12312260680981846
external_appliances_energy,static_ate,87000143,Expert: spline,0.24463960117510586
external_appliances_energy,static_ate,87000143,Expert: interaction,0.25472327655962734
external_appliances_energy,static_ate,87000143,Expert: piecewise,0.4260865706842306
external_appliances_energy,static_ate,87000143,Linear g-computation,0.15448403263772403
external_appliances_energy,static_ate,87000143,Random forest g-computation,0.12066827621503073
external_appliances_energy,static_ate,87000143,Spline g-computation,0.24463960117510586
external_appliances_energy,static_ate,87000143,Interaction g-computation,0.25472327655962734
external_appliances_energy,static_ate,87000143,AIPW,0.12312260680981846
external_appliances_energy,static_ate,87000143,DR learner (spline nuisances),0.12841409394826642
external_appliances_energy,static_ate,87000144,Pretrained soft router,0.2366911774360574
external_appliances_energy,static_ate,87000144,Pretrained hard top-1,0.2339939249444533
external_appliances_energy,static_ate,87000144,Temperature-scaled router,0.2257293743969826
external_appliances_energy,static_ate,87000144,Uniform expert mean,0.24395631586646327
external_appliances_energy,static_ate,87000144,Median expert,0.2339939249444533
external_appliances_energy,static_ate,87000144,Best fixed expert,0.2339939249444533
external_appliances_energy,static_ate,87000144,Metadata-only selector,0.2339939249444533
external_appliances_energy,static_ate,87000144,Shallow risk selector,0.09221749731784351
external_appliances_energy,static_ate,87000144,Convex stack,0.16826234118737032
external_appliances_energy,static_ate,87000144,Expert: linear,0.09221749731784351
external_appliances_energy,static_ate,87000144,Expert: orthogonal,0.31124807873254307
external_appliances_energy,static_ate,87000144,Expert: spline,0.2093190325189162
external_appliances_energy,static_ate,87000144,Expert: interaction,0.2339939249444533
external_appliances_energy,static_ate,87000144,Expert: piecewise,0.3730030458185602
external_appliances_energy,static_ate,87000144,Linear g-computation,0.09220800439856214
external_appliances_energy,static_ate,87000144,Random forest g-computation,0.3733737253075491
external_appliances_energy,static_ate,87000144,Spline g-computation,0.2093190325189162
external_appliances_energy,static_ate,87000144,Interaction g-computation,0.2339939249444533
external_appliances_energy,static_ate,87000144,AIPW,0.31124807873254307
external_appliances_energy,static_ate,87000144,DR learner (spline nuisances),0.249239901080219
external_appliances_energy,static_ate,87000145,Pretrained soft router,0.36898063569730466
external_appliances_energy,static_ate,87000145,Pretrained hard top-1,0.2814045769749298
external_appliances_energy,static_ate,87000145,Temperature-scaled router,0.3271913857845744
external_appliances_energy,static_ate,87000145,Uniform expert mean,0.40830308027845763
external_appliances_energy,static_ate,87000145,Median expert,0.3910052997646942
external_appliances_energy,static_ate,87000145,Best fixed expert,0.2814045769749298
external_appliances_energy,static_ate,87000145,Metadata-only selector,0.2814045769749298
external_appliances_energy,static_ate,87000145,Shallow risk selector,0.3910052997646942
external_appliances_energy,static_ate,87000145,Convex stack,0.30925776701018237
external_appliances_energy,static_ate,87000145,Expert: linear,0.2714631778774872
external_appliances_energy,static_ate,87000145,Expert: orthogonal,0.6764551622448578
external_appliances_energy,static_ate,87000145,Expert: spline,0.3910052997646942
external_appliances_energy,static_ate,87000145,Expert: interaction,0.2814045769749298
external_appliances_energy,static_ate,87000145,Expert: piecewise,0.4211871845303192
external_appliances_energy,static_ate,87000145,Linear g-computation,0.2714973210937809
external_appliances_energy,static_ate,87000145,Random forest g-computation,0.17979149683502316
external_appliances_energy,static_ate,87000145,Spline g-computation,0.3910052997646942
external_appliances_energy,static_ate,87000145,Interaction g-computation,0.2814045769749298
external_appliances_energy,static_ate,87000145,AIPW,0.6764551622448578
external_appliances_energy,static_ate,87000145,DR learner (spline nuisances),0.14941987235901988
external_appliances_energy,static_ate,87000146,Pretrained soft router,0.3733488015126064
external_appliances_energy,static_ate,87000146,Pretrained hard top-1,0.36833252723788107
external_appliances_energy,static_ate,87000146,Temperature-scaled router,0.3499947083557804
external_appliances_energy,static_ate,87000146,Uniform expert mean,0.40240535933750876
external_appliances_energy,static_ate,87000146,Median expert,0.36833252723788107
external_appliances_energy,static_ate,87000146,Best fixed expert,0.36833252723788107
external_appliances_energy,static_ate,87000146,Metadata-only selector,0.36833252723788107
external_appliances_energy,static_ate,87000146,Shallow risk selector,0.36833252723788107
external_appliances_energy,static_ate,87000146,Convex stack,0.3665169004543924
external_appliances_energy,static_ate,87000146,Expert: linear,0.3754756684594854
external_appliances_energy,static_ate,87000146,Expert: orthogonal,0.6397931944758697
external_appliances_energy,static_ate,87000146,Expert: spline,0.3585397103981181
external_appliances_energy,static_ate,87000146,Expert: interaction,0.36833252723788107
external_appliances_energy,static_ate,87000146,Expert: piecewise,0.26988569611618957
external_appliances_energy,static_ate,87000146,Linear g-computation,0.3754905753635905
external_appliances_energy,static_ate,87000146,Random forest g-computation,0.3914384486131832
external_appliances_energy,static_ate,87000146,Spline g-computation,0.3585397103981181
external_appliances_energy,static_ate,87000146,Interaction g-computation,0.36833252722332915
external_appliances_energy,static_ate,87000146,AIPW,0.6397931944758697
external_appliances_energy,static_ate,87000146,DR learner (spline nuisances),0.32483136508376353
external_appliances_energy,static_ate,87000147,Pretrained soft router,0.06942133417062663
external_appliances_energy,static_ate,87000147,Pretrained hard top-1,0.07048435449014184
external_appliances_energy,static_ate,87000147,Temperature-scaled router,0.085124258956641
external_appliances_energy,static_ate,87000147,Uniform expert mean,0.0575482630671072
external_appliances_energy,static_ate,87000147,Median expert,0.06588371037850854
external_appliances_energy,static_ate,87000147,Best fixed expert,0.07048435449014184
external_appliances_energy,static_ate,87000147,Metadata-only selector,0.07048435449014184
external_appliances_energy,static_ate,87000147,Shallow risk selector,0.06588371037850854
external_appliances_energy,static_ate,87000147,Convex stack,0.06593683709953291
external_appliances_energy,static_ate,87000147,Expert: linear,0.05852626203904626
external_appliances_energy,static_ate,87000147,Expert: orthogonal,0.05763967395414832
external_appliances_energy,static_ate,87000147,Expert: spline,0.06588371037850854
external_appliances_energy,static_ate,87000147,Expert: interaction,0.07048435449014184
external_appliances_energy,static_ate,87000147,Expert: piecewise,0.15048666238198755
external_appliances_energy,static_ate,87000147,Linear g-computation,0.058526780167878545
external_appliances_energy,static_ate,87000147,Random forest g-computation,0.29169086419799883
external_appliances_energy,static_ate,87000147,Spline g-computation,0.06588371037850854
external_appliances_energy,static_ate,87000147,Interaction g-computation,0.07048435449014184
external_appliances_energy,static_ate,87000147,AIPW,0.05763967395414832
external_appliances_energy,static_ate,87000147,DR learner (spline nuisances),0.09164501301399514
external_appliances_energy,static_ate,87000148,Pretrained soft router,0.00325952183084921
external_appliances_energy,static_ate,87000148,Pretrained hard top-1,0.10871248735732564
external_appliances_energy,static_ate,87000148,Temperature-scaled router,0.05138493200661576
external_appliances_energy,static_ate,87000148,Uniform expert mean,0.03847125874214641
external_appliances_energy,static_ate,87000148,Median expert,0.021345383984379684
external_appliances_energy,static_ate,87000148,Best fixed expert,0.10871248735732564
external_appliances_energy,static_ate,87000148,Metadata-only selector,0.10871248735732564
external_appliances_energy,static_ate,87000148,Shallow risk selector,0.08503628478699199
external_appliances_energy,static_ate,87000148,Convex stack,0.010955719719365764
external_appliances_energy,static_ate,87000148,Expert: linear,0.08503628478699199
external_appliances_energy,static_ate,87000148,Expert: orthogonal,0.3088403414314317
external_appliances_energy,static_ate,87000148,Expert: spline,0.021345383984379684
external_appliances_energy,static_ate,87000148,Expert: interaction,0.10871248735732564
external_appliances_energy,static_ate,87000148,Expert: piecewise,0.11415322913474568
external_appliances_energy,static_ate,87000148,Linear g-computation,0.08505849090980672
external_appliances_energy,static_ate,87000148,Random forest g-computation,0.2693935920740957
external_appliances_energy,static_ate,87000148,Spline g-computation,0.021345383984379684
external_appliances_energy,static_ate,87000148,Interaction g-computation,0.10871251715964803
external_appliances_energy,static_ate,87000148,AIPW,0.3088402818267869
external_appliances_energy,static_ate,87000148,DR learner (spline nuisances),0.12458923819429657
external_appliances_energy,static_ate,87000149,Pretrained soft router,0.019292242867969267
external_appliances_energy,static_ate,87000149,Pretrained hard top-1,0.13033584664866005
external_appliances_energy,static_ate,87000149,Temperature-scaled router,0.018060008335396727
external_appliances_energy,static_ate,87000149,Uniform expert mean,0.030927869782891637
external_appliances_energy,static_ate,87000149,Median expert,0.03929587294057335
external_appliances_energy,static_ate,87000149,Best fixed expert,0.13033584664866005
external_appliances_energy,static_ate,87000149,Metadata-only selector,0.13033584664866005
external_appliances_energy,static_ate,87000149,Shallow risk selector,0.041000684990439074
external_appliances_energy,static_ate,87000149,Convex stack,0.005340123840693822
external_appliances_energy,static_ate,87000149,Expert: linear,0.041000684990439074
external_appliances_energy,static_ate,87000149,Expert: orthogonal,0.16672096560999428
external_appliances_energy,static_ate,87000149,Expert: spline,0.03929587294057335
external_appliances_energy,static_ate,87000149,Expert: interaction,0.13033584664866005
external_appliances_energy,static_ate,87000149,Expert: piecewise,0.062120905413183825
external_appliances_energy,static_ate,87000149,Linear g-computation,0.04098935183232155
external_appliances_energy,static_ate,87000149,Random forest g-computation,0.2845080656768851
external_appliances_energy,static_ate,87000149,Spline g-computation,0.03929587294057335
external_appliances_energy,static_ate,87000149,Interaction g-computation,0.13033584664866005
external_appliances_energy,static_ate,87000149,AIPW,0.16672096560999428
external_appliances_energy,static_ate,87000149,DR learner (spline nuisances),0.046340238263934186
external_appliances_energy,static_ate,87000150,Pretrained soft router,0.20902584423436743
external_appliances_energy,static_ate,87000150,Pretrained hard top-1,0.3281742709202963
external_appliances_energy,static_ate,87000150,Temperature-scaled router,0.26002645039731653
external_appliances_energy,static_ate,87000150,Uniform expert mean,0.1694852279944616
external_appliances_energy,static_ate,87000150,Median expert,0.2272031831069189
external_appliances_energy,static_ate,87000150,Best fixed expert,0.3281742709202963
external_appliances_energy,static_ate,87000150,Metadata-only selector,0.3281742709202963
external_appliances_energy,static_ate,87000150,Shallow risk selector,0.2272031831069189
external_appliances_energy,static_ate,87000150,Convex stack,0.244901318387059
external_appliances_energy,static_ate,87000150,Expert: linear,0.2272031831069189
external_appliances_energy,static_ate,87000150,Expert: orthogonal,0.12659796304271642
external_appliances_energy,static_ate,87000150,Expert: spline,0.19044872396423396
external_appliances_energy,static_ate,87000150,Expert: interaction,0.3281742709202963
external_appliances_energy,static_ate,87000150,Expert: piecewise,0.2281979250235754
external_appliances_energy,static_ate,87000150,Linear g-computation,0.22721208546076252
external_appliances_energy,static_ate,87000150,Random forest g-computation,0.32817480523747977
external_appliances_energy,static_ate,87000150,Spline g-computation,0.19044872396423396
external_appliances_energy,static_ate,87000150,Interaction g-computation,0.3281742709202963
external_appliances_energy,static_ate,87000150,AIPW,0.12659796304271642
external_appliances_energy,static_ate,87000150,DR learner (spline nuisances),0.314574589719543
external_appliances_energy,static_ate,87000151,Pretrained soft router,0.24642017064212135
external_appliances_energy,static_ate,87000151,Pretrained hard top-1,0.2124438138904567
external_appliances_energy,static_ate,87000151,Temperature-scaled router,0.22005652938569858
external_appliances_energy,static_ate,87000151,Uniform expert mean,0.26830422601127574
external_appliances_energy,static_ate,87000151,Median expert,0.2124438138904567
external_appliances_energy,static_ate,87000151,Best fixed expert,0.2124438138904567
external_appliances_energy,static_ate,87000151,Metadata-only selector,0.2124438138904567
external_appliances_energy,static_ate,87000151,Shallow risk selector,0.2813807578983302
external_appliances_energy,static_ate,87000151,Convex stack,0.2327729937096748
external_appliances_energy,static_ate,87000151,Expert: linear,0.2813807578983302
external_appliances_energy,static_ate,87000151,Expert: orthogonal,0.4843997212352748
external_appliances_energy,static_ate,87000151,Expert: spline,0.17635904273414565
external_appliances_energy,static_ate,87000151,Expert: interaction,0.2124438138904567
external_appliances_energy,static_ate,87000151,Expert: piecewise,0.18693779429817153
external_appliances_energy,static_ate,87000151,Linear g-computation,0.2814050996628544
external_appliances_energy,static_ate,87000151,Random forest g-computation,0.2586304896531229
external_appliances_energy,static_ate,87000151,Spline g-computation,0.17635904273414565
external_appliances_energy,static_ate,87000151,Interaction g-computation,0.21244375428581191
external_appliances_energy,static_ate,87000151,AIPW,0.4843997212352748
external_appliances_energy,static_ate,87000151,DR learner (spline nuisances),0.1570978559240565
external_appliances_energy,static_ate,87000152,Pretrained soft router,0.11163654459615469
external_appliances_energy,static_ate,87000152,Pretrained hard top-1,0.11377819953142199
external_appliances_energy,static_ate,87000152,Temperature-scaled router,0.0982435662826352
external_appliances_energy,static_ate,87000152,Uniform expert mean,0.12114864764390976
external_appliances_energy,static_ate,87000152,Median expert,0.11377819953142199
external_appliances_energy,static_ate,87000152,Best fixed expert,0.11377819953142199
external_appliances_energy,static_ate,87000152,Metadata-only selector,0.11377819953142199
external_appliances_energy,static_ate,87000152,Shallow risk selector,0.09995111403642687
external_appliances_energy,static_ate,87000152,Convex stack,0.11216165095376962
external_appliances_energy,static_ate,87000152,Expert: linear,0.09995111403642687
external_appliances_energy,static_ate,87000152,Expert: orthogonal,0.21411647973238024
external_appliances_energy,static_ate,87000152,Expert: spline,0.1376281636732677
external_appliances_energy,static_ate,87000152,Expert: interaction,0.11377819953142199
external_appliances_energy,static_ate,87000152,Expert: piecewise,0.04026928124605211
external_appliances_energy,static_ate,87000152,Linear g-computation,0.09996978923354016
external_appliances_energy,static_ate,87000152,Random forest g-computation,0.256401534787545
external_appliances_energy,static_ate,87000152,Spline g-computation,0.1376281636732677
external_appliances_energy,static_ate,87000152,Interaction g-computation,0.11377819953142199
external_appliances_energy,static_ate,87000152,AIPW,0.21411647973238024
external_appliances_energy,static_ate,87000152,DR learner (spline nuisances),0.1738840068940648
external_appliances_energy,static_ate,87000153,Pretrained soft router,0.23569091856722046
external_appliances_energy,static_ate,87000153,Pretrained hard top-1,0.31859758829146034
external_appliances_energy,static_ate,87000153,Temperature-scaled router,0.27122595609639444
external_appliances_energy,static_ate,87000153,Uniform expert mean,0.20967748945027
external_appliances_energy,static_ate,87000153,Median expert,0.260798651328379
external_appliances_energy,static_ate,87000153,Best fixed expert,0.31859758829146034
external_appliances_energy,static_ate,87000153,Metadata-only selector,0.31859758829146034
external_appliances_energy,static_ate,87000153,Shallow risk selector,0.19143639837771065
external_appliances_energy,static_ate,87000153,Convex stack,0.24605432649534503
external_appliances_energy,static_ate,87000153,Expert: linear,0.19143639837771065
external_appliances_energy,static_ate,87000153,Expert: orthogonal,0.00707166229754097
external_appliances_energy,static_ate,87000153,Expert: spline,0.260798651328379
external_appliances_energy,static_ate,87000153,Expert: interaction,0.31859758829146034
external_appliances_energy,static_ate,87000153,Expert: piecewise,0.2704831469562591
external_appliances_energy,static_ate,87000153,Linear g-computation,0.19142796917198646
external_appliances_energy,static_ate,87000153,Random forest g-computation,0.3302847192231274
external_appliances_energy,static_ate,87000153,Spline g-computation,0.260798651328379
external_appliances_energy,static_ate,87000153,Interaction g-computation,0.31859758829146034
external_appliances_energy,static_ate,87000153,AIPW,0.00707166229754097
external_appliances_energy,static_ate,87000153,DR learner (spline nuisances),0.12385333917542507
external_appliances_energy,static_ate,87000154,Pretrained soft router,0.23760244279593695
external_appliances_energy,static_ate,87000154,Pretrained hard top-1,0.15504705980754485
external_appliances_energy,static_ate,87000154,Temperature-scaled router,0.19031957354611184
external_appliances_energy,static_ate,87000154,Uniform expert mean,0.26501308828926673
external_appliances_energy,static_ate,87000154,Median expert,0.16642788127399077
external_appliances_energy,static_ate,87000154,Best fixed expert,0.16642788127399077
external_appliances_energy,static_ate,87000154,Metadata-only selector,0.16642788127399077
external_appliances_energy,static_ate,87000154,Shallow risk selector,0.0685632832381784
external_appliances_energy,static_ate,87000154,Convex stack,0.12527130343323717
external_appliances_energy,static_ate,87000154,Expert: linear,0.0685632832381784
external_appliances_energy,static_ate,87000154,Expert: orthogonal,0.5603867478702127
external_appliances_energy,static_ate,87000154,Expert: spline,0.15504705980754485
external_appliances_energy,static_ate,87000154,Expert: interaction,0.16642788127399077
external_appliances_energy,static_ate,87000154,Expert: piecewise,0.3746404692564069
external_appliances_energy,static_ate,87000154,Linear g-computation,0.06854882060202
external_appliances_energy,static_ate,87000154,Random forest g-computation,0.22805069776617817
external_appliances_energy,static_ate,87000154,Spline g-computation,0.15504705980754485
external_appliances_energy,static_ate,87000154,Interaction g-computation,0.16642788127399077
external_appliances_energy,static_ate,87000154,AIPW,0.5603867478702127
external_appliances_energy,static_ate,87000154,DR learner (spline nuisances),0.15762628122884761
external_appliances_energy,static_ate,87000155,Pretrained soft router,0.21453885627875202
external_appliances_energy,static_ate,87000155,Pretrained hard top-1,0.16504653623459742
external_appliances_energy,static_ate,87000155,Temperature-scaled router,0.1616305411545239
external_appliances_energy,static_ate,87000155,Uniform expert mean,0.26968278816101954
external_appliances_energy,static_ate,87000155,Median expert,0.16504653623459742
external_appliances_energy,static_ate,87000155,Best fixed expert,0.16504653623459742
external_appliances_energy,static_ate,87000155,Metadata-only selector,0.16504653623459742
external_appliances_energy,static_ate,87000155,Shallow risk selector,0.16504653623459742
external_appliances_energy,static_ate,87000155,Convex stack,0.15804526319115986
external_appliances_energy,static_ate,87000155,Expert: linear,0.14817550113556788
external_appliances_energy,static_ate,87000155,Expert: orthogonal,0.7260774605548184
external_appliances_energy,static_ate,87000155,Expert: spline,0.16906466415284083
external_appliances_energy,static_ate,87000155,Expert: interaction,0.16504653623459742
external_appliances_energy,static_ate,87000155,Expert: piecewise,0.1400497787272732
external_appliances_energy,static_ate,87000155,Linear g-computation,0.14819517632417079
external_appliances_energy,static_ate,87000155,Random forest g-computation,0.23574139888359558
external_appliances_energy,static_ate,87000155,Spline g-computation,0.16906466415284083
external_appliances_energy,static_ate,87000155,Interaction g-computation,0.16504653623459742
external_appliances_energy,static_ate,87000155,AIPW,0.7260774605548184
external_appliances_energy,static_ate,87000155,DR learner (spline nuisances),0.04051232085235962
external_appliances_energy,static_ate,87000156,Pretrained soft router,0.27533348529219553
external_appliances_energy,static_ate,87000156,Pretrained hard top-1,0.25884431190475876
external_appliances_energy,static_ate,87000156,Temperature-scaled router,0.2687706913110396
external_appliances_energy,static_ate,87000156,Uniform expert mean,0.28011733293220453
external_appliances_energy,static_ate,87000156,Median expert,0.25884431190475876
external_appliances_energy,static_ate,87000156,Best fixed expert,0.22193404622063095
external_appliances_energy,static_ate,87000156,Metadata-only selector,0.22193404622063095
external_appliances_energy,static_ate,87000156,Shallow risk selector,0.25884431190475876
external_appliances_energy,static_ate,87000156,Convex stack,0.23251619607354088
external_appliances_energy,static_ate,87000156,Expert: linear,0.25884431190475876
external_appliances_energy,static_ate,87000156,Expert: orthogonal,0.35383323542460854
external_appliances_energy,static_ate,87000156,Expert: spline,0.18556634671673233
external_appliances_energy,static_ate,87000156,Expert: interaction,0.22193404622063095
external_appliances_energy,static_ate,87000156,Expert: piecewise,0.3804087243942922
external_appliances_energy,static_ate,87000156,Linear g-computation,0.25888131976692486
external_appliances_energy,static_ate,87000156,Random forest g-computation,0.26329534346394756
external_appliances_energy,static_ate,87000156,Spline g-computation,0.18556634671673233
external_appliances_energy,static_ate,87000156,Interaction g-computation,0.22193404622063095
external_appliances_energy,static_ate,87000156,AIPW,0.35383323542460854
external_appliances_energy,static_ate,87000156,DR learner (spline nuisances),0.10757482729816631
external_appliances_energy,static_ate,87000157,Pretrained soft router,0.14258356776612846
external_appliances_energy,static_ate,87000157,Pretrained hard top-1,0.17693264197266823
external_appliances_energy,static_ate,87000157,Temperature-scaled router,0.12055390153054335
external_appliances_energy,static_ate,87000157,Uniform expert mean,0.17047602247155436
external_appliances_energy,static_ate,87000157,Median expert,0.11724890183366066
external_appliances_energy,static_ate,87000157,Best fixed expert,0.17693264197266823
external_appliances_energy,static_ate,87000157,Metadata-only selector,0.17693264197266823
external_appliances_energy,static_ate,87000157,Shallow risk selector,0.09257821153558021
external_appliances_energy,static_ate,87000157,Convex stack,0.09152889610424042
external_appliances_energy,static_ate,87000157,Expert: linear,0.03711439083970314
external_appliances_energy,static_ate,87000157,Expert: orthogonal,0.42850596617615944
external_appliances_energy,static_ate,87000157,Expert: spline,0.09257821153558021
external_appliances_energy,static_ate,87000157,Expert: interaction,0.17693264197266823
external_appliances_energy,static_ate,87000157,Expert: piecewise,0.11724890183366066
external_appliances_energy,static_ate,87000157,Linear g-computation,0.03713655117004083
external_appliances_energy,static_ate,87000157,Random forest g-computation,0.2779715827300844
external_appliances_energy,static_ate,87000157,Spline g-computation,0.09257821153558021
external_appliances_energy,static_ate,87000157,Interaction g-computation,0.17693264197266823
external_appliances_energy,static_ate,87000157,AIPW,0.42850596617615944
external_appliances_energy,static_ate,87000157,DR learner (spline nuisances),0.29531646284443436
external_appliances_energy,static_ate,87000158,Pretrained soft router,0.33150214717105203
external_appliances_energy,static_ate,87000158,Pretrained hard top-1,0.33390224624237913
external_appliances_energy,static_ate,87000158,Temperature-scaled router,0.30207341061407716
external_appliances_energy,static_ate,87000158,Uniform expert mean,0.35594331074318786
external_appliances_energy,static_ate,87000158,Median expert,0.2936743115242471
external_appliances_energy,static_ate,87000158,Best fixed expert,0.28634536910614866
external_appliances_energy,static_ate,87000158,Metadata-only selector,0.28634536910614866
external_appliances_energy,static_ate,87000158,Shallow risk selector,0.2936743115242471
external_appliances_energy,static_ate,87000158,Convex stack,0.3006148574181408
external_appliances_energy,static_ate,87000158,Expert: linear,0.2936743115242471
external_appliances_energy,static_ate,87000158,Expert: orthogonal,0.6404978846367348
external_appliances_energy,static_ate,87000158,Expert: spline,0.33390224624237913
external_appliances_energy,static_ate,87000158,Expert: interaction,0.28634536910614866
external_appliances_energy,static_ate,87000158,Expert: piecewise,0.22529674220642942
external_appliances_energy,static_ate,87000158,Linear g-computation,0.29368440818463704
external_appliances_energy,static_ate,87000158,Random forest g-computation,0.36341078417391875
external_appliances_energy,static_ate,87000158,Spline g-computation,0.33390224624237913
external_appliances_energy,static_ate,87000158,Interaction g-computation,0.28634536910614866
external_appliances_energy,static_ate,87000158,AIPW,0.6404978846367348
external_appliances_energy,static_ate,87000158,DR learner (spline nuisances),0.19389428455346716
external_appliances_energy,static_ate,87000159,Pretrained soft router,0.3113300754393183
external_appliances_energy,static_ate,87000159,Pretrained hard top-1,0.2747288991024172
external_appliances_energy,static_ate,87000159,Temperature-scaled router,0.26269552531506424
external_appliances_energy,static_ate,87000159,Uniform expert mean,0.35732548574706674
external_appliances_energy,static_ate,87000159,Median expert,0.2747288991024172
external_appliances_energy,static_ate,87000159,Best fixed expert,0.23877760509750007
external_appliances_energy,static_ate,87000159,Metadata-only selector,0.23877760509750007
external_appliances_energy,static_ate,87000159,Shallow risk selector,0.23877760509750007
external_appliances_energy,static_ate,87000159,Convex stack,0.23751865935407704
external_appliances_energy,static_ate,87000159,Expert: linear,0.2120499436070597
external_appliances_energy,static_ate,87000159,Expert: orthogonal,0.7777241293599284
external_appliances_energy,static_ate,87000159,Expert: spline,0.2747288991024172
external_appliances_energy,static_ate,87000159,Expert: interaction,0.23877760509750007
external_appliances_energy,static_ate,87000159,Expert: piecewise,0.28334685156842826
external_appliances_energy,static_ate,87000159,Linear g-computation,0.2120236105407601
external_appliances_energy,static_ate,87000159,Random forest g-computation,0.3174293322175724
external_appliances_energy,static_ate,87000159,Spline g-computation,0.2747288991024172
external_appliances_energy,static_ate,87000159,Interaction g-computation,0.23877760509750007
external_appliances_energy,static_ate,87000159,AIPW,0.7777241293599284
external_appliances_energy,static_ate,87000159,DR learner (spline nuisances),0.42939036396919983
external_appliances_energy,static_ate,87000160,Pretrained soft router,0.01417468054505
external_appliances_energy,static_ate,87000160,Pretrained hard top-1,0.09788072595969699
external_appliances_energy,static_ate,87000160,Temperature-scaled router,0.03961113140195127
external_appliances_energy,static_ate,87000160,Uniform expert mean,0.007309580942234772
external_appliances_energy,static_ate,87000160,Median expert,0.023632292846598846
external_appliances_energy,static_ate,87000160,Best fixed expert,0.09788072595969699
external_appliances_energy,static_ate,87000160,Metadata-only selector,0.09788072595969699
external_appliances_energy,static_ate,87000160,Shallow risk selector,0.04492015133277438
external_appliances_energy,static_ate,87000160,Convex stack,0.051148243888272105
external_appliances_energy,static_ate,87000160,Expert: linear,0.04492015133277438
external_appliances_energy,static_ate,87000160,Expert: orthogonal,0.14451229085548856
external_appliances_energy,static_ate,87000160,Expert: spline,0.023632292846598846
external_appliances_energy,static_ate,87000160,Expert: interaction,0.09788072595969699
external_appliances_energy,static_ate,87000160,Expert: piecewise,0.058468783994755524
external_appliances_energy,static_ate,87000160,Linear g-computation,0.04490158898482738
external_appliances_energy,static_ate,87000160,Random forest g-computation,0.32610675614148965
external_appliances_energy,static_ate,87000160,Spline g-computation,0.023632292846598846
external_appliances_energy,static_ate,87000160,Interaction g-computation,0.09788072595969699
external_appliances_energy,static_ate,87000160,AIPW,0.14451229085548856
external_appliances_energy,static_ate,87000160,DR learner (spline nuisances),0.09044393326456446
external_appliances_energy,static_ate,87000161,Pretrained soft router,0.1872306941477368
external_appliances_energy,static_ate,87000161,Pretrained hard top-1,0.22591520642834667
external_appliances_energy,static_ate,87000161,Temperature-scaled router,0.1996816628909728
external_appliances_energy,static_ate,87000161,Uniform expert mean,0.179225812311945
external_appliances_energy,static_ate,87000161,Median expert,0.18468037044602398
external_appliances_energy,static_ate,87000161,Best fixed expert,0.22591520642834667
external_appliances_energy,static_ate,87000161,Metadata-only selector,0.22591520642834667
external_appliances_energy,static_ate,87000161,Shallow risk selector,0.1715582439859486
external_appliances_energy,static_ate,87000161,Convex stack,0.19294489190126943
external_appliances_energy,static_ate,87000161,Expert: linear,0.18468037044602398
external_appliances_energy,static_ate,87000161,Expert: orthogonal,0.10667089914875988
external_appliances_energy,static_ate,87000161,Expert: spline,0.1715582439859486
external_appliances_energy,static_ate,87000161,Expert: interaction,0.22591520642834667
external_appliances_energy,static_ate,87000161,Expert: piecewise,0.20730434155064587
external_appliances_energy,static_ate,87000161,Linear g-computation,0.18463798466065165
external_appliances_energy,static_ate,87000161,Random forest g-computation,0.37294416883541354
external_appliances_energy,static_ate,87000161,Spline g-computation,0.1715582439859486
external_appliances_energy,static_ate,87000161,Interaction g-computation,0.22591520642834667
external_appliances_energy,static_ate,87000161,AIPW,0.10667089914875988
external_appliances_energy,static_ate,87000161,DR learner (spline nuisances),0.26563436239232374
external_appliances_energy,static_ate,87000162,Pretrained soft router,0.12047303142903043
external_appliances_energy,static_ate,87000162,Pretrained hard top-1,0.19122715143007507
external_appliances_energy,static_ate,87000162,Temperature-scaled router,0.16045009359497941
external_appliances_energy,static_ate,87000162,Uniform expert mean,0.0936409160260605
external_appliances_energy,static_ate,87000162,Median expert,0.13584823755068054
external_appliances_energy,static_ate,87000162,Best fixed expert,0.2228452101115631
external_appliances_energy,static_ate,87000162,Metadata-only selector,0.2228452101115631
external_appliances_energy,static_ate,87000162,Shallow risk selector,0.19122715143007507
external_appliances_energy,static_ate,87000162,Convex stack,0.1736797347550546
external_appliances_energy,static_ate,87000162,Expert: linear,0.13584823755068054
external_appliances_energy,static_ate,87000162,Expert: orthogonal,0.20495876821237335
external_appliances_energy,static_ate,87000162,Expert: spline,0.19122715143007507
external_appliances_energy,static_ate,87000162,Expert: interaction,0.2228452101115631
external_appliances_energy,static_ate,87000162,Expert: piecewise,0.12324274925035705
external_appliances_energy,static_ate,87000162,Linear g-computation,0.13578613937411255
external_appliances_energy,static_ate,87000162,Random forest g-computation,0.07618465031168248
external_appliances_energy,static_ate,87000162,Spline g-computation,0.19122715143007507
external_appliances_energy,static_ate,87000162,Interaction g-computation,0.22284526971620788
external_appliances_energy,static_ate,87000162,AIPW,0.20495876821237335
external_appliances_energy,static_ate,87000162,DR learner (spline nuisances),0.4303380465916692
external_appliances_energy,static_ate,87000163,Pretrained soft router,0.09244937776948237
external_appliances_energy,static_ate,87000163,Pretrained hard top-1,0.12797300017640434
external_appliances_energy,static_ate,87000163,Temperature-scaled router,0.1311473561899602
external_appliances_energy,static_ate,87000163,Uniform expert mean,0.06383694208428703
external_appliances_energy,static_ate,87000163,Median expert,0.12797300017640434
external_appliances_energy,static_ate,87000163,Best fixed expert,0.18322358525559745
external_appliances_energy,static_ate,87000163,Metadata-only selector,0.18322358525559745
external_appliances_energy,static_ate,87000163,Shallow risk selector,0.12797300017640434
external_appliances_energy,static_ate,87000163,Convex stack,0.16388785047413612
external_appliances_energy,static_ate,87000163,Expert: linear,0.17598042882249199
external_appliances_energy,static_ate,87000163,Expert: orthogonal,0.2855896850748316
external_appliances_energy,static_ate,87000163,Expert: spline,0.12797300017640434
external_appliances_energy,static_ate,87000163,Expert: interaction,0.18322358525559745
external_appliances_energy,static_ate,87000163,Expert: piecewise,0.11759738124177299
external_appliances_energy,static_ate,87000163,Linear g-computation,0.17603342875887784
external_appliances_energy,static_ate,87000163,Random forest g-computation,0.1700019329561886
external_appliances_energy,static_ate,87000163,Spline g-computation,0.12797300017640434
external_appliances_energy,static_ate,87000163,Interaction g-computation,0.18322358525559745
external_appliances_energy,static_ate,87000163,AIPW,0.2855896850748316
external_appliances_energy,static_ate,87000163,DR learner (spline nuisances),0.1577817755512837
external_appliances_energy,static_ate,87000164,Pretrained soft router,0.6064725124002551
external_appliances_energy,static_ate,87000164,Pretrained hard top-1,0.4345896727106964
external_appliances_energy,static_ate,87000164,Temperature-scaled router,0.49375048414406086
external_appliances_energy,static_ate,87000164,Uniform expert mean,0.6605738150588667
external_appliances_energy,static_ate,87000164,Median expert,0.4497679284475242
external_appliances_energy,static_ate,87000164,Best fixed expert,0.4497679284475242
external_appliances_energy,static_ate,87000164,Metadata-only selector,0.4497679284475242
external_appliances_energy,static_ate,87000164,Shallow risk selector,0.3685475307218229
external_appliances_energy,static_ate,87000164,Convex stack,0.41778880137818936
external_appliances_energy,static_ate,87000164,Expert: linear,0.3685475307218229
external_appliances_energy,static_ate,87000164,Expert: orthogonal,1.2757296523712074
external_appliances_energy,static_ate,87000164,Expert: spline,0.4345896727106964
external_appliances_energy,static_ate,87000164,Expert: interaction,0.4497679284475242
external_appliances_energy,static_ate,87000164,Expert: piecewise,0.7742342910430824
external_appliances_energy,static_ate,87000164,Linear g-computation,0.36853082026629275
external_appliances_energy,static_ate,87000164,Random forest g-computation,0.3608186340002631
external_appliances_energy,static_ate,87000164,Spline g-computation,0.4345896727106964
external_appliances_energy,static_ate,87000164,Interaction g-computation,0.4497679284475242
external_appliances_energy,static_ate,87000164,AIPW,1.2757296523712074
external_appliances_energy,static_ate,87000164,DR learner (spline nuisances),0.5971639068522476
external_appliances_energy,static_ate,87000165,Pretrained soft router,0.01314366211932333
external_appliances_energy,static_ate,87000165,Pretrained hard top-1,0.035120677391628996
external_appliances_energy,static_ate,87000165,Temperature-scaled router,0.021380636386621577
external_appliances_energy,static_ate,87000165,Uniform expert mean,0.005469877084155306
external_appliances_energy,static_ate,87000165,Median expert,0.015544552167315706
external_appliances_energy,static_ate,87000165,Best fixed expert,0.035120677391628996
external_appliances_energy,static_ate,87000165,Metadata-only selector,0.035120677391628996
external_appliances_energy,static_ate,87000165,Shallow risk selector,0.026048052867312654
external_appliances_energy,static_ate,87000165,Convex stack,0.008581062418927254
external_appliances_energy,static_ate,87000165,Expert: linear,0.026048052867312654
external_appliances_energy,static_ate,87000165,Expert: orthogonal,0.08187959734592892
external_appliances_energy,static_ate,87000165,Expert: spline,0.015544552167315706
external_appliances_energy,static_ate,87000165,Expert: interaction,0.035120677391628996
external_appliances_energy,static_ate,87000165,Expert: piecewise,0.10275705512370609
external_appliances_energy,static_ate,87000165,Linear g-computation,0.02601921864209583
external_appliances_energy,static_ate,87000165,Random forest g-computation,0.30341035157007956
external_appliances_energy,static_ate,87000165,Spline g-computation,0.015544552167315706
external_appliances_energy,static_ate,87000165,Interaction g-computation,0.035120677391628996
external_appliances_energy,static_ate,87000165,AIPW,0.08187959734592892
external_appliances_energy,static_ate,87000165,DR learner (spline nuisances),0.10333249003316086
external_appliances_energy,static_ate,87000166,Pretrained soft router,0.5465099190573187
external_appliances_energy,static_ate,87000166,Pretrained hard top-1,0.5463060143561159
external_appliances_energy,static_ate,87000166,Temperature-scaled router,0.5322126537671933
external_appliances_energy,static_ate,87000166,Uniform expert mean,0.5629863861174379
external_appliances_energy,static_ate,87000166,Median expert,0.5580241683096682
external_appliances_energy,static_ate,87000166,Best fixed expert,0.5463060143561159
external_appliances_energy,static_ate,87000166,Metadata-only selector,0.5463060143561159
external_appliances_energy,static_ate,87000166,Shallow risk selector,0.5580241683096682
external_appliances_energy,static_ate,87000166,Convex stack,0.5219047821718967
external_appliances_energy,static_ate,87000166,Expert: linear,0.5580241683096682
external_appliances_energy,static_ate,87000166,Expert: orthogonal,0.7196298244566713
external_appliances_energy,static_ate,87000166,Expert: spline,0.4328368905157839
external_appliances_energy,static_ate,87000166,Expert: interaction,0.5463060143561159
external_appliances_energy,static_ate,87000166,Expert: piecewise,0.5581350329489504
external_appliances_energy,static_ate,87000166,Linear g-computation,0.5580407381649989
external_appliances_energy,static_ate,87000166,Random forest g-computation,0.347709815341114
external_appliances_energy,static_ate,87000166,Spline g-computation,0.4328368309111391
external_appliances_energy,static_ate,87000166,Interaction g-computation,0.5463060143561159
external_appliances_energy,static_ate,87000166,AIPW,0.7196298244566713
external_appliances_energy,static_ate,87000166,DR learner (spline nuisances),0.5659724181076362
external_appliances_energy,static_ate,87000167,Pretrained soft router,0.05929089190142345
external_appliances_energy,static_ate,87000167,Pretrained hard top-1,0.058099787173800044
external_appliances_energy,static_ate,87000167,Temperature-scaled router,0.0803906905234858
external_appliances_energy,static_ate,87000167,Uniform expert mean,0.0394152092319055
external_appliances_energy,static_ate,87000167,Median expert,0.0944557594638391
external_appliances_energy,static_ate,87000167,Best fixed expert,0.058099787173800044
external_appliances_energy,static_ate,87000167,Metadata-only selector,0.058099787173800044
external_appliances_energy,static_ate,87000167,Shallow risk selector,0.0944557594638391
external_appliances_energy,static_ate,87000167,Convex stack,0.08740205035695342
external_appliances_energy,static_ate,87000167,Expert: linear,0.0944557594638391
external_appliances_energy,static_ate,87000167,Expert: orthogonal,0.16386844641155762
external_appliances_energy,static_ate,87000167,Expert: spline,0.10416607135348754
external_appliances_energy,static_ate,87000167,Expert: interaction,0.058099787173800044
external_appliances_energy,static_ate,87000167,Expert: piecewise,0.10422287457995849
external_appliances_energy,static_ate,87000167,Linear g-computation,0.09444857290938058
external_appliances_energy,static_ate,87000167,Random forest g-computation,0.2895896625504888
external_appliances_energy,static_ate,87000167,Spline g-computation,0.10416607135348754
external_appliances_energy,static_ate,87000167,Interaction g-computation,0.058099787173800044
external_appliances_energy,static_ate,87000167,AIPW,0.16386844641155762
external_appliances_energy,static_ate,87000167,DR learner (spline nuisances),0.044451843428103266
external_appliances_energy,static_ate,87000168,Pretrained soft router,0.29848641172647167
external_appliances_energy,static_ate,87000168,Pretrained hard top-1,0.2874581202224716
external_appliances_energy,static_ate,87000168,Temperature-scaled router,0.25755961514237397
external_appliances_energy,static_ate,87000168,Uniform expert mean,0.3428391560272201
external_appliances_energy,static_ate,87000168,Median expert,0.2558089479164108
external_appliances_energy,static_ate,87000168,Best fixed expert,0.2874581202224716
external_appliances_energy,static_ate,87000168,Metadata-only selector,0.2874581202224716
external_appliances_energy,static_ate,87000168,Shallow risk selector,0.2359340175346359
external_appliances_energy,static_ate,87000168,Convex stack,0.25725446411242897
external_appliances_energy,static_ate,87000168,Expert: linear,0.2558089479164108
external_appliances_energy,static_ate,87000168,Expert: orthogonal,0.757166503305815
external_appliances_energy,static_ate,87000168,Expert: spline,0.2359340175346359
external_appliances_energy,static_ate,87000168,Expert: interaction,0.2874581202224716
external_appliances_energy,static_ate,87000168,Expert: piecewise,0.17782819115676723
external_appliances_energy,static_ate,87000168,Linear g-computation,0.2558683911794147
external_appliances_energy,static_ate,87000168,Random forest g-computation,0.16370028016846153
external_appliances_energy,static_ate,87000168,Spline g-computation,0.2359340175346359
external_appliances_energy,static_ate,87000168,Interaction g-computation,0.2874581202224716
external_appliances_energy,static_ate,87000168,AIPW,0.757166503305815
external_appliances_energy,static_ate,87000168,DR learner (spline nuisances),0.32180588145337247
external_appliances_energy,static_ate,87000169,Pretrained soft router,0.02239163394680077
external_appliances_energy,static_ate,87000169,Pretrained hard top-1,0.15914560594545868
external_appliances_energy,static_ate,87000169,Temperature-scaled router,0.1331895968386313
external_appliances_energy,static_ate,87000169,Uniform expert mean,0.14849728307736848
external_appliances_energy,static_ate,87000169,Median expert,0.13693417348848846
external_appliances_energy,static_ate,87000169,Best fixed expert,0.14190102853762177
external_appliances_energy,static_ate,87000169,Metadata-only selector,0.14190102853762177
external_appliances_energy,static_ate,87000169,Shallow risk selector,0.15914560594545868
external_appliances_energy,static_ate,87000169,Convex stack,0.14241440756781365
external_appliances_energy,static_ate,87000169,Expert: linear,0.13693417348848846
external_appliances_energy,static_ate,87000169,Expert: orthogonal,1.247017967319617
external_appliances_energy,static_ate,87000169,Expert: spline,0.15914560594545868
external_appliances_energy,static_ate,87000169,Expert: interaction,0.14190102853762177
external_appliances_energy,static_ate,87000169,Expert: piecewise,0.06655074396120575
external_appliances_energy,static_ate,87000169,Linear g-computation,0.13693545014847397
external_appliances_energy,static_ate,87000169,Random forest g-computation,0.1761906731588473
external_appliances_energy,static_ate,87000169,Spline g-computation,0.15914560594545868
external_appliances_energy,static_ate,87000169,Interaction g-computation,0.14190102853762177
external_appliances_energy,static_ate,87000169,AIPW,1.247017967319617
external_appliances_energy,static_ate,87000169,DR learner (spline nuisances),0.3287113053744125
external_appliances_energy,static_ate,87000170,Pretrained soft router,0.11650997886586334
external_appliances_energy,static_ate,87000170,Pretrained hard top-1,0.015198869100905621
external_appliances_energy,static_ate,87000170,Temperature-scaled router,0.10826191478003233
external_appliances_energy,static_ate,87000170,Uniform expert mean,0.130616348394059
external_appliances_energy,static_ate,87000170,Median expert,0.03837068618168715
external_appliances_energy,static_ate,87000170,Best fixed expert,0.015198869100905621
external_appliances_energy,static_ate,87000170,Metadata-only selector,0.015198869100905621
external_appliances_energy,static_ate,87000170,Shallow risk selector,0.03837068618168715
external_appliances_energy,static_ate,87000170,Convex stack,0.0294379483328574
external_appliances_energy,static_ate,87000170,Expert: linear,0.03837068618168715
external_appliances_energy,static_ate,87000170,Expert: orthogonal,0.260675626405381
external_appliances_energy,static_ate,87000170,Expert: spline,0.03195061028828505
external_appliances_energy,static_ate,87000170,Expert: interaction,0.015198869100905621
external_appliances_energy,static_ate,87000170,Expert: piecewise,0.3372836881958473
external_appliances_energy,static_ate,87000170,Linear g-computation,0.03838029809650151
external_appliances_energy,static_ate,87000170,Random forest g-computation,0.20076514685778418
external_appliances_energy,static_ate,87000170,Spline g-computation,0.03195061028828505
external_appliances_energy,static_ate,87000170,Interaction g-computation,0.015198869100905621
external_appliances_energy,static_ate,87000170,AIPW,0.260675626405381
external_appliances_energy,static_ate,87000170,DR learner (spline nuisances),0.15736342626911715
external_appliances_energy,static_ate,87000171,Pretrained soft router,0.008136328286328987
external_appliances_energy,static_ate,87000171,Pretrained hard top-1,0.043795372892715456
external_appliances_energy,static_ate,87000171,Temperature-scaled router,0.01999888467911143
external_appliances_energy,static_ate,87000171,Uniform expert mean,0.00034432823529051415
external_appliances_energy,static_ate,87000171,Median expert,0.0299090403808136
external_appliances_energy,static_ate,87000171,Best fixed expert,0.07883724157939148
external_appliances_energy,static_ate,87000171,Metadata-only selector,0.07883724157939148
external_appliances_energy,static_ate,87000171,Shallow risk selector,0.05601162130703735
external_appliances_energy,static_ate,87000171,Convex stack,0.02088488035219671
external_appliances_energy,static_ate,87000171,Expert: linear,0.0299090403808136
external_appliances_energy,static_ate,87000171,Expert: orthogonal,0.09825167472233581
external_appliances_energy,static_ate,87000171,Expert: spline,0.05601162130703735
external_appliances_energy,static_ate,87000171,Expert: interaction,0.07883724157939148
external_appliances_energy,static_ate,87000171,Expert: piecewise,0.043795372892715456
external_appliances_energy,static_ate,87000171,Linear g-computation,0.029920403539479057
external_appliances_energy,static_ate,87000171,Random forest g-computation,0.2795326958814242
external_appliances_energy,static_ate,87000171,Spline g-computation,0.05601162130703735
external_appliances_energy,static_ate,87000171,Interaction g-computation,0.07883724157939148
external_appliances_energy,static_ate,87000171,AIPW,0.09825167472233581
external_appliances_energy,static_ate,87000171,DR learner (spline nuisances),0.054992062393606655
external_appliances_energy,static_ate,87000172,Pretrained soft router,0.17199893583030368
external_appliances_energy,static_ate,87000172,Pretrained hard top-1,0.38823615003582057
external_appliances_energy,static_ate,87000172,Temperature-scaled router,0.3429084075219603
external_appliances_energy,static_ate,87000172,Uniform expert mean,0.05587912488933622
external_appliances_energy,static_ate,87000172,Median expert,0.29481177021022853
external_appliances_energy,static_ate,87000172,Best fixed expert,0.29481177021022853
external_appliances_energy,static_ate,87000172,Metadata-only selector,0.29481177021022853
external_appliances_energy,static_ate,87000172,Shallow risk selector,0.38823615003582057
external_appliances_energy,static_ate,87000172,Convex stack,0.3562352049211749
external_appliances_energy,static_ate,87000172,Expert: linear,0.38063733268734035
external_appliances_energy,static_ate,87000172,Expert: orthogonal,1.0350635797882455
external_appliances_energy,static_ate,87000172,Expert: spline,0.38823615003582057
external_appliances_energy,static_ate,87000172,Expert: interaction,0.29481177021022853
external_appliances_energy,static_ate,87000172,Expert: piecewise,0.2507739513015371
external_appliances_energy,static_ate,87000172,Linear g-computation,0.3806677997085588
external_appliances_energy,static_ate,87000172,Random forest g-computation,0.1414537494441649
external_appliances_energy,static_ate,87000172,Spline g-computation,0.38823615003582057
external_appliances_energy,static_ate,87000172,Interaction g-computation,0.29481177021022853
external_appliances_energy,static_ate,87000172,AIPW,1.0350635201836007
external_appliances_energy,static_ate,87000172,DR learner (spline nuisances),0.07309367665179001
external_appliances_energy,static_ate,87000173,Pretrained soft router,0.4470951236660343
external_appliances_energy,static_ate,87000173,Pretrained hard top-1,0.30237744230103425
external_appliances_energy,static_ate,87000173,Temperature-scaled router,0.42770672341642785
external_appliances_energy,static_ate,87000173,Uniform expert mean,0.45863782095980576
external_appliances_energy,static_ate,87000173,Median expert,0.47102097648453645
external_appliances_energy,static_ate,87000173,Best fixed expert,0.46918142068457536
external_appliances_energy,static_ate,87000173,Metadata-only selector,0.46918142068457536
external_appliances_energy,static_ate,87000173,Shallow risk selector,0.47102097648453645
external_appliances_energy,static_ate,87000173,Convex stack,0.47099492421163247
external_appliances_energy,static_ate,87000173,Expert: linear,0.47102097648453645
external_appliances_energy,static_ate,87000173,Expert: orthogonal,0.5622185789353841
external_appliances_energy,static_ate,87000173,Expert: spline,0.4883906863934987
external_appliances_energy,static_ate,87000173,Expert: interaction,0.46918142068457536
external_appliances_energy,static_ate,87000173,Expert: piecewise,0.30237744230103425
external_appliances_energy,static_ate,87000173,Linear g-computation,0.4710312993140811
external_appliances_energy,static_ate,87000173,Random forest g-computation,0.3694261977008101
external_appliances_energy,static_ate,87000173,Spline g-computation,0.4883906863934987
external_appliances_energy,static_ate,87000173,Interaction g-computation,0.46918142068457536
external_appliances_energy,static_ate,87000173,AIPW,0.5622185789353841
external_appliances_energy,static_ate,87000173,DR learner (spline nuisances),0.34454419241563855
external_appliances_energy,static_ate,87000174,Pretrained soft router,0.04543464759038662
external_appliances_energy,static_ate,87000174,Pretrained hard top-1,0.0642155796410051
external_appliances_energy,static_ate,87000174,Temperature-scaled router,0.06004412336571663
external_appliances_energy,static_ate,87000174,Uniform expert mean,0.02754348517670302
external_appliances_energy,static_ate,87000174,Median expert,0.0642155796410051
external_appliances_energy,static_ate,87000174,Best fixed expert,0.0642155796410051
external_appliances_energy,static_ate,87000174,Metadata-only selector,0.0642155796410051
external_appliances_energy,static_ate,87000174,Shallow risk selector,0.07440687121166856
external_appliances_energy,static_ate,87000174,Convex stack,0.11786021305632921
external_appliances_energy,static_ate,87000174,Expert: linear,0.1854522168756929
external_appliances_energy,static_ate,87000174,Expert: orthogonal,0.14433213173137038
external_appliances_energy,static_ate,87000174,Expert: spline,0.07440687121166856
external_appliances_energy,static_ate,87000174,Expert: interaction,0.0642155796410051
external_appliances_energy,static_ate,87000174,Expert: piecewise,0.04202511011348098
external_appliances_energy,static_ate,87000174,Linear g-computation,0.18544199667400596
external_appliances_energy,static_ate,87000174,Random forest g-computation,0.3649561982994783
external_appliances_energy,static_ate,87000174,Spline g-computation,0.07440687121166856
external_appliances_energy,static_ate,87000174,Interaction g-computation,0.0642155796410051
external_appliances_energy,static_ate,87000174,AIPW,0.14433213173137038
external_appliances_energy,static_ate,87000174,DR learner (spline nuisances),0.04544509935761887
external_appliances_energy,static_ate,87000175,Pretrained soft router,0.16547947619935433
external_appliances_energy,static_ate,87000175,Pretrained hard top-1,0.11385528412240786
external_appliances_energy,static_ate,87000175,Temperature-scaled router,0.14168249979050992
external_appliances_energy,static_ate,87000175,Uniform expert mean,0.1836380631156568
external_appliances_energy,static_ate,87000175,Median expert,0.13874473836797518
external_appliances_energy,static_ate,87000175,Best fixed expert,0.11385528412240786
external_appliances_energy,static_ate,87000175,Metadata-only selector,0.11385528412240786
external_appliances_energy,static_ate,87000175,Shallow risk selector,0.11385528412240786
external_appliances_energy,static_ate,87000175,Convex stack,0.12288089721494011
external_appliances_energy,static_ate,87000175,Expert: linear,0.11452267732995791
external_appliances_energy,static_ate,87000175,Expert: orthogonal,0.3475237474270467
external_appliances_energy,static_ate,87000175,Expert: spline,0.13874473836797518
external_appliances_energy,static_ate,87000175,Expert: interaction,0.11385528412240786
external_appliances_energy,static_ate,87000175,Expert: piecewise,0.20354386833089633
external_appliances_energy,static_ate,87000175,Linear g-computation,0.11450182216370852
external_appliances_energy,static_ate,87000175,Random forest g-computation,0.2770664751583498
external_appliances_energy,static_ate,87000175,Spline g-computation,0.13874473836797518
external_appliances_energy,static_ate,87000175,Interaction g-computation,0.11385528412240786
external_appliances_energy,static_ate,87000175,AIPW,0.3475237474270467
external_appliances_energy,static_ate,87000175,DR learner (spline nuisances),0.2231051838345593
external_appliances_energy,static_ate,87000176,Pretrained soft router,0.19439860913418128
external_appliances_energy,static_ate,87000176,Pretrained hard top-1,0.18923762891378482
external_appliances_energy,static_ate,87000176,Temperature-scaled router,0.18713284899228155
external_appliances_energy,static_ate,87000176,Uniform expert mean,0.2082624659308442
external_appliances_energy,static_ate,87000176,Median expert,0.18923762891378482
external_appliances_energy,static_ate,87000176,Best fixed expert,0.18923762891378482
external_appliances_energy,static_ate,87000176,Metadata-only selector,0.18923762891378482
external_appliances_energy,static_ate,87000176,Shallow risk selector,0.14102587554540713
external_appliances_energy,static_ate,87000176,Convex stack,0.20052117753455756
external_appliances_energy,static_ate,87000176,Expert: linear,0.24655613753881533
external_appliances_energy,static_ate,87000176,Expert: orthogonal,0.3304861531027802
external_appliances_energy,static_ate,87000176,Expert: spline,0.14102587554540713
external_appliances_energy,static_ate,87000176,Expert: interaction,0.18923762891378482
external_appliances_energy,static_ate,87000176,Expert: piecewise,0.13400653455343325
external_appliances_energy,static_ate,87000176,Linear g-computation,0.2465565133348504
external_appliances_energy,static_ate,87000176,Random forest g-computation,0.03622004779671817
external_appliances_energy,static_ate,87000176,Spline g-computation,0.14102587554540713
external_appliances_energy,static_ate,87000176,Interaction g-computation,0.18923762891378482
external_appliances_energy,static_ate,87000176,AIPW,0.3304861531027802
external_appliances_energy,static_ate,87000176,DR learner (spline nuisances),0.13011037813249382
external_appliances_energy,static_ate,87000177,Pretrained soft router,0.25245709049949994
external_appliances_energy,static_ate,87000177,Pretrained hard top-1,0.2507371189652934
external_appliances_energy,static_ate,87000177,Temperature-scaled router,0.23503958996536184
external_appliances_energy,static_ate,87000177,Uniform expert mean,0.2709498013018622
external_appliances_energy,static_ate,87000177,Median expert,0.23021945679774425
external_appliances_energy,static_ate,87000177,Best fixed expert,0.2507371189652934
external_appliances_energy,static_ate,87000177,Metadata-only selector,0.2507371189652934
external_appliances_energy,static_ate,87000177,Shallow risk selector,0.2507371189652934
external_appliances_energy,static_ate,87000177,Convex stack,0.23326590029754768
external_appliances_energy,static_ate,87000177,Expert: linear,0.23021945679774425
external_appliances_energy,static_ate,87000177,Expert: orthogonal,0.43126149425497196
external_appliances_energy,static_ate,87000177,Expert: spline,0.22153181160082958
external_appliances_energy,static_ate,87000177,Expert: interaction,0.2507371189652934
external_appliances_energy,static_ate,87000177,Expert: piecewise,0.2209991248904719
external_appliances_energy,static_ate,87000177,Linear g-computation,0.23021641437805856
external_appliances_energy,static_ate,87000177,Random forest g-computation,0.37588250425913866
external_appliances_energy,static_ate,87000177,Spline g-computation,0.22153181160082958
external_appliances_energy,static_ate,87000177,Interaction g-computation,0.2507371189652934
external_appliances_energy,static_ate,87000177,AIPW,0.43126149425497196
external_appliances_energy,static_ate,87000177,DR learner (spline nuisances),0.3931470366066939
external_appliances_energy,static_ate,87000178,Pretrained soft router,0.022163424393693454
external_appliances_energy,static_ate,87000178,Pretrained hard top-1,0.08961756487272643
external_appliances_energy,static_ate,87000178,Temperature-scaled router,0.043552351088484154
external_appliances_energy,static_ate,87000178,Uniform expert mean,0.0022012319125976343
external_appliances_energy,static_ate,87000178,Median expert,0.06368361373327636
external_appliances_energy,static_ate,87000178,Best fixed expert,0.06368361373327636
external_appliances_energy,static_ate,87000178,Metadata-only selector,0.06368361373327636
external_appliances_energy,static_ate,87000178,Shallow risk selector,0.08961756487272643
external_appliances_energy,static_ate,87000178,Convex stack,0.010997243364075704
external_appliances_energy,static_ate,87000178,Expert: linear,0.07323445419885255
external_appliances_energy,static_ate,87000178,Expert: orthogonal,0.17218317131616212
external_appliances_energy,static_ate,87000178,Expert: spline,0.08961756487272643
external_appliances_energy,static_ate,87000178,Expert: interaction,0.06368361373327636
external_appliances_energy,static_ate,87000178,Expert: piecewise,0.10312260647200011
external_appliances_energy,static_ate,87000178,Linear g-computation,0.07322441149164677
external_appliances_energy,static_ate,87000178,Random forest g-computation,0.35168298793555125
external_appliances_energy,static_ate,87000178,Spline g-computation,0.08961756487272643
external_appliances_energy,static_ate,87000178,Interaction g-computation,0.06368361373327636
external_appliances_energy,static_ate,87000178,AIPW,0.17218317131616212
external_appliances_energy,static_ate,87000178,DR learner (spline nuisances),0.048421406570488434
external_appliances_energy,static_ate,87000179,Pretrained soft router,0.36385191361684094
external_appliances_energy,static_ate,87000179,Pretrained hard top-1,0.6624018281408703
external_appliances_energy,static_ate,87000179,Temperature-scaled router,0.6403275479785082
external_appliances_energy,static_ate,87000179,Uniform expert mean,0.11186988052810781
external_appliances_energy,static_ate,87000179,Median expert,0.607117864460603
external_appliances_energy,static_ate,87000179,Best fixed expert,0.607117864460603
external_appliances_energy,static_ate,87000179,Metadata-only selector,0.607117864460603
external_appliances_energy,static_ate,87000179,Shallow risk selector,0.5716702073522961
external_appliances_energy,static_ate,87000179,Convex stack,0.6127167690671549
external_appliances_energy,static_ate,87000179,Expert: linear,0.5716702073522961
external_appliances_energy,static_ate,87000179,Expert: orthogonal,2.164763537078246
external_appliances_energy,static_ate,87000179,Expert: spline,0.6624018281408703
external_appliances_energy,static_ate,87000179,Expert: interaction,0.607117864460603
external_appliances_energy,static_ate,87000179,Expert: piecewise,0.8829230397650158
external_appliances_energy,static_ate,87000179,Linear g-computation,0.5717199710744636
external_appliances_energy,static_ate,87000179,Random forest g-computation,0.04006076667578001
external_appliances_energy,static_ate,87000179,Spline g-computation,0.6624018281408703
external_appliances_energy,static_ate,87000179,Interaction g-computation,0.607117864460603
external_appliances_energy,static_ate,87000179,AIPW,2.1647636562875356
external_appliances_energy,static_ate,87000179,DR learner (spline nuisances),0.5525300000659921
external_appliances_energy,static_ate,87000180,Pretrained soft router,0.13101244797845857
external_appliances_energy,static_ate,87000180,Pretrained hard top-1,0.038371570316229175
external_appliances_energy,static_ate,87000180,Temperature-scaled router,0.08755927198044566
external_appliances_energy,static_ate,87000180,Uniform expert mean,0.18497609039870289
external_appliances_energy,static_ate,87000180,Median expert,0.038371570316229175
external_appliances_energy,static_ate,87000180,Best fixed expert,0.038371570316229175
external_appliances_energy,static_ate,87000180,Metadata-only selector,0.038371570316229175
external_appliances_energy,static_ate,87000180,Shallow risk selector,0.02527610203352959
external_appliances_energy,static_ate,87000180,Convex stack,0.03607161534636394
external_appliances_energy,static_ate,87000180,Expert: linear,0.02527610203352959
external_appliances_energy,static_ate,87000180,Expert: orthogonal,0.5891205145987609
external_appliances_energy,static_ate,87000180,Expert: spline,0.03307486316290886
external_appliances_energy,static_ate,87000180,Expert: interaction,0.038371570316229175
external_appliances_energy,static_ate,87000180,Expert: piecewise,0.2390374018820861
external_appliances_energy,static_ate,87000180,Linear g-computation,0.025280763758115055
external_appliances_energy,static_ate,87000180,Random forest g-computation,0.21065966527140845
external_appliances_energy,static_ate,87000180,Spline g-computation,0.03307486316290886
external_appliances_energy,static_ate,87000180,Interaction g-computation,0.038371570316229175
external_appliances_energy,static_ate,87000180,AIPW,0.5891205145987609
external_appliances_energy,static_ate,87000180,DR learner (spline nuisances),0.23677603857464347
external_appliances_energy,static_ate,87000181,Pretrained soft router,0.2480152665908601
external_appliances_energy,static_ate,87000181,Pretrained hard top-1,0.3459152000908101
external_appliances_energy,static_ate,87000181,Temperature-scaled router,0.2810801948485592
external_appliances_energy,static_ate,87000181,Uniform expert mean,0.21632875455062037
external_appliances_energy,static_ate,87000181,Median expert,0.25742039633433467
external_appliances_energy,static_ate,87000181,Best fixed expert,0.3459152000908101
external_appliances_energy,static_ate,87000181,Metadata-only selector,0.3459152000908101
external_appliances_energy,static_ate,87000181,Shallow risk selector,0.3459152000908101
external_appliances_energy,static_ate,87000181,Convex stack,0.30432367716417474
external_appliances_energy,static_ate,87000181,Expert: linear,0.31345289377014285
external_appliances_energy,static_ate,87000181,Expert: orthogonal,0.018017554753616993
external_appliances_energy,static_ate,87000181,Expert: spline,0.25742039633433467
external_appliances_energy,static_ate,87000181,Expert: interaction,0.3459152000908101
external_appliances_energy,static_ate,87000181,Expert: piecewise,0.18287283731143122
external_appliances_energy,static_ate,87000181,Linear g-computation,0.31344543310920325
external_appliances_energy,static_ate,87000181,Random forest g-computation,0.3629711209110611
external_appliances_energy,static_ate,87000181,Spline g-computation,0.25742039633433467
external_appliances_energy,static_ate,87000181,Interaction g-computation,0.3459152000908101
external_appliances_energy,static_ate,87000181,AIPW,0.018017554753616993
external_appliances_energy,static_ate,87000181,DR learner (spline nuisances),0.37724871831041457
external_appliances_energy,static_ate,87000182,Pretrained soft router,0.10729306809260136
external_appliances_energy,static_ate,87000182,Pretrained hard top-1,0.15663516789587023
external_appliances_energy,static_ate,87000182,Temperature-scaled router,0.15093316177255028
external_appliances_energy,static_ate,87000182,Uniform expert mean,0.07481142699630738
external_appliances_energy,static_ate,87000182,Median expert,0.12787407904775622
external_appliances_energy,static_ate,87000182,Best fixed expert,0.28554934531362536
external_appliances_energy,static_ate,87000182,Metadata-only selector,0.28554934531362536
external_appliances_energy,static_ate,87000182,Shallow risk selector,0.12787407904775622
external_appliances_energy,static_ate,87000182,Convex stack,0.1775722796931995
external_appliances_energy,static_ate,87000182,Expert: linear,0.12787407904775622
external_appliances_energy,static_ate,87000182,Expert: orthogonal,0.30014183104125974
external_appliances_energy,static_ate,87000182,Expert: spline,0.15663516789587023
external_appliances_energy,static_ate,87000182,Expert: interaction,0.28554934531362536
external_appliances_energy,static_ate,87000182,Expert: piecewise,0.10414037376554491
external_appliances_energy,static_ate,87000182,Linear g-computation,0.1278727066662773
external_appliances_energy,static_ate,87000182,Random forest g-computation,0.14183757197563537
external_appliances_energy,static_ate,87000182,Spline g-computation,0.15663516789587023
external_appliances_energy,static_ate,87000182,Interaction g-computation,0.28554934531362536
external_appliances_energy,static_ate,87000182,AIPW,0.30014183104125974
external_appliances_energy,static_ate,87000182,DR learner (spline nuisances),0.10659519020120839
external_appliances_energy,static_ate,87000183,Pretrained soft router,0.37966208198755325
external_appliances_energy,static_ate,87000183,Pretrained hard top-1,0.396357157971527
external_appliances_energy,static_ate,87000183,Temperature-scaled router,0.3545282107327576
external_appliances_energy,static_ate,87000183,Uniform expert mean,0.40101898701936334
external_appliances_energy,static_ate,87000183,Median expert,0.3753120711825821
external_appliances_energy,static_ate,87000183,Best fixed expert,0.3753120711825821
external_appliances_energy,static_ate,87000183,Metadata-only selector,0.3753120711825821
external_appliances_energy,static_ate,87000183,Shallow risk selector,0.3753120711825821
external_appliances_energy,static_ate,87000183,Convex stack,0.35121615583671295
external_appliances_energy,static_ate,87000183,Expert: linear,0.3120538813581723
external_appliances_energy,static_ate,87000183,Expert: orthogonal,0.6158501727094907
external_appliances_energy,static_ate,87000183,Expert: spline,0.396357157971527
external_appliances_energy,static_ate,87000183,Expert: interaction,0.3753120711825821
external_appliances_energy,static_ate,87000183,Expert: piecewise,0.3055216518750447
external_appliances_energy,static_ate,87000183,Linear g-computation,0.3120485368446095
external_appliances_energy,static_ate,87000183,Random forest g-computation,0.3437603648655966
external_appliances_energy,static_ate,87000183,Spline g-computation,0.396357157971527
external_appliances_energy,static_ate,87000183,Interaction g-computation,0.3753120711825821
external_appliances_energy,static_ate,87000183,AIPW,0.6158501727094907
external_appliances_energy,static_ate,87000183,DR learner (spline nuisances),0.41743964963705243
external_appliances_energy,static_ate,87000184,Pretrained soft router,0.0033257648256470596
external_appliances_energy,static_ate,87000184,Pretrained hard top-1,0.07552673158635326
external_appliances_energy,static_ate,87000184,Temperature-scaled router,0.012671984407045367
external_appliances_energy,static_ate,87000184,Uniform expert mean,0.014186561727626834
external_appliances_energy,static_ate,87000184,Median expert,0.00037195024480052297
external_appliances_energy,static_ate,87000184,Best fixed expert,0.00037195024480052297
external_appliances_energy,static_ate,87000184,Metadata-only selector,0.00037195024480052297
external_appliances_energy,static_ate,87000184,Shallow risk selector,0.09918717803965382
external_appliances_energy,static_ate,87000184,Convex stack,0.022091974668245806
external_appliances_energy,static_ate,87000184,Expert: linear,0.09918717803965382
external_appliances_energy,static_ate,87000184,Expert: orthogonal,0.12279088559161
external_appliances_energy,static_ate,87000184,Expert: spline,0.07514657316197582
external_appliances_energy,static_ate,87000184,Expert: interaction,0.00037195024480052297
external_appliances_energy,static_ate,87000184,Expert: piecewise,0.07552673158635326
external_appliances_energy,static_ate,87000184,Linear g-computation,0.099173125581549
external_appliances_energy,static_ate,87000184,Random forest g-computation,0.35843654957564
external_appliances_energy,static_ate,87000184,Spline g-computation,0.07514654335965343
external_appliances_energy,static_ate,87000184,Interaction g-computation,0.00037198004712291066
external_appliances_energy,static_ate,87000184,AIPW,0.12279088559161
external_appliances_energy,static_ate,87000184,DR learner (spline nuisances),0.03381329662910204
external_appliances_energy,static_ate,87000185,Pretrained soft router,0.1400258382931192
external_appliances_energy,static_ate,87000185,Pretrained hard top-1,0.08235127452873137
external_appliances_energy,static_ate,87000185,Temperature-scaled router,0.08487665850495552
external_appliances_energy,static_ate,87000185,Uniform expert mean,0.18525809172653104
external_appliances_energy,static_ate,87000185,Median expert,0.08235127452873137
external_appliances_energy,static_ate,87000185,Best fixed expert,0.04291436795257475
external_appliances_energy,static_ate,87000185,Metadata-only selector,0.04291436795257475
external_appliances_energy,static_ate,87000185,Shallow risk selector,0.22181973580383207
external_appliances_energy,static_ate,87000185,Convex stack,0.05469375401060517
external_appliances_energy,static_ate,87000185,Expert: linear,0.03623739604019072
external_appliances_energy,static_ate,87000185,Expert: orthogonal,0.5429676843073263
external_appliances_energy,static_ate,87000185,Expert: spline,0.08235127452873137
external_appliances_energy,static_ate,87000185,Expert: interaction,0.04291436795257475
external_appliances_energy,static_ate,87000185,Expert: piecewise,0.22181973580383207
external_appliances_energy,static_ate,87000185,Linear g-computation,0.03620855453319727
external_appliances_energy,static_ate,87000185,Random forest g-computation,0.2896069941770824
external_appliances_energy,static_ate,87000185,Spline g-computation,0.08235127452873137
external_appliances_energy,static_ate,87000185,Interaction g-computation,0.04291436795257475
external_appliances_energy,static_ate,87000185,AIPW,0.5429676843073263
external_appliances_energy,static_ate,87000185,DR learner (spline nuisances),0.019655827865630804
external_appliances_energy,static_ate,87000186,Pretrained soft router,0.1389387410452121
external_appliances_energy,static_ate,87000186,Pretrained hard top-1,0.295416460071938
external_appliances_energy,static_ate,87000186,Temperature-scaled router,0.16068941929807778
external_appliances_energy,static_ate,87000186,Uniform expert mean,0.12672433022155039
external_appliances_energy,static_ate,87000186,Median expert,0.07388056877745863
external_appliances_energy,static_ate,87000186,Best fixed expert,0.295416460071938
external_appliances_energy,static_ate,87000186,Metadata-only selector,0.295416460071938
external_appliances_energy,static_ate,87000186,Shallow risk selector,0.07388056877745863
external_appliances_energy,static_ate,87000186,Convex stack,0.18905039814842006
external_appliances_energy,static_ate,87000186,Expert: linear,0.2007053947795796
external_appliances_energy,static_ate,87000186,Expert: orthogonal,0.024492845569984878
external_appliances_energy,static_ate,87000186,Expert: spline,0.07388056877745863
external_appliances_energy,static_ate,87000186,Expert: interaction,0.295416460071938
external_appliances_energy,static_ate,87000186,Expert: piecewise,0.03912638190879103
external_appliances_energy,static_ate,87000186,Linear g-computation,0.20071760134419458
external_appliances_energy,static_ate,87000186,Random forest g-computation,0.12258060871010057
external_appliances_energy,static_ate,87000186,Spline g-computation,0.07388056877745863
external_appliances_energy,static_ate,87000186,Interaction g-computation,0.295416460071938
external_appliances_energy,static_ate,87000186,AIPW,0.024492845569984878
external_appliances_energy,static_ate,87000186,DR learner (spline nuisances),0.3221319050778777
external_appliances_energy,static_ate,87000187,Pretrained soft router,0.024199636311512562
external_appliances_energy,static_ate,87000187,Pretrained hard top-1,0.019132839659891987
external_appliances_energy,static_ate,87000187,Temperature-scaled router,0.0043061278906021405
external_appliances_energy,static_ate,87000187,Uniform expert mean,0.03964212141438572
external_appliances_energy,static_ate,87000187,Median expert,0.019132839659891987
external_appliances_energy,static_ate,87000187,Best fixed expert,0.0549277534286603
external_appliances_energy,static_ate,87000187,Metadata-only selector,0.0549277534286603
external_appliances_energy,static_ate,87000187,Shallow risk selector,0.019132839659891987
external_appliances_energy,static_ate,87000187,Convex stack,0.007223441678588516
external_appliances_energy,static_ate,87000187,Expert: linear,0.025703800698079204
external_appliances_energy,static_ate,87000187,Expert: orthogonal,0.2048479934732541
external_appliances_energy,static_ate,87000187,Expert: spline,0.019132839659891987
external_appliances_energy,static_ate,87000187,Expert: interaction,0.0549277534286603
external_appliances_energy,static_ate,87000187,Expert: piecewise,0.05499417879179869
external_appliances_energy,static_ate,87000187,Linear g-computation,0.025740246780441622
external_appliances_energy,static_ate,87000187,Random forest g-computation,0.37874534142820576
external_appliances_energy,static_ate,87000187,Spline g-computation,0.019132839659891987
external_appliances_energy,static_ate,87000187,Interaction g-computation,0.0549277534286603
external_appliances_energy,static_ate,87000187,AIPW,0.2048479934732541
external_appliances_energy,static_ate,87000187,DR learner (spline nuisances),0.24103835589853875
external_appliances_energy,static_ate,87000188,Pretrained soft router,0.4247802223496919
external_appliances_energy,static_ate,87000188,Pretrained hard top-1,0.4617786188757631
external_appliances_energy,static_ate,87000188,Temperature-scaled router,0.41810728501470984
external_appliances_energy,static_ate,87000188,Uniform expert mean,0.43746973473193373
external_appliances_energy,static_ate,87000188,Median expert,0.43938318688037126
external_appliances_energy,static_ate,87000188,Best fixed expert,0.4617786188757631
external_appliances_energy,static_ate,87000188,Metadata-only selector,0.4617786188757631
external_appliances_energy,static_ate,87000188,Shallow risk selector,0.3297263761198732
external_appliances_energy,static_ate,87000188,Convex stack,0.4153077182199171
external_appliances_energy,static_ate,87000188,Expert: linear,0.43938318688037126
external_appliances_energy,static_ate,87000188,Expert: orthogonal,0.5697492142355653
external_appliances_energy,static_ate,87000188,Expert: spline,0.3297263761198732
external_appliances_energy,static_ate,87000188,Expert: interaction,0.4617786188757631
external_appliances_energy,static_ate,87000188,Expert: piecewise,0.38671127754809587
external_appliances_energy,static_ate,87000188,Linear g-computation,0.4394216691176942
external_appliances_energy,static_ate,87000188,Random forest g-computation,0.02307779094097573
external_appliances_energy,static_ate,87000188,Spline g-computation,0.3297263761198732
external_appliances_energy,static_ate,87000188,Interaction g-computation,0.4617786784804079
external_appliances_energy,static_ate,87000188,AIPW,0.5697492142355653
external_appliances_energy,static_ate,87000188,DR learner (spline nuisances),0.4603093606242765
external_appliances_energy,static_ate,87000189,Pretrained soft router,0.016453993681428525
external_appliances_energy,static_ate,87000189,Pretrained hard top-1,0.0842043803633068
external_appliances_energy,static_ate,87000189,Temperature-scaled router,0.033365577116789336
external_appliances_energy,static_ate,87000189,Uniform expert mean,0.004918961376032649
external_appliances_energy,static_ate,87000189,Median expert,0.013988350480875766
external_appliances_energy,static_ate,87000189,Best fixed expert,0.03547367915519217
external_appliances_energy,static_ate,87000189,Metadata-only selector,0.03547367915519217
external_appliances_energy,static_ate,87000189,Shallow risk selector,0.007325832694849765
external_appliances_energy,static_ate,87000189,Convex stack,0.01857179891330668
external_appliances_energy,static_ate,87000189,Expert: linear,0.007325832694849765
external_appliances_energy,static_ate,87000189,Expert: orthogonal,0.11639743581406137
external_appliances_energy,static_ate,87000189,Expert: spline,0.013988350480875766
external_appliances_energy,static_ate,87000189,Expert: interaction,0.03547367915519217
external_appliances_energy,static_ate,87000189,Expert: piecewise,0.0842043803633068
external_appliances_energy,static_ate,87000189,Linear g-computation,0.007338257422608518
external_appliances_energy,static_ate,87000189,Random forest g-computation,0.27578377603526116
external_appliances_energy,static_ate,87000189,Spline g-computation,0.013988320678553379
external_appliances_energy,static_ate,87000189,Interaction g-computation,0.03547367915519217
external_appliances_energy,static_ate,87000189,AIPW,0.11639743581406137
external_appliances_energy,static_ate,87000189,DR learner (spline nuisances),0.030403989902076767
external_appliances_energy,static_ate,87000190,Pretrained soft router,0.14772222551100173
external_appliances_energy,static_ate,87000190,Pretrained hard top-1,0.18899428189745543
external_appliances_energy,static_ate,87000190,Temperature-scaled router,0.1497653070353301
external_appliances_energy,static_ate,87000190,Uniform expert mean,0.1475657516812384
external_appliances_energy,static_ate,87000190,Median expert,0.15821003259173033
external_appliances_energy,static_ate,87000190,Best fixed expert,0.0923473620509207
external_appliances_energy,static_ate,87000190,Metadata-only selector,0.0923473620509207
external_appliances_energy,static_ate,87000190,Shallow risk selector,0.18899428189745543
external_appliances_energy,static_ate,87000190,Convex stack,0.1395997035764405
external_appliances_energy,static_ate,87000190,Expert: linear,0.18899428189745543
external_appliances_energy,static_ate,87000190,Expert: orthogonal,0.15821003259173033
external_appliances_energy,static_ate,87000190,Expert: spline,0.09991047621718047
external_appliances_energy,static_ate,87000190,Expert: interaction,0.0923473620509207
external_appliances_energy,static_ate,87000190,Expert: piecewise,0.19836660564890501
external_appliances_energy,static_ate,87000190,Linear g-computation,0.18897900908895338
external_appliances_energy,static_ate,87000190,Random forest g-computation,0.30872543012768516
external_appliances_energy,static_ate,87000190,Spline g-computation,0.09991044641485808
external_appliances_energy,static_ate,87000190,Interaction g-computation,0.0923473620509207
external_appliances_energy,static_ate,87000190,AIPW,0.15821003259173033
external_appliances_energy,static_ate,87000190,DR learner (spline nuisances),0.10334420683392731
external_appliances_energy,static_ate,87000191,Pretrained soft router,0.06152060173932239
external_appliances_energy,static_ate,87000191,Pretrained hard top-1,0.18646690725812554
external_appliances_energy,static_ate,87000191,Temperature-scaled router,0.16432369531280722
external_appliances_energy,static_ate,87000191,Uniform expert mean,0.007255835537818667
external_appliances_energy,static_ate,87000191,Median expert,0.18646690725812554
external_appliances_energy,static_ate,87000191,Best fixed expert,0.24262622475156426
external_appliances_energy,static_ate,87000191,Metadata-only selector,0.24262622475156426
external_appliances_energy,static_ate,87000191,Shallow risk selector,0.18646690725812554
external_appliances_energy,static_ate,87000191,Convex stack,0.21254944020422595
external_appliances_energy,static_ate,87000191,Expert: linear,0.21591708540448784
external_appliances_energy,static_ate,87000191,Expert: orthogonal,0.7799360406445539
external_appliances_energy,static_ate,87000191,Expert: spline,0.18646690725812554
external_appliances_energy,static_ate,87000191,Expert: interaction,0.24262622475156426
external_appliances_energy,static_ate,87000191,Expert: piecewise,0.09864664554128288
external_appliances_energy,static_ate,87000191,Linear g-computation,0.21598300389385694
external_appliances_energy,static_ate,87000191,Random forest g-computation,0.1280676353948965
external_appliances_energy,static_ate,87000191,Spline g-computation,0.18646690725812554
external_appliances_energy,static_ate,87000191,Interaction g-computation,0.24262622475156426
external_appliances_energy,static_ate,87000191,AIPW,0.7799360406445539
external_appliances_energy,static_ate,87000191,DR learner (spline nuisances),0.2168572158362041
external_appliances_energy,static_ate,87000192,Pretrained soft router,0.4152257598929957
external_appliances_energy,static_ate,87000192,Pretrained hard top-1,0.33147348154453715
external_appliances_energy,static_ate,87000192,Temperature-scaled router,0.34369485782669174
external_appliances_energy,static_ate,87000192,Uniform expert mean,0.49718115318684064
external_appliances_energy,static_ate,87000192,Median expert,0.34507049311069926
external_appliances_energy,static_ate,87000192,Best fixed expert,0.33147348154453715
external_appliances_energy,static_ate,87000192,Metadata-only selector,0.33147348154453715
external_appliances_energy,static_ate,87000192,Shallow risk selector,0.3109127997246214
external_appliances_energy,static_ate,87000192,Convex stack,0.3327070735525066
external_appliances_energy,static_ate,87000192,Expert: linear,0.34507049311069926
external_appliances_energy,static_ate,87000192,Expert: orthogonal,1.1406549929466672
external_appliances_energy,static_ate,87000192,Expert: spline,0.3109127997246214
external_appliances_energy,static_ate,87000192,Expert: interaction,0.33147348154453715
external_appliances_energy,static_ate,87000192,Expert: piecewise,0.357793998607678
external_appliances_energy,static_ate,87000192,Linear g-computation,0.3451012769563365
external_appliances_energy,static_ate,87000192,Random forest g-computation,0.038205332847193185
external_appliances_energy,static_ate,87000192,Spline g-computation,0.3109127401199766
external_appliances_energy,static_ate,87000192,Interaction g-computation,0.33147348154453715
external_appliances_energy,static_ate,87000192,AIPW,1.1406549929466672
external_appliances_energy,static_ate,87000192,DR learner (spline nuisances),0.5912582585396772
external_appliances_energy,static_ate,87000193,Pretrained soft router,0.2401640386865146
external_appliances_energy,static_ate,87000193,Pretrained hard top-1,0.3113390327591897
external_appliances_energy,static_ate,87000193,Temperature-scaled router,0.31925518439640377
external_appliances_energy,static_ate,87000193,Uniform expert mean,0.14874107848596585
external_appliances_energy,static_ate,87000193,Median expert,0.3113390327591897
external_appliances_energy,static_ate,87000193,Best fixed expert,0.3113390327591897
external_appliances_energy,static_ate,87000193,Metadata-only selector,0.3113390327591897
external_appliances_energy,static_ate,87000193,Shallow risk selector,0.2934204460282327
external_appliances_energy,static_ate,87000193,Convex stack,0.33205631546783543
external_appliances_energy,static_ate,87000193,Expert: linear,0.36867791127157223
external_appliances_energy,static_ate,87000193,Expert: orthogonal,0.5455659135084151
external_appliances_energy,static_ate,87000193,Expert: spline,0.2934204460282327
external_appliances_energy,static_ate,87000193,Expert: interaction,0.3113390327591897
external_appliances_energy,static_ate,87000193,Expert: piecewise,0.3158339158792497
external_appliances_energy,static_ate,87000193,Linear g-computation,0.3686799969151307
external_appliances_energy,static_ate,87000193,Random forest g-computation,0.3793403978772594
external_appliances_energy,static_ate,87000193,Spline g-computation,0.2934204460282327
external_appliances_energy,static_ate,87000193,Interaction g-computation,0.3113390327591897
external_appliances_energy,static_ate,87000193,AIPW,0.5455659135084151
external_appliances_energy,static_ate,87000193,DR learner (spline nuisances),0.22150076238238656
external_appliances_energy,static_ate,87000194,Pretrained soft router,0.10197777943175135
external_appliances_energy,static_ate,87000194,Pretrained hard top-1,0.14909793157795548
external_appliances_energy,static_ate,87000194,Temperature-scaled router,0.10341307736728994
external_appliances_energy,static_ate,87000194,Uniform expert mean,0.10369579811314222
external_appliances_energy,static_ate,87000194,Median expert,0.0881969155810225
external_appliances_energy,static_ate,87000194,Best fixed expert,0.14909793157795548
external_appliances_energy,static_ate,87000194,Metadata-only selector,0.14909793157795548
external_appliances_energy,static_ate,87000194,Shallow risk selector,0.06964091677883744
external_appliances_energy,static_ate,87000194,Convex stack,0.09634599659658866
external_appliances_energy,static_ate,87000194,Expert: linear,0.06964091677883744
external_appliances_energy,static_ate,87000194,Expert: orthogonal,0.12952704448917984
external_appliances_energy,static_ate,87000194,Expert: spline,0.0881969155810225
external_appliances_energy,static_ate,87000194,Expert: interaction,0.14909793157795548
external_appliances_energy,static_ate,87000194,Expert: piecewise,0.08201618213871598
external_appliances_energy,static_ate,87000194,Linear g-computation,0.06966730095336993
external_appliances_energy,static_ate,87000194,Random forest g-computation,0.31747527256673386
external_appliances_energy,static_ate,87000194,Spline g-computation,0.0881969155810225
external_appliances_energy,static_ate,87000194,Interaction g-computation,0.14909793157795548
external_appliances_energy,static_ate,87000194,AIPW,0.12952704448917984
external_appliances_energy,static_ate,87000194,DR learner (spline nuisances),0.05459032072804704
external_appliances_energy,static_ate,87000195,Pretrained soft router,0.01751144038805763
external_appliances_energy,static_ate,87000195,Pretrained hard top-1,0.018338252032751745
external_appliances_energy,static_ate,87000195,Temperature-scaled router,0.03590001178016716
external_appliances_energy,static_ate,87000195,Uniform expert mean,0.0046216020235964606
external_appliances_energy,static_ate,87000195,Median expert,0.018338252032751745
external_appliances_energy,static_ate,87000195,Best fixed expert,0.15515746566152067
external_appliances_energy,static_ate,87000195,Metadata-only selector,0.15515746566152067
external_appliances_energy,static_ate,87000195,Shallow risk selector,0.018338252032751745
external_appliances_energy,static_ate,87000195,Convex stack,0.049262927478394614
external_appliances_energy,static_ate,87000195,Expert: linear,0.003551233733648962
external_appliances_energy,static_ate,87000195,Expert: orthogonal,0.18868155387545138
external_appliances_energy,static_ate,87000195,Expert: spline,0.018338252032751745
external_appliances_energy,static_ate,87000195,Expert: interaction,0.15515746566152067
external_appliances_energy,static_ate,87000195,Expert: piecewise,0.034742612565512365
external_appliances_energy,static_ate,87000195,Linear g-computation,0.003534552913875
external_appliances_energy,static_ate,87000195,Random forest g-computation,0.18085878177699807
external_appliances_energy,static_ate,87000195,Spline g-computation,0.018338252032751745
external_appliances_energy,static_ate,87000195,Interaction g-computation,0.15515746566152067
external_appliances_energy,static_ate,87000195,AIPW,0.18868155387545138
external_appliances_energy,static_ate,87000195,DR learner (spline nuisances),0.07109495034904484
external_appliances_energy,static_ate,87000196,Pretrained soft router,0.087274628093298
external_appliances_energy,static_ate,87000196,Pretrained hard top-1,0.1397621714314231
external_appliances_energy,static_ate,87000196,Temperature-scaled router,0.10713330138750837
external_appliances_energy,static_ate,87000196,Uniform expert mean,0.0671263360222587
external_appliances_energy,static_ate,87000196,Median expert,0.11070544354522316
external_appliances_energy,static_ate,87000196,Best fixed expert,0.1397621714314231
external_appliances_energy,static_ate,87000196,Metadata-only selector,0.1397621714314231
external_appliances_energy,static_ate,87000196,Shallow risk selector,0.1397621714314231
external_appliances_energy,static_ate,87000196,Convex stack,0.1402689016346215
external_appliances_energy,static_ate,87000196,Expert: linear,0.16452802054488747
external_appliances_energy,static_ate,87000196,Expert: orthogonal,0.1046060837069741
external_appliances_energy,static_ate,87000196,Expert: spline,0.11070544354522316
external_appliances_energy,static_ate,87000196,Expert: interaction,0.1397621714314231
external_appliances_energy,static_ate,87000196,Expert: piecewise,0.02524212829673378
external_appliances_energy,static_ate,87000196,Linear g-computation,0.16451525156032323
external_appliances_energy,static_ate,87000196,Random forest g-computation,0.3545040510531856
external_appliances_energy,static_ate,87000196,Spline g-computation,0.11070544354522316
external_appliances_energy,static_ate,87000196,Interaction g-computation,0.1397621714314231
external_appliances_energy,static_ate,87000196,AIPW,0.1046060837069741
external_appliances_energy,static_ate,87000196,DR learner (spline nuisances),0.11971491149038327
external_appliances_energy,static_ate,87000197,Pretrained soft router,0.12966438640815225
external_appliances_energy,static_ate,87000197,Pretrained hard top-1,0.13240370592189266
external_appliances_energy,static_ate,87000197,Temperature-scaled router,0.11448658919864008
external_appliances_energy,static_ate,87000197,Uniform expert mean,0.14142488679004145
external_appliances_energy,static_ate,87000197,Median expert,0.13240370592189266
external_appliances_energy,static_ate,87000197,Best fixed expert,0.0761141522796197
external_appliances_energy,static_ate,87000197,Metadata-only selector,0.0761141522796197
external_appliances_energy,static_ate,87000197,Shallow risk selector,0.0761141522796197
external_appliances_energy,static_ate,87000197,Convex stack,0.08367579110364792
external_appliances_energy,static_ate,87000197,Expert: linear,0.054331873265032304
external_appliances_energy,static_ate,87000197,Expert: orthogonal,0.2707872583539529
external_appliances_energy,static_ate,87000197,Expert: spline,0.13240370592189266
external_appliances_energy,static_ate,87000197,Expert: interaction,0.0761141522796197
external_appliances_energy,static_ate,87000197,Expert: piecewise,0.17348744412970973
external_appliances_energy,static_ate,87000197,Linear g-computation,0.054327551413892894
external_appliances_energy,static_ate,87000197,Random forest g-computation,0.28385355296203296
external_appliances_energy,static_ate,87000197,Spline g-computation,0.13240370592189266
external_appliances_energy,static_ate,87000197,Interaction g-computation,0.0761141522796197
external_appliances_energy,static_ate,87000197,AIPW,0.2707872583539529
external_appliances_energy,static_ate,87000197,DR learner (spline nuisances),0.016230819523936013
external_appliances_energy,static_ate,87000198,Pretrained soft router,0.3091406794977879
external_appliances_energy,static_ate,87000198,Pretrained hard top-1,0.21956629695270402
external_appliances_energy,static_ate,87000198,Temperature-scaled router,0.28086382904139795
external_appliances_energy,static_ate,87000198,Uniform expert mean,0.33003702105853894
external_appliances_energy,static_ate,87000198,Median expert,0.3418713325438295
external_appliances_energy,static_ate,87000198,Best fixed expert,0.21956629695270402
external_appliances_energy,static_ate,87000198,Metadata-only selector,0.21956629695270402
external_appliances_energy,static_ate,87000198,Shallow risk selector,0.20862032117221696
external_appliances_energy,static_ate,87000198,Convex stack,0.2747388975708358
external_appliances_energy,static_ate,87000198,Expert: linear,0.3418713325438295
external_appliances_energy,static_ate,87000198,Expert: orthogonal,0.4944936150488649
external_appliances_energy,static_ate,87000198,Expert: spline,0.20862032117221696
external_appliances_energy,static_ate,87000198,Expert: interaction,0.21956629695270402
external_appliances_energy,static_ate,87000198,Expert: piecewise,0.3856335395750795
external_appliances_energy,static_ate,87000198,Linear g-computation,0.3418550255532846
external_appliances_energy,static_ate,87000198,Random forest g-computation,0.2179148100958711
external_appliances_energy,static_ate,87000198,Spline g-computation,0.20862032117221696
external_appliances_energy,static_ate,87000198,Interaction g-computation,0.21956629695270402
external_appliances_energy,static_ate,87000198,AIPW,0.4944936150488649
external_appliances_energy,static_ate,87000198,DR learner (spline nuisances),0.42465095158617017
external_appliances_energy,static_ate,87000199,Pretrained soft router,0.06983770166455466
external_appliances_energy,static_ate,87000199,Pretrained hard top-1,0.037334344218268145
external_appliances_energy,static_ate,87000199,Temperature-scaled router,0.036087383868641354
external_appliances_energy,static_ate,87000199,Uniform expert mean,0.09856999335695721
external_appliances_energy,static_ate,87000199,Median expert,0.037334344218268145
external_appliances_energy,static_ate,87000199,Best fixed expert,0.027901015112890948
external_appliances_energy,static_ate,87000199,Metadata-only selector,0.027901015112890948
external_appliances_energy,static_ate,87000199,Shallow risk selector,0.027901015112890948
external_appliances_energy,static_ate,87000199,Convex stack,0.051560454323491656
external_appliances_energy,static_ate,87000199,Expert: linear,0.07866193992902254
external_appliances_energy,static_ate,87000199,Expert: orthogonal,0.372153962830796
external_appliances_energy,static_ate,87000199,Expert: spline,0.037334344218268145
external_appliances_energy,static_ate,87000199,Expert: interaction,0.027901015112890948
external_appliances_energy,static_ate,87000199,Expert: piecewise,0.023201295306191694
external_appliances_energy,static_ate,87000199,Linear g-computation,0.07867387559247041
external_appliances_energy,static_ate,87000199,Random forest g-computation,0.25976311744780767
external_appliances_energy,static_ate,87000199,Spline g-computation,0.037334344218268145
external_appliances_energy,static_ate,87000199,Interaction g-computation,0.027901015112890948
external_appliances_energy,static_ate,87000199,AIPW,0.372153962830796
external_appliances_energy,static_ate,87000199,DR learner (spline nuisances),0.028684062079383954
