scenario,seed,probe,original_estimate,transformed_estimate,expected_transformed_estimate,absolute_equivariance_error,relative_equivariance_error
ate_linear,86000000,row_permutation,0.7422803640365601,0.7422803640365601,0.7422803640365601,0.0,0.0
ate_linear,86000000,covariate_permutation,0.7422803640365601,0.7422803640365601,0.7422803640365601,0.0,0.0
ate_linear,86000000,outcome_translation,0.7422803640365601,0.7422803044319153,0.7422803640365601,5.960464477539063e-08,8.029936889514011e-08
ate_linear,86000000,positive_outcome_scaling,0.7422803640365601,1.855700969696045,1.8557009100914001,5.960464477539063e-08,3.2119747558056045e-08
ate_linear,86000000,negative_outcome_scaling,0.7422803640365601,-1.112888216972351,-1.11342054605484,0.0005323290824890137,0.0004781024424016642
ate_linear,86000000,treatment_recoding,0.7422803640365601,-0.7342323660850525,-0.7422803640365601,0.008047997951507568,0.010842261686328503
ate_linear,86000000,irrelevant_feature_insertion,0.7422803640365601,0.7872286438941956,0.7422803640365601,0.0449482798576355,0.060554316179407416
ate_linear,86000000,near_duplicate_feature,0.7422803640365601,0.7368507981300354,0.7422803640365601,0.005429565906524658,0.007314710410764998
ate_linear,86000000,near_constant_feature,0.7422803640365601,0.7424383163452148,0.7422803640365601,0.00015795230865478516,0.00021279332757212128
ate_linear,86000001,row_permutation,-0.04166525602340698,-0.04166525974869728,-0.04166525602340698,3.725290298461914e-09,8.940999417762118e-08
ate_linear,86000001,covariate_permutation,-0.04166525602340698,-0.04166525974869728,-0.04166525602340698,3.725290298461914e-09,8.940999417762118e-08
ate_linear,86000001,outcome_translation,-0.04166525602340698,-0.04166527837514877,-0.04166525602340698,2.2351741790771484e-08,5.364599650657271e-07
ate_linear,86000001,positive_outcome_scaling,-0.04166525602340698,-0.10416315495967865,-0.10416314005851746,1.4901161193847656e-08,1.4305599068419388e-07
ate_linear,86000001,negative_outcome_scaling,-0.04166525602340698,0.06523476541042328,0.062497884035110474,0.002736881375312805,0.043791584588292014
ate_linear,86000001,treatment_recoding,-0.04166525602340698,0.03837098181247711,0.04166525602340698,0.0032942742109298706,0.07906525785127042
ate_linear,86000001,irrelevant_feature_insertion,-0.04166525974869728,-0.04799662157893181,-0.04166525974869728,0.006331361830234528,0.15195781493795885
ate_linear,86000001,near_duplicate_feature,-0.04166525602340698,-0.04211588203907013,-0.04166525602340698,0.00045062601566314697,0.010815390535701769
ate_linear,86000001,near_constant_feature,-0.04166525602340698,-0.04139864444732666,-0.04166525602340698,0.00026661157608032227,0.006398894463303993
ate_linear,86000002,row_permutation,-1.1712156534194946,-1.1712156534194946,-1.1712156534194946,0.0,0.0
ate_linear,86000002,covariate_permutation,-1.1712156534194946,-1.171215534210205,-1.1712156534194946,1.1920928955078125e-07,1.0178252758382835e-07
ate_linear,86000002,outcome_translation,-1.1712156534194946,-1.1712156534194946,-1.1712156534194946,0.0,0.0
ate_linear,86000002,positive_outcome_scaling,-1.1712156534194946,-2.928039073944092,-2.9280391335487366,5.960464477539063e-08,2.0356505516765668e-08
ate_linear,86000002,negative_outcome_scaling,-1.1712156534194946,1.7482080459594727,1.756823480129242,0.008615434169769287,0.004903983961516433
ate_linear,86000002,treatment_recoding,-1.1712156534194946,1.1683982610702515,1.1712156534194946,0.002817392349243164,0.002405528256916199
ate_linear,86000002,irrelevant_feature_insertion,-1.1712156534194946,-1.156938910484314,-1.1712156534194946,0.014276742935180664,0.01218967906849445
ate_linear,86000002,near_duplicate_feature,-1.1712156534194946,-1.171187400817871,-1.1712156534194946,2.8252601623535156e-05,2.412245903736732e-05
ate_linear,86000002,near_constant_feature,-1.1712156534194946,-1.1711715459823608,-1.1712156534194946,4.410743713378906e-05,3.765953520601649e-05
ate_linear,86000003,row_permutation,0.4887802302837372,0.48878028988838196,0.4887802302837372,5.960464477539063e-08,1.2194569477736465e-07
ate_linear,86000003,covariate_permutation,0.4887802302837372,0.4887802302837372,0.4887802302837372,0.0,0.0
ate_linear,86000003,outcome_translation,0.4887802302837372,0.4887802004814148,0.4887802302837372,2.9802322387695312e-08,6.097284738868232e-08
ate_linear,86000003,positive_outcome_scaling,0.4887802302837372,1.221950650215149,1.221950575709343,7.450580596923828e-08,6.097284738868232e-08
ate_linear,86000003,negative_outcome_scaling,0.48878026008605957,-0.727060079574585,-0.7331703901290894,0.0061103105545043945,0.008334093461451099
ate_linear,86000003,treatment_recoding,0.4887802302837372,-0.4856751263141632,-0.4887802302837372,0.0031051039695739746,0.006352760969426812
ate_linear,86000003,irrelevant_feature_insertion,0.4887802302837372,0.4917379319667816,0.4887802302837372,0.0029577016830444336,0.0060511892662423895
ate_linear,86000003,near_duplicate_feature,0.4887802302837372,0.48915332555770874,0.4887802302837372,0.0003730952739715576,0.0007633190764589141
ate_linear,86000003,near_constant_feature,0.4887802302837372,0.4890098571777344,0.4887802302837372,0.00022962689399719238,0.0004697957891297973
ate_linear,86000004,row_permutation,0.9543349742889404,0.9543348550796509,0.9543349742889404,1.1920928955078125e-07,1.2491346619629252e-07
ate_linear,86000004,covariate_permutation,0.9543349742889404,0.9543349742889404,0.9543349742889404,0.0,0.0
ate_linear,86000004,outcome_translation,0.9543349742889404,0.9543349146842957,0.9543349742889404,5.960464477539063e-08,6.245673309814626e-08
ate_linear,86000004,positive_outcome_scaling,0.9543349742889404,2.3858375549316406,2.385837435722351,1.1920928955078125e-07,4.9965386478517005e-08
ate_linear,86000004,negative_outcome_scaling,0.9543349742889404,-1.4331066608428955,-1.4315024614334106,0.0016041994094848633,0.0011206403430690057
ate_linear,86000004,treatment_recoding,0.9543349742889404,-0.9536991119384766,-0.9543349742889404,0.0006358623504638672,0.0006662884286910243
ate_linear,86000004,irrelevant_feature_insertion,0.9543349742889404,0.8863881826400757,0.9543349742889404,0.06794679164886475,0.07119805254909661
ate_linear,86000004,near_duplicate_feature,0.9543349742889404,0.9520900249481201,0.9543349742889404,0.0022449493408203125,0.0023523703954085808
ate_linear,86000004,near_constant_feature,0.9543349742889404,0.9546047449111938,0.9543349742889404,0.00026977062225341797,0.00028267917400221
ate_linear,86000005,row_permutation,0.20055897533893585,0.20055896043777466,0.20055897533893585,1.4901161193847656e-08,7.429815179632499e-08
ate_linear,86000005,covariate_permutation,0.20055897533893585,0.20055896043777466,0.20055897533893585,1.4901161193847656e-08,7.429815179632499e-08
ate_linear,86000005,outcome_translation,0.20055894553661346,0.20055894553661346,0.20055894553661346,0.0,0.0
ate_linear,86000005,positive_outcome_scaling,0.20055897533893585,0.5013973116874695,0.5013974383473396,1.2665987014770508e-07,2.5261371610750496e-07
ate_linear,86000005,negative_outcome_scaling,0.20055897533893585,-0.32730409502983093,-0.3008384630084038,0.026465632021427155,0.0879728999967928
ate_linear,86000005,treatment_recoding,0.20055897533893585,-0.21860551834106445,-0.20055897533893585,0.0180465430021286,0.08998122857194867
ate_linear,86000005,irrelevant_feature_insertion,0.20055897533893585,0.21975652873516083,0.20055897533893585,0.019197553396224976,0.09572024071115219
ate_linear,86000005,near_duplicate_feature,0.20055897533893585,0.19867660105228424,0.20055897533893585,0.0018823742866516113,0.009385639727518958
ate_linear,86000005,near_constant_feature,0.20055897533893585,0.2008945643901825,0.20055897533893585,0.00033558905124664307,0.0016732686766050351
ate_linear,86000006,row_permutation,0.44862300157546997,0.4486229717731476,0.44862300157546997,2.9802322387695312e-08,6.643066067284959e-08
ate_linear,86000006,covariate_permutation,0.44862300157546997,0.4486229121685028,0.44862300157546997,8.940696716308594e-08,1.9929198201854877e-07
ate_linear,86000006,outcome_translation,0.44862300157546997,0.44862303137779236,0.44862300157546997,2.9802322387695312e-08,6.643066067284959e-08
ate_linear,86000006,positive_outcome_scaling,0.44862300157546997,1.121557593345642,1.121557503938675,8.940696716308594e-08,7.97167928074195e-08
ate_linear,86000006,negative_outcome_scaling,0.44862300157546997,-0.7114872932434082,-0.672934502363205,0.03855279088020325,0.05729055464508644
ate_linear,86000006,treatment_recoding,0.44862300157546997,-0.4770905375480652,-0.44862300157546997,0.028467535972595215,0.063455364242634
ate_linear,86000006,irrelevant_feature_insertion,0.44862300157546997,0.44373390078544617,0.44862300157546997,0.004889100790023804,0.010898016314041649
ate_linear,86000006,near_duplicate_feature,0.44862300157546997,0.45008161664009094,0.44862300157546997,0.0014586150646209717,0.0032513158253112775
ate_linear,86000006,near_constant_feature,0.44862300157546997,0.44928067922592163,0.44862300157546997,0.0006576776504516602,0.0014659918197284447
ate_linear,86000007,row_permutation,0.6651034355163574,0.6651034355163574,0.6651034355163574,0.0,0.0
ate_linear,86000007,covariate_permutation,0.6651034355163574,0.6651034355163574,0.6651034355163574,0.0,0.0
ate_linear,86000007,outcome_translation,0.6651034355163574,0.6651034355163574,0.6651034355163574,0.0,0.0
ate_linear,86000007,positive_outcome_scaling,0.6651034355163574,1.662758708000183,1.6627585887908936,1.1920928955078125e-07,7.169368443164473e-08
ate_linear,86000007,negative_outcome_scaling,0.6651034355163574,-1.006318211555481,-0.9976551532745361,0.008663058280944824,0.008683419568886757
ate_linear,86000007,treatment_recoding,0.6651034355163574,-0.6668660640716553,-0.6651034355163574,0.0017626285552978516,0.0026501570450157474
ate_linear,86000007,irrelevant_feature_insertion,0.6651034355163574,0.4740857779979706,0.6651034355163574,0.19101765751838684,0.28719992608381134
ate_linear,86000007,near_duplicate_feature,0.6651034355163574,0.6640415191650391,0.6651034355163574,0.0010619163513183594,0.0015966183522927281
ate_linear,86000007,near_constant_feature,0.6651034355163574,0.6655306816101074,0.6651034355163574,0.00042724609375,0.0006423754125075369
ate_linear,86000008,row_permutation,1.5808628797531128,1.5808629989624023,1.5808628797531128,1.1920928955078125e-07,7.54077352802404e-08
ate_linear,86000008,covariate_permutation,1.5808628797531128,1.5808628797531128,1.5808628797531128,0.0,0.0
ate_linear,86000008,outcome_translation,1.5808628797531128,1.5808628797531128,1.5808628797531128,0.0,0.0
ate_linear,86000008,positive_outcome_scaling,1.5808628797531128,3.952157497406006,3.952157199382782,2.980232238769531e-07,7.54077352802404e-08
ate_linear,86000008,negative_outcome_scaling,1.5808628797531128,-2.374979257583618,-2.371294319629669,0.0036849379539489746,0.0015539774727434342
ate_linear,86000008,treatment_recoding,1.5808628797531128,-1.5829410552978516,-1.5808628797531128,0.0020781755447387695,0.001314583049140431
ate_linear,86000008,irrelevant_feature_insertion,1.5808628797531128,1.5728756189346313,1.5808628797531128,0.007987260818481445,0.005052469079246668
ate_linear,86000008,near_duplicate_feature,1.5808629989624023,1.581174612045288,1.5808629989624023,0.0003116130828857422,0.00019711580515849197
ate_linear,86000008,near_constant_feature,1.5808628797531128,1.581268548965454,1.5808628797531128,0.0004056692123413086,0.0002566125231586581
ate_linear,86000009,row_permutation,-1.5402400493621826,-1.540239930152893,-1.5402400493621826,1.1920928955078125e-07,7.739656529522533e-08
ate_linear,86000009,covariate_permutation,-1.5402400493621826,-1.540239930152893,-1.5402400493621826,1.1920928955078125e-07,7.739656529522533e-08
ate_linear,86000009,outcome_translation,-1.5402400493621826,-1.5402400493621826,-1.5402400493621826,0.0,0.0
ate_linear,86000009,positive_outcome_scaling,-1.5402400493621826,-3.850600004196167,-3.8506001234054565,1.1920928955078125e-07,3.095862611809013e-08
ate_linear,86000009,negative_outcome_scaling,-1.5402400493621826,2.3056726455688477,2.310360074043274,0.0046874284744262695,0.002028873562649037
ate_linear,86000009,treatment_recoding,-1.5402400493621826,1.5354593992233276,1.5402400493621826,0.0047806501388549805,0.0031038344580344213
ate_linear,86000009,irrelevant_feature_insertion,-1.5402400493621826,-1.5799028873443604,-1.5402400493621826,0.039662837982177734,0.02575107561876619
ate_linear,86000009,near_duplicate_feature,-1.540239930152893,-1.539747953414917,-1.540239930152893,0.0004919767379760742,0.0003194156496950691
ate_linear,86000009,near_constant_feature,-1.5402400493621826,-1.5401499271392822,-1.5402400493621826,9.012222290039062e-05,5.8511803363190346e-05
ate_linear,86000010,row_permutation,0.8781481981277466,0.8781481981277466,0.8781481981277466,0.0,0.0
ate_linear,86000010,covariate_permutation,0.8781481981277466,0.8781481981277466,0.8781481981277466,0.0,0.0
ate_linear,86000010,outcome_translation,0.8781481981277466,0.8781481981277466,0.8781481981277466,0.0,0.0
ate_linear,86000010,positive_outcome_scaling,0.8781481981277466,2.1953701972961426,2.1953704953193665,2.980232238769531e-07,1.3575076485374687e-07
ate_linear,86000010,negative_outcome_scaling,0.8781481981277466,-1.2955858707427979,-1.3172222971916199,0.02163642644882202,0.01642579729704842
ate_linear,86000010,treatment_recoding,0.8781481981277466,-0.8611535429954529,-0.8781481981277466,0.0169946551322937,0.019352832663697434
ate_linear,86000010,irrelevant_feature_insertion,0.8781481981277466,0.8894432187080383,0.8781481981277466,0.011295020580291748,0.01286231709451009
ate_linear,86000010,near_duplicate_feature,0.8781481981277466,0.8815909624099731,0.8781481981277466,0.0034427642822265625,0.0039204820889762095
ate_linear,86000010,near_constant_feature,0.8781481981277466,0.8781444430351257,0.8781481981277466,3.7550926208496094e-06,4.276149092893026e-06
ate_linear,86000011,row_permutation,1.7671284675598145,1.7671284675598145,1.7671284675598145,0.0,0.0
ate_linear,86000011,covariate_permutation,1.7671284675598145,1.767128348350525,1.7671284675598145,1.1920928955078125e-07,6.745932270300332e-08
ate_linear,86000011,outcome_translation,1.7671284675598145,1.7671284675598145,1.7671284675598145,0.0,0.0
ate_linear,86000011,positive_outcome_scaling,1.7671284675598145,4.417820930480957,4.417821168899536,2.384185791015625e-07,5.3967458162402656e-08
ate_linear,86000011,negative_outcome_scaling,1.7671284675598145,-2.6520352363586426,-2.6506927013397217,0.0013425350189208984,0.0005064845948541489
ate_linear,86000011,treatment_recoding,1.7671284675598145,-1.7680152654647827,-1.7671284675598145,0.0008867979049682617,0.0005018299015876416
ate_linear,86000011,irrelevant_feature_insertion,1.7671284675598145,1.761305332183838,1.7671284675598145,0.0058231353759765625,0.003295252995396306
ate_linear,86000011,near_duplicate_feature,1.7671284675598145,1.7673335075378418,1.7671284675598145,0.00020503997802734375,0.0001160300350491657
ate_linear,86000011,near_constant_feature,1.7671284675598145,1.767164945602417,1.7671284675598145,3.647804260253906e-05,2.0642552747119014e-05
ate_linear,86000012,row_permutation,0.5760164260864258,0.5760163068771362,0.5760164260864258,1.1920928955078125e-07,2.0695467030465383e-07
ate_linear,86000012,covariate_permutation,0.5760164260864258,0.576016366481781,0.5760164260864258,5.960464477539063e-08,1.0347733515232692e-07
ate_linear,86000012,outcome_translation,0.5760164260864258,0.576016366481781,0.5760164260864258,5.960464477539063e-08,1.0347733515232692e-07
ate_linear,86000012,positive_outcome_scaling,0.5760164260864258,1.440040946006775,1.4400410652160645,1.1920928955078125e-07,8.278186812186154e-08
ate_linear,86000012,negative_outcome_scaling,0.5760164260864258,-0.8736501932144165,-0.8640246391296387,0.009625554084777832,0.011140369902499515
ate_linear,86000012,treatment_recoding,0.5760164260864258,-0.581673800945282,-0.5760164260864258,0.005657374858856201,0.009821551265983108
ate_linear,86000012,irrelevant_feature_insertion,0.5760164260864258,0.567339301109314,0.5760164260864258,0.008677124977111816,0.015064023496805449
ate_linear,86000012,near_duplicate_feature,0.5760164260864258,0.5762181878089905,0.5760164260864258,0.00020176172256469727,0.00035027077949062663
ate_linear,86000012,near_constant_feature,0.5760164260864258,0.5760684013366699,0.5760164260864258,5.1975250244140625e-05,9.023223625282907e-05
ate_linear,86000013,row_permutation,0.2636137902736664,0.263613760471344,0.2636137902736664,2.9802322387695312e-08,1.1305297176128955e-07
ate_linear,86000013,covariate_permutation,0.2636137902736664,0.2636137902736664,0.2636137902736664,0.0,0.0
ate_linear,86000013,outcome_translation,0.2636137902736664,0.2636137902736664,0.2636137902736664,0.0,0.0
ate_linear,86000013,positive_outcome_scaling,0.2636137902736664,0.6590344905853271,0.659034475684166,1.4901161193847656e-08,2.261059435225791e-08
ate_linear,86000013,negative_outcome_scaling,0.2636137902736664,-0.4038925766944885,-0.3954206854104996,0.008471891283988953,0.02142500783739727
ate_linear,86000013,treatment_recoding,0.2636137902736664,-0.26852232217788696,-0.2636137902736664,0.004908531904220581,0.018620163607999674
ate_linear,86000013,irrelevant_feature_insertion,0.2636137902736664,0.256382018327713,0.2636137902736664,0.007231771945953369,0.027433208021651
ate_linear,86000013,near_duplicate_feature,0.2636137902736664,0.2638930082321167,0.2636137902736664,0.0002792179584503174,0.0010591932924315219
ate_linear,86000013,near_constant_feature,0.2636137902736664,0.26384860277175903,0.2636137902736664,0.00023481249809265137,0.0008907443645072004
ate_linear,86000014,row_permutation,-0.2881651520729065,-0.2881651520729065,-0.2881651520729065,0.0,0.0
ate_linear,86000014,covariate_permutation,-0.2881651520729065,-0.2881651818752289,-0.2881651520729065,2.9802322387695312e-08,1.0342097985586839e-07
ate_linear,86000014,outcome_translation,-0.2881651520729065,-0.2881651222705841,-0.2881651520729065,2.9802322387695312e-08,1.0342097985586839e-07
ate_linear,86000014,positive_outcome_scaling,-0.2881651520729065,-0.7204129099845886,-0.7204128801822662,2.9802322387695312e-08,4.1368391942347354e-08
ate_linear,86000014,negative_outcome_scaling,-0.2881651520729065,0.4344528615474701,0.43224772810935974,0.0022051334381103516,0.005101550094330276
ate_linear,86000014,treatment_recoding,-0.2881651520729065,0.28929612040519714,0.2881651520729065,0.0011309683322906494,0.0039247227645503495
ate_linear,86000014,irrelevant_feature_insertion,-0.2881651520729065,-0.2606334984302521,-0.2881651520729065,0.02753165364265442,0.09554123197966992
ate_linear,86000014,near_duplicate_feature,-0.2881651520729065,-0.2882411479949951,-0.2881651520729065,7.599592208862305e-05,0.00026372349863246436
ate_linear,86000014,near_constant_feature,-0.2881651520729065,-0.2882136404514313,-0.2881651520729065,4.8488378524780273e-05,0.00016826593422549787
ate_linear,86000015,row_permutation,-1.31007719039917,-1.31007719039917,-1.31007719039917,0.0,0.0
ate_linear,86000015,covariate_permutation,-1.31007719039917,-1.3100773096084595,-1.31007719039917,1.1920928955078125e-07,9.099409593907909e-08
ate_linear,86000015,outcome_translation,-1.31007719039917,-1.3100773096084595,-1.31007719039917,1.1920928955078125e-07,9.099409593907909e-08
ate_linear,86000015,positive_outcome_scaling,-1.31007719039917,-3.275192975997925,-3.275192975997925,0.0,0.0
ate_linear,86000015,negative_outcome_scaling,-1.31007719039917,1.9635952711105347,1.9651157855987549,0.0015205144882202148,0.0007737531291353026
ate_linear,86000015,treatment_recoding,-1.31007719039917,1.3042962551116943,1.31007719039917,0.005780935287475586,0.004412667688469702
ate_linear,86000015,irrelevant_feature_insertion,-1.31007719039917,-1.3412247896194458,-1.31007719039917,0.03114759922027588,0.02377539235744228
ate_linear,86000015,near_duplicate_feature,-1.31007719039917,-1.3097846508026123,-1.31007719039917,0.0002925395965576172,0.00022329951143450007
ate_linear,86000015,near_constant_feature,-1.310077428817749,-1.3104676008224487,-1.310077428817749,0.00039017200469970703,0.0002978236218082234
ate_linear,86000016,row_permutation,0.6010492444038391,0.6010493636131287,0.6010492444038391,1.1920928955078125e-07,1.9833531222391104e-07
ate_linear,86000016,covariate_permutation,0.6010492444038391,0.6010492444038391,0.6010492444038391,0.0,0.0
ate_linear,86000016,outcome_translation,0.6010492444038391,0.6010492444038391,0.6010492444038391,0.0,0.0
ate_linear,86000016,positive_outcome_scaling,0.6010492444038391,1.5026233196258545,1.5026231110095978,2.086162567138672e-07,1.3883471855673773e-07
ate_linear,86000016,negative_outcome_scaling,0.6010492444038391,-0.9491418600082397,-0.9015738666057587,0.04756799340248108,0.052761060590148706
ate_linear,86000016,treatment_recoding,0.6010492444038391,-0.6333286762237549,-0.6010492444038391,0.03227943181991577,0.053705136676334524
ate_linear,86000016,irrelevant_feature_insertion,0.6010492444038391,0.5799650549888611,0.6010492444038391,0.021084189414978027,0.035078971667106475
ate_linear,86000016,near_duplicate_feature,0.6010492444038391,0.6017869114875793,0.6010492444038391,0.0007376670837402344,0.0012272989120415616
ate_linear,86000016,near_constant_feature,0.6010492444038391,0.6017115116119385,0.6010492444038391,0.0006622672080993652,0.0011018518270599377
ate_linear,86000017,row_permutation,-1.3943133354187012,-1.3943133354187012,-1.3943133354187012,0.0,0.0
ate_linear,86000017,covariate_permutation,-1.3943133354187012,-1.3943133354187012,-1.3943133354187012,0.0,0.0
ate_linear,86000017,outcome_translation,-1.3943133354187012,-1.3943133354187012,-1.3943133354187012,0.0,0.0
ate_linear,86000017,positive_outcome_scaling,-1.3943133354187012,-3.485783576965332,-3.485783338546753,2.384185791015625e-07,6.839741772389125e-08
ate_linear,86000017,negative_outcome_scaling,-1.3943133354187012,2.085710048675537,2.0914700031280518,0.0057599544525146484,0.002754022024652481
ate_linear,86000017,treatment_recoding,-1.3943133354187012,1.3926231861114502,1.3943133354187012,0.0016901493072509766,0.0012121732356116628
ate_linear,86000017,irrelevant_feature_insertion,-1.3943133354187012,-1.4216190576553345,-1.3943133354187012,0.0273057222366333,0.019583634139476697
ate_linear,86000017,near_duplicate_feature,-1.3943133354187012,-1.3930974006652832,-1.3943133354187012,0.0012159347534179688,0.0008720670759796135
ate_linear,86000017,near_constant_feature,-1.3943133354187012,-1.3947336673736572,-1.3943133354187012,0.0004203319549560547,0.0003014616186180507
ate_linear,86000018,row_permutation,0.7994732856750488,0.799473226070404,0.7994732856750488,5.960464477539063e-08,7.455489238150394e-08
ate_linear,86000018,covariate_permutation,0.7994732856750488,0.799473226070404,0.7994732856750488,5.960464477539063e-08,7.455489238150394e-08
ate_linear,86000018,outcome_translation,0.7994732856750488,0.799473226070404,0.7994732856750488,5.960464477539063e-08,7.455489238150394e-08
ate_linear,86000018,positive_outcome_scaling,0.7994732856750488,1.998683214187622,1.998683214187622,0.0,0.0
ate_linear,86000018,negative_outcome_scaling,0.7994732856750488,-1.195134162902832,-1.1992099285125732,0.004075765609741211,0.0033987090273648263
ate_linear,86000018,treatment_recoding,0.7994732856750488,-0.7912809252738953,-0.7994732856750488,0.008192360401153564,0.010247197183375809
ate_linear,86000018,irrelevant_feature_insertion,0.7994732856750488,0.7907597422599792,0.7994732856750488,0.00871354341506958,0.01089910516235968
ate_linear,86000018,near_duplicate_feature,0.7994732856750488,0.7998716831207275,0.7994732856750488,0.00039839744567871094,0.0004983249006779724
ate_linear,86000018,near_constant_feature,0.7994732856750488,0.7998390197753906,0.7994732856750488,0.0003657341003417969,0.0004574688196529082
ate_linear,86000019,row_permutation,1.7329896688461304,1.7329896688461304,1.7329896688461304,0.0,0.0
ate_linear,86000019,covariate_permutation,1.7329896688461304,1.7329896688461304,1.7329896688461304,0.0,0.0
ate_linear,86000019,outcome_translation,1.7329896688461304,1.7329896688461304,1.7329896688461304,0.0,0.0
ate_linear,86000019,positive_outcome_scaling,1.7329896688461304,4.332474708557129,4.332474172115326,5.364418029785156e-07,1.2381881153064058e-07
ate_linear,86000019,negative_outcome_scaling,1.7329899072647095,-2.607802391052246,-2.599484860897064,0.008317530155181885,0.003199684014436446
ate_linear,86000019,treatment_recoding,1.7329896688461304,-1.7376192808151245,-1.7329896688461304,0.004629611968994141,0.0026714596470021985
ate_linear,86000019,irrelevant_feature_insertion,1.7329896688461304,1.8226605653762817,1.7329896688461304,0.08967089653015137,0.05174346860928293
ate_linear,86000019,near_duplicate_feature,1.7329896688461304,1.7329777479171753,1.7329896688461304,1.1920928955078125e-05,6.878822862813365e-06
ate_linear,86000019,near_constant_feature,1.7329896688461304,1.733049750328064,1.7329896688461304,6.008148193359375e-05,3.466926722857936e-05
ate_linear,86000020,row_permutation,0.9106554985046387,0.9106554985046387,0.9106554985046387,0.0,0.0
ate_linear,86000020,covariate_permutation,0.9106554985046387,0.9106555581092834,0.9106554985046387,5.960464477539063e-08,6.545246240017844e-08
ate_linear,86000020,outcome_translation,0.9106554985046387,0.9106554388999939,0.9106554985046387,5.960464477539063e-08,6.545246240017844e-08
ate_linear,86000020,positive_outcome_scaling,0.9106554985046387,2.2766385078430176,2.2766387462615967,2.384185791015625e-07,1.0472393984028552e-07
ate_linear,86000020,negative_outcome_scaling,0.9106554985046387,-1.403180480003357,-1.365983247756958,0.037197232246398926,0.027231104266819843
ate_linear,86000020,treatment_recoding,0.9106554985046387,-0.9360982179641724,-0.9106554985046387,0.02544271945953369,0.027938907195215374
ate_linear,86000020,irrelevant_feature_insertion,0.9106554985046387,0.9998390674591064,0.9106554985046387,0.08918356895446777,0.0979333777711918
ate_linear,86000020,near_duplicate_feature,0.9106554985046387,0.9071199297904968,0.9106554985046387,0.0035355687141418457,0.003882443712191385
ate_linear,86000020,near_constant_feature,0.9106554985046387,0.9102820754051208,0.9106554985046387,0.00037342309951782227,0.000410059676937118
ate_linear,86000021,row_permutation,0.8891323208808899,0.8891323208808899,0.8891323208808899,0.0,0.0
ate_linear,86000021,covariate_permutation,0.8891323208808899,0.8891323208808899,0.8891323208808899,0.0,0.0
ate_linear,86000021,outcome_translation,0.8891322612762451,0.8891324400901794,0.8891322612762451,1.7881393432617188e-07,2.011106132506152e-07
ate_linear,86000021,positive_outcome_scaling,0.8891323208808899,2.2228307723999023,2.2228308022022247,2.9802322387695312e-08,1.3407373317919323e-08
ate_linear,86000021,negative_outcome_scaling,0.8891323208808899,-1.330620288848877,-1.3336984813213348,0.0030781924724578857,0.002308012279813222
ate_linear,86000021,treatment_recoding,0.8891323208808899,-0.8875595927238464,-0.8891323208808899,0.001572728157043457,0.0017688347618330963
ate_linear,86000021,irrelevant_feature_insertion,0.8891323208808899,0.9217892289161682,0.8891323208808899,0.03265690803527832,0.03672896290950727
ate_linear,86000021,near_duplicate_feature,0.8891323208808899,0.8893010020256042,0.8891323208808899,0.00016868114471435547,0.00018971433244855844
ate_linear,86000021,near_constant_feature,0.8891323208808899,0.8890990018844604,0.8891323208808899,3.331899642944336e-05,3.747360842358451e-05
ate_linear,86000022,row_permutation,0.3000999987125397,0.3000999987125397,0.3000999987125397,0.0,0.0
ate_linear,86000022,covariate_permutation,0.3000999987125397,0.3000999987125397,0.3000999987125397,0.0,0.0
ate_linear,86000022,outcome_translation,0.3000999987125397,0.30010002851486206,0.3000999987125397,2.9802322387695312e-08,9.930797239436983e-08
ate_linear,86000022,positive_outcome_scaling,0.3000999987125397,0.750249981880188,0.7502499967813492,1.4901161193847656e-08,1.9861594478873967e-08
ate_linear,86000022,negative_outcome_scaling,0.3000999987125397,-0.4556853771209717,-0.4501499980688095,0.00553537905216217,0.012296743476417914
ate_linear,86000022,treatment_recoding,0.3000999987125397,-0.2990732192993164,-0.3000999987125397,0.0010267794132232666,0.0034214575729032237
ate_linear,86000022,irrelevant_feature_insertion,0.3000999987125397,0.2986048758029938,0.3000999987125397,0.0014951229095458984,0.004982082359080746
ate_linear,86000022,near_duplicate_feature,0.3000999987125397,0.301306813955307,0.3000999987125397,0.001206815242767334,0.0040213770341376125
ate_linear,86000022,near_constant_feature,0.3000999987125397,0.29996827244758606,0.3000999987125397,0.00013172626495361328,0.00043894123798311464
ate_linear,86000023,row_permutation,-1.0305205583572388,-1.0305205583572388,-1.0305205583572388,0.0,0.0
ate_linear,86000023,covariate_permutation,-1.0305205583572388,-1.0305205583572388,-1.0305205583572388,0.0,0.0
ate_linear,86000023,outcome_translation,-1.0305205583572388,-1.0305205583572388,-1.0305205583572388,0.0,0.0
ate_linear,86000023,positive_outcome_scaling,-1.0305205583572388,-2.576301336288452,-2.576301395893097,5.960464477539063e-08,2.31357421419741e-08
ate_linear,86000023,negative_outcome_scaling,-1.0305205583572388,1.5438408851623535,1.5457808375358582,0.0019399523735046387,0.0012549983324913851
ate_linear,86000023,treatment_recoding,-1.0305205583572388,1.030547857284546,1.0305205583572388,2.7298927307128906e-05,2.6490424752560346e-05
ate_linear,86000023,irrelevant_feature_insertion,-1.0305205583572388,-1.0112849473953247,-1.0305205583572388,0.019235610961914062,0.018665916760144705
ate_linear,86000023,near_duplicate_feature,-1.0305205583572388,-1.0285245180130005,-1.0305205583572388,0.0019960403442382812,0.0019369243321260717
ate_linear,86000023,near_constant_feature,-1.0305205583572388,-1.0306541919708252,-1.0305205583572388,0.00013363361358642578,0.00012967583470576484
ate_linear,86000024,row_permutation,0.7643352150917053,0.7643351554870605,0.7643352150917053,5.960464477539063e-08,7.798233497358778e-08
ate_linear,86000024,covariate_permutation,0.7643352150917053,0.7643352150917053,0.7643352150917053,0.0,0.0
ate_linear,86000024,outcome_translation,0.7643352150917053,0.7643352746963501,0.7643352150917053,5.960464477539063e-08,7.798233497358778e-08
ate_linear,86000024,positive_outcome_scaling,0.7643352150917053,1.9108377695083618,1.9108380377292633,2.682209014892578e-07,1.40368202952458e-07
ate_linear,86000024,negative_outcome_scaling,0.7643352150917053,-1.207999348640442,-1.146502822637558,0.06149652600288391,0.053638355517877954
ate_linear,86000024,treatment_recoding,0.7643352150917053,-0.8072454929351807,-0.7643352150917053,0.04291027784347534,0.05614065268251044
ate_linear,86000024,irrelevant_feature_insertion,0.7643352150917053,0.800162136554718,0.7643352150917053,0.035826921463012695,0.046873309976584246
ate_linear,86000024,near_duplicate_feature,0.7643351554870605,0.7629908323287964,0.7643351554870605,0.0013443231582641602,0.0017588137201506994
ate_linear,86000024,near_constant_feature,0.7643352150917053,0.7635210156440735,0.7643352150917053,0.0008141994476318359,0.001065238695739209
ate_linear,86000025,row_permutation,0.19068078696727753,0.19068077206611633,0.19068078696727753,1.4901161193847656e-08,7.814715593975824e-08
ate_linear,86000025,covariate_permutation,0.19068078696727753,0.19068078696727753,0.19068078696727753,0.0,0.0
ate_linear,86000025,outcome_translation,0.19068078696727753,0.19068078696727753,0.19068078696727753,0.0,0.0
ate_linear,86000025,positive_outcome_scaling,0.19068078696727753,0.476701945066452,0.4767019674181938,2.2351741790771484e-08,4.688829356385494e-08
ate_linear,86000025,negative_outcome_scaling,0.19068078696727753,-0.2967897057533264,-0.2860211804509163,0.010768525302410126,0.037649398150980985
ate_linear,86000025,treatment_recoding,0.19068078696727753,-0.19791865348815918,-0.19068078696727753,0.007237866520881653,0.037958027318839065
ate_linear,86000025,irrelevant_feature_insertion,0.19068078696727753,0.2254636585712433,0.19068078696727753,0.03478287160396576,0.18241413913366533
ate_linear,86000025,near_duplicate_feature,0.19068078696727753,0.19098877906799316,0.19068078696727753,0.0003079921007156372,0.001615223566118863
ate_linear,86000025,near_constant_feature,0.19068078696727753,0.1907685399055481,0.19068078696727753,8.775293827056885e-05,0.0004602086013292362
ate_linear,86000026,row_permutation,1.0186911821365356,1.0186913013458252,1.0186911821365356,1.1920928955078125e-07,1.1702200985067874e-07
ate_linear,86000026,covariate_permutation,1.0186911821365356,1.0186911821365356,1.0186911821365356,0.0,0.0
ate_linear,86000026,outcome_translation,1.0186911821365356,1.0186914205551147,1.0186911821365356,2.384185791015625e-07,2.3404401970135749e-07
ate_linear,86000026,positive_outcome_scaling,1.0186911821365356,2.5467283725738525,2.546727955341339,4.172325134277344e-07,1.6383081379095025e-07
ate_linear,86000026,negative_outcome_scaling,1.0186911821365356,-1.5351217985153198,-1.5280367732048035,0.007085025310516357,0.00463668508164021
ate_linear,86000026,treatment_recoding,1.0186913013458252,-1.0192596912384033,-1.0186913013458252,0.000568389892578125,0.000557960877674333
ate_linear,86000026,irrelevant_feature_insertion,1.0186911821365356,1.0920213460922241,1.0186911821365356,0.07333016395568848,0.07198468509552682
ate_linear,86000026,near_duplicate_feature,1.0186911821365356,1.0183568000793457,1.0186911821365356,0.0003343820571899414,0.0003282467376311539
ate_linear,86000026,near_constant_feature,1.0186911821365356,1.018486499786377,1.0186911821365356,0.0002046823501586914,0.0002009267909136154
ate_linear,86000027,row_permutation,0.6165946125984192,0.616594672203064,0.6165946125984192,5.960464477539063e-08,9.666747577343889e-08
ate_linear,86000027,covariate_permutation,0.6165946125984192,0.6165946125984192,0.6165946125984192,0.0,0.0
ate_linear,86000027,outcome_translation,0.6165946125984192,0.6165947318077087,0.6165946125984192,1.1920928955078125e-07,1.9333495154687778e-07
ate_linear,86000027,positive_outcome_scaling,0.6165946125984192,1.5414866209030151,1.541486531496048,8.940696716308594e-08,5.8000485464063334e-08
ate_linear,86000027,negative_outcome_scaling,0.6165946125984192,-0.9218714833259583,-0.9248919188976288,0.0030204355716705322,0.003265717334054086
ate_linear,86000027,treatment_recoding,0.6165946125984192,-0.6204513907432556,-0.6165946125984192,0.0038567781448364258,0.006254965687396137
ate_linear,86000027,irrelevant_feature_insertion,0.6165946125984192,0.618805468082428,0.6165946125984192,0.002210855484008789,0.0035855900113883955
ate_linear,86000027,near_duplicate_feature,0.6165946125984192,0.6159542202949524,0.6165946125984192,0.0006403923034667969,0.0010385953597098275
ate_linear,86000027,near_constant_feature,0.6165946125984192,0.6166822910308838,0.6165946125984192,8.767843246459961e-05,0.0001421978568627286
ate_linear,86000028,row_permutation,0.5867769122123718,0.5867769122123718,0.5867769122123718,0.0,0.0
ate_linear,86000028,covariate_permutation,0.5867769122123718,0.5867769122123718,0.5867769122123718,0.0,0.0
ate_linear,86000028,outcome_translation,0.5867769122123718,0.5867769122123718,0.5867769122123718,0.0,0.0
ate_linear,86000028,positive_outcome_scaling,0.5867769122123718,1.466942310333252,1.4669422805309296,2.9802322387695312e-08,2.031594752106332e-08
ate_linear,86000028,negative_outcome_scaling,0.5867769122123718,-0.8769235014915466,-0.8801653683185577,0.0032418668270111084,0.003683247425656245
ate_linear,86000028,treatment_recoding,0.5867769122123718,-0.5887851715087891,-0.5867769122123718,0.0020082592964172363,0.0034225260991359325
ate_linear,86000028,irrelevant_feature_insertion,0.5867769122123718,0.5956183075904846,0.5867769122123718,0.008841395378112793,0.015067728797947032
ate_linear,86000028,near_duplicate_feature,0.5867769122123718,0.5878223180770874,0.5867769122123718,0.0010454058647155762,0.001781607017859648
ate_linear,86000028,near_constant_feature,0.5867769122123718,0.5869746804237366,0.5867769122123718,0.0001977682113647461,0.0003370415693744405
ate_linear,86000029,row_permutation,0.20917633175849915,0.20917631685733795,0.20917633175849915,1.4901161193847656e-08,7.123731957902163e-08
ate_linear,86000029,covariate_permutation,0.20917633175849915,0.20917633175849915,0.20917633175849915,0.0,0.0
ate_linear,86000029,outcome_translation,0.20917633175849915,0.20917630195617676,0.20917633175849915,2.9802322387695312e-08,1.4247463915804327e-07
ate_linear,86000029,positive_outcome_scaling,0.20917633175849915,0.5229408144950867,0.5229408293962479,1.4901161193847656e-08,2.8494927831608654e-08
ate_linear,86000029,negative_outcome_scaling,0.20917633175849915,-0.3113415241241455,-0.3137644976377487,0.0024229735136032104,0.0077222679170051035
ate_linear,86000029,treatment_recoding,0.20917633175849915,-0.20407366752624512,-0.20917633175849915,0.005102664232254028,0.024394080292722695
ate_linear,86000029,irrelevant_feature_insertion,0.20917633175849915,0.22471016645431519,0.20917633175849915,0.01553383469581604,0.07426191369370773
ate_linear,86000029,near_duplicate_feature,0.20917633175849915,0.20890094339847565,0.20917633175849915,0.00027538836002349854,0.001316536903139899
ate_linear,86000029,near_constant_feature,0.20917633175849915,0.20958055555820465,0.20917633175849915,0.00040422379970550537,0.0019324547682201198
ate_linear,86000030,row_permutation,0.5436249375343323,0.5436249375343323,0.5436249375343323,0.0,0.0
ate_linear,86000030,covariate_permutation,0.5436249375343323,0.5436249375343323,0.5436249375343323,0.0,0.0
ate_linear,86000030,outcome_translation,0.5436249375343323,0.543624997138977,0.5436249375343323,5.960464477539063e-08,1.0964295539077682e-07
ate_linear,86000030,positive_outcome_scaling,0.5436249375343323,1.3590624332427979,1.3590623438358307,8.940696716308594e-08,6.578577323446609e-08
ate_linear,86000030,negative_outcome_scaling,0.5436249375343323,-0.8166238069534302,-0.8154374063014984,0.0011864006519317627,0.0014549254703838115
ate_linear,86000030,treatment_recoding,0.5436249375343323,-0.545627236366272,-0.5436249375343323,0.0020022988319396973,0.0036832358004423656
ate_linear,86000030,irrelevant_feature_insertion,0.5436249375343323,0.584646999835968,0.5436249375343323,0.04102206230163574,0.07546022904632667
ate_linear,86000030,near_duplicate_feature,0.5436249375343323,0.5449586510658264,0.5436249375343323,0.0013337135314941406,0.002453370769824022
ate_linear,86000030,near_constant_feature,0.5436249375343323,0.543796718120575,0.5436249375343323,0.00017178058624267578,0.0003159909974362188
ate_linear,86000031,row_permutation,-0.1921757608652115,-0.1921757459640503,-0.1921757608652115,1.4901161193847656e-08,7.753923349521199e-08
ate_linear,86000031,covariate_permutation,-0.1921757608652115,-0.1921757608652115,-0.1921757608652115,0.0,0.0
ate_linear,86000031,outcome_translation,-0.1921757608652115,-0.19217577576637268,-0.1921757608652115,1.4901161193847656e-08,7.753923349521199e-08
ate_linear,86000031,positive_outcome_scaling,-0.1921757608652115,-0.4804393947124481,-0.4804394021630287,7.450580596923828e-09,1.5507846699042398e-08
ate_linear,86000031,negative_outcome_scaling,-0.1921757608652115,0.28623947501182556,0.28826364129781723,0.0020241662859916687,0.0070219271389152325
ate_linear,86000031,treatment_recoding,-0.1921757608652115,0.18085499107837677,0.1921757608652115,0.011320769786834717,0.05890841662791643
ate_linear,86000031,irrelevant_feature_insertion,-0.1921757608652115,-0.19619852304458618,-0.1921757608652115,0.004022762179374695,0.020932724092067916
ate_linear,86000031,near_duplicate_feature,-0.1921757608652115,-0.19187083840370178,-0.1921757608652115,0.0003049224615097046,0.001586685335012523
ate_linear,86000031,near_constant_feature,-0.1921757608652115,-0.19213294982910156,-0.1921757608652115,4.2811036109924316e-05,0.00022277021783174405
ate_linear,86000032,row_permutation,-0.032330188900232315,-0.03233019635081291,-0.032330188900232315,7.450580596923828e-09,2.3045273938595177e-07
ate_linear,86000032,covariate_permutation,-0.032330188900232315,-0.032330192625522614,-0.032330188900232315,3.725290298461914e-09,1.1522636969297588e-07
ate_linear,86000032,outcome_translation,-0.032330188900232315,-0.03233020007610321,-0.032330188900232315,1.1175870895385742e-08,3.4567910907892765e-07
ate_linear,86000032,positive_outcome_scaling,-0.032330188900232315,-0.08082550019025803,-0.08082547225058079,2.7939677238464355e-08,3.4567910907892765e-07
ate_linear,86000032,negative_outcome_scaling,-0.032330188900232315,0.0062456997111439705,0.04849528335034847,0.0422495836392045,0.8712101614909094
ate_linear,86000032,treatment_recoding,-0.032330188900232315,-0.0007495693280361593,0.032330188900232315,0.033079758228268474,1.0231848112718813
ate_linear,86000032,irrelevant_feature_insertion,-0.032330188900232315,-0.004318871535360813,-0.032330188900232315,0.028011317364871502,0.8664136622062923
ate_linear,86000032,near_duplicate_feature,-0.032330188900232315,-0.03207647427916527,-0.032330188900232315,0.0002537146210670471,0.007847607134309815
ate_linear,86000032,near_constant_feature,-0.032330188900232315,-0.03212263062596321,-0.032330188900232315,0.000207558274269104,0.006419952413813844
ate_linear,86000033,row_permutation,-0.3826761543750763,-0.3826761543750763,-0.3826761543750763,0.0,0.0
ate_linear,86000033,covariate_permutation,-0.3826761543750763,-0.3826761543750763,-0.3826761543750763,0.0,0.0
ate_linear,86000033,outcome_translation,-0.3826761543750763,-0.3826761245727539,-0.3826761543750763,2.9802322387695312e-08,7.787870251901e-08
ate_linear,86000033,positive_outcome_scaling,-0.3826761543750763,-0.9566904902458191,-0.9566903859376907,1.043081283569336e-07,1.09030183526614e-07
ate_linear,86000033,negative_outcome_scaling,-0.3826761543750763,0.5776373147964478,0.5740142315626144,0.003623083233833313,0.006311835203058203
ate_linear,86000033,treatment_recoding,-0.3826761543750763,0.37855473160743713,0.3826761543750763,0.00412142276763916,0.01077000152875893
ate_linear,86000033,irrelevant_feature_insertion,-0.3826761841773987,-0.36389535665512085,-0.3826761841773987,0.018780827522277832,0.049077596931330146
ate_linear,86000033,near_duplicate_feature,-0.3826761543750763,-0.38228583335876465,-0.3826761543750763,0.0003903210163116455,0.0010199773668914738
ate_linear,86000033,near_constant_feature,-0.3826761543750763,-0.38281238079071045,-0.3826761543750763,0.00013622641563415527,0.0003559835492143947
ate_linear,86000034,row_permutation,-1.5757724046707153,-1.5757722854614258,-1.5757724046707153,1.1920928955078125e-07,7.565133720925394e-08
ate_linear,86000034,covariate_permutation,-1.5757724046707153,-1.5757722854614258,-1.5757724046707153,1.1920928955078125e-07,7.565133720925394e-08
ate_linear,86000034,outcome_translation,-1.5757724046707153,-1.5757724046707153,-1.5757724046707153,0.0,0.0
ate_linear,86000034,positive_outcome_scaling,-1.5757724046707153,-3.9394307136535645,-3.9394310116767883,2.980232238769531e-07,7.565133720925394e-08
ate_linear,86000034,negative_outcome_scaling,-1.5757724046707153,2.3666858673095703,2.363658607006073,0.0030272603034973145,0.0012807519218402661
ate_linear,86000034,treatment_recoding,-1.5757724046707153,1.5796369314193726,1.5757724046707153,0.0038645267486572266,0.0024524650496495944
ate_linear,86000034,irrelevant_feature_insertion,-1.5757724046707153,-1.5849363803863525,-1.5757724046707153,0.009163975715637207,0.005815545245286978
ate_linear,86000034,near_duplicate_feature,-1.5757724046707153,-1.5763072967529297,-1.5757724046707153,0.0005348920822143555,0.00033944755005792243
ate_linear,86000034,near_constant_feature,-1.5757724046707153,-1.5763049125671387,-1.5757724046707153,0.0005325078964233398,0.00033793452331373736
ate_linear,86000035,row_permutation,1.0009158849716187,1.0009158849716187,1.0009158849716187,0.0,0.0
ate_linear,86000035,covariate_permutation,1.0009158849716187,1.0009158849716187,1.0009158849716187,0.0,0.0
ate_linear,86000035,outcome_translation,1.0009158849716187,1.0009158849716187,1.0009158849716187,0.0,0.0
ate_linear,86000035,positive_outcome_scaling,1.0009158849716187,2.5022897720336914,2.5022897124290466,5.960464477539063e-08,2.3820041492130276e-08
ate_linear,86000035,negative_outcome_scaling,1.0009158849716187,-1.4932303428649902,-1.501373827457428,0.008143484592437744,0.005424021948103832
ate_linear,86000035,treatment_recoding,1.0009158849716187,-0.9927275776863098,-1.0009158849716187,0.008188307285308838,0.008180814600160952
ate_linear,86000035,irrelevant_feature_insertion,1.0009158849716187,1.0002952814102173,1.0009158849716187,0.0006206035614013672,0.000620035680040151
ate_linear,86000035,near_duplicate_feature,1.0009158849716187,1.0004160404205322,1.0009158849716187,0.0004998445510864258,0.0004993871698825112
ate_linear,86000035,near_constant_feature,1.0009158849716187,1.0012437105178833,1.0009158849716187,0.00032782554626464844,0.00032752557051679126
ate_linear,86000036,row_permutation,0.48102235794067383,0.48102235794067383,0.48102235794067383,0.0,0.0
ate_linear,86000036,covariate_permutation,0.48102235794067383,0.4810223877429962,0.48102235794067383,2.9802322387695312e-08,6.195621034182976e-08
ate_linear,86000036,outcome_translation,0.48102235794067383,0.4810223877429962,0.48102235794067383,2.9802322387695312e-08,6.195621034182976e-08
ate_linear,86000036,positive_outcome_scaling,0.48102235794067383,1.2025558948516846,1.2025558948516846,0.0,0.0
ate_linear,86000036,negative_outcome_scaling,0.48102235794067383,-0.7214381098747253,-0.7215335369110107,9.542703628540039e-05,0.00013225585700969258
ate_linear,86000036,treatment_recoding,0.48102235794067383,-0.4794137179851532,-0.48102235794067383,0.0016086399555206299,0.0033442103656209448
ate_linear,86000036,irrelevant_feature_insertion,0.48102235794067383,0.4689764082431793,0.48102235794067383,0.012045949697494507,0.02504239043911588
ate_linear,86000036,near_duplicate_feature,0.48102235794067383,0.48007333278656006,0.48102235794067383,0.0009490251541137695,0.001972933562125227
ate_linear,86000036,near_constant_feature,0.48102235794067383,0.48113271594047546,0.48102235794067383,0.00011035799980163574,0.0002294238468957956
ate_linear,86000037,row_permutation,0.7835807800292969,0.7835807800292969,0.7835807800292969,0.0,0.0
ate_linear,86000037,covariate_permutation,0.7835807800292969,0.7835807800292969,0.7835807800292969,0.0,0.0
ate_linear,86000037,outcome_translation,0.7835807800292969,0.7835807800292969,0.7835807800292969,0.0,0.0
ate_linear,86000037,positive_outcome_scaling,0.7835807800292969,1.9589518308639526,1.9589519500732422,1.1920928955078125e-07,6.08536056978448e-08
ate_linear,86000037,negative_outcome_scaling,0.7835807800292969,-1.1776096820831299,-1.1753711700439453,0.0022385120391845703,0.0019045150129902164
ate_linear,86000037,treatment_recoding,0.7835807800292969,-0.7820077538490295,-0.7835807800292969,0.001573026180267334,0.002007484384964778
ate_linear,86000037,irrelevant_feature_insertion,0.7835807800292969,0.7678261399269104,0.7835807800292969,0.015754640102386475,0.020105955255560803
ate_linear,86000037,near_duplicate_feature,0.7835807800292969,0.7831228971481323,0.7835807800292969,0.0004578828811645508,0.0005843467487135548
ate_linear,86000037,near_constant_feature,0.7835807800292969,0.7838088274002075,0.7835807800292969,0.00022804737091064453,0.0002910323692499428
ate_linear,86000038,row_permutation,-0.11289855092763901,-0.11289854347705841,-0.11289855092763901,7.450580596923828e-09,6.5993589250753e-08
ate_linear,86000038,covariate_permutation,-0.11289855092763901,-0.11289854347705841,-0.11289855092763901,7.450580596923828e-09,6.5993589250753e-08
ate_linear,86000038,outcome_translation,-0.11289855092763901,-0.11289855092763901,-0.11289855092763901,0.0,0.0
ate_linear,86000038,positive_outcome_scaling,-0.11289855092763901,-0.28224632143974304,-0.2822463773190975,5.587935447692871e-08,1.9798076775225902e-07
ate_linear,86000038,negative_outcome_scaling,-0.11289855092763901,0.1738939732313156,0.1693478263914585,0.0045461468398571014,0.026845026220462892
ate_linear,86000038,treatment_recoding,-0.11289855092763901,0.11387843638658524,0.11289855092763901,0.000979885458946228,0.008679344871080533
ate_linear,86000038,irrelevant_feature_insertion,-0.11289855092763901,-0.09010661393404007,-0.11289855092763901,0.022791936993598938,0.201879800992372
ate_linear,86000038,near_duplicate_feature,-0.11289855092763901,-0.11311183124780655,-0.11289855092763901,0.0002132803201675415,0.0018891324858920555
ate_linear,86000038,near_constant_feature,-0.11289855092763901,-0.11290937662124634,-0.11289855092763901,1.0825693607330322e-05,9.588868518134412e-05
ate_linear,86000039,row_permutation,1.3199697732925415,1.3199697732925415,1.3199697732925415,0.0,0.0
ate_linear,86000039,covariate_permutation,1.3199697732925415,1.3199697732925415,1.3199697732925415,0.0,0.0
ate_linear,86000039,outcome_translation,1.3199697732925415,1.319969892501831,1.3199697732925415,1.1920928955078125e-07,9.031213590097961e-08
ate_linear,86000039,positive_outcome_scaling,1.3199697732925415,3.299924612045288,3.2999244332313538,1.7881393432617188e-07,5.4187281540587764e-08
ate_linear,86000039,negative_outcome_scaling,1.3199697732925415,-1.986086368560791,-1.9799546599388123,0.00613170862197876,0.0030968934521804917
ate_linear,86000039,treatment_recoding,1.3199697732925415,-1.3280490636825562,-1.3199697732925415,0.008079290390014648,0.006120814698552992
ate_linear,86000039,irrelevant_feature_insertion,1.3199697732925415,1.2891969680786133,1.3199697732925415,0.030772805213928223,0.023313265073614777
ate_linear,86000039,near_duplicate_feature,1.3199697732925415,1.3206831216812134,1.3199697732925415,0.000713348388671875,0.000540427821231462
ate_linear,86000039,near_constant_feature,1.3199697732925415,1.320277452468872,1.3199697732925415,0.0003076791763305664,0.00023309562276042835
ate_linear,86000040,row_permutation,-1.4788622856140137,-1.4788625240325928,-1.4788622856140137,2.384185791015625e-07,1.6121756665298466e-07
ate_linear,86000040,covariate_permutation,-1.4788622856140137,-1.4788625240325928,-1.4788622856140137,2.384185791015625e-07,1.6121756665298466e-07
ate_linear,86000040,outcome_translation,-1.4788622856140137,-1.4788622856140137,-1.4788622856140137,0.0,0.0
ate_linear,86000040,positive_outcome_scaling,-1.4788622856140137,-3.6971559524536133,-3.697155714035034,2.384185791015625e-07,6.448702666119387e-08
ate_linear,86000040,negative_outcome_scaling,-1.4788622856140137,2.2178075313568115,2.2182934284210205,0.0004858970642089844,0.00021904093389252184
ate_linear,86000040,treatment_recoding,-1.4788622856140137,1.4819129705429077,1.4788622856140137,0.003050684928894043,0.0020628593741082654
ate_linear,86000040,irrelevant_feature_insertion,-1.4788622856140137,-1.4685403108596802,-1.4788622856140137,0.010321974754333496,0.0069796727218909916
ate_linear,86000040,near_duplicate_feature,-1.4788625240325928,-1.4783508777618408,-1.4788625240325928,0.0005116462707519531,0.00034597284226040536
ate_linear,86000040,near_constant_feature,-1.4788622856140137,-1.4789408445358276,-1.4788622856140137,7.855892181396484e-05,5.3121188212158446e-05
ate_linear,86000041,row_permutation,-1.1992568969726562,-1.1992568969726562,-1.1992568969726562,0.0,0.0
ate_linear,86000041,covariate_permutation,-1.1992568969726562,-1.1992570161819458,-1.1992568969726562,1.1920928955078125e-07,9.94026299550223e-08
ate_linear,86000041,outcome_translation,-1.1992568969726562,-1.1992570161819458,-1.1992568969726562,1.1920928955078125e-07,9.94026299550223e-08
ate_linear,86000041,positive_outcome_scaling,-1.1992568969726562,-2.9981424808502197,-2.9981422424316406,2.384185791015625e-07,7.952210396401784e-08
ate_linear,86000041,negative_outcome_scaling,-1.1992568969726562,1.7899373769760132,1.7988853454589844,0.008947968482971191,0.004974173871369286
ate_linear,86000041,treatment_recoding,-1.1992568969726562,1.1919361352920532,1.1992568969726562,0.007320761680603027,0.006104414908167874
ate_linear,86000041,irrelevant_feature_insertion,-1.1992568969726562,-1.2157694101333618,-1.1992568969726562,0.016512513160705566,0.013768954093479824
ate_linear,86000041,near_duplicate_feature,-1.1992568969726562,-1.1983915567398071,-1.1992568969726562,0.0008653402328491211,0.0007215636908435069
ate_linear,86000041,near_constant_feature,-1.1992568969726562,-1.199278712272644,-1.1992568969726562,2.181529998779297e-05,1.819068128176908e-05
ate_linear,86000042,row_permutation,1.1551142930984497,1.1551142930984497,1.1551142930984497,0.0,0.0
ate_linear,86000042,covariate_permutation,1.1551142930984497,1.1551141738891602,1.1551142930984497,1.1920928955078125e-07,1.0320129381398028e-07
ate_linear,86000042,outcome_translation,1.1551142930984497,1.1551145315170288,1.1551142930984497,2.384185791015625e-07,2.0640258762796056e-07
ate_linear,86000042,positive_outcome_scaling,1.1551142930984497,2.8877859115600586,2.8877857327461243,1.7881393432617188e-07,6.192077628838817e-08
ate_linear,86000042,negative_outcome_scaling,1.1551142930984497,-1.7292509078979492,-1.7326714396476746,0.003420531749725342,0.001974137549367629
ate_linear,86000042,treatment_recoding,1.1551141738891602,-1.1570805311203003,-1.1551141738891602,0.0019663572311401367,0.0017023055171417366
ate_linear,86000042,irrelevant_feature_insertion,1.1551142930984497,1.1340539455413818,1.1551142930984497,0.02106034755706787,0.018232262974234456
ate_linear,86000042,near_duplicate_feature,1.1551142930984497,1.1555284261703491,1.1551142930984497,0.00041413307189941406,0.00035852129470976754
ate_linear,86000042,near_constant_feature,1.1551142930984497,1.155187964439392,1.1551142930984497,7.367134094238281e-05,6.377839957703982e-05
ate_linear,86000043,row_permutation,0.29958370327949524,0.29958370327949524,0.29958370327949524,0.0,0.0
ate_linear,86000043,covariate_permutation,0.29958370327949524,0.2995837330818176,0.29958370327949524,2.9802322387695312e-08,9.947911739341634e-08
ate_linear,86000043,outcome_translation,0.29958370327949524,0.2995837330818176,0.29958370327949524,2.9802322387695312e-08,9.947911739341634e-08
ate_linear,86000043,positive_outcome_scaling,0.29958370327949524,0.7489593029022217,0.7489592581987381,4.470348358154297e-08,5.96874704360498e-08
ate_linear,86000043,negative_outcome_scaling,0.29958370327949524,-0.44849610328674316,-0.44937555491924286,0.0008794516324996948,0.0019570526764806796
ate_linear,86000043,treatment_recoding,0.29958370327949524,-0.2961653470993042,-0.29958370327949524,0.00341835618019104,0.011410354244142247
ate_linear,86000043,irrelevant_feature_insertion,0.29958370327949524,0.3067757487297058,0.29958370327949524,0.007192045450210571,0.024006798004966197
ate_linear,86000043,near_duplicate_feature,0.29958370327949524,0.3008490204811096,0.29958370327949524,0.0012653172016143799,0.004223584887172277
ate_linear,86000043,near_constant_feature,0.29958370327949524,0.29965683817863464,0.29958370327949524,7.31348991394043e-05,0.00024412175408344367
ate_linear,86000044,row_permutation,-1.216566801071167,-1.2165669202804565,-1.216566801071167,1.1920928955078125e-07,9.79882809935463e-08
ate_linear,86000044,covariate_permutation,-1.216566801071167,-1.2165669202804565,-1.216566801071167,1.1920928955078125e-07,9.79882809935463e-08
ate_linear,86000044,outcome_translation,-1.216566801071167,-1.2165669202804565,-1.216566801071167,1.1920928955078125e-07,9.79882809935463e-08
ate_linear,86000044,positive_outcome_scaling,-1.216566801071167,-3.041417360305786,-3.0414170026779175,3.5762786865234375e-07,1.1758593719225556e-07
ate_linear,86000044,negative_outcome_scaling,-1.216566801071167,1.8245179653167725,1.8248502016067505,0.00033223628997802734,0.00018206222608600902
ate_linear,86000044,treatment_recoding,-1.216566801071167,1.2186224460601807,1.216566801071167,0.002055644989013672,0.0016897099174527123
ate_linear,86000044,irrelevant_feature_insertion,-1.216566801071167,-1.1989507675170898,-1.216566801071167,0.01761603355407715,0.01448012023554031
ate_linear,86000044,near_duplicate_feature,-1.216567039489746,-1.2164134979248047,-1.216567039489746,0.00015354156494140625,0.000126208881185705
ate_linear,86000044,near_constant_feature,-1.216566801071167,-1.2164223194122314,-1.216566801071167,0.00014448165893554688,0.00011876179656417811
ate_linear,86000045,row_permutation,0.2140030711889267,0.2140030413866043,0.2140030711889267,2.9802322387695312e-08,1.3926119014144968e-07
ate_linear,86000045,covariate_permutation,0.2140030711889267,0.2140030413866043,0.2140030711889267,2.9802322387695312e-08,1.3926119014144968e-07
ate_linear,86000045,outcome_translation,0.2140030711889267,0.21400301158428192,0.2140030711889267,5.960464477539063e-08,2.7852238028289936e-07
ate_linear,86000045,positive_outcome_scaling,0.2140030711889267,0.535007655620575,0.5350076779723167,2.2351741790771484e-08,4.1778357042434905e-08
ate_linear,86000045,negative_outcome_scaling,0.2140030711889267,-0.32220393419265747,-0.32100460678339005,0.0011993274092674255,0.0037361688397098826
ate_linear,86000045,treatment_recoding,0.2140030711889267,-0.21568457782268524,-0.2140030711889267,0.001681506633758545,0.007857394870160874
ate_linear,86000045,irrelevant_feature_insertion,0.2140030711889267,0.23505941033363342,0.2140030711889267,0.021056339144706726,0.09839269608480394
ate_linear,86000045,near_duplicate_feature,0.2140030711889267,0.21464549005031586,0.2140030711889267,0.0006424188613891602,0.0030019142146890895
ate_linear,86000045,near_constant_feature,0.2140030711889267,0.21416936814785004,0.2140030711889267,0.00016629695892333984,0.0007770774409892892
ate_linear,86000046,row_permutation,0.07312265783548355,0.07312265783548355,0.07312265783548355,0.0,0.0
ate_linear,86000046,covariate_permutation,0.07312264293432236,0.07312264293432236,0.07312264293432236,0.0,0.0
ate_linear,86000046,outcome_translation,0.07312265783548355,0.07312265038490295,0.07312265783548355,7.450580596923828e-09,1.0189154521279387e-07
ate_linear,86000046,positive_outcome_scaling,0.07312265783548355,0.1828065663576126,0.18280664458870888,7.82310962677002e-08,4.2794448989373425e-07
ate_linear,86000046,negative_outcome_scaling,0.07312265783548355,-0.09640579670667648,-0.10968398675322533,0.013278190046548843,0.12105860152971136
ate_linear,86000046,treatment_recoding,0.07312265783548355,-0.06332693248987198,-0.07312265783548355,0.009795725345611572,0.13396292798397286
ate_linear,86000046,irrelevant_feature_insertion,0.07312265783548355,0.08533520251512527,0.07312265783548355,0.012212544679641724,0.16701450742009893
ate_linear,86000046,near_duplicate_feature,0.07312265783548355,0.07236810773611069,0.07312265783548355,0.0007545500993728638,0.010318964349880486
ate_linear,86000046,near_constant_feature,0.07312265783548355,0.07280367612838745,0.07312265783548355,0.00031898170709609985,0.004362282725195344
ate_linear,86000047,row_permutation,-1.5276731252670288,-1.5276731252670288,-1.5276731252670288,0.0,0.0
ate_linear,86000047,covariate_permutation,-1.5276731252670288,-1.5276732444763184,-1.5276731252670288,1.1920928955078125e-07,7.803324387862365e-08
ate_linear,86000047,outcome_translation,-1.5276731252670288,-1.5276731252670288,-1.5276731252670288,0.0,0.0
ate_linear,86000047,positive_outcome_scaling,-1.5276731252670288,-3.8191826343536377,-3.819182813167572,1.7881393432617188e-07,4.681994632717419e-08
ate_linear,86000047,negative_outcome_scaling,-1.5276731252670288,2.2777788639068604,2.291509687900543,0.013730823993682861,0.0059920427420330465
ate_linear,86000047,treatment_recoding,-1.5276731252670288,1.51668119430542,1.5276731252670288,0.010991930961608887,0.007195211318316252
ate_linear,86000047,irrelevant_feature_insertion,-1.5276731252670288,-1.4703214168548584,-1.5276731252670288,0.05735170841217041,0.03754187166324972
ate_linear,86000047,near_duplicate_feature,-1.5276731252670288,-1.5271059274673462,-1.5276731252670288,0.0005671977996826172,0.00037128217437449137
ate_linear,86000047,near_constant_feature,-1.5276732444763184,-1.5278671979904175,-1.5276732444763184,0.0001939535140991211,0.00012696007788341398
ate_linear,86000048,row_permutation,0.8189480304718018,0.8189480304718018,0.8189480304718018,0.0,0.0
ate_linear,86000048,covariate_permutation,0.8189480304718018,0.8189480304718018,0.8189480304718018,0.0,0.0
ate_linear,86000048,outcome_translation,0.8189480304718018,0.8189480304718018,0.8189480304718018,0.0,0.0
ate_linear,86000048,positive_outcome_scaling,0.8189480304718018,2.047370195388794,2.0473700761795044,1.1920928955078125e-07,5.82255699337131e-08
ate_linear,86000048,negative_outcome_scaling,0.8189480304718018,-1.2519663572311401,-1.2284220457077026,0.0235443115234375,0.019166304940313454
ate_linear,86000048,treatment_recoding,0.8189480304718018,-0.8383719325065613,-0.8189480304718018,0.01942390203475952,0.023718113130535613
ate_linear,86000048,irrelevant_feature_insertion,0.8189480304718018,0.8172434568405151,0.8189480304718018,0.001704573631286621,0.002081418561205409
ate_linear,86000048,near_duplicate_feature,0.8189480304718018,0.819757342338562,0.8189480304718018,0.0008093118667602539,0.0009882334856999456
ate_linear,86000048,near_constant_feature,0.8189480304718018,0.8196200728416443,0.8189480304718018,0.0006720423698425293,0.000820616626253269
ate_linear,86000049,row_permutation,0.2566051781177521,0.25660520792007446,0.2566051781177521,2.9802322387695312e-08,1.1614076772067123e-07
ate_linear,86000049,covariate_permutation,0.2566051781177521,0.2566051781177521,0.2566051781177521,0.0,0.0
ate_linear,86000049,outcome_translation,0.2566051781177521,0.25660520792007446,0.2566051781177521,2.9802322387695312e-08,1.1614076772067123e-07
ate_linear,86000049,positive_outcome_scaling,0.2566051781177521,0.6415129899978638,0.6415129452943802,4.470348358154297e-08,6.968446063240274e-08
ate_linear,86000049,negative_outcome_scaling,0.2566051781177521,-0.5542158484458923,-0.3849077671766281,0.16930808126926422,0.43986662703943674
ate_linear,86000049,treatment_recoding,0.2566051781177521,-0.36992377042770386,-0.2566051781177521,0.11331859230995178,0.4416068028757848
ate_linear,86000049,irrelevant_feature_insertion,0.25660520792007446,0.23768514394760132,0.25660520792007446,0.018920063972473145,0.0737321901056904
ate_linear,86000049,near_duplicate_feature,0.2566051781177521,0.2577293813228607,0.2566051781177521,0.0011242032051086426,0.00438106203995916
ate_linear,86000049,near_constant_feature,0.2566051781177521,0.2574554681777954,0.2566051781177521,0.000850290060043335,0.0033136122438384708
ate_nonlinear,86100000,row_permutation,0.40122029185295105,0.40122026205062866,0.40122029185295105,2.9802322387695312e-08,7.427920021208197e-08
ate_nonlinear,86100000,covariate_permutation,0.40122029185295105,0.40122029185295105,0.40122029185295105,0.0,0.0
ate_nonlinear,86100000,outcome_translation,0.40122029185295105,0.40122029185295105,0.40122029185295105,0.0,0.0
ate_nonlinear,86100000,positive_outcome_scaling,0.40122029185295105,1.0030508041381836,1.0030507296323776,7.450580596923828e-08,7.427920021208197e-08
ate_nonlinear,86100000,negative_outcome_scaling,0.40122029185295105,-0.6133878231048584,-0.6018304377794266,0.011557385325431824,0.019203723507363806
ate_nonlinear,86100000,treatment_recoding,0.40122029185295105,-0.407073438167572,-0.40122029185295105,0.005853146314620972,0.014588360642452688
ate_nonlinear,86100000,irrelevant_feature_insertion,0.40122029185295105,0.38141247630119324,0.40122029185295105,0.019807815551757812,0.04936892762895816
ate_nonlinear,86100000,near_duplicate_feature,0.40122029185295105,0.4027229845523834,0.40122029185295105,0.001502692699432373,0.003745305833093597
ate_nonlinear,86100000,near_constant_feature,0.40122029185295105,0.40139031410217285,0.40122029185295105,0.00017002224922180176,0.00042376283720992763
ate_nonlinear,86100001,row_permutation,1.4249963760375977,1.424996256828308,1.4249963760375977,1.1920928955078125e-07,8.365585453786164e-08
ate_nonlinear,86100001,covariate_permutation,1.4249963760375977,1.4249963760375977,1.4249963760375977,0.0,0.0
ate_nonlinear,86100001,outcome_translation,1.4249963760375977,1.4249961376190186,1.4249963760375977,2.384185791015625e-07,1.6731170907572328e-07
ate_nonlinear,86100001,positive_outcome_scaling,1.4249963760375977,3.562490463256836,3.562490940093994,4.76837158203125e-07,1.3384936726057863e-07
ate_nonlinear,86100001,negative_outcome_scaling,1.424996256828308,-2.156501293182373,-2.137494385242462,0.01900690793991089,0.008892144031412218
ate_nonlinear,86100001,treatment_recoding,1.4249963760375977,-1.4330030679702759,-1.4249963760375977,0.008006691932678223,0.005618745470035477
ate_nonlinear,86100001,irrelevant_feature_insertion,1.4249963760375977,1.5125077962875366,1.4249963760375977,0.08751142024993896,0.06141167916038969
ate_nonlinear,86100001,near_duplicate_feature,1.4249963760375977,1.4273195266723633,1.4249963760375977,0.002323150634765625,0.0016302852932338476
ate_nonlinear,86100001,near_constant_feature,1.4249963760375977,1.4248747825622559,1.4249963760375977,0.00012159347534179688,8.532897162861886e-05
ate_nonlinear,86100002,row_permutation,-0.09581906348466873,-0.09581907093524933,-0.09581906348466873,7.450580596923828e-09,7.775676703536074e-08
ate_nonlinear,86100002,covariate_permutation,-0.09581906348466873,-0.09581906348466873,-0.09581906348466873,0.0,0.0
ate_nonlinear,86100002,outcome_translation,-0.09581906348466873,-0.09581908583641052,-0.09581906348466873,2.2351741790771484e-08,2.3327030110608222e-07
ate_nonlinear,86100002,positive_outcome_scaling,-0.09581906348466873,-0.23954766988754272,-0.23954765871167183,1.1175870895385742e-08,4.6654060221216446e-08
ate_nonlinear,86100002,negative_outcome_scaling,-0.09581906348466873,0.14209772646427155,0.1437285952270031,0.0016308687627315521,0.011346863581013777
ate_nonlinear,86100002,treatment_recoding,-0.09581906348466873,0.09607506543397903,0.09581906348466873,0.00025600194931030273,0.0026717225153349952
ate_nonlinear,86100002,irrelevant_feature_insertion,-0.09581906348466873,-0.3190120756626129,-0.09581906348466873,0.22319301217794418,2.3293174036673356
ate_nonlinear,86100002,near_duplicate_feature,-0.09581906348466873,-0.09354275465011597,-0.09581906348466873,0.002276308834552765,0.02375632522141045
ate_nonlinear,86100002,near_constant_feature,-0.09581906348466873,-0.0955420732498169,-0.09581906348466873,0.00027699023485183716,0.0028907633280736062
ate_nonlinear,86100003,row_permutation,-1.024289846420288,-1.024289846420288,-1.024289846420288,0.0,0.0
ate_nonlinear,86100003,covariate_permutation,-1.024289846420288,-1.0242897272109985,-1.024289846420288,1.1920928955078125e-07,1.1638237942843682e-07
ate_nonlinear,86100003,outcome_translation,-1.024289608001709,-1.0242897272109985,-1.024289608001709,1.1920928955078125e-07,1.1638240651815961e-07
ate_nonlinear,86100003,positive_outcome_scaling,-1.024289846420288,-2.5607242584228516,-2.56072461605072,3.5762786865234375e-07,1.3965885531412418e-07
ate_nonlinear,86100003,negative_outcome_scaling,-1.024289846420288,1.492026448249817,1.5364347696304321,0.044408321380615234,0.028903486342799333
ate_nonlinear,86100003,treatment_recoding,-1.024289846420288,0.996063232421875,1.024289846420288,0.028226613998413086,0.027557252565824128
ate_nonlinear,86100003,irrelevant_feature_insertion,-1.024289846420288,-0.9797196388244629,-1.024289846420288,0.044570207595825195,0.043513276785462816
ate_nonlinear,86100003,near_duplicate_feature,-1.024289846420288,-1.0236105918884277,-1.024289846420288,0.0006792545318603516,0.0006631467979832331
ate_nonlinear,86100003,near_constant_feature,-1.024289846420288,-1.0233814716339111,-1.024289846420288,0.0009083747863769531,0.0008868337312446886
ate_nonlinear,86100004,row_permutation,0.002619576407596469,0.002619576407596469,0.002619576407596469,0.0,0.0
ate_nonlinear,86100004,covariate_permutation,0.002619576407596469,0.0026195708196610212,0.002619576407596469,5.587935447692871e-09,2.133144668538205e-06
ate_nonlinear,86100004,outcome_translation,0.002619576407596469,0.002619680482894182,0.002619576407596469,1.0407529771327972e-07,3.9729819451524064e-05
ate_nonlinear,86100004,positive_outcome_scaling,0.002619576407596469,0.006548941135406494,0.006548941018991172,1.1641532182693481e-10,1.7776205571151708e-08
ate_nonlinear,86100004,negative_outcome_scaling,0.002619576407596469,-0.037549763917922974,-0.003929364611394703,0.03362039930652827,8.556192318990453
ate_nonlinear,86100004,treatment_recoding,0.002619576407596469,-0.029679426923394203,-0.002619576407596469,0.027059850515797734,10.329857314841933
ate_nonlinear,86100004,irrelevant_feature_insertion,0.002619576407596469,-0.05324584245681763,0.002619576407596469,0.055865418864414096,21.326126889221797
ate_nonlinear,86100004,near_duplicate_feature,0.002619576407596469,0.005010982044041157,0.002619576407596469,0.002391405636444688,0.9128978370357466
ate_nonlinear,86100004,near_constant_feature,0.002619576407596469,0.0018605784280225635,0.002619576407596469,0.0007589979795739055,0.28974072959769337
ate_nonlinear,86100005,row_permutation,-0.3143155574798584,-0.3143155574798584,-0.3143155574798584,0.0,0.0
ate_nonlinear,86100005,covariate_permutation,-0.314315527677536,-0.3143155574798584,-0.314315527677536,2.9802322387695312e-08,9.481657685798534e-08
ate_nonlinear,86100005,outcome_translation,-0.314315527677536,-0.3143154978752136,-0.314315527677536,2.9802322387695312e-08,9.481657685798534e-08
ate_nonlinear,86100005,positive_outcome_scaling,-0.314315527677536,-0.7857887744903564,-0.78578881919384,4.470348358154297e-08,5.6889946114791207e-08
ate_nonlinear,86100005,negative_outcome_scaling,-0.314315527677536,0.4482521116733551,0.471473291516304,0.023221179842948914,0.049252376032303626
ate_nonlinear,86100005,treatment_recoding,-0.314315527677536,0.27576112747192383,0.314315527677536,0.03855440020561218,0.12266145580044675
ate_nonlinear,86100005,irrelevant_feature_insertion,-0.314315527677536,-0.38324490189552307,-0.314315527677536,0.06892937421798706,0.21929993318275828
ate_nonlinear,86100005,near_duplicate_feature,-0.314315527677536,-0.29446929693222046,-0.314315527677536,0.019846230745315552,0.06314110821046132
ate_nonlinear,86100005,near_constant_feature,-0.314315527677536,-0.314204603433609,-0.314315527677536,0.00011092424392700195,0.0003529072990654214
ate_nonlinear,86100006,row_permutation,-1.0529427528381348,-1.0529427528381348,-1.0529427528381348,0.0,0.0
ate_nonlinear,86100006,covariate_permutation,-1.0529426336288452,-1.0529427528381348,-1.0529426336288452,1.1920928955078125e-07,1.1321536971101663e-07
ate_nonlinear,86100006,outcome_translation,-1.0529426336288452,-1.0529427528381348,-1.0529426336288452,1.1920928955078125e-07,1.1321536971101663e-07
ate_nonlinear,86100006,positive_outcome_scaling,-1.0529426336288452,-2.632357120513916,-2.632356584072113,5.364418029785156e-07,2.0378766547982995e-07
ate_nonlinear,86100006,negative_outcome_scaling,-1.0529426336288452,1.5734963417053223,1.5794139504432678,0.005917608737945557,0.003746711706759814
ate_nonlinear,86100006,treatment_recoding,-1.0529426336288452,1.04947030544281,1.0529426336288452,0.0034723281860351562,0.0032977372889424926
ate_nonlinear,86100006,irrelevant_feature_insertion,-1.0529426336288452,-1.0315148830413818,-1.0529426336288452,0.02142775058746338,0.020350349490185528
ate_nonlinear,86100006,near_duplicate_feature,-1.0529427528381348,-1.053228497505188,-1.0529427528381348,0.00028574466705322266,0.0002713772104732357
ate_nonlinear,86100006,near_constant_feature,-1.0529426336288452,-1.0533939599990845,-1.0529426336288452,0.0004513263702392578,0.000428633389725909
ate_nonlinear,86100007,row_permutation,-0.1083701103925705,-0.10837011784315109,-0.1083701103925705,7.450580596923828e-09,6.87512504133669e-08
ate_nonlinear,86100007,covariate_permutation,-0.1083701103925705,-0.10837011784315109,-0.1083701103925705,7.450580596923828e-09,6.87512504133669e-08
ate_nonlinear,86100007,outcome_translation,-0.1083701103925705,-0.1083700880408287,-0.1083701103925705,2.2351741790771484e-08,2.0625375124010069e-07
ate_nonlinear,86100007,positive_outcome_scaling,-0.1083701103925705,-0.2709253430366516,-0.27092527598142624,6.705522537231445e-08,2.475045014881208e-07
ate_nonlinear,86100007,negative_outcome_scaling,-0.1083701103925705,0.14980550110340118,0.16255516558885574,0.01274966448545456,0.07843284733074417
ate_nonlinear,86100007,treatment_recoding,-0.1083701103925705,0.10406922549009323,0.1083701103925705,0.004300884902477264,0.03968700305736811
ate_nonlinear,86100007,irrelevant_feature_insertion,-0.1083701103925705,-0.05303645879030228,-0.1083701103925705,0.05533365160226822,0.5105988302662254
ate_nonlinear,86100007,near_duplicate_feature,-0.1083701103925705,-0.10802972316741943,-0.1083701103925705,0.000340387225151062,0.00314096962638508
ate_nonlinear,86100007,near_constant_feature,-0.1083701103925705,-0.1081814244389534,-0.1083701103925705,0.00018868595361709595,0.0017411254167185165
ate_nonlinear,86100008,row_permutation,-0.9906213283538818,-0.9906213283538818,-0.9906213283538818,0.0,0.0
ate_nonlinear,86100008,covariate_permutation,-0.9906213283538818,-0.9906213283538818,-0.9906213283538818,0.0,0.0
ate_nonlinear,86100008,outcome_translation,-0.9906213283538818,-0.9906213283538818,-0.9906213283538818,0.0,0.0
ate_nonlinear,86100008,positive_outcome_scaling,-0.9906213283538818,-2.476553201675415,-2.4765533208847046,1.1920928955078125e-07,4.813515967756182e-08
ate_nonlinear,86100008,negative_outcome_scaling,-0.9906213283538818,1.4849156141281128,1.4859319925308228,0.001016378402709961,0.0006840006190181535
ate_nonlinear,86100008,treatment_recoding,-0.9906212091445923,0.997087299823761,0.9906212091445923,0.006466090679168701,0.006527308944608819
ate_nonlinear,86100008,irrelevant_feature_insertion,-0.9906213283538818,-0.990939736366272,-0.9906213283538818,0.0003184080123901367,0.00032142252874691905
ate_nonlinear,86100008,near_duplicate_feature,-0.9906213283538818,-0.9905639886856079,-0.9906213283538818,5.733966827392578e-05,5.788252951226809e-05
ate_nonlinear,86100008,near_constant_feature,-0.9906213283538818,-0.990827202796936,-0.9906213283538818,0.00020587444305419922,0.00020782355190787315
ate_nonlinear,86100009,row_permutation,1.172528862953186,1.1725287437438965,1.172528862953186,1.1920928955078125e-07,1.0166853313148741e-07
ate_nonlinear,86100009,covariate_permutation,1.172528862953186,1.1725287437438965,1.172528862953186,1.1920928955078125e-07,1.0166853313148741e-07
ate_nonlinear,86100009,outcome_translation,1.172528862953186,1.172528862953186,1.172528862953186,0.0,0.0
ate_nonlinear,86100009,positive_outcome_scaling,1.172528862953186,2.931321859359741,2.931322157382965,2.980232238769531e-07,1.0166853313148741e-07
ate_nonlinear,86100009,negative_outcome_scaling,1.172528862953186,-1.776510238647461,-1.758793294429779,0.017716944217681885,0.010073352152178815
ate_nonlinear,86100009,treatment_recoding,1.172528862953186,-1.1839518547058105,-1.172528862953186,0.011422991752624512,0.009742183850258518
ate_nonlinear,86100009,irrelevant_feature_insertion,1.172528862953186,1.1444584131240845,1.172528862953186,0.028070449829101562,0.023940092833537603
ate_nonlinear,86100009,near_duplicate_feature,1.172528862953186,1.1719589233398438,1.172528862953186,0.0005699396133422852,0.0004860772569016413
ate_nonlinear,86100009,near_constant_feature,1.172528862953186,1.1731232404708862,1.172528862953186,0.0005943775177001953,0.0005069193061935962
ate_nonlinear,86100010,row_permutation,-0.8763812780380249,-0.8763812184333801,-0.8763812780380249,5.960464477539063e-08,6.801222968709342e-08
ate_nonlinear,86100010,covariate_permutation,-0.8763812780380249,-0.8763812184333801,-0.8763812780380249,5.960464477539063e-08,6.801222968709342e-08
ate_nonlinear,86100010,outcome_translation,-0.8763812780380249,-0.8763813376426697,-0.8763812780380249,5.960464477539063e-08,6.801222968709342e-08
ate_nonlinear,86100010,positive_outcome_scaling,-0.8763812184333801,-2.190953254699707,-2.1909530460834503,2.086162567138672e-07,9.521712803785996e-08
ate_nonlinear,86100010,negative_outcome_scaling,-0.8763812780380249,1.294851541519165,1.3145719170570374,0.019720375537872314,0.015001366819109279
ate_nonlinear,86100010,treatment_recoding,-0.8763812780380249,0.8716306686401367,0.8763812780380249,0.004750609397888184,0.005420710730520719
ate_nonlinear,86100010,irrelevant_feature_insertion,-0.8763812780380249,-0.9169827103614807,-0.8763812780380249,0.04060143232345581,0.046328502606024606
ate_nonlinear,86100010,near_duplicate_feature,-0.8763813376426697,-0.8778684139251709,-0.8763813376426697,0.0014870762825012207,0.0016968370030576256
ate_nonlinear,86100010,near_constant_feature,-0.8763812780380249,-0.8766601085662842,-0.8763812780380249,0.00027883052825927734,0.000318161210476223
ate_nonlinear,86100011,row_permutation,-0.06203067675232887,-0.06203068047761917,-0.06203067675232887,3.725290298461914e-09,6.005561269847103e-08
ate_nonlinear,86100011,covariate_permutation,-0.06203067675232887,-0.06203068420290947,-0.06203067675232887,7.450580596923828e-09,1.2011122539694206e-07
ate_nonlinear,86100011,outcome_translation,-0.06203067675232887,-0.06203068420290947,-0.06203067675232887,7.450580596923828e-09,1.2011122539694206e-07
ate_nonlinear,86100011,positive_outcome_scaling,-0.06203067675232887,-0.15507669746875763,-0.15507669188082218,5.587935447692871e-09,3.603336761908262e-08
ate_nonlinear,86100011,negative_outcome_scaling,-0.06203067675232887,0.06944490969181061,0.09304601512849331,0.0236011054366827,0.25364982481077125
ate_nonlinear,86100011,treatment_recoding,-0.06203067675232887,0.04753711447119713,0.06203067675232887,0.014493562281131744,0.23365152598609365
ate_nonlinear,86100011,irrelevant_feature_insertion,-0.06203067675232887,0.00521464180201292,-0.06203067675232887,0.06724531855434179,1.0840655313633532
ate_nonlinear,86100011,near_duplicate_feature,-0.06203067675232887,-0.06248527765274048,-0.06203067675232887,0.00045460090041160583,0.00732864647320712
ate_nonlinear,86100011,near_constant_feature,-0.06203067675232887,-0.06257060170173645,-0.06203067675232887,0.0005399249494075775,0.0087041602264529
ate_nonlinear,86100012,row_permutation,0.1497696191072464,0.1497696042060852,0.1497696191072464,1.4901161193847656e-08,9.949388455863866e-08
ate_nonlinear,86100012,covariate_permutation,0.1497696042060852,0.1497696042060852,0.1497696042060852,0.0,0.0
ate_nonlinear,86100012,outcome_translation,0.1497696191072464,0.149769589304924,0.1497696191072464,2.9802322387695312e-08,1.9898776911727731e-07
ate_nonlinear,86100012,positive_outcome_scaling,0.1497696191072464,0.37442395091056824,0.374424047768116,9.685754776000977e-08,2.586840998524605e-07
ate_nonlinear,86100012,negative_outcome_scaling,0.1497696191072464,-0.23040786385536194,-0.2246544286608696,0.00575343519449234,0.02561015702556001
ate_nonlinear,86100012,treatment_recoding,0.1497696191072464,-0.1509932279586792,-0.1497696191072464,0.0012236088514328003,0.008169940330532614
ate_nonlinear,86100012,irrelevant_feature_insertion,0.1497696191072464,0.1814110279083252,0.1497696191072464,0.031641408801078796,0.21126720485561995
ate_nonlinear,86100012,near_duplicate_feature,0.1497696191072464,0.15054595470428467,0.1497696191072464,0.000776335597038269,0.005183531891620515
ate_nonlinear,86100012,near_constant_feature,0.1497696191072464,0.14946365356445312,0.1497696191072464,0.0003059655427932739,0.0020429079316425275
ate_nonlinear,86100013,row_permutation,1.1673542261123657,1.1673542261123657,1.1673542261123657,0.0,0.0
ate_nonlinear,86100013,covariate_permutation,1.1673542261123657,1.1673542261123657,1.1673542261123657,0.0,0.0
ate_nonlinear,86100013,outcome_translation,1.1673542261123657,1.1673543453216553,1.1673542261123657,1.1920928955078125e-07,1.021192084495067e-07
ate_nonlinear,86100013,positive_outcome_scaling,1.1673542261123657,2.918386220932007,2.9183855652809143,6.556510925292969e-07,2.2466225858891473e-07
ate_nonlinear,86100013,negative_outcome_scaling,1.1673542261123657,-1.7521182298660278,-1.7510313391685486,0.001086890697479248,0.0006207145886922516
ate_nonlinear,86100013,treatment_recoding,1.1673542261123657,-1.1721718311309814,-1.1673542261123657,0.004817605018615723,0.0041269435710699146
ate_nonlinear,86100013,irrelevant_feature_insertion,1.1673542261123657,1.1654925346374512,1.1673542261123657,0.0018616914749145508,0.001594795678355946
ate_nonlinear,86100013,near_duplicate_feature,1.1673542261123657,1.1698232889175415,1.1673542261123657,0.0024690628051757812,0.002115093045406183
ate_nonlinear,86100013,near_constant_feature,1.1673543453216553,1.167616844177246,1.1673543453216553,0.0002624988555908203,0.00022486647404262742
ate_nonlinear,86100014,row_permutation,-0.19547569751739502,-0.19547568261623383,-0.19547569751739502,1.4901161193847656e-08,7.623024950465584e-08
ate_nonlinear,86100014,covariate_permutation,-0.19547569751739502,-0.19547569751739502,-0.19547569751739502,0.0,0.0
ate_nonlinear,86100014,outcome_translation,-0.19547569751739502,-0.1954757124185562,-0.19547569751739502,1.4901161193847656e-08,7.623024950465584e-08
ate_nonlinear,86100014,positive_outcome_scaling,-0.19547569751739502,-0.4886891841888428,-0.48868924379348755,5.960464477539063e-08,1.2196839920744934e-07
ate_nonlinear,86100014,negative_outcome_scaling,-0.19547569751739502,0.2714079022407532,0.29321354627609253,0.021805644035339355,0.07436779204875808
ate_nonlinear,86100014,treatment_recoding,-0.19547569751739502,0.1820308268070221,0.19547569751739502,0.013444870710372925,0.06878026722056582
ate_nonlinear,86100014,irrelevant_feature_insertion,-0.19547569751739502,-0.15005573630332947,-0.19547569751739502,0.04541996121406555,0.23235605137065038
ate_nonlinear,86100014,near_duplicate_feature,-0.19547569751739502,-0.1970936357975006,-0.19547569751739502,0.0016179382801055908,0.008276928030716522
ate_nonlinear,86100014,near_constant_feature,-0.19547569751739502,-0.1959814578294754,-0.19547569751739502,0.0005057603120803833,0.0025873308984375237
ate_nonlinear,86100015,row_permutation,-1.0296061038970947,-1.0296059846878052,-1.0296061038970947,1.1920928955078125e-07,1.1578145185772497e-07
ate_nonlinear,86100015,covariate_permutation,-1.0296061038970947,-1.0296061038970947,-1.0296061038970947,0.0,0.0
ate_nonlinear,86100015,outcome_translation,-1.0296059846878052,-1.0296059846878052,-1.0296059846878052,0.0,0.0
ate_nonlinear,86100015,positive_outcome_scaling,-1.0296061038970947,-2.5740151405334473,-2.574015259742737,1.1920928955078125e-07,4.631258074308999e-08
ate_nonlinear,86100015,negative_outcome_scaling,-1.0296061038970947,1.5537751913070679,1.544409155845642,0.009366035461425781,0.00606447807303849
ate_nonlinear,86100015,treatment_recoding,-1.0296061038970947,1.023830771446228,1.0296061038970947,0.005775332450866699,0.005609263998151202
ate_nonlinear,86100015,irrelevant_feature_insertion,-1.0296061038970947,-0.9893016815185547,-1.0296061038970947,0.04030442237854004,0.0391454773101931
ate_nonlinear,86100015,near_duplicate_feature,-1.0296061038970947,-1.0327705144882202,-1.0296061038970947,0.0031644105911254883,0.0030734186395633095
ate_nonlinear,86100015,near_constant_feature,-1.0296061038970947,-1.0302823781967163,-1.0296061038970947,0.000676274299621582,0.0006568281763888738
ate_nonlinear,86100016,row_permutation,0.4581637680530548,0.4581637382507324,0.4581637680530548,2.9802322387695312e-08,6.504731378986791e-08
ate_nonlinear,86100016,covariate_permutation,0.4581637680530548,0.4581637680530548,0.4581637680530548,0.0,0.0
ate_nonlinear,86100016,outcome_translation,0.4581637680530548,0.45816367864608765,0.4581637680530548,8.940696716308594e-08,1.951419413696037e-07
ate_nonlinear,86100016,positive_outcome_scaling,0.4581637680530548,1.1454094648361206,1.145409420132637,4.470348358154297e-08,3.902838827392074e-08
ate_nonlinear,86100016,negative_outcome_scaling,0.4581637680530548,-0.6798053979873657,-0.6872456520795822,0.007440254092216492,0.010826193035492525
ate_nonlinear,86100016,treatment_recoding,0.4581637680530548,-0.45023971796035767,-0.4581637680530548,0.007924050092697144,0.01729523512164661
ate_nonlinear,86100016,irrelevant_feature_insertion,0.4581637680530548,0.4615648090839386,0.4581637680530548,0.003401041030883789,0.0074231994496997255
ate_nonlinear,86100016,near_duplicate_feature,0.4581637680530548,0.4587215185165405,0.4581637680530548,0.0005577504634857178,0.0012173604775773778
ate_nonlinear,86100016,near_constant_feature,0.4581637680530548,0.4583035409450531,0.4581637680530548,0.00013977289199829102,0.0003050719016744805
ate_nonlinear,86100017,row_permutation,0.9257078766822815,0.9257078170776367,0.9257078766822815,5.960464477539063e-08,6.438817933472975e-08
ate_nonlinear,86100017,covariate_permutation,0.9257078766822815,0.9257078170776367,0.9257078766822815,5.960464477539063e-08,6.438817933472975e-08
ate_nonlinear,86100017,outcome_translation,0.9257078766822815,0.9257078766822815,0.9257078766822815,0.0,0.0
ate_nonlinear,86100017,positive_outcome_scaling,0.9257078766822815,2.314269542694092,2.3142696917057037,1.4901161193847656e-07,6.438817933472975e-08
ate_nonlinear,86100017,negative_outcome_scaling,0.9257077574729919,-1.390380859375,-1.388561636209488,0.001819223165512085,0.0013101493790929023
ate_nonlinear,86100017,treatment_recoding,0.9257078766822815,-0.9299109578132629,-0.9257078766822815,0.004203081130981445,0.004540396853967802
ate_nonlinear,86100017,irrelevant_feature_insertion,0.9257078766822815,0.8422825336456299,0.9257078766822815,0.08342534303665161,0.0901205932649578
ate_nonlinear,86100017,near_duplicate_feature,0.9257078766822815,0.9247530102729797,0.9257078766822815,0.0009548664093017578,0.0010314986329423704
ate_nonlinear,86100017,near_constant_feature,0.9257078766822815,0.9257317781448364,0.9257078766822815,2.390146255493164e-05,2.5819659913226625e-05
ate_nonlinear,86100018,row_permutation,-0.8166507482528687,-0.8166507482528687,-0.8166507482528687,0.0,0.0
ate_nonlinear,86100018,covariate_permutation,-0.8166507482528687,-0.8166506886482239,-0.8166507482528687,5.960464477539063e-08,7.298670196887467e-08
ate_nonlinear,86100018,outcome_translation,-0.8166507482528687,-0.8166507482528687,-0.8166507482528687,0.0,0.0
ate_nonlinear,86100018,positive_outcome_scaling,-0.8166507482528687,-2.0416266918182373,-2.0416268706321716,1.7881393432617188e-07,8.75840423626496e-08
ate_nonlinear,86100018,negative_outcome_scaling,-0.8166506886482239,1.2075895071029663,1.2249760329723358,0.017386525869369507,0.014193360034303753
ate_nonlinear,86100018,treatment_recoding,-0.8166507482528687,0.798873245716095,0.8166507482528687,0.01777750253677368,0.021768794769130653
ate_nonlinear,86100018,irrelevant_feature_insertion,-0.8166507482528687,-0.8133014440536499,-0.8166507482528687,0.00334930419921875,0.004101268757035006
ate_nonlinear,86100018,near_duplicate_feature,-0.8166507482528687,-0.8142468333244324,-0.8166507482528687,0.0024039149284362793,0.0029436266771066845
ate_nonlinear,86100018,near_constant_feature,-0.8166507482528687,-0.8165630102157593,-0.8166507482528687,8.7738037109375e-05,0.00010743642529818352
ate_nonlinear,86100019,row_permutation,-1.076519250869751,-1.0765191316604614,-1.076519250869751,1.1920928955078125e-07,1.1073586417936198e-07
ate_nonlinear,86100019,covariate_permutation,-1.076519250869751,-1.0765191316604614,-1.076519250869751,1.1920928955078125e-07,1.1073586417936198e-07
ate_nonlinear,86100019,outcome_translation,-1.076519250869751,-1.076519250869751,-1.076519250869751,0.0,0.0
ate_nonlinear,86100019,positive_outcome_scaling,-1.076519250869751,-2.691298007965088,-2.6912981271743774,1.1920928955078125e-07,4.429434567174479e-08
ate_nonlinear,86100019,negative_outcome_scaling,-1.076519250869751,1.6369061470031738,1.6147788763046265,0.022127270698547363,0.013702972600920422
ate_nonlinear,86100019,treatment_recoding,-1.076519250869751,1.0901726484298706,1.076519250869751,0.013653397560119629,0.012682910732054865
ate_nonlinear,86100019,irrelevant_feature_insertion,-1.076519250869751,-1.0875195264816284,-1.076519250869751,0.011000275611877441,0.010218373338878985
ate_nonlinear,86100019,near_duplicate_feature,-1.076519250869751,-1.0766816139221191,-1.076519250869751,0.00016236305236816406,0.00015082224701229102
ate_nonlinear,86100019,near_constant_feature,-1.076519250869751,-1.076441764831543,-1.076519250869751,7.748603820800781e-05,7.197831171658529e-05
ate_nonlinear,86100020,row_permutation,-0.9429946541786194,-0.9429946541786194,-0.9429946541786194,0.0,0.0
ate_nonlinear,86100020,covariate_permutation,-0.9429946541786194,-0.9429946541786194,-0.9429946541786194,0.0,0.0
ate_nonlinear,86100020,outcome_translation,-0.9429946541786194,-0.9429945945739746,-0.9429946541786194,5.960464477539063e-08,6.320782892169024e-08
ate_nonlinear,86100020,positive_outcome_scaling,-0.9429946541786194,-2.3574867248535156,-2.3574866354465485,8.940696716308594e-08,3.7924697353014146e-08
ate_nonlinear,86100020,negative_outcome_scaling,-0.9429946541786194,1.401419758796692,1.414491981267929,0.013072222471237183,0.009241637735916637
ate_nonlinear,86100020,treatment_recoding,-0.9429946541786194,0.9348535537719727,0.9429946541786194,0.008141100406646729,0.008633241313269062
ate_nonlinear,86100020,irrelevant_feature_insertion,-0.9429946541786194,-0.9130598902702332,-0.9429946541786194,0.02993476390838623,0.03174436225670912
ate_nonlinear,86100020,near_duplicate_feature,-0.9429946541786194,-0.9415319561958313,-0.9429946541786194,0.001462697982788086,0.0015511201217382785
ate_nonlinear,86100020,near_constant_feature,-0.9429946541786194,-0.9430944323539734,-0.9429946541786194,9.97781753540039e-05,0.00010580990561490947
ate_nonlinear,86100021,row_permutation,-0.29387128353118896,-0.29387128353118896,-0.29387128353118896,0.0,0.0
ate_nonlinear,86100021,covariate_permutation,-0.29387128353118896,-0.29387128353118896,-0.29387128353118896,0.0,0.0
ate_nonlinear,86100021,outcome_translation,-0.29387128353118896,-0.2938712239265442,-0.29387128353118896,5.960464477539063e-08,2.028256863316987e-07
ate_nonlinear,86100021,positive_outcome_scaling,-0.29387128353118896,-0.7346781492233276,-0.7346782088279724,5.960464477539063e-08,8.113027453267947e-08
ate_nonlinear,86100021,negative_outcome_scaling,-0.29387128353118896,0.4101722538471222,0.44080692529678345,0.030634671449661255,0.06949680164175223
ate_nonlinear,86100021,treatment_recoding,-0.29387128353118896,0.2639065682888031,0.29387128353118896,0.029964715242385864,0.10196544174826006
ate_nonlinear,86100021,irrelevant_feature_insertion,-0.29387128353118896,-0.2757265865802765,-0.29387128353118896,0.018144696950912476,0.06174368836887989
ate_nonlinear,86100021,near_duplicate_feature,-0.29387128353118896,-0.2930551767349243,-0.29387128353118896,0.0008161067962646484,0.0027770892972536184
ate_nonlinear,86100021,near_constant_feature,-0.29387128353118896,-0.2934977412223816,-0.29387128353118896,0.00037354230880737305,0.0012711085762407558
ate_nonlinear,86100022,row_permutation,0.22048138082027435,0.22048141062259674,0.22048138082027435,2.9802322387695312e-08,1.3516933845760295e-07
ate_nonlinear,86100022,covariate_permutation,0.22048138082027435,0.22048138082027435,0.22048138082027435,0.0,0.0
ate_nonlinear,86100022,outcome_translation,0.22048138082027435,0.22048138082027435,0.22048138082027435,0.0,0.0
ate_nonlinear,86100022,positive_outcome_scaling,0.22048138082027435,0.5512036085128784,0.5512034520506859,1.564621925354004e-07,2.838556107609662e-07
ate_nonlinear,86100022,negative_outcome_scaling,0.22048138082027435,-0.3579670488834381,-0.33072207123041153,0.02724497765302658,0.08238028248814762
ate_nonlinear,86100022,treatment_recoding,0.22048138082027435,-0.241606667637825,-0.22048138082027435,0.02112528681755066,0.09581438005765648
ate_nonlinear,86100022,irrelevant_feature_insertion,0.22048138082027435,0.18846964836120605,0.22048138082027435,0.0320117324590683,0.14519018494882657
ate_nonlinear,86100022,near_duplicate_feature,0.22048139572143555,0.21938280761241913,0.22048139572143555,0.0010985881090164185,0.00498267940214065
ate_nonlinear,86100022,near_constant_feature,0.22048138082027435,0.2200770378112793,0.22048138082027435,0.00040434300899505615,0.001833909999523528
ate_nonlinear,86100023,row_permutation,1.128350019454956,1.128350019454956,1.128350019454956,0.0,0.0
ate_nonlinear,86100023,covariate_permutation,1.128350019454956,1.1283501386642456,1.128350019454956,1.1920928955078125e-07,1.0564921123355386e-07
ate_nonlinear,86100023,outcome_translation,1.128350019454956,1.1283499002456665,1.128350019454956,1.1920928955078125e-07,1.0564921123355386e-07
ate_nonlinear,86100023,positive_outcome_scaling,1.128350019454956,2.8208751678466797,2.82087504863739,1.1920928955078125e-07,4.225968449342154e-08
ate_nonlinear,86100023,negative_outcome_scaling,1.128350019454956,-1.6893768310546875,-1.692525029182434,0.003148198127746582,0.0018600600129779492
ate_nonlinear,86100023,treatment_recoding,1.128350019454956,-1.132775068283081,-1.128350019454956,0.004425048828125,0.003921698720989519
ate_nonlinear,86100023,irrelevant_feature_insertion,1.128350019454956,1.1163750886917114,1.128350019454956,0.011974930763244629,0.010612780216044185
ate_nonlinear,86100023,near_duplicate_feature,1.128350019454956,1.1297613382339478,1.128350019454956,0.0014113187789916992,0.0012507810117940441
ate_nonlinear,86100023,near_constant_feature,1.128350019454956,1.128679633140564,1.128350019454956,0.00032961368560791016,0.0002921200690607764
ate_nonlinear,86100024,row_permutation,0.22457441687583923,0.22457441687583923,0.22457441687583923,0.0,0.0
ate_nonlinear,86100024,covariate_permutation,0.22457443177700043,0.22457441687583923,0.22457443177700043,1.4901161193847656e-08,6.63528838788038e-08
ate_nonlinear,86100024,outcome_translation,0.22457441687583923,0.22457440197467804,0.22457441687583923,1.4901161193847656e-08,6.63528882815093e-08
ate_nonlinear,86100024,positive_outcome_scaling,0.22457441687583923,0.5614359974861145,0.5614360421895981,4.470348358154297e-08,7.962346593781115e-08
ate_nonlinear,86100024,negative_outcome_scaling,0.22457441687583923,-0.3234356939792633,-0.33686162531375885,0.013425931334495544,0.03985592399250106
ate_nonlinear,86100024,treatment_recoding,0.22457441687583923,-0.21481190621852875,-0.22457441687583923,0.009762510657310486,0.043471161110519095
ate_nonlinear,86100024,irrelevant_feature_insertion,0.22457441687583923,0.1995726376771927,0.22457441687583923,0.025001779198646545,0.11132959642713583
ate_nonlinear,86100024,near_duplicate_feature,0.22457441687583923,0.2245602160692215,0.22457441687583923,1.4200806617736816e-05,6.323430253227836e-05
ate_nonlinear,86100024,near_constant_feature,0.22457441687583923,0.22446444630622864,0.22457441687583923,0.0001099705696105957,0.0004896843155175386
ate_nonlinear,86100025,row_permutation,-1.0033905506134033,-1.0033904314041138,-1.0033905506134033,1.1920928955078125e-07,1.1880647020036711e-07
ate_nonlinear,86100025,covariate_permutation,-1.0033905506134033,-1.0033904314041138,-1.0033905506134033,1.1920928955078125e-07,1.1880647020036711e-07
ate_nonlinear,86100025,outcome_translation,-1.0033905506134033,-1.0033904314041138,-1.0033905506134033,1.1920928955078125e-07,1.1880647020036711e-07
ate_nonlinear,86100025,positive_outcome_scaling,-1.0033905506134033,-2.5084760189056396,-2.5084763765335083,3.5762786865234375e-07,1.4256776424044055e-07
ate_nonlinear,86100025,negative_outcome_scaling,-1.0033905506134033,1.504125714302063,1.505085825920105,0.0009601116180419922,0.0006379115406625045
ate_nonlinear,86100025,treatment_recoding,-1.0033905506134033,1.0181546211242676,1.0033905506134033,0.014764070510864258,0.014714181334315467
ate_nonlinear,86100025,irrelevant_feature_insertion,-1.0033905506134033,-0.9774422645568848,-1.0033905506134033,0.025948286056518555,0.02586060436851391
ate_nonlinear,86100025,near_duplicate_feature,-1.0033905506134033,-1.0014985799789429,-1.0033905506134033,0.0018919706344604492,0.0018855774885500264
ate_nonlinear,86100025,near_constant_feature,-1.0033905506134033,-1.0034257173538208,-1.0033905506134033,3.516674041748047e-05,3.50479087091083e-05
ate_nonlinear,86100026,row_permutation,0.8939135670661926,0.8939135074615479,0.8939135670661926,5.960464477539063e-08,6.667830869936558e-08
ate_nonlinear,86100026,covariate_permutation,0.8939135670661926,0.8939135670661926,0.8939135670661926,0.0,0.0
ate_nonlinear,86100026,outcome_translation,0.8939135670661926,0.8939135670661926,0.8939135670661926,0.0,0.0
ate_nonlinear,86100026,positive_outcome_scaling,0.8939135074615479,2.234783887863159,2.2347837686538696,1.1920928955078125e-07,5.334265051629018e-08
ate_nonlinear,86100026,negative_outcome_scaling,0.8939135670661926,-1.344491720199585,-1.340870350599289,0.0036213696002960205,0.002700760441662003
ate_nonlinear,86100026,treatment_recoding,0.8939135670661926,-0.8944951891899109,-0.8939135670661926,0.0005816221237182617,0.0006506469362884093
ate_nonlinear,86100026,irrelevant_feature_insertion,0.8939135670661926,0.8978195786476135,0.8939135670661926,0.0039060115814208984,0.0043695629256868245
ate_nonlinear,86100026,near_duplicate_feature,0.8939135074615479,0.8943937420845032,0.8939135074615479,0.00048023462295532227,0.0005372271690121874
ate_nonlinear,86100026,near_constant_feature,0.8939135670661926,0.8940470218658447,0.8939135670661926,0.0001334547996520996,0.00014929273317787953
ate_nonlinear,86100027,row_permutation,-1.5728604793548584,-1.5728603601455688,-1.5728604793548584,1.1920928955078125e-07,7.579139479661758e-08
ate_nonlinear,86100027,covariate_permutation,-1.5728604793548584,-1.5728603601455688,-1.5728604793548584,1.1920928955078125e-07,7.579139479661758e-08
ate_nonlinear,86100027,outcome_translation,-1.5728604793548584,-1.5728604793548584,-1.5728604793548584,0.0,0.0
ate_nonlinear,86100027,positive_outcome_scaling,-1.5728604793548584,-3.9321506023406982,-3.932151198387146,5.960464477539062e-07,1.5158278959323516e-07
ate_nonlinear,86100027,negative_outcome_scaling,-1.5728604793548584,2.320331335067749,2.3592907190322876,0.038959383964538574,0.016513176460304382
ate_nonlinear,86100027,treatment_recoding,-1.5728604793548584,1.5492510795593262,1.5728604793548584,0.023609399795532227,0.015010485739470112
ate_nonlinear,86100027,irrelevant_feature_insertion,-1.5728601217269897,-1.525573968887329,-1.5728601217269897,0.047286152839660645,0.03006380045273242
ate_nonlinear,86100027,near_duplicate_feature,-1.5728604793548584,-1.5727131366729736,-1.5728604793548584,0.00014734268188476562,9.367816396861933e-05
ate_nonlinear,86100027,near_constant_feature,-1.5728604793548584,-1.5737375020980835,-1.5728604793548584,0.0008770227432250977,0.0005575972915187156
ate_nonlinear,86100028,row_permutation,-0.5048879384994507,-0.5048879981040955,-0.5048879384994507,5.960464477539063e-08,1.1805519647099962e-07
ate_nonlinear,86100028,covariate_permutation,-0.5048879981040955,-0.5048879981040955,-0.5048879981040955,0.0,0.0
ate_nonlinear,86100028,outcome_translation,-0.5048879384994507,-0.5048879384994507,-0.5048879384994507,0.0,0.0
ate_nonlinear,86100028,positive_outcome_scaling,-0.5048879384994507,-1.262219786643982,-1.2622198462486267,5.960464477539063e-08,4.722207858839985e-08
ate_nonlinear,86100028,negative_outcome_scaling,-0.5048879384994507,0.755548894405365,0.757331907749176,0.0017830133438110352,0.0023543354314889886
ate_nonlinear,86100028,treatment_recoding,-0.5048879384994507,0.5036531686782837,0.5048879384994507,0.0012347698211669922,0.002445631450093228
ate_nonlinear,86100028,irrelevant_feature_insertion,-0.5048879384994507,-0.5297419428825378,-0.5048879384994507,0.024854004383087158,0.04922677387967389
ate_nonlinear,86100028,near_duplicate_feature,-0.5048879384994507,-0.5045932531356812,-0.5048879384994507,0.00029468536376953125,0.0005836648913526222
ate_nonlinear,86100028,near_constant_feature,-0.5048879384994507,-0.5046796798706055,-0.5048879384994507,0.00020825862884521484,0.0004124848564696727
ate_nonlinear,86100029,row_permutation,1.4450658559799194,1.4450658559799194,1.4450658559799194,0.0,0.0
ate_nonlinear,86100029,covariate_permutation,1.4450658559799194,1.4450658559799194,1.4450658559799194,0.0,0.0
ate_nonlinear,86100029,outcome_translation,1.4450658559799194,1.4450658559799194,1.4450658559799194,0.0,0.0
ate_nonlinear,86100029,positive_outcome_scaling,1.4450658559799194,3.6126644611358643,3.6126646399497986,1.7881393432617188e-07,4.949641113896934e-08
ate_nonlinear,86100029,negative_outcome_scaling,1.4450658559799194,-2.1662216186523438,-2.167598783969879,0.0013771653175354004,0.0006353414329810481
ate_nonlinear,86100029,treatment_recoding,1.4450658559799194,-1.4457486867904663,-1.4450658559799194,0.000682830810546875,0.0004725257383400273
ate_nonlinear,86100029,irrelevant_feature_insertion,1.4450658559799194,1.380636215209961,1.4450658559799194,0.0644296407699585,0.04458595468389076
ate_nonlinear,86100029,near_duplicate_feature,1.4450658559799194,1.4444340467453003,1.4450658559799194,0.0006318092346191406,0.0004372182983942292
ate_nonlinear,86100029,near_constant_feature,1.4450658559799194,1.4455760717391968,1.4450658559799194,0.0005102157592773438,0.0003530743994579813
ate_nonlinear,86100030,row_permutation,0.14352461695671082,0.14352461695671082,0.14352461695671082,0.0,0.0
ate_nonlinear,86100030,covariate_permutation,0.14352461695671082,0.14352460205554962,0.14352461695671082,1.4901161193847656e-08,1.0382303405374753e-07
ate_nonlinear,86100030,outcome_translation,0.14352461695671082,0.14352461695671082,0.14352461695671082,0.0,0.0
ate_nonlinear,86100030,positive_outcome_scaling,0.14352461695671082,0.35881155729293823,0.35881154239177704,1.4901161193847656e-08,4.152921362149901e-08
ate_nonlinear,86100030,negative_outcome_scaling,0.14352461695671082,-0.23915015161037445,-0.21528692543506622,0.023863226175308228,0.11084382447788607
ate_nonlinear,86100030,treatment_recoding,0.14352461695671082,-0.16473937034606934,-0.14352461695671082,0.02121475338935852,0.14781264593625223
ate_nonlinear,86100030,irrelevant_feature_insertion,0.14352461695671082,0.19523103535175323,0.14352461695671082,0.05170641839504242,0.3602616714221077
ate_nonlinear,86100030,near_duplicate_feature,0.14352461695671082,0.14361940324306488,0.14352461695671082,9.478628635406494e-05,0.000660418319615888
ate_nonlinear,86100030,near_constant_feature,0.14352461695671082,0.14391639828681946,0.14352461695671082,0.0003917813301086426,0.00272971521134113
ate_nonlinear,86100031,row_permutation,1.3905459642410278,1.3905459642410278,1.3905459642410278,0.0,0.0
ate_nonlinear,86100031,covariate_permutation,1.3905459642410278,1.3905459642410278,1.3905459642410278,0.0,0.0
ate_nonlinear,86100031,outcome_translation,1.3905459642410278,1.3905458450317383,1.3905459642410278,1.1920928955078125e-07,8.572840640751256e-08
ate_nonlinear,86100031,positive_outcome_scaling,1.3905459642410278,3.476365089416504,3.4763649106025696,1.7881393432617188e-07,5.143704384450753e-08
ate_nonlinear,86100031,negative_outcome_scaling,1.3905459642410278,-2.0972847938537598,-2.0858189463615417,0.011465847492218018,0.005497048299527051
ate_nonlinear,86100031,treatment_recoding,1.3905459642410278,-1.4002405405044556,-1.3905459642410278,0.009694576263427734,0.006971776922684551
ate_nonlinear,86100031,irrelevant_feature_insertion,1.3905459642410278,1.4085813760757446,1.3905459642410278,0.018035411834716797,0.01297002206220539
ate_nonlinear,86100031,near_duplicate_feature,1.3905459642410278,1.3918248414993286,1.3905459642410278,0.0012788772583007812,0.0009196943439397947
ate_nonlinear,86100031,near_constant_feature,1.3905459642410278,1.390548825263977,1.3905459642410278,2.86102294921875e-06,2.057481753780301e-06
ate_nonlinear,86100032,row_permutation,0.4516679346561432,0.4516679346561432,0.4516679346561432,0.0,0.0
ate_nonlinear,86100032,covariate_permutation,0.4516679346561432,0.4516679346561432,0.4516679346561432,0.0,0.0
ate_nonlinear,86100032,outcome_translation,0.4516679346561432,0.4516679644584656,0.4516679346561432,2.9802322387695312e-08,6.598281635906687e-08
ate_nonlinear,86100032,positive_outcome_scaling,0.4516679346561432,1.1291699409484863,1.129169836640358,1.043081283569336e-07,9.237594290269362e-08
ate_nonlinear,86100032,negative_outcome_scaling,0.4516679346561432,-0.6832525134086609,-0.6775019019842148,0.005750611424446106,0.008487963513614003
ate_nonlinear,86100032,treatment_recoding,0.4516679346561432,-0.45566412806510925,-0.4516679346561432,0.0039961934089660645,0.008847635845587277
ate_nonlinear,86100032,irrelevant_feature_insertion,0.4516679346561432,0.33775779604911804,0.4516679346561432,0.11391013860702515,0.2521988608594618
ate_nonlinear,86100032,near_duplicate_feature,0.4516679346561432,0.453142374753952,0.4516679346561432,0.0014744400978088379,0.0032644338565484747
ate_nonlinear,86100032,near_constant_feature,0.4516679346561432,0.45202988386154175,0.4516679346561432,0.00036194920539855957,0.0008013613046808672
ate_nonlinear,86100033,row_permutation,0.5710107088088989,0.5710106492042542,0.5710107088088989,5.960464477539063e-08,1.0438446049413516e-07
ate_nonlinear,86100033,covariate_permutation,0.5710107088088989,0.5710106492042542,0.5710107088088989,5.960464477539063e-08,1.0438446049413516e-07
ate_nonlinear,86100033,outcome_translation,0.5710107088088989,0.5710106492042542,0.5710107088088989,5.960464477539063e-08,1.0438446049413516e-07
ate_nonlinear,86100033,positive_outcome_scaling,0.5710107088088989,1.4275267124176025,1.4275267720222473,5.960464477539063e-08,4.175378419765406e-08
ate_nonlinear,86100033,negative_outcome_scaling,0.5710106492042542,-0.8459122776985168,-0.8565159738063812,0.01060369610786438,0.01238003310170767
ate_nonlinear,86100033,treatment_recoding,0.5710107088088989,-0.5609039664268494,-0.5710107088088989,0.01010674238204956,0.01769974227476704
ate_nonlinear,86100033,irrelevant_feature_insertion,0.5710107088088989,0.5540443062782288,0.5710107088088989,0.016966402530670166,0.029712932295195078
ate_nonlinear,86100033,near_duplicate_feature,0.5710107088088989,0.5719693303108215,0.5710107088088989,0.0009586215019226074,0.0016788152781271758
ate_nonlinear,86100033,near_constant_feature,0.5710107088088989,0.5712969899177551,0.5710107088088989,0.00028628110885620117,0.0005013585637533312
ate_nonlinear,86100034,row_permutation,0.6796783208847046,0.6796783804893494,0.6796783208847046,5.960464477539063e-08,8.76953743320901e-08
ate_nonlinear,86100034,covariate_permutation,0.6796783208847046,0.6796783208847046,0.6796783208847046,0.0,0.0
ate_nonlinear,86100034,outcome_translation,0.6796783208847046,0.6796783804893494,0.6796783208847046,5.960464477539063e-08,8.76953743320901e-08
ate_nonlinear,86100034,positive_outcome_scaling,0.6796783208847046,1.6991959810256958,1.6991958022117615,1.7881393432617188e-07,1.0523444919850813e-07
ate_nonlinear,86100034,negative_outcome_scaling,0.6796783208847046,-1.0382752418518066,-1.0195174813270569,0.018757760524749756,0.01839866492562117
ate_nonlinear,86100034,treatment_recoding,0.6796783208847046,-0.6871629357337952,-0.6796783208847046,0.007484614849090576,0.011011995850254887
ate_nonlinear,86100034,irrelevant_feature_insertion,0.6796783208847046,0.9578723311424255,0.6796783208847046,0.27819401025772095,0.40930246222302513
ate_nonlinear,86100034,near_duplicate_feature,0.6796783208847046,0.6805415153503418,0.6796783208847046,0.000863194465637207,0.001270004411077329
ate_nonlinear,86100034,near_constant_feature,0.6796783208847046,0.6802471280097961,0.6796783208847046,0.0005688071250915527,0.0008368769572511358
ate_nonlinear,86100035,row_permutation,0.24308481812477112,0.24308480322360992,0.24308481812477112,1.4901161193847656e-08,6.130025440831584e-08
ate_nonlinear,86100035,covariate_permutation,0.24308481812477112,0.2430848330259323,0.24308481812477112,1.4901161193847656e-08,6.130025440831584e-08
ate_nonlinear,86100035,outcome_translation,0.24308481812477112,0.24308480322360992,0.24308481812477112,1.4901161193847656e-08,6.130025440831584e-08
ate_nonlinear,86100035,positive_outcome_scaling,0.24308481812477112,0.6077120900154114,0.6077120453119278,4.470348358154297e-08,7.356030528997902e-08
ate_nonlinear,86100035,negative_outcome_scaling,0.24308481812477112,-0.3530143201351166,-0.3646272271871567,0.0116129070520401,0.03184871064518559
ate_nonlinear,86100035,treatment_recoding,0.24308481812477112,-0.2357734888792038,-0.24308481812477112,0.007311329245567322,0.030077276326712213
ate_nonlinear,86100035,irrelevant_feature_insertion,0.24308481812477112,0.23953832685947418,0.24308481812477112,0.003546491265296936,0.01458952184943358
ate_nonlinear,86100035,near_duplicate_feature,0.24308481812477112,0.2446141093969345,0.24308481812477112,0.0015292912721633911,0.006291183809671047
ate_nonlinear,86100035,near_constant_feature,0.24308481812477112,0.2433076649904251,0.24308481812477112,0.0002228468656539917,0.0009167453046763635
ate_nonlinear,86100036,row_permutation,-0.028335856273770332,-0.028335850685834885,-0.028335856273770332,5.587935447692871e-09,1.972036911009271e-07
ate_nonlinear,86100036,covariate_permutation,-0.028335856273770332,-0.02833586372435093,-0.028335856273770332,7.450580596923828e-09,2.629382548012361e-07
ate_nonlinear,86100036,outcome_translation,-0.028335856273770332,-0.028335873037576675,-0.028335856273770332,1.6763806343078613e-08,5.916110733027813e-07
ate_nonlinear,86100036,positive_outcome_scaling,-0.028335856273770332,-0.07083966583013535,-0.07083964068442583,2.514570951461792e-08,3.5496664398166874e-07
ate_nonlinear,86100036,negative_outcome_scaling,-0.028335856273770332,0.02412097528576851,0.0425037844106555,0.01838280912488699,0.4324981735103688
ate_nonlinear,86100036,treatment_recoding,-0.028335856273770332,0.018167590722441673,0.028335856273770332,0.010168265551328659,0.3588480070299172
ate_nonlinear,86100036,irrelevant_feature_insertion,-0.028335856273770332,-0.0669541209936142,-0.028335856273770332,0.038618264719843864,1.3628762210934722
ate_nonlinear,86100036,near_duplicate_feature,-0.028335856273770332,-0.028688134625554085,-0.028335856273770332,0.00035227835178375244,0.012432246563512045
ate_nonlinear,86100036,near_constant_feature,-0.028335856273770332,-0.027957094833254814,-0.028335856273770332,0.0003787614405155182,0.013366860590203039
ate_nonlinear,86100037,row_permutation,-1.27180016040802,-1.271799921989441,-1.27180016040802,2.384185791015625e-07,1.8746544191744153e-07
ate_nonlinear,86100037,covariate_permutation,-1.271799921989441,-1.271799921989441,-1.271799921989441,0.0,0.0
ate_nonlinear,86100037,outcome_translation,-1.271799921989441,-1.271799921989441,-1.271799921989441,0.0,0.0
ate_nonlinear,86100037,positive_outcome_scaling,-1.271799921989441,-3.1795003414154053,-3.1794998049736023,5.364418029785156e-07,1.6871892935466603e-07
ate_nonlinear,86100037,negative_outcome_scaling,-1.271799921989441,1.91043221950531,1.9076998829841614,0.0027323365211486816,0.0014322674889902306
ate_nonlinear,86100037,treatment_recoding,-1.271799921989441,1.2678287029266357,1.271799921989441,0.003971219062805176,0.0031225187186622165
ate_nonlinear,86100037,irrelevant_feature_insertion,-1.271799921989441,-1.232419729232788,-1.271799921989441,0.03938019275665283,0.030964141509815083
ate_nonlinear,86100037,near_duplicate_feature,-1.271799921989441,-1.271252155303955,-1.271799921989441,0.0005477666854858398,0.00043070193354705023
ate_nonlinear,86100037,near_constant_feature,-1.271799921989441,-1.2718217372894287,-1.271799921989441,2.181529998779297e-05,1.7153091151057713e-05
ate_nonlinear,86100038,row_permutation,0.32704296708106995,0.3270430266857147,0.32704296708106995,5.960464477539063e-08,1.822532534711727e-07
ate_nonlinear,86100038,covariate_permutation,0.32704296708106995,0.3270430266857147,0.32704296708106995,5.960464477539063e-08,1.822532534711727e-07
ate_nonlinear,86100038,outcome_translation,0.32704296708106995,0.3270430266857147,0.32704296708106995,5.960464477539063e-08,1.822532534711727e-07
ate_nonlinear,86100038,positive_outcome_scaling,0.3270430564880371,0.8176075220108032,0.8176076412200928,1.1920928955078125e-07,1.4580256291745095e-07
ate_nonlinear,86100038,negative_outcome_scaling,0.32704296708106995,-0.4990772306919098,-0.4905644506216049,0.00851278007030487,0.01735303090046199
ate_nonlinear,86100038,treatment_recoding,0.32704296708106995,-0.33539527654647827,-0.32704296708106995,0.008352309465408325,0.02553887502903522
ate_nonlinear,86100038,irrelevant_feature_insertion,0.32704296708106995,0.3119238615036011,0.32704296708106995,0.015119105577468872,0.046229722389110516
ate_nonlinear,86100038,near_duplicate_feature,0.32704296708106995,0.32714661955833435,0.32704296708106995,0.0001036524772644043,0.0003169384077863693
ate_nonlinear,86100038,near_constant_feature,0.32704296708106995,0.32715514302253723,0.32704296708106995,0.00011217594146728516,0.00034300062303274696
ate_nonlinear,86100039,row_permutation,1.002055287361145,1.0020551681518555,1.002055287361145,1.1920928955078125e-07,1.1896478273640176e-07
ate_nonlinear,86100039,covariate_permutation,1.002055287361145,1.0020551681518555,1.002055287361145,1.1920928955078125e-07,1.1896478273640176e-07
ate_nonlinear,86100039,outcome_translation,1.002055287361145,1.002055287361145,1.002055287361145,0.0,0.0
ate_nonlinear,86100039,positive_outcome_scaling,1.002055287361145,2.5051379203796387,2.5051382184028625,2.980232238769531e-07,1.1896478273640176e-07
ate_nonlinear,86100039,negative_outcome_scaling,1.002055287361145,-1.493154764175415,-1.5030829310417175,0.00992816686630249,0.006605202322018077
ate_nonlinear,86100039,treatment_recoding,1.002055287361145,-0.991653323173523,-1.002055287361145,0.01040196418762207,0.010380629012012945
ate_nonlinear,86100039,irrelevant_feature_insertion,1.002055287361145,1.0324751138687134,1.002055287361145,0.03041982650756836,0.030357433258675
ate_nonlinear,86100039,near_duplicate_feature,1.002055287361145,1.0020710229873657,1.002055287361145,1.5735626220703125e-05,1.5703351321205033e-05
ate_nonlinear,86100039,near_constant_feature,1.002055287361145,1.0019218921661377,1.002055287361145,0.00013339519500732422,0.00013312159188203358
ate_nonlinear,86100040,row_permutation,1.611523151397705,1.611523151397705,1.611523151397705,0.0,0.0
ate_nonlinear,86100040,covariate_permutation,1.611523151397705,1.611523151397705,1.611523151397705,0.0,0.0
ate_nonlinear,86100040,outcome_translation,1.611523151397705,1.6115232706069946,1.611523151397705,1.1920928955078125e-07,7.397305427935599e-08
ate_nonlinear,86100040,positive_outcome_scaling,1.611523151397705,4.028808116912842,4.028807878494263,2.384185791015625e-07,5.917844342348479e-08
ate_nonlinear,86100040,negative_outcome_scaling,1.611523151397705,-2.4167206287384033,-2.4172847270965576,0.0005640983581542969,0.00023336032856660836
ate_nonlinear,86100040,treatment_recoding,1.611523151397705,-1.6126362085342407,-1.611523151397705,0.0011130571365356445,0.0006906864078063468
ate_nonlinear,86100040,irrelevant_feature_insertion,1.611523151397705,1.6432591676712036,1.611523151397705,0.031736016273498535,0.01969318048330443
ate_nonlinear,86100040,near_duplicate_feature,1.611523151397705,1.612708568572998,1.611523151397705,0.0011854171752929688,0.000735588051753916
ate_nonlinear,86100040,near_constant_feature,1.611523151397705,1.6121776103973389,1.611523151397705,0.0006544589996337891,0.00040611206799366433
ate_nonlinear,86100041,row_permutation,-0.11989685893058777,-0.11989683657884598,-0.11989685893058777,2.2351741790771484e-08,1.864247486559397e-07
ate_nonlinear,86100041,covariate_permutation,-0.11989683657884598,-0.11989683657884598,-0.11989683657884598,0.0,0.0
ate_nonlinear,86100041,outcome_translation,-0.11989683657884598,-0.11989683657884598,-0.11989683657884598,0.0,0.0
ate_nonlinear,86100041,positive_outcome_scaling,-0.11989683657884598,-0.29974210262298584,-0.29974209144711494,1.1175870895385742e-08,3.728495668202662e-08
ate_nonlinear,86100041,negative_outcome_scaling,-0.11989683657884598,0.1653091311454773,0.17984525486826897,0.014536123722791672,0.08082572839321743
ate_nonlinear,86100041,treatment_recoding,-0.11989683657884598,0.10676030069589615,0.11989683657884598,0.013136535882949829,0.10956532513942555
ate_nonlinear,86100041,irrelevant_feature_insertion,-0.11989683657884598,-0.13725602626800537,-0.11989683657884598,0.017359189689159393,0.14478438451329553
ate_nonlinear,86100041,near_duplicate_feature,-0.11989683657884598,-0.1194710060954094,-0.11989683657884598,0.00042583048343658447,0.0035516406903409155
ate_nonlinear,86100041,near_constant_feature,-0.11989685893058777,-0.11948119848966599,-0.11989685893058777,0.00041566044092178345,0.00346681676758874
ate_nonlinear,86100042,row_permutation,-1.5674049854278564,-1.5674052238464355,-1.5674049854278564,2.384185791015625e-07,1.521103871163719e-07
ate_nonlinear,86100042,covariate_permutation,-1.5674049854278564,-1.5674052238464355,-1.5674049854278564,2.384185791015625e-07,1.521103871163719e-07
ate_nonlinear,86100042,outcome_translation,-1.5674049854278564,-1.567405104637146,-1.5674049854278564,1.1920928955078125e-07,7.605519355818595e-08
ate_nonlinear,86100042,positive_outcome_scaling,-1.5674049854278564,-3.9185125827789307,-3.918512463569641,1.1920928955078125e-07,3.042207742327438e-08
ate_nonlinear,86100042,negative_outcome_scaling,-1.5674049854278564,2.3202950954437256,2.3511074781417847,0.030812382698059082,0.013105476029709998
ate_nonlinear,86100042,treatment_recoding,-1.5674049854278564,1.5466278791427612,1.5674049854278564,0.020777106285095215,0.013255735740449788
ate_nonlinear,86100042,irrelevant_feature_insertion,-1.5674049854278564,-1.5337990522384644,-1.5674049854278564,0.03360593318939209,0.021440491450407526
ate_nonlinear,86100042,near_duplicate_feature,-1.567405104637146,-1.5677891969680786,-1.567405104637146,0.0003840923309326172,0.00024504981500716403
ate_nonlinear,86100042,near_constant_feature,-1.5674049854278564,-1.5684555768966675,-1.5674049854278564,0.0010505914688110352,0.0006702744208282928
ate_nonlinear,86100043,row_permutation,1.6545119285583496,1.6545120477676392,1.6545119285583496,1.1920928955078125e-07,7.205103057471072e-08
ate_nonlinear,86100043,covariate_permutation,1.6545119285583496,1.6545121669769287,1.6545119285583496,2.384185791015625e-07,1.4410206114942144e-07
ate_nonlinear,86100043,outcome_translation,1.6545119285583496,1.6545119285583496,1.6545119285583496,0.0,0.0
ate_nonlinear,86100043,positive_outcome_scaling,1.6545119285583496,4.136280059814453,4.136279821395874,2.384185791015625e-07,5.764082445976858e-08
ate_nonlinear,86100043,negative_outcome_scaling,1.6545119285583496,-2.5343568325042725,-2.4817678928375244,0.05258893966674805,0.021190112023981657
ate_nonlinear,86100043,treatment_recoding,1.6545119285583496,-1.6858839988708496,-1.6545119285583496,0.0313720703125,0.018961525614285473
ate_nonlinear,86100043,irrelevant_feature_insertion,1.6545119285583496,1.6654820442199707,1.6545119285583496,0.010970115661621094,0.00663042403760718
ate_nonlinear,86100043,near_duplicate_feature,1.6545119285583496,1.6549510955810547,1.6545119285583496,0.0004391670227050781,0.0002654359966372343
ate_nonlinear,86100043,near_constant_feature,1.6545119285583496,1.655735731124878,1.6545119285583496,0.0012238025665283203,0.0007396758798799803
ate_nonlinear,86100044,row_permutation,0.05427960306406021,0.05427961423993111,0.05427960306406021,1.1175870895385742e-08,2.058944845671789e-07
ate_nonlinear,86100044,covariate_permutation,0.05427961423993111,0.05427961051464081,0.05427961423993111,3.725290298461914e-09,6.863148072488296e-08
ate_nonlinear,86100044,outcome_translation,0.05427960306406021,0.054279621690511703,0.05427960306406021,1.862645149230957e-08,3.431574742786315e-07
ate_nonlinear,86100044,positive_outcome_scaling,0.05427960306406021,0.13569903373718262,0.13569900766015053,2.60770320892334e-08,1.9216818559603365e-07
ate_nonlinear,86100044,negative_outcome_scaling,0.05427960306406021,-0.209840327501297,-0.08141940459609032,0.12842092290520668,1.577276615350898
ate_nonlinear,86100044,treatment_recoding,0.05427961423993111,-0.14004233479499817,-0.05427961423993111,0.08576272055506706,1.5800171345354779
ate_nonlinear,86100044,irrelevant_feature_insertion,0.05427960306406021,0.07188542932271957,0.05427960306406021,0.017605826258659363,0.32435436637001847
ate_nonlinear,86100044,near_duplicate_feature,0.05427960306406021,0.05278092622756958,0.05427960306406021,0.001498676836490631,0.02761031311746898
ate_nonlinear,86100044,near_constant_feature,0.05427960306406021,0.053494151681661606,0.05427960306406021,0.0007854513823986053,0.014470470269865901
ate_nonlinear,86100045,row_permutation,-0.6485514044761658,-0.6485512852668762,-0.6485514044761658,1.1920928955078125e-07,1.8380854428503854e-07
ate_nonlinear,86100045,covariate_permutation,-0.6485514044761658,-0.6485514044761658,-0.6485514044761658,0.0,0.0
ate_nonlinear,86100045,outcome_translation,-0.6485514044761658,-0.6485514044761658,-0.6485514044761658,0.0,0.0
ate_nonlinear,86100045,positive_outcome_scaling,-0.6485514044761658,-1.6213784217834473,-1.6213785111904144,8.940696716308594e-08,5.5142563285511555e-08
ate_nonlinear,86100045,negative_outcome_scaling,-0.6485514044761658,0.9790967702865601,0.9728271067142487,0.006269663572311401,0.006444787083994164
ate_nonlinear,86100045,treatment_recoding,-0.6485514044761658,0.6608686447143555,0.6485514044761658,0.012317240238189697,0.018991925933979463
ate_nonlinear,86100045,irrelevant_feature_insertion,-0.6485514044761658,-0.615233302116394,-0.6485514044761658,0.03331810235977173,0.05137310956358613
ate_nonlinear,86100045,near_duplicate_feature,-0.6485514044761658,-0.6465374231338501,-0.6485514044761658,0.002013981342315674,0.0031053534514235833
ate_nonlinear,86100045,near_constant_feature,-0.6485514044761658,-0.6483380198478699,-0.6485514044761658,0.00021338462829589844,0.00032901729427021895
ate_nonlinear,86100046,row_permutation,0.23037846386432648,0.23037850856781006,0.23037846386432648,4.470348358154297e-08,1.9404367418592373e-07
ate_nonlinear,86100046,covariate_permutation,0.23037846386432648,0.23037847876548767,0.23037846386432648,1.4901161193847656e-08,6.468122472864125e-08
ate_nonlinear,86100046,outcome_translation,0.23037846386432648,0.23037847876548767,0.23037846386432648,1.4901161193847656e-08,6.468122472864125e-08
ate_nonlinear,86100046,positive_outcome_scaling,0.23037846386432648,0.5759462118148804,0.5759461596608162,5.21540641784668e-08,9.055371462009773e-08
ate_nonlinear,86100046,negative_outcome_scaling,0.23037846386432648,-0.35952064394950867,-0.3455676957964897,0.013952948153018951,0.040376888009914166
ate_nonlinear,86100046,treatment_recoding,0.23037846386432648,-0.23843450844287872,-0.23037846386432648,0.008056044578552246,0.03496873988749477
ate_nonlinear,86100046,irrelevant_feature_insertion,0.23037846386432648,0.23491543531417847,0.23037846386432648,0.00453697144985199,0.01969355717435413
ate_nonlinear,86100046,near_duplicate_feature,0.23037846386432648,0.2302716225385666,0.23037846386432648,0.0001068413257598877,0.0004637643813043577
ate_nonlinear,86100046,near_constant_feature,0.23037846386432648,0.23070769011974335,0.23037846386432648,0.0003292262554168701,0.0014290669791545995
ate_nonlinear,86100047,row_permutation,0.13489173352718353,0.13489171862602234,0.13489173352718353,1.4901161193847656e-08,1.1046756390631423e-07
ate_nonlinear,86100047,covariate_permutation,0.13489173352718353,0.13489171862602234,0.13489173352718353,1.4901161193847656e-08,1.1046756390631423e-07
ate_nonlinear,86100047,outcome_translation,0.13489173352718353,0.13489167392253876,0.13489173352718353,5.960464477539063e-08,4.418702556252569e-07
ate_nonlinear,86100047,positive_outcome_scaling,0.13489173352718353,0.33722931146621704,0.33722933381795883,2.2351741790771484e-08,6.628053834378853e-08
ate_nonlinear,86100047,negative_outcome_scaling,0.13489173352718353,-0.20408743619918823,-0.2023376002907753,0.0017498359084129333,0.008648100530491018
ate_nonlinear,86100047,treatment_recoding,0.13489173352718353,-0.13222141563892365,-0.13489173352718353,0.0026703178882598877,0.01979600838713932
ate_nonlinear,86100047,irrelevant_feature_insertion,0.13489173352718353,0.0988868996500969,0.13489173352718353,0.03600483387708664,0.26691653324946635
ate_nonlinear,86100047,near_duplicate_feature,0.13489173352718353,0.13498148322105408,0.13489173352718353,8.974969387054443e-05,0.0006653461374077306
ate_nonlinear,86100047,near_constant_feature,0.13489173352718353,0.13491606712341309,0.13489173352718353,2.4333596229553223e-05,0.00018039353185901114
ate_nonlinear,86100048,row_permutation,0.8406095504760742,0.8406094908714294,0.8406095504760742,5.960464477539063e-08,7.090645679868125e-08
ate_nonlinear,86100048,covariate_permutation,0.8406095504760742,0.840609610080719,0.8406095504760742,5.960464477539063e-08,7.090645679868125e-08
ate_nonlinear,86100048,outcome_translation,0.8406095504760742,0.8406094908714294,0.8406095504760742,5.960464477539063e-08,7.090645679868125e-08
ate_nonlinear,86100048,positive_outcome_scaling,0.8406095504760742,2.1015238761901855,2.1015238761901855,0.0,0.0
ate_nonlinear,86100048,negative_outcome_scaling,0.8406095504760742,-1.2735928297042847,-1.2609143257141113,0.01267850399017334,0.010055008283764993
ate_nonlinear,86100048,treatment_recoding,0.8406095504760742,-0.8481305241584778,-0.8406095504760742,0.0075209736824035645,0.008947047625314399
ate_nonlinear,86100048,irrelevant_feature_insertion,0.8406095504760742,0.7922276854515076,0.8406095504760742,0.04838186502456665,0.05755569276742795
ate_nonlinear,86100048,near_duplicate_feature,0.8406095504760742,0.8406662344932556,0.8406095504760742,5.6684017181396484e-05,6.743204041554587e-05
ate_nonlinear,86100048,near_constant_feature,0.8406095504760742,0.8403991460800171,0.8406095504760742,0.0002104043960571289,0.00025029979249934485
ate_nonlinear,86100049,row_permutation,-0.7733792066574097,-0.7733792066574097,-0.7733792066574097,0.0,0.0
ate_nonlinear,86100049,covariate_permutation,-0.7733792066574097,-0.7733792662620544,-0.7733792066574097,5.960464477539063e-08,7.707039995684057e-08
ate_nonlinear,86100049,outcome_translation,-0.7733792066574097,-0.7733792066574097,-0.7733792066574097,0.0,0.0
ate_nonlinear,86100049,positive_outcome_scaling,-0.7733792066574097,-1.9334478378295898,-1.9334480166435242,1.7881393432617188e-07,9.248447994820869e-08
ate_nonlinear,86100049,negative_outcome_scaling,-0.7733792066574097,1.0553662776947021,1.1600688099861145,0.10470253229141235,0.09025544984065695
ate_nonlinear,86100049,treatment_recoding,-0.7733792066574097,0.7036512494087219,0.7733792066574097,0.06972795724868774,0.09016011375591033
ate_nonlinear,86100049,irrelevant_feature_insertion,-0.7733792066574097,-0.7792375087738037,-0.7733792066574097,0.005858302116394043,0.007574941330158033
ate_nonlinear,86100049,near_duplicate_feature,-0.7733792066574097,-0.7744784951210022,-0.7733792066574097,0.0010992884635925293,0.0014214093864040108
ate_nonlinear,86100049,near_constant_feature,-0.7733792066574097,-0.7742876410484314,-0.7733792066574097,0.0009084343910217285,0.0011746299657422073
ate_randomized,86200000,row_permutation,-0.9420570731163025,-0.942057192325592,-0.9420570731163025,1.1920928955078125e-07,1.2654147286049213e-07
ate_randomized,86200000,covariate_permutation,-0.9420570731163025,-0.942057192325592,-0.9420570731163025,1.1920928955078125e-07,1.2654147286049213e-07
ate_randomized,86200000,outcome_translation,-0.9420570731163025,-0.9420572519302368,-0.9420570731163025,1.7881393432617188e-07,1.898122092907382e-07
ate_randomized,86200000,positive_outcome_scaling,-0.9420570731163025,-2.3551430702209473,-2.3551426827907562,3.8743019104003906e-07,1.6450391471863978e-07
ate_randomized,86200000,negative_outcome_scaling,-0.9420570731163025,1.4102659225463867,1.4130856096744537,0.0028196871280670166,0.001995411395291624
ate_randomized,86200000,treatment_recoding,-0.9420570731163025,0.9407972693443298,0.9420570731163025,0.0012598037719726562,0.001337290285189681
ate_randomized,86200000,irrelevant_feature_insertion,-0.9420570731163025,-0.9379672408103943,-0.9420570731163025,0.004089832305908203,0.004341384850897764
ate_randomized,86200000,near_duplicate_feature,-0.9420570731163025,-0.9423006176948547,-0.9420570731163025,0.0002435445785522461,0.00025852422905398546
ate_randomized,86200000,near_constant_feature,-0.9420570731163025,-0.9421362280845642,-0.9420570731163025,7.915496826171875e-05,8.402353797936678e-05
ate_randomized,86200001,row_permutation,0.6780122518539429,0.6780121326446533,0.6780122518539429,1.1920928955078125e-07,1.7582173364097448e-07
ate_randomized,86200001,covariate_permutation,0.6780122518539429,0.6780121922492981,0.6780122518539429,5.960464477539063e-08,8.791086682048724e-08
ate_randomized,86200001,outcome_translation,0.6780122518539429,0.6780122518539429,0.6780122518539429,0.0,0.0
ate_randomized,86200001,positive_outcome_scaling,0.6780122518539429,1.695030689239502,1.6950306296348572,5.960464477539063e-08,3.5164346728194894e-08
ate_randomized,86200001,negative_outcome_scaling,0.6780122518539429,-1.0102745294570923,-1.0170183777809143,0.0067438483238220215,0.006630999469780258
ate_randomized,86200001,treatment_recoding,0.6780122518539429,-0.6706115007400513,-0.6780122518539429,0.0074007511138916016,0.010915364867898977
ate_randomized,86200001,irrelevant_feature_insertion,0.6780122518539429,0.6582390069961548,0.6780122518539429,0.019773244857788086,0.029163550959028436
ate_randomized,86200001,near_duplicate_feature,0.6780122518539429,0.6779589056968689,0.6780122518539429,5.334615707397461e-05,7.868022580433608e-05
ate_randomized,86200001,near_constant_feature,0.6780122518539429,0.6779808402061462,0.6780122518539429,3.141164779663086e-05,4.6329026814396775e-05
ate_randomized,86200002,row_permutation,-0.1427249312400818,-0.1427249312400818,-0.1427249312400818,0.0,0.0
ate_randomized,86200002,covariate_permutation,-0.1427249312400818,-0.1427249014377594,-0.1427249312400818,2.9802322387695312e-08,2.0880950601099926e-07
ate_randomized,86200002,outcome_translation,-0.1427249312400818,-0.1427249163389206,-0.1427249312400818,1.4901161193847656e-08,1.0440475300549963e-07
ate_randomized,86200002,positive_outcome_scaling,-0.1427249312400818,-0.3568122684955597,-0.35681232810020447,5.960464477539063e-08,1.670476048087994e-07
ate_randomized,86200002,negative_outcome_scaling,-0.1427249312400818,0.21359379589557648,0.21408739686012268,0.0004936009645462036,0.0023056049622047835
ate_randomized,86200002,treatment_recoding,-0.1427249312400818,0.14273609220981598,0.1427249312400818,1.1160969734191895e-05,7.819916000111922e-05
ate_randomized,86200002,irrelevant_feature_insertion,-0.1427249312400818,-0.2081473469734192,-0.1427249312400818,0.0654224157333374,0.4583811333094177
ate_randomized,86200002,near_duplicate_feature,-0.1427249312400818,-0.14290517568588257,-0.1427249312400818,0.00018024444580078125,0.0012628798923545236
ate_randomized,86200002,near_constant_feature,-0.1427249312400818,-0.14269180595874786,-0.1427249312400818,3.312528133392334e-05,0.00023209176593122567
ate_randomized,86200003,row_permutation,-0.3174378275871277,-0.3174378275871277,-0.3174378275871277,0.0,0.0
ate_randomized,86200003,covariate_permutation,-0.3174378275871277,-0.3174378573894501,-0.3174378275871277,2.9802322387695312e-08,9.388396655252253e-08
ate_randomized,86200003,outcome_translation,-0.3174378275871277,-0.3174378275871277,-0.3174378275871277,0.0,0.0
ate_randomized,86200003,positive_outcome_scaling,-0.3174378275871277,-0.7935947179794312,-0.7935945689678192,1.4901161193847656e-07,1.8776793310504507e-07
ate_randomized,86200003,negative_outcome_scaling,-0.3174378275871277,0.4770377278327942,0.47615674138069153,0.0008809864521026611,0.0018502026235060792
ate_randomized,86200003,treatment_recoding,-0.3174378275871277,0.3143550753593445,0.3174378275871277,0.003082752227783203,0.00971135750019293
ate_randomized,86200003,irrelevant_feature_insertion,-0.3174378275871277,-0.32689666748046875,-0.3174378275871277,0.009458839893341064,0.029797456608238918
ate_randomized,86200003,near_duplicate_feature,-0.3174378275871277,-0.3171117305755615,-0.3174378275871277,0.0003260970115661621,0.0010272783620177016
ate_randomized,86200003,near_constant_feature,-0.3174378275871277,-0.31741639971733093,-0.3174378275871277,2.142786979675293e-05,6.750257195126371e-05
ate_randomized,86200004,row_permutation,-0.8595522046089172,-0.859552264213562,-0.8595522046089172,5.960464477539063e-08,6.934383328411076e-08
ate_randomized,86200004,covariate_permutation,-0.8595522046089172,-0.859552264213562,-0.8595522046089172,5.960464477539063e-08,6.934383328411076e-08
ate_randomized,86200004,outcome_translation,-0.8595522046089172,-0.859552264213562,-0.8595522046089172,5.960464477539063e-08,6.934383328411076e-08
ate_randomized,86200004,positive_outcome_scaling,-0.8595522046089172,-2.14888072013855,-2.148880511522293,2.086162567138672e-07,9.708136659775508e-08
ate_randomized,86200004,negative_outcome_scaling,-0.8595522046089172,1.2853295803070068,1.2893283069133759,0.0039987266063690186,0.003101402943631854
ate_randomized,86200004,treatment_recoding,-0.8595522046089172,0.8536284565925598,0.8595522046089172,0.005923748016357422,0.006891667527108064
ate_randomized,86200004,irrelevant_feature_insertion,-0.8595522046089172,-0.84157794713974,-0.8595522046089172,0.017974257469177246,0.020911187677489874
ate_randomized,86200004,near_duplicate_feature,-0.8595523238182068,-0.8591089844703674,-0.8595523238182068,0.00044333934783935547,0.0005157793604349799
ate_randomized,86200004,near_constant_feature,-0.8595522046089172,-0.859611451625824,-0.8595522046089172,5.924701690673828e-05,6.892777028440611e-05
ate_randomized,86200005,row_permutation,-0.8364212512969971,-0.8364212512969971,-0.8364212512969971,0.0,0.0
ate_randomized,86200005,covariate_permutation,-0.8364212512969971,-0.8364211320877075,-0.8364212512969971,1.1920928955078125e-07,1.4252302815827468e-07
ate_randomized,86200005,outcome_translation,-0.8364212512969971,-0.8364212512969971,-0.8364212512969971,0.0,0.0
ate_randomized,86200005,positive_outcome_scaling,-0.8364212512969971,-2.091052770614624,-2.0910531282424927,3.5762786865234375e-07,1.7102763378992962e-07
ate_randomized,86200005,negative_outcome_scaling,-0.8364212512969971,1.2587616443634033,1.2546318769454956,0.004129767417907715,0.0032916168429914065
ate_randomized,86200005,treatment_recoding,-0.8364212512969971,0.8483898043632507,0.8364212512969971,0.011968553066253662,0.014309240765576698
ate_randomized,86200005,irrelevant_feature_insertion,-0.8364212512969971,-0.8538793325424194,-0.8364212512969971,0.017458081245422363,0.020872354950751168
ate_randomized,86200005,near_duplicate_feature,-0.8364212512969971,-0.8357344269752502,-0.8364212512969971,0.0006868243217468262,0.0008211464267338995
ate_randomized,86200005,near_constant_feature,-0.8364212512969971,-0.8366620540618896,-0.8364212512969971,0.00024080276489257812,0.00028789651687971486
ate_randomized,86200006,row_permutation,1.2190181016921997,1.2190181016921997,1.2190181016921997,0.0,0.0
ate_randomized,86200006,covariate_permutation,1.2190181016921997,1.2190182209014893,1.2190181016921997,1.1920928955078125e-07,9.779123819843113e-08
ate_randomized,86200006,outcome_translation,1.2190181016921997,1.2190182209014893,1.2190181016921997,1.1920928955078125e-07,9.779123819843113e-08
ate_randomized,86200006,positive_outcome_scaling,1.2190181016921997,3.0475454330444336,3.0475452542304993,1.7881393432617188e-07,5.867474291905868e-08
ate_randomized,86200006,negative_outcome_scaling,1.2190181016921997,-1.811845064163208,-1.8285271525382996,0.016682088375091553,0.009123237985246236
ate_randomized,86200006,treatment_recoding,1.2190181016921997,-1.2098593711853027,-1.2190181016921997,0.009158730506896973,0.007513203039547266
ate_randomized,86200006,irrelevant_feature_insertion,1.2190181016921997,1.178022027015686,1.2190181016921997,0.04099607467651367,0.033630406816440465
ate_randomized,86200006,near_duplicate_feature,1.2190181016921997,1.2198352813720703,1.2190181016921997,0.0008171796798706055,0.0006703589378502454
ate_randomized,86200006,near_constant_feature,1.2190181016921997,1.2193706035614014,1.2190181016921997,0.00035250186920166016,0.00028916869135276087
ate_randomized,86200007,row_permutation,0.22910074889659882,0.22910074889659882,0.22910074889659882,0.0,0.0
ate_randomized,86200007,covariate_permutation,0.22910071909427643,0.22910071909427643,0.22910071909427643,0.0,0.0
ate_randomized,86200007,outcome_translation,0.22910071909427643,0.2291007786989212,0.22910071909427643,5.960464477539063e-08,2.6016786420850527e-07
ate_randomized,86200007,positive_outcome_scaling,0.22910071909427643,0.5727518200874329,0.5727517977356911,2.2351741790771484e-08,3.9025179631275796e-08
ate_randomized,86200007,negative_outcome_scaling,0.22910071909427643,-0.3435106575489044,-0.34365107864141464,0.0001404210925102234,0.00040861531139480824
ate_randomized,86200007,treatment_recoding,0.22910071909427643,-0.23309731483459473,-0.22910071909427643,0.003996595740318298,0.017444710588942643
ate_randomized,86200007,irrelevant_feature_insertion,0.22910071909427643,0.2200944721698761,0.22910071909427643,0.00900624692440033,0.0393112992399391
ate_randomized,86200007,near_duplicate_feature,0.22910071909427643,0.2283845990896225,0.22910071909427643,0.0007161200046539307,0.0031257868045330866
ate_randomized,86200007,near_constant_feature,0.22910074889659882,0.22914554178714752,0.22910074889659882,4.4792890548706055e-05,0.00019551612451918545
ate_randomized,86200008,row_permutation,-0.1508522778749466,-0.1508522778749466,-0.1508522778749466,0.0,0.0
ate_randomized,86200008,covariate_permutation,-0.1508522778749466,-0.1508522927761078,-0.1508522778749466,1.4901161193847656e-08,9.877982224570986e-08
ate_randomized,86200008,outcome_translation,-0.1508522778749466,-0.1508522927761078,-0.1508522778749466,1.4901161193847656e-08,9.877982224570986e-08
ate_randomized,86200008,positive_outcome_scaling,-0.1508522778749466,-0.3771306574344635,-0.3771306946873665,3.725290298461914e-08,9.877982224570986e-08
ate_randomized,86200008,negative_outcome_scaling,-0.1508522778749466,0.23054324090480804,0.2262784168124199,0.004264824092388153,0.018847683983592673
ate_randomized,86200008,treatment_recoding,-0.1508522778749466,0.1574717015028,0.1508522778749466,0.0066194236278533936,0.04388017019763373
ate_randomized,86200008,irrelevant_feature_insertion,-0.1508522778749466,-0.1373712420463562,-0.1508522778749466,0.013481035828590393,0.08936580884622698
ate_randomized,86200008,near_duplicate_feature,-0.1508522778749466,-0.1503678262233734,-0.1508522778749466,0.00048445165157318115,0.0032114308010302737
ate_randomized,86200008,near_constant_feature,-0.1508522778749466,-0.15102700889110565,-0.1508522778749466,0.00017473101615905762,0.001158292195653194
ate_randomized,86200009,row_permutation,-1.038817286491394,-1.0388174057006836,-1.038817286491394,1.1920928955078125e-07,1.1475481887042012e-07
ate_randomized,86200009,covariate_permutation,-1.038817286491394,-1.0388171672821045,-1.038817286491394,1.1920928955078125e-07,1.1475481887042012e-07
ate_randomized,86200009,outcome_translation,-1.038817286491394,-1.038817286491394,-1.038817286491394,0.0,0.0
ate_randomized,86200009,positive_outcome_scaling,-1.038817286491394,-2.59704327583313,-2.597043216228485,5.960464477539063e-08,2.2950963774084024e-08
ate_randomized,86200009,negative_outcome_scaling,-1.038817286491394,1.5584782361984253,1.558225929737091,0.0002523064613342285,0.0001619190494261628
ate_randomized,86200009,treatment_recoding,-1.038817286491394,1.037452220916748,1.038817286491394,0.001365065574645996,0.0013140574308851808
ate_randomized,86200009,irrelevant_feature_insertion,-1.038817286491394,-1.018525242805481,-1.038817286491394,0.020292043685913086,0.019533794777760655
ate_randomized,86200009,near_duplicate_feature,-1.038817286491394,-1.0387272834777832,-1.038817286491394,9.000301361083984e-05,8.663988824716719e-05
ate_randomized,86200009,near_constant_feature,-1.038817286491394,-1.03882896900177,-1.038817286491394,1.1682510375976562e-05,1.1245972249301172e-05
ate_randomized,86200010,row_permutation,-0.36932599544525146,-0.36932599544525146,-0.36932599544525146,0.0,0.0
ate_randomized,86200010,covariate_permutation,-0.36932599544525146,-0.3693259656429291,-0.36932599544525146,2.9802322387695312e-08,8.069381184978944e-08
ate_randomized,86200010,outcome_translation,-0.36932599544525146,-0.3693259358406067,-0.36932599544525146,5.960464477539063e-08,1.6138762369957888e-07
ate_randomized,86200010,positive_outcome_scaling,-0.36932599544525146,-0.9233151078224182,-0.9233149886131287,1.1920928955078125e-07,1.291100989596631e-07
ate_randomized,86200010,negative_outcome_scaling,-0.36932599544525146,0.5575258731842041,0.5539889931678772,0.0035368800163269043,0.006384386801806207
ate_randomized,86200010,treatment_recoding,-0.36932599544525146,0.37445515394210815,0.36932599544525146,0.0051291584968566895,0.013887889182219861
ate_randomized,86200010,irrelevant_feature_insertion,-0.36932599544525146,-0.275947242975235,-0.36932599544525146,0.09337875247001648,0.2528355805484016
ate_randomized,86200010,near_duplicate_feature,-0.36932599544525146,-0.3699236512184143,-0.36932599544525146,0.0005976557731628418,0.0016182337028356774
ate_randomized,86200010,near_constant_feature,-0.36932599544525146,-0.369354248046875,-0.36932599544525146,2.8252601623535156e-05,7.649773363360039e-05
ate_randomized,86200011,row_permutation,1.1718100309371948,1.1718101501464844,1.1718100309371948,1.1920928955078125e-07,1.0173090040493984e-07
ate_randomized,86200011,covariate_permutation,1.1718100309371948,1.1718101501464844,1.1718100309371948,1.1920928955078125e-07,1.0173090040493984e-07
ate_randomized,86200011,outcome_translation,1.1718100309371948,1.1718101501464844,1.1718100309371948,1.1920928955078125e-07,1.0173090040493984e-07
ate_randomized,86200011,positive_outcome_scaling,1.1718100309371948,2.929525136947632,2.929525077342987,5.960464477539063e-08,2.034618008098797e-08
ate_randomized,86200011,negative_outcome_scaling,1.1718100309371948,-1.752136468887329,-1.7577150464057922,0.005578577518463135,0.0031737667205331784
ate_randomized,86200011,treatment_recoding,1.1718100309371948,-1.1661168336868286,-1.1718100309371948,0.005693197250366211,0.004858464341539117
ate_randomized,86200011,irrelevant_feature_insertion,1.1718100309371948,1.1599806547164917,1.1718100309371948,0.011829376220703125,0.01009496070898299
ate_randomized,86200011,near_duplicate_feature,1.1718100309371948,1.1715506315231323,1.1718100309371948,0.0002593994140625,0.0002213664392811491
ate_randomized,86200011,near_constant_feature,1.1718100309371948,1.1718486547470093,1.1718100309371948,3.8623809814453125e-05,3.296081173120051e-05
ate_randomized,86200012,row_permutation,0.35414811968803406,0.35414811968803406,0.35414811968803406,0.0,0.0
ate_randomized,86200012,covariate_permutation,0.35414811968803406,0.35414811968803406,0.35414811968803406,0.0,0.0
ate_randomized,86200012,outcome_translation,0.35414811968803406,0.35414811968803406,0.35414811968803406,0.0,0.0
ate_randomized,86200012,positive_outcome_scaling,0.35414811968803406,0.8853703141212463,0.8853702992200851,1.4901161193847656e-08,1.683042813495546e-08
ate_randomized,86200012,negative_outcome_scaling,0.35414811968803406,-0.5294848680496216,-0.5312221795320511,0.0017373114824295044,0.0032704046430438705
ate_randomized,86200012,treatment_recoding,0.35414811968803406,-0.34968674182891846,-0.35414811968803406,0.004461377859115601,0.012597491306873487
ate_randomized,86200012,irrelevant_feature_insertion,0.35414811968803406,0.3767257630825043,0.35414811968803406,0.022577643394470215,0.0637519787323978
ate_randomized,86200012,near_duplicate_feature,0.35414811968803406,0.353593647480011,0.35414811968803406,0.0005544722080230713,0.0015656505772542319
ate_randomized,86200012,near_constant_feature,0.35414811968803406,0.354298859834671,0.35414811968803406,0.0001507401466369629,0.0004256415275330236
ate_randomized,86200013,row_permutation,-1.0247825384140015,-1.0247825384140015,-1.0247825384140015,0.0,0.0
ate_randomized,86200013,covariate_permutation,-1.0247825384140015,-1.0247825384140015,-1.0247825384140015,0.0,0.0
ate_randomized,86200013,outcome_translation,-1.0247825384140015,-1.0247825384140015,-1.0247825384140015,0.0,0.0
ate_randomized,86200013,positive_outcome_scaling,-1.0247825384140015,-2.5619559288024902,-2.5619563460350037,4.172325134277344e-07,1.6285699562112436e-07
ate_randomized,86200013,negative_outcome_scaling,-1.0247825384140015,1.5396807193756104,1.5371738076210022,0.0025069117546081543,0.001630857709244969
ate_randomized,86200013,treatment_recoding,-1.0247825384140015,1.0281319618225098,1.0247825384140015,0.0033494234085083008,0.0032684235756905225
ate_randomized,86200013,irrelevant_feature_insertion,-1.0247825384140015,-1.0263173580169678,-1.0247825384140015,0.0015348196029663086,0.0014977027275871258
ate_randomized,86200013,near_duplicate_feature,-1.0247825384140015,-1.0270273685455322,-1.0247825384140015,0.0022448301315307617,0.0021905429175295664
ate_randomized,86200013,near_constant_feature,-1.0247825384140015,-1.024897575378418,-1.0247825384140015,0.0001150369644165039,0.00011225500055313215
ate_randomized,86200014,row_permutation,1.8685073852539062,1.8685073852539062,1.8685073852539062,0.0,0.0
ate_randomized,86200014,covariate_permutation,1.8685073852539062,1.8685076236724854,1.8685073852539062,2.384185791015625e-07,1.2759841410483078e-07
ate_randomized,86200014,outcome_translation,1.8685073852539062,1.8685075044631958,1.8685073852539062,1.1920928955078125e-07,6.379920705241539e-08
ate_randomized,86200014,positive_outcome_scaling,1.8685073852539062,4.671267986297607,4.671268463134766,4.76837158203125e-07,1.0207873128386462e-07
ate_randomized,86200014,negative_outcome_scaling,1.8685073852539062,-2.8116681575775146,-2.8027610778808594,0.008907079696655273,0.0031779661016949155
ate_randomized,86200014,treatment_recoding,1.8685073852539062,-1.8731929063796997,-1.8685073852539062,0.004685521125793457,0.0025076278331951866
ate_randomized,86200014,irrelevant_feature_insertion,1.8685073852539062,1.8913416862487793,1.8685073852539062,0.022834300994873047,0.012220610512476063
ate_randomized,86200014,near_duplicate_feature,1.8685073852539062,1.8679518699645996,1.8685073852539062,0.0005555152893066406,0.0002973043048642557
ate_randomized,86200014,near_constant_feature,1.8685073852539062,1.8688081502914429,1.8685073852539062,0.0003007650375366211,0.000160965399393244
ate_randomized,86200015,row_permutation,0.18312238156795502,0.18312238156795502,0.18312238156795502,0.0,0.0
ate_randomized,86200015,covariate_permutation,0.18312238156795502,0.1831223964691162,0.18312238156795502,1.4901161193847656e-08,8.137269221959072e-08
ate_randomized,86200015,outcome_translation,0.18312238156795502,0.1831223964691162,0.18312238156795502,1.4901161193847656e-08,8.137269221959072e-08
ate_randomized,86200015,positive_outcome_scaling,0.18312238156795502,0.45780596137046814,0.45780595391988754,7.450580596923828e-09,1.6274538443918142e-08
ate_randomized,86200015,negative_outcome_scaling,0.18312238156795502,-0.27500346302986145,-0.2746835723519325,0.00031989067792892456,0.0011645788468160425
ate_randomized,86200015,treatment_recoding,0.18312238156795502,-0.17994531989097595,-0.18312238156795502,0.003177061676979065,0.01734939033544672
ate_randomized,86200015,irrelevant_feature_insertion,0.18312238156795502,0.21031753718852997,0.18312238156795502,0.02719515562057495,0.14850809271767296
ate_randomized,86200015,near_duplicate_feature,0.18312238156795502,0.18188248574733734,0.18312238156795502,0.0012398958206176758,0.006770858974207704
ate_randomized,86200015,near_constant_feature,0.18312238156795502,0.1832248419523239,0.18312238156795502,0.00010246038436889648,0.0005595186317019058
ate_randomized,86200016,row_permutation,-0.951913058757782,-0.951913058757782,-0.951913058757782,0.0,0.0
ate_randomized,86200016,covariate_permutation,-0.951913058757782,-0.951913058757782,-0.951913058757782,0.0,0.0
ate_randomized,86200016,outcome_translation,-0.951913058757782,-0.951913058757782,-0.951913058757782,0.0,0.0
ate_randomized,86200016,positive_outcome_scaling,-0.951913058757782,-2.3797826766967773,-2.379782646894455,2.9802322387695312e-08,1.252312786908773e-08
ate_randomized,86200016,negative_outcome_scaling,-0.951913058757782,1.4431483745574951,1.427869588136673,0.015278786420822144,0.010700407479621792
ate_randomized,86200016,treatment_recoding,-0.951913058757782,0.9554535150527954,0.951913058757782,0.0035404562950134277,0.0037193063614797102
ate_randomized,86200016,irrelevant_feature_insertion,-0.951913058757782,-0.9618542194366455,-0.951913058757782,0.009941160678863525,0.010443349408228985
ate_randomized,86200016,near_duplicate_feature,-0.951913058757782,-0.9519138932228088,-0.951913058757782,8.344650268554688e-07,8.766189508361411e-07
ate_randomized,86200016,near_constant_feature,-0.951913058757782,-0.9520110487937927,-0.951913058757782,9.799003601074219e-05,0.00010294011108390114
ate_randomized,86200017,row_permutation,1.0920665264129639,1.0920666456222534,1.0920665264129639,1.1920928955078125e-07,1.0915936590634257e-07
ate_randomized,86200017,covariate_permutation,1.0920665264129639,1.0920665264129639,1.0920665264129639,0.0,0.0
ate_randomized,86200017,outcome_translation,1.0920665264129639,1.0920662879943848,1.0920665264129639,2.384185791015625e-07,2.1831873181268514e-07
ate_randomized,86200017,positive_outcome_scaling,1.0920665264129639,2.730166435241699,2.7301663160324097,1.1920928955078125e-07,4.366374636253703e-08
ate_randomized,86200017,negative_outcome_scaling,1.0920665264129639,-1.6408443450927734,-1.6380997896194458,0.0027445554733276367,0.00167545072084115
ate_randomized,86200017,treatment_recoding,1.0920665264129639,-1.092479944229126,-1.0920665264129639,0.0004134178161621094,0.00037856468096319606
ate_randomized,86200017,irrelevant_feature_insertion,1.0920665264129639,1.0318825244903564,1.0920665264129639,0.06018400192260742,0.055110197471476115
ate_randomized,86200017,near_duplicate_feature,1.0920665264129639,1.0925028324127197,1.0920665264129639,0.0004363059997558594,0.00039952327921721385
ate_randomized,86200017,near_constant_feature,1.0920665264129639,1.0919127464294434,1.0920665264129639,0.0001537799835205078,0.00014081558201918193
ate_randomized,86200018,row_permutation,0.7223773002624512,0.722377359867096,0.7223773002624512,5.960464477539063e-08,8.25117909349246e-08
ate_randomized,86200018,covariate_permutation,0.7223773002624512,0.7223773002624512,0.7223773002624512,0.0,0.0
ate_randomized,86200018,outcome_translation,0.7223773002624512,0.722377359867096,0.7223773002624512,5.960464477539063e-08,8.25117909349246e-08
ate_randomized,86200018,positive_outcome_scaling,0.7223773002624512,1.8059433698654175,1.805943250656128,1.1920928955078125e-07,6.600943274793969e-08
ate_randomized,86200018,negative_outcome_scaling,0.7223773002624512,-1.0823894739151,-1.0835659503936768,0.0011764764785766602,0.001085745152982361
ate_randomized,86200018,treatment_recoding,0.7223773002624512,-0.7247304320335388,-0.7223773002624512,0.0023531317710876465,0.0032574829943198885
ate_randomized,86200018,irrelevant_feature_insertion,0.7223773002624512,0.7158775329589844,0.7223773002624512,0.006499767303466797,0.008997745777871657
ate_randomized,86200018,near_duplicate_feature,0.7223773002624512,0.722288191318512,0.7223773002624512,8.910894393920898e-05,0.00012335512744771228
ate_randomized,86200018,near_constant_feature,0.7223773002624512,0.7224791646003723,0.7223773002624512,0.00010186433792114258,0.00014101265070778614
ate_randomized,86200019,row_permutation,-0.1911683827638626,-0.1911683827638626,-0.1911683827638626,0.0,0.0
ate_randomized,86200019,covariate_permutation,-0.1911683827638626,-0.19116836786270142,-0.1911683827638626,1.4901161193847656e-08,7.794783310090589e-08
ate_randomized,86200019,outcome_translation,-0.1911683827638626,-0.191168412566185,-0.1911683827638626,2.9802322387695312e-08,1.5589566620181178e-07
ate_randomized,86200019,positive_outcome_scaling,-0.1911683827638626,-0.4779209792613983,-0.4779209569096565,2.2351741790771484e-08,4.676869986054353e-08
ate_randomized,86200019,negative_outcome_scaling,-0.1911683827638626,0.2883671224117279,0.2867525741457939,0.0016145482659339905,0.005630457793599802
ate_randomized,86200019,treatment_recoding,-0.1911683827638626,0.19387565553188324,0.1911683827638626,0.00270727276802063,0.014161718213438782
ate_randomized,86200019,irrelevant_feature_insertion,-0.1911683827638626,-0.18738685548305511,-0.1911683827638626,0.003781527280807495,0.01978113339734929
ate_randomized,86200019,near_duplicate_feature,-0.1911683827638626,-0.19054417312145233,-0.1911683827638626,0.0006242096424102783,0.0032652347285969476
ate_randomized,86200019,near_constant_feature,-0.1911683827638626,-0.19133135676383972,-0.1911683827638626,0.00016297399997711182,0.0008525154506246077
ate_randomized,86200020,row_permutation,-0.7411419153213501,-0.7411419153213501,-0.7411419153213501,0.0,0.0
ate_randomized,86200020,covariate_permutation,-0.7411419153213501,-0.7411418557167053,-0.7411419153213501,5.960464477539063e-08,8.042271465586558e-08
ate_randomized,86200020,outcome_translation,-0.7411419153213501,-0.7411418557167053,-0.7411419153213501,5.960464477539063e-08,8.042271465586558e-08
ate_randomized,86200020,positive_outcome_scaling,-0.7411419153213501,-1.8528547286987305,-1.8528547883033752,5.960464477539063e-08,3.216908586234623e-08
ate_randomized,86200020,negative_outcome_scaling,-0.7411419153213501,1.1114379167556763,1.1117128729820251,0.00027495622634887695,0.0002473266551383386
ate_randomized,86200020,treatment_recoding,-0.7411419153213501,0.7397962808609009,0.7411419153213501,0.0013456344604492188,0.0018156232060708211
ate_randomized,86200020,irrelevant_feature_insertion,-0.7411419153213501,-0.7526063323020935,-0.7411419153213501,0.011464416980743408,0.015468585359623841
ate_randomized,86200020,near_duplicate_feature,-0.7411418557167053,-0.7412242889404297,-0.7411418557167053,8.243322372436523e-05,0.00011122462331404823
ate_randomized,86200020,near_constant_feature,-0.7411419153213501,-0.7411255836486816,-0.7411419153213501,1.633167266845703e-05,2.2035823815707168e-05
ate_randomized,86200021,row_permutation,-0.6629378795623779,-0.6629378795623779,-0.6629378795623779,0.0,0.0
ate_randomized,86200021,covariate_permutation,-0.6629378795623779,-0.6629378795623779,-0.6629378795623779,0.0,0.0
ate_randomized,86200021,outcome_translation,-0.6629378795623779,-0.6629379391670227,-0.6629378795623779,5.960464477539063e-08,8.990984919241175e-08
ate_randomized,86200021,positive_outcome_scaling,-0.6629378795623779,-1.6573446989059448,-1.6573446989059448,0.0,0.0
ate_randomized,86200021,negative_outcome_scaling,-0.6629378795623779,0.9899715185165405,0.9944068193435669,0.004435300827026367,0.004460247798737162
ate_randomized,86200021,treatment_recoding,-0.6629378795623779,0.6636361479759216,0.6629378795623779,0.0006982684135437012,0.0010532938832891036
ate_randomized,86200021,irrelevant_feature_insertion,-0.6629378795623779,-0.6682873964309692,-0.6629378795623779,0.005349516868591309,0.008069408965018956
ate_randomized,86200021,near_duplicate_feature,-0.6629378795623779,-0.6625424027442932,-0.6629378795623779,0.0003954768180847168,0.000596551849391652
ate_randomized,86200021,near_constant_feature,-0.6629378795623779,-0.6630210876464844,-0.6629378795623779,8.320808410644531e-05,0.0001255141494726068
ate_randomized,86200022,row_permutation,0.10789727419614792,0.10789727419614792,0.10789727419614792,0.0,0.0
ate_randomized,86200022,covariate_permutation,0.10789727419614792,0.10789727419614792,0.10789727419614792,0.0,0.0
ate_randomized,86200022,outcome_translation,0.10789727419614792,0.10789722204208374,0.10789727419614792,5.21540641784668e-08,4.83367764079519e-07
ate_randomized,86200022,positive_outcome_scaling,0.10789727419614792,0.2697431743144989,0.2697431854903698,1.1175870895385742e-08,4.143152263538734e-08
ate_randomized,86200022,negative_outcome_scaling,0.10789727419614792,-0.12665890157222748,-0.16184591129422188,0.0351870097219944,0.21741055699595313
ate_randomized,86200022,treatment_recoding,0.10789725184440613,-0.09306469559669495,-0.10789725184440613,0.014832556247711182,0.13746926816171887
ate_randomized,86200022,irrelevant_feature_insertion,0.10789727419614792,0.11224912852048874,0.10789727419614792,0.00435185432434082,0.04033331107539867
ate_randomized,86200022,near_duplicate_feature,0.10789727419614792,0.10739835351705551,0.10789727419614792,0.0004989206790924072,0.00462403413626013
ate_randomized,86200022,near_constant_feature,0.10789727419614792,0.10809069871902466,0.10789727419614792,0.0001934245228767395,0.0017926729318954845
ate_randomized,86200023,row_permutation,0.39683306217193604,0.39683303236961365,0.39683306217193604,2.9802322387695312e-08,7.510040172706892e-08
ate_randomized,86200023,covariate_permutation,0.39683306217193604,0.39683303236961365,0.39683306217193604,2.9802322387695312e-08,7.510040172706892e-08
ate_randomized,86200023,outcome_translation,0.39683306217193604,0.3968330919742584,0.39683306217193604,2.9802322387695312e-08,7.510040172706892e-08
ate_randomized,86200023,positive_outcome_scaling,0.39683306217193604,0.9920827150344849,0.9920826554298401,5.960464477539063e-08,6.008032138165513e-08
ate_randomized,86200023,negative_outcome_scaling,0.39683306217193604,-0.5807338953018188,-0.595249593257904,0.014515697956085205,0.024385901511731034
ate_randomized,86200023,treatment_recoding,0.39683306217193604,-0.3885103762149811,-0.39683306217193604,0.008322685956954956,0.020972763487506447
ate_randomized,86200023,irrelevant_feature_insertion,0.39683306217193604,0.3861696124076843,0.39683306217193604,0.010663449764251709,0.026871374340355622
ate_randomized,86200023,near_duplicate_feature,0.39683306217193604,0.39577096700668335,0.39683306217193604,0.0010620951652526855,0.002676428116749282
ate_randomized,86200023,near_constant_feature,0.39683306217193604,0.3968256413936615,0.39683306217193604,7.420778274536133e-06,1.870000003004016e-05
ate_randomized,86200024,row_permutation,0.19527746737003326,0.19527746737003326,0.19527746737003326,0.0,0.0
ate_randomized,86200024,covariate_permutation,0.19527746737003326,0.19527746737003326,0.19527746737003326,0.0,0.0
ate_randomized,86200024,outcome_translation,0.19527746737003326,0.19527746737003326,0.19527746737003326,0.0,0.0
ate_randomized,86200024,positive_outcome_scaling,0.19527746737003326,0.48819369077682495,0.48819366842508316,2.2351741790771484e-08,4.578457943315486e-08
ate_randomized,86200024,negative_outcome_scaling,0.19527746737003326,-0.292755126953125,-0.2929162010550499,0.00016107410192489624,0.0005498982348696528
ate_randomized,86200024,treatment_recoding,0.19527746737003326,-0.19732077419757843,-0.19527746737003326,0.002043306827545166,0.010463607783653212
ate_randomized,86200024,irrelevant_feature_insertion,0.19527746737003326,0.20868359506130219,0.19527746737003326,0.013406127691268921,0.06865168763104405
ate_randomized,86200024,near_duplicate_feature,0.19527746737003326,0.19470565021038055,0.19527746737003326,0.00057181715965271,0.0029282290852798076
ate_randomized,86200024,near_constant_feature,0.19527746737003326,0.19536347687244415,0.19527746737003326,8.600950241088867e-05,0.0004404476541469497
ate_randomized,86200025,row_permutation,-0.5627939701080322,-0.5627939701080322,-0.5627939701080322,0.0,0.0
ate_randomized,86200025,covariate_permutation,-0.5627939701080322,-0.562794029712677,-0.5627939701080322,5.960464477539063e-08,1.0590846373842474e-07
ate_randomized,86200025,outcome_translation,-0.5627939701080322,-0.5627939105033875,-0.5627939701080322,5.960464477539063e-08,1.0590846373842474e-07
ate_randomized,86200025,positive_outcome_scaling,-0.5627939701080322,-1.4069850444793701,-1.4069849252700806,1.1920928955078125e-07,8.472677099073979e-08
ate_randomized,86200025,negative_outcome_scaling,-0.5627939701080322,0.8770837783813477,0.8441909551620483,0.032892823219299316,0.03896372380936646
ate_randomized,86200025,treatment_recoding,-0.5627939701080322,0.5848512649536133,0.5627939701080322,0.022057294845581055,0.03919248609104146
ate_randomized,86200025,irrelevant_feature_insertion,-0.5627939701080322,-0.5345967411994934,-0.5627939701080322,0.02819722890853882,0.05010222284920033
ate_randomized,86200025,near_duplicate_feature,-0.5627939701080322,-0.5615020990371704,-0.5627939701080322,0.0012918710708618164,0.0022954600430666176
ate_randomized,86200025,near_constant_feature,-0.5627939701080322,-0.5626792311668396,-0.5627939701080322,0.00011473894119262695,0.0002038737926964676
ate_randomized,86200026,row_permutation,0.36675891280174255,0.36675894260406494,0.36675891280174255,2.9802322387695312e-08,8.12586179843036e-08
ate_randomized,86200026,covariate_permutation,0.36675894260406494,0.36675891280174255,0.36675894260406494,2.9802322387695312e-08,8.125861138134113e-08
ate_randomized,86200026,outcome_translation,0.36675891280174255,0.36675891280174255,0.36675891280174255,0.0,0.0
ate_randomized,86200026,positive_outcome_scaling,0.36675891280174255,0.9168973565101624,0.9168972820043564,7.450580596923828e-08,8.12586179843036e-08
ate_randomized,86200026,negative_outcome_scaling,0.36675891280174255,-0.550115168094635,-0.5501383692026138,2.32011079788208e-05,4.217322273385357e-05
ate_randomized,86200026,treatment_recoding,0.36675891280174255,-0.36842310428619385,-0.36675891280174255,0.001664191484451294,0.0045375624868614975
ate_randomized,86200026,irrelevant_feature_insertion,0.36675891280174255,0.3743094205856323,0.36675891280174255,0.0075505077838897705,0.02058711464217727
ate_randomized,86200026,near_duplicate_feature,0.36675891280174255,0.36666250228881836,0.36675891280174255,9.641051292419434e-05,0.00026287162917922215
ate_randomized,86200026,near_constant_feature,0.36675891280174255,0.3668529689311981,0.36675891280174255,9.40561294555664e-05,0.00025645219835846215
ate_randomized,86200027,row_permutation,0.5712103247642517,0.5712102651596069,0.5712103247642517,5.960464477539063e-08,1.0434798215524288e-07
ate_randomized,86200027,covariate_permutation,0.5712102651596069,0.5712102651596069,0.5712102651596069,0.0,0.0
ate_randomized,86200027,outcome_translation,0.5712103247642517,0.5712103247642517,0.5712103247642517,0.0,0.0
ate_randomized,86200027,positive_outcome_scaling,0.5712103247642517,1.428025722503662,1.4280258119106293,8.940696716308594e-08,6.260878929314572e-08
ate_randomized,86200027,negative_outcome_scaling,0.5712103247642517,-0.8372476696968079,-0.8568154871463776,0.019567817449569702,0.022837842853121484
ate_randomized,86200027,treatment_recoding,0.5712103247642517,-0.5579253435134888,-0.5712103247642517,0.01328498125076294,0.023257600002671307
ate_randomized,86200027,irrelevant_feature_insertion,0.5712103247642517,0.5867670178413391,0.5712103247642517,0.015556693077087402,0.02723461464655408
ate_randomized,86200027,near_duplicate_feature,0.5712103247642517,0.5707506537437439,0.5712103247642517,0.0004596710205078125,0.000804731638381233
ate_randomized,86200027,near_constant_feature,0.5712102651596069,0.5713117718696594,0.5712102651596069,0.00010150671005249023,0.0001777046321534984
ate_randomized,86200028,row_permutation,-0.03449220955371857,-0.034492213279008865,-0.03449220955371857,3.725290298461914e-09,1.0800381728691819e-07
ate_randomized,86200028,covariate_permutation,-0.03449220955371857,-0.034492213279008865,-0.03449220955371857,3.725290298461914e-09,1.0800381728691819e-07
ate_randomized,86200028,outcome_translation,-0.03449220955371857,-0.03449222445487976,-0.03449220955371857,1.4901161193847656e-08,4.3201526914767275e-07
ate_randomized,86200028,positive_outcome_scaling,-0.03449220955371857,-0.08623053878545761,-0.08623052388429642,1.4901161193847656e-08,1.728061076590691e-07
ate_randomized,86200028,negative_outcome_scaling,-0.03449220955371857,0.05545186251401901,0.05173831433057785,0.003713548183441162,0.07177559283655321
ate_randomized,86200028,treatment_recoding,-0.03449220955371857,0.036094196140766144,0.03449220955371857,0.001601986587047577,0.046444881547893425
ate_randomized,86200028,irrelevant_feature_insertion,-0.03449220955371857,-0.02831275947391987,-0.03449220955371857,0.006179450079798698,0.17915495005255466
ate_randomized,86200028,near_duplicate_feature,-0.03449220955371857,-0.03480961546301842,-0.03449220955371857,0.00031740590929985046,0.00920224924429729
ate_randomized,86200028,near_constant_feature,-0.03449220955371857,-0.03459220379590988,-0.03449220955371857,9.99942421913147e-05,0.002899038463615458
ate_randomized,86200029,row_permutation,1.268258810043335,1.268258810043335,1.268258810043335,0.0,0.0
ate_randomized,86200029,covariate_permutation,1.268258810043335,1.268258810043335,1.268258810043335,0.0,0.0
ate_randomized,86200029,outcome_translation,1.268258810043335,1.268258810043335,1.268258810043335,0.0,0.0
ate_randomized,86200029,positive_outcome_scaling,1.268258810043335,3.170647382736206,3.1706470251083374,3.5762786865234375e-07,1.1279334023001946e-07
ate_randomized,86200029,negative_outcome_scaling,1.268258810043335,-1.9049124717712402,-1.9023882150650024,0.002524256706237793,0.00132688832187259
ate_randomized,86200029,treatment_recoding,1.268258810043335,-1.2769674062728882,-1.268258810043335,0.008708596229553223,0.0068665765698530095
ate_randomized,86200029,irrelevant_feature_insertion,1.2682589292526245,1.3219401836395264,1.2682589292526245,0.053681254386901855,0.042326730881789114
ate_randomized,86200029,near_duplicate_feature,1.268258810043335,1.2662193775177002,1.268258810043335,0.0020394325256347656,0.0016080570538793107
ate_randomized,86200029,near_constant_feature,1.268258810043335,1.2684831619262695,1.268258810043335,0.0002243518829345703,0.00017689755526074718
ate_randomized,86200030,row_permutation,0.7850325107574463,0.7850325703620911,0.7850325107574463,5.960464477539063e-08,7.592633930266213e-08
ate_randomized,86200030,covariate_permutation,0.7850325107574463,0.7850325703620911,0.7850325107574463,5.960464477539063e-08,7.592633930266213e-08
ate_randomized,86200030,outcome_translation,0.7850325107574463,0.7850325107574463,0.7850325107574463,0.0,0.0
ate_randomized,86200030,positive_outcome_scaling,0.7850325107574463,1.9625815153121948,1.9625812768936157,2.384185791015625e-07,1.214821428842594e-07
ate_randomized,86200030,negative_outcome_scaling,0.7850325107574463,-1.1816444396972656,-1.1775487661361694,0.004095673561096191,0.003478134985895417
ate_randomized,86200030,treatment_recoding,0.7850325107574463,-0.7922288179397583,-0.7850325107574463,0.007196307182312012,0.009166890649367609
ate_randomized,86200030,irrelevant_feature_insertion,0.7850325107574463,0.754898726940155,0.7850325107574463,0.03013378381729126,0.03838539602419317
ate_randomized,86200030,near_duplicate_feature,0.7850325107574463,0.7863401174545288,0.7850325107574463,0.0013076066970825195,0.0016656720316218017
ate_randomized,86200030,near_constant_feature,0.7850325107574463,0.7850590348243713,0.7850325107574463,2.6524066925048828e-05,3.378722098968465e-05
ate_randomized,86200031,row_permutation,1.0542949438095093,1.0542949438095093,1.0542949438095093,0.0,0.0
ate_randomized,86200031,covariate_permutation,1.0542949438095093,1.0542949438095093,1.0542949438095093,0.0,0.0
ate_randomized,86200031,outcome_translation,1.0542949438095093,1.0542949438095093,1.0542949438095093,0.0,0.0
ate_randomized,86200031,positive_outcome_scaling,1.0542949438095093,2.635737180709839,2.635737359523773,1.7881393432617188e-07,6.784209120080162e-08
ate_randomized,86200031,negative_outcome_scaling,1.0542949438095093,-1.5705995559692383,-1.581442415714264,0.010842859745025635,0.006856310187006348
ate_randomized,86200031,treatment_recoding,1.0542949438095093,-1.0330233573913574,-1.0542949438095093,0.021271586418151855,0.020176124852966403
ate_randomized,86200031,irrelevant_feature_insertion,1.0542949438095093,1.0561137199401855,1.0542949438095093,0.0018187761306762695,0.0017251113090843838
ate_randomized,86200031,near_duplicate_feature,1.0542949438095093,1.0525331497192383,1.0542949438095093,0.001761794090270996,0.0016710637764277452
ate_randomized,86200031,near_constant_feature,1.0542949438095093,1.0541988611221313,1.0542949438095093,9.608268737792969e-05,9.113454251307685e-05
ate_randomized,86200032,row_permutation,-1.2201813459396362,-1.2201812267303467,-1.2201813459396362,1.1920928955078125e-07,9.769801017485697e-08
ate_randomized,86200032,covariate_permutation,-1.2201813459396362,-1.2201814651489258,-1.2201813459396362,1.1920928955078125e-07,9.769801017485697e-08
ate_randomized,86200032,outcome_translation,-1.2201813459396362,-1.2201813459396362,-1.2201813459396362,0.0,0.0
ate_randomized,86200032,positive_outcome_scaling,-1.2201813459396362,-3.0504531860351562,-3.0504533648490906,1.7881393432617188e-07,5.8618806104914184e-08
ate_randomized,86200032,negative_outcome_scaling,-1.2201813459396362,1.8414703607559204,1.8302720189094543,0.011198341846466064,0.006118403019207201
ate_randomized,86200032,treatment_recoding,-1.2201813459396362,1.2241957187652588,1.2201813459396362,0.004014372825622559,0.0032899804926383083
ate_randomized,86200032,irrelevant_feature_insertion,-1.2201813459396362,-1.219635248184204,-1.2201813459396362,0.0005460977554321289,0.00044755458461101977
ate_randomized,86200032,near_duplicate_feature,-1.2201813459396362,-1.2214608192443848,-1.2201813459396362,0.0012794733047485352,0.0010485927432067397
ate_randomized,86200032,near_constant_feature,-1.2201813459396362,-1.2201635837554932,-1.2201813459396362,1.7762184143066406e-05,1.4557003516053688e-05
ate_randomized,86200033,row_permutation,-1.2110973596572876,-1.2110973596572876,-1.2110973596572876,0.0,0.0
ate_randomized,86200033,covariate_permutation,-1.2110973596572876,-1.211097240447998,-1.2110973596572876,1.1920928955078125e-07,9.843080624378102e-08
ate_randomized,86200033,outcome_translation,-1.211097240447998,-1.2110973596572876,-1.211097240447998,1.1920928955078125e-07,9.843081593240559e-08
ate_randomized,86200033,positive_outcome_scaling,-1.2110973596572876,-3.027743101119995,-3.027743399143219,2.980232238769531e-07,9.843080624378102e-08
ate_randomized,86200033,negative_outcome_scaling,-1.2110973596572876,1.8109796047210693,1.8166460394859314,0.0056664347648620605,0.0031191738190591766
ate_randomized,86200033,treatment_recoding,-1.2110973596572876,1.2043858766555786,1.2110973596572876,0.006711483001708984,0.005541654391524872
ate_randomized,86200033,irrelevant_feature_insertion,-1.211097240447998,-1.2117414474487305,-1.211097240447998,0.0006442070007324219,0.0005319201292987198
ate_randomized,86200033,near_duplicate_feature,-1.2110973596572876,-1.2112425565719604,-1.2110973596572876,0.00014519691467285156,0.00011988872200492528
ate_randomized,86200033,near_constant_feature,-1.2110973596572876,-1.2111876010894775,-1.2110973596572876,9.02414321899414e-05,7.451212032654224e-05
ate_randomized,86200034,row_permutation,0.14434461295604706,0.14434459805488586,0.14434461295604706,1.4901161193847656e-08,1.0323323391628797e-07
ate_randomized,86200034,covariate_permutation,0.14434461295604706,0.14434459805488586,0.14434461295604706,1.4901161193847656e-08,1.0323323391628797e-07
ate_randomized,86200034,outcome_translation,0.14434461295604706,0.14434462785720825,0.14434461295604706,1.4901161193847656e-08,1.0323323391628797e-07
ate_randomized,86200034,positive_outcome_scaling,0.14434461295604706,0.36086153984069824,0.36086153239011765,7.450580596923828e-09,2.0646646783257593e-08
ate_randomized,86200034,negative_outcome_scaling,0.14434461295604706,-0.22113357484340668,-0.2165169194340706,0.00461665540933609,0.02132237712139564
ate_randomized,86200034,treatment_recoding,0.14434461295604706,-0.14599230885505676,-0.14434461295604706,0.0016476958990097046,0.011415014840293542
ate_randomized,86200034,irrelevant_feature_insertion,0.14434461295604706,0.15020175278186798,0.14434461295604706,0.005857139825820923,0.04057747432253964
ate_randomized,86200034,near_duplicate_feature,0.14434461295604706,0.14407256245613098,0.14434461295604706,0.00027205049991607666,0.0018847291516096694
ate_randomized,86200034,near_constant_feature,0.14434461295604706,0.14441658556461334,0.14434461295604706,7.197260856628418e-05,0.0004986165198156709
ate_randomized,86200035,row_permutation,-0.01867181435227394,-0.01867181994020939,-0.01867181435227394,5.587935447692871e-09,2.992711550290423e-07
ate_randomized,86200035,covariate_permutation,-0.018671810626983643,-0.018671805039048195,-0.018671810626983643,5.587935447692871e-09,2.992712147378703e-07
ate_randomized,86200035,outcome_translation,-0.018671810626983643,-0.01867183856666088,-0.018671810626983643,2.7939677238464355e-08,1.4963560736893516e-06
ate_randomized,86200035,positive_outcome_scaling,-0.018671810626983643,-0.04667951539158821,-0.046679526567459106,1.1175870895385742e-08,2.394169717902963e-07
ate_randomized,86200035,negative_outcome_scaling,-0.018671810626983643,0.0547390952706337,0.028007715940475464,0.026731379330158234,0.9544291075705774
ate_randomized,86200035,treatment_recoding,-0.018671810626983643,0.03587526082992554,0.018671810626983643,0.017203450202941895,0.921359505332614
ate_randomized,86200035,irrelevant_feature_insertion,-0.018671810626983643,-0.046061135828495026,-0.018671810626983643,0.027389325201511383,1.466881051263962
ate_randomized,86200035,near_duplicate_feature,-0.018671810626983643,-0.01860370673239231,-0.018671810626983643,6.810389459133148e-05,0.0036474178081535844
ate_randomized,86200035,near_constant_feature,-0.018671810626983643,-0.01877511851489544,-0.018671810626983643,0.00010330788791179657,0.005532826461002167
ate_randomized,86200036,row_permutation,-0.6709996461868286,-0.6709996461868286,-0.6709996461868286,0.0,0.0
ate_randomized,86200036,covariate_permutation,-0.6709996461868286,-0.6709997653961182,-0.6709996461868286,1.1920928955078125e-07,1.7765924353049424e-07
ate_randomized,86200036,outcome_translation,-0.6709996461868286,-0.6709996461868286,-0.6709996461868286,0.0,0.0
ate_randomized,86200036,positive_outcome_scaling,-0.6709996461868286,-1.6774991750717163,-1.6774991154670715,5.960464477539063e-08,3.553184870609885e-08
ate_randomized,86200036,negative_outcome_scaling,-0.6709996461868286,1.0244523286819458,1.006499469280243,0.01795285940170288,0.017836928830713777
ate_randomized,86200036,treatment_recoding,-0.6709996461868286,0.6843001842498779,0.6709996461868286,0.013300538063049316,0.019821974778427832
ate_randomized,86200036,irrelevant_feature_insertion,-0.6709996461868286,-0.6691722273826599,-0.6709996461868286,0.0018274188041687012,0.0027234273737007115
ate_randomized,86200036,near_duplicate_feature,-0.6709995269775391,-0.6705798506736755,-0.6709995269775391,0.0004196763038635254,0.000625449477965986
ate_randomized,86200036,near_constant_feature,-0.6709996461868286,-0.6710190176963806,-0.6709996461868286,1.9371509552001953e-05,2.8869627073705313e-05
ate_randomized,86200037,row_permutation,-1.2404308319091797,-1.2404307126998901,-1.2404308319091797,1.1920928955078125e-07,9.610313326967462e-08
ate_randomized,86200037,covariate_permutation,-1.2404308319091797,-1.2404307126998901,-1.2404308319091797,1.1920928955078125e-07,9.610313326967462e-08
ate_randomized,86200037,outcome_translation,-1.2404308319091797,-1.2404308319091797,-1.2404308319091797,0.0,0.0
ate_randomized,86200037,positive_outcome_scaling,-1.2404308319091797,-3.101076602935791,-3.101077079772949,4.76837158203125e-07,1.5376501323147938e-07
ate_randomized,86200037,negative_outcome_scaling,-1.2404308319091797,1.8562989234924316,1.8606462478637695,0.004347324371337891,0.0023364593760523294
ate_randomized,86200037,treatment_recoding,-1.2404308319091797,1.2385631799697876,1.2404308319091797,0.0018676519393920898,0.0015056477889359922
ate_randomized,86200037,irrelevant_feature_insertion,-1.2404308319091797,-1.22372567653656,-1.2404308319091797,0.01670515537261963,0.013467220374479312
ate_randomized,86200037,near_duplicate_feature,-1.2404308319091797,-1.2395254373550415,-1.2404308319091797,0.0009053945541381836,0.0007299032971831787
ate_randomized,86200037,near_constant_feature,-1.2404308319091797,-1.2405589818954468,-1.2404308319091797,0.00012814998626708984,0.00010331086826490022
ate_randomized,86200038,row_permutation,-1.2282923460006714,-1.2282923460006714,-1.2282923460006714,0.0,0.0
ate_randomized,86200038,covariate_permutation,-1.2282923460006714,-1.2282922267913818,-1.2282923460006714,1.1920928955078125e-07,9.705286362723626e-08
ate_randomized,86200038,outcome_translation,-1.2282923460006714,-1.2282922267913818,-1.2282923460006714,1.1920928955078125e-07,9.705286362723626e-08
ate_randomized,86200038,positive_outcome_scaling,-1.2282923460006714,-3.070730447769165,-3.0707308650016785,4.172325134277344e-07,1.3587400907813076e-07
ate_randomized,86200038,negative_outcome_scaling,-1.2282923460006714,1.8809454441070557,1.842438519001007,0.038506925106048584,0.02089997832162536
ate_randomized,86200038,treatment_recoding,-1.2282923460006714,1.2517896890640259,1.2282923460006714,0.023497343063354492,0.019130089949564538
ate_randomized,86200038,irrelevant_feature_insertion,-1.2282923460006714,-1.2503875494003296,-1.2282923460006714,0.022095203399658203,0.017988554167580984
ate_randomized,86200038,near_duplicate_feature,-1.2282923460006714,-1.2284306287765503,-1.2282923460006714,0.00013828277587890625,0.00011258132180759405
ate_randomized,86200038,near_constant_feature,-1.2282923460006714,-1.2283272743225098,-1.2282923460006714,3.4928321838378906e-05,2.8436489042780223e-05
ate_randomized,86200039,row_permutation,0.4184846580028534,0.4184846878051758,0.4184846580028534,2.9802322387695312e-08,7.121485057522015e-08
ate_randomized,86200039,covariate_permutation,0.4184846580028534,0.418484628200531,0.4184846580028534,2.9802322387695312e-08,7.121485057522015e-08
ate_randomized,86200039,outcome_translation,0.4184846580028534,0.4184846878051758,0.4184846580028534,2.9802322387695312e-08,7.121485057522015e-08
ate_randomized,86200039,positive_outcome_scaling,0.4184846580028534,1.0462114810943604,1.0462116450071335,1.6391277313232422e-07,1.5667267126548433e-07
ate_randomized,86200039,negative_outcome_scaling,0.4184846580028534,-0.6296361684799194,-0.6277269870042801,0.0019091814756393433,0.003041420100082977
ate_randomized,86200039,treatment_recoding,0.4184846580028534,-0.42162707448005676,-0.4184846580028534,0.003142416477203369,0.007509036274352363
ate_randomized,86200039,irrelevant_feature_insertion,0.4184846580028534,0.417542964220047,0.4184846580028534,0.0009416937828063965,0.0022502468484758066
ate_randomized,86200039,near_duplicate_feature,0.4184846580028534,0.4222376346588135,0.4184846580028534,0.003752976655960083,0.008968014918086898
ate_randomized,86200039,near_constant_feature,0.4184846580028534,0.41849201917648315,0.4184846580028534,7.361173629760742e-06,1.7590068092079378e-05
ate_randomized,86200040,row_permutation,-0.2578250765800476,-0.2578250765800476,-0.2578250765800476,0.0,0.0
ate_randomized,86200040,covariate_permutation,-0.2578250765800476,-0.2578250467777252,-0.2578250765800476,2.9802322387695312e-08,1.1559124807800653e-07
ate_randomized,86200040,outcome_translation,-0.2578250765800476,-0.2578250467777252,-0.2578250765800476,2.9802322387695312e-08,1.1559124807800653e-07
ate_randomized,86200040,positive_outcome_scaling,-0.2578250765800476,-0.6445626020431519,-0.644562691450119,8.940696716308594e-08,1.3870949769360784e-07
ate_randomized,86200040,negative_outcome_scaling,-0.2578250765800476,0.3852764964103699,0.3867376148700714,0.001461118459701538,0.0037780614130136173
ate_randomized,86200040,treatment_recoding,-0.2578250765800476,0.2609166204929352,0.2578250765800476,0.0030915439128875732,0.011990858119372007
ate_randomized,86200040,irrelevant_feature_insertion,-0.2578250765800476,-0.28238511085510254,-0.2578250765800476,0.02456003427505493,0.09525851635858902
ate_randomized,86200040,near_duplicate_feature,-0.2578250765800476,-0.2571397125720978,-0.2578250765800476,0.0006853640079498291,0.002658251932049916
ate_randomized,86200040,near_constant_feature,-0.2578250765800476,-0.25786128640174866,-0.2578250765800476,3.6209821701049805e-05,0.00014044336641477794
ate_randomized,86200041,row_permutation,1.1189024448394775,1.1189024448394775,1.1189024448394775,0.0,0.0
ate_randomized,86200041,covariate_permutation,1.1189024448394775,1.1189024448394775,1.1189024448394775,0.0,0.0
ate_randomized,86200041,outcome_translation,1.1189024448394775,1.118902325630188,1.1189024448394775,1.1920928955078125e-07,1.065412718513485e-07
ate_randomized,86200041,positive_outcome_scaling,1.1189024448394775,2.7972559928894043,2.797256112098694,1.1920928955078125e-07,4.26165087405394e-08
ate_randomized,86200041,negative_outcome_scaling,1.1189024448394775,-1.677454948425293,-1.6783536672592163,0.0008987188339233398,0.0005354764323248776
ate_randomized,86200041,treatment_recoding,1.1189024448394775,-1.1156518459320068,-1.1189024448394775,0.003250598907470703,0.002905167400842571
ate_randomized,86200041,irrelevant_feature_insertion,1.1189024448394775,1.1079597473144531,1.1189024448394775,0.010942697525024414,0.009779849508322684
ate_randomized,86200041,near_duplicate_feature,1.1189024448394775,1.1185319423675537,1.1189024448394775,0.0003705024719238281,0.00033113027291399117
ate_randomized,86200041,near_constant_feature,1.1189024448394775,1.1192150115966797,1.1189024448394775,0.00031256675720214844,0.0002793512147942358
ate_randomized,86200042,row_permutation,0.7135803699493408,0.713580310344696,0.7135803699493408,5.960464477539063e-08,8.352898606168516e-08
ate_randomized,86200042,covariate_permutation,0.713580310344696,0.7135804295539856,0.713580310344696,1.1920928955078125e-07,1.670579860775545e-07
ate_randomized,86200042,outcome_translation,0.7135803699493408,0.713580310344696,0.7135803699493408,5.960464477539063e-08,8.352898606168516e-08
ate_randomized,86200042,positive_outcome_scaling,0.7135803699493408,1.783950924873352,1.783950924873352,0.0,0.0
ate_randomized,86200042,negative_outcome_scaling,0.7135803699493408,-1.0780322551727295,-1.0703705549240112,0.007661700248718262,0.007157988617560756
ate_randomized,86200042,treatment_recoding,0.7135803699493408,-0.7194020748138428,-0.7135803699493408,0.005821704864501953,0.008158443126616913
ate_randomized,86200042,irrelevant_feature_insertion,0.7135803699493408,0.6907856464385986,0.7135803699493408,0.022794723510742188,0.03194415719754238
ate_randomized,86200042,near_duplicate_feature,0.7135803699493408,0.7157102823257446,0.7135803699493408,0.0021299123764038086,0.0029848247879282574
ate_randomized,86200042,near_constant_feature,0.7135803699493408,0.7137070298194885,0.7135803699493408,0.00012665987014770508,0.00017749909538108095
ate_randomized,86200043,row_permutation,-0.2373485118150711,-0.2373484969139099,-0.2373485118150711,1.4901161193847656e-08,6.278177638399444e-08
ate_randomized,86200043,covariate_permutation,-0.2373485118150711,-0.2373485118150711,-0.2373485118150711,0.0,0.0
ate_randomized,86200043,outcome_translation,-0.2373485118150711,-0.2373485118150711,-0.2373485118150711,0.0,0.0
ate_randomized,86200043,positive_outcome_scaling,-0.2373485118150711,-0.5933712720870972,-0.5933712795376778,7.450580596923828e-09,1.2556355276798888e-08
ate_randomized,86200043,negative_outcome_scaling,-0.2373485118150711,0.3588997721672058,0.35602276772260666,0.0028770044445991516,0.008080956347265845
ate_randomized,86200043,treatment_recoding,-0.2373485118150711,0.23963890969753265,0.2373485118150711,0.002290397882461548,0.00964993572087825
ate_randomized,86200043,irrelevant_feature_insertion,-0.2373485118150711,-0.22190147638320923,-0.2373485118150711,0.015447035431861877,0.0650816611982693
ate_randomized,86200043,near_duplicate_feature,-0.2373485118150711,-0.23828868567943573,-0.2373485118150711,0.000940173864364624,0.003961153399171745
ate_randomized,86200043,near_constant_feature,-0.2373485267162323,-0.2375003546476364,-0.2373485267162323,0.00015182793140411377,0.0006396834794160542
ate_randomized,86200044,row_permutation,-1.4904249906539917,-1.4904249906539917,-1.4904249906539917,0.0,0.0
ate_randomized,86200044,covariate_permutation,-1.4904249906539917,-1.4904251098632812,-1.4904249906539917,1.1920928955078125e-07,7.998342103648756e-08
ate_randomized,86200044,outcome_translation,-1.4904249906539917,-1.4904251098632812,-1.4904249906539917,1.1920928955078125e-07,7.998342103648756e-08
ate_randomized,86200044,positive_outcome_scaling,-1.4904249906539917,-3.726062774658203,-3.7260624766349792,2.980232238769531e-07,7.998342103648756e-08
ate_randomized,86200044,negative_outcome_scaling,-1.4904249906539917,2.235473155975342,2.2356374859809875,0.00016433000564575195,7.350476393253207e-05
ate_randomized,86200044,treatment_recoding,-1.4904249906539917,1.4938220977783203,1.4904249906539917,0.0033971071243286133,0.002279287549276786
ate_randomized,86200044,irrelevant_feature_insertion,-1.4904249906539917,-1.486293077468872,-1.4904249906539917,0.004131913185119629,0.0027723053565456954
ate_randomized,86200044,near_duplicate_feature,-1.4904249906539917,-1.4906458854675293,-1.4904249906539917,0.00022089481353759766,0.00014820927918061144
ate_randomized,86200044,near_constant_feature,-1.4904249906539917,-1.4905455112457275,-1.4904249906539917,0.00012052059173583984,8.086323866788892e-05
ate_randomized,86200045,row_permutation,0.4982515275478363,0.49825161695480347,0.4982515275478363,8.940696716308594e-08,1.7944143112436744e-07
ate_randomized,86200045,covariate_permutation,0.4982515275478363,0.49825161695480347,0.4982515275478363,8.940696716308594e-08,1.7944143112436744e-07
ate_randomized,86200045,outcome_translation,0.4982515275478363,0.4982515275478363,0.4982515275478363,0.0,0.0
ate_randomized,86200045,positive_outcome_scaling,0.4982515275478363,1.245628833770752,1.2456288188695908,1.4901161193847656e-08,1.196276207495783e-08
ate_randomized,86200045,negative_outcome_scaling,0.4982515275478363,-0.7253140807151794,-0.7473772913217545,0.022063210606575012,0.029520846917298893
ate_randomized,86200045,treatment_recoding,0.4982515275478363,-0.48903539776802063,-0.4982515275478363,0.009216129779815674,0.018496942347920545
ate_randomized,86200045,irrelevant_feature_insertion,0.4982515275478363,0.4944935739040375,0.4982515275478363,0.003757953643798828,0.007542282233019413
ate_randomized,86200045,near_duplicate_feature,0.4982515275478363,0.4964231550693512,0.4982515275478363,0.0018283724784851074,0.003669577266493314
ate_randomized,86200045,near_constant_feature,0.4982515275478363,0.49833232164382935,0.4982515275478363,8.079409599304199e-05,0.00016215523992605337
ate_randomized,86200046,row_permutation,-0.8379769325256348,-0.8379769325256348,-0.8379769325256348,0.0,0.0
ate_randomized,86200046,covariate_permutation,-0.8379769325256348,-0.8379769921302795,-0.8379769325256348,5.960464477539063e-08,7.112921902962674e-08
ate_randomized,86200046,outcome_translation,-0.8379769325256348,-0.8379769325256348,-0.8379769325256348,0.0,0.0
ate_randomized,86200046,positive_outcome_scaling,-0.8379769325256348,-2.094942569732666,-2.094942331314087,2.384185791015625e-07,1.1380675044740279e-07
ate_randomized,86200046,negative_outcome_scaling,-0.8379769325256348,1.2472772598266602,1.2569653987884521,0.009688138961791992,0.007707562174050353
ate_randomized,86200046,treatment_recoding,-0.8379769325256348,0.8320187330245972,0.8379769325256348,0.005958199501037598,0.007110218992639548
ate_randomized,86200046,irrelevant_feature_insertion,-0.8379769325256348,-0.7818300127983093,-0.8379769325256348,0.05614691972732544,0.06700294190449907
ate_randomized,86200046,near_duplicate_feature,-0.8379769325256348,-0.837009847164154,-0.8379769325256348,0.0009670853614807129,0.001154071578755694
ate_randomized,86200046,near_constant_feature,-0.8379769325256348,-0.8380330204963684,-0.8379769325256348,5.608797073364258e-05,6.693259510687876e-05
ate_randomized,86200047,row_permutation,0.7649009823799133,0.7649011015892029,0.7649009823799133,1.1920928955078125e-07,1.5584930899143757e-07
ate_randomized,86200047,covariate_permutation,0.7649009823799133,0.7649011015892029,0.7649009823799133,1.1920928955078125e-07,1.5584930899143757e-07
ate_randomized,86200047,outcome_translation,0.7649009823799133,0.7649009823799133,0.7649009823799133,0.0,0.0
ate_randomized,86200047,positive_outcome_scaling,0.7649009823799133,1.91225266456604,1.9122524559497833,2.086162567138672e-07,1.0909451629400629e-07
ate_randomized,86200047,negative_outcome_scaling,0.7649010419845581,-1.1405848264694214,-1.1473515629768372,0.0067667365074157715,0.005897701041047328
ate_randomized,86200047,treatment_recoding,0.7649009823799133,-0.7608131170272827,-0.7649009823799133,0.004087865352630615,0.005344306579279881
ate_randomized,86200047,irrelevant_feature_insertion,0.7649009823799133,0.854533314704895,0.7649009823799133,0.08963233232498169,0.11718161486222649
ate_randomized,86200047,near_duplicate_feature,0.7649009823799133,0.7649261951446533,0.7649009823799133,2.5212764739990234e-05,3.2962128851689044e-05
ate_randomized,86200047,near_constant_feature,0.7649011015892029,0.765225887298584,0.7649011015892029,0.0003247857093811035,0.00042461137617178207
ate_randomized,86200048,row_permutation,0.9971377849578857,0.997137725353241,0.9971377849578857,5.960464477539063e-08,5.977573578550935e-08
ate_randomized,86200048,covariate_permutation,0.9971377849578857,0.9971377849578857,0.9971377849578857,0.0,0.0
ate_randomized,86200048,outcome_translation,0.9971377849578857,0.9971379041671753,0.9971377849578857,1.1920928955078125e-07,1.195514715710187e-07
ate_randomized,86200048,positive_outcome_scaling,0.9971377849578857,2.492844581604004,2.4928444623947144,1.1920928955078125e-07,4.7820588628407486e-08
ate_randomized,86200048,negative_outcome_scaling,0.9971377849578857,-1.4992084503173828,-1.4957066774368286,0.0035017728805541992,0.002341216318265783
ate_randomized,86200048,treatment_recoding,0.9971377849578857,-1.0015993118286133,-0.9971377849578857,0.004461526870727539,0.004474333375016947
ate_randomized,86200048,irrelevant_feature_insertion,0.9971377849578857,0.9963136911392212,0.9971377849578857,0.0008240938186645508,0.0008264593229704523
ate_randomized,86200048,near_duplicate_feature,0.9971377849578857,0.996746838092804,0.9971377849578857,0.0003909468650817871,0.0003920690510171559
ate_randomized,86200048,near_constant_feature,0.9971377849578857,0.9972169399261475,0.9971377849578857,7.915496826171875e-05,7.938217712315643e-05
ate_randomized,86200049,row_permutation,-0.26373666524887085,-0.26373663544654846,-0.26373666524887085,2.9802322387695312e-08,1.1300030035479834e-07
ate_randomized,86200049,covariate_permutation,-0.26373666524887085,-0.26373666524887085,-0.26373666524887085,0.0,0.0
ate_randomized,86200049,outcome_translation,-0.26373666524887085,-0.26373669505119324,-0.26373666524887085,2.9802322387695312e-08,1.1300030035479834e-07
ate_randomized,86200049,positive_outcome_scaling,-0.26373666524887085,-0.6593416333198547,-0.6593416631221771,2.9802322387695312e-08,4.520012014191934e-08
ate_randomized,86200049,negative_outcome_scaling,-0.26373666524887085,0.4034044146537781,0.3956049978733063,0.007799416780471802,0.019715162402901668
ate_randomized,86200049,treatment_recoding,-0.26373666524887085,0.2773689031600952,0.26373666524887085,0.013632237911224365,0.051688823388892566
ate_randomized,86200049,irrelevant_feature_insertion,-0.26373666524887085,-0.2556442618370056,-0.26373666524887085,0.008092403411865234,0.03068364955714052
ate_randomized,86200049,near_duplicate_feature,-0.26373666524887085,-0.2641676366329193,-0.26373666524887085,0.0004309713840484619,0.0016340973434307389
ate_randomized,86200049,near_constant_feature,-0.26373666524887085,-0.2638241648674011,-0.26373666524887085,8.749961853027344e-05,0.0003317688818416879
interference_linear,86300000,row_permutation,-0.3094923198223114,-0.309492290019989,-0.3094923198223114,2.9802322387695312e-08,9.629422276069951e-08
interference_linear,86300000,covariate_permutation,-0.3094923198223114,-0.309492290019989,-0.3094923198223114,2.9802322387695312e-08,9.629422276069951e-08
interference_linear,86300000,outcome_translation,-0.3094923198223114,-0.309492290019989,-0.3094923198223114,2.9802322387695312e-08,9.629422276069951e-08
interference_linear,86300000,positive_outcome_scaling,-0.3094923198223114,-0.7737306952476501,-0.7737307995557785,1.043081283569336e-07,1.3481191186497932e-07
interference_linear,86300000,negative_outcome_scaling,-0.3094923198223114,0.5088056921958923,0.4642384797334671,0.04456721246242523,0.09600068587165066
interference_linear,86300000,irrelevant_feature_insertion,-0.3094923198223114,-0.3142125904560089,-0.3094923198223114,0.00472027063369751,0.015251656766176154
interference_linear,86300000,near_duplicate_feature,-0.3094923198223114,-0.30953556299209595,-0.3094923198223114,4.32431697845459e-05,0.000139722917225775
interference_linear,86300000,near_constant_feature,-0.3094923198223114,-0.3096045255661011,-0.3094923198223114,0.00011220574378967285,0.0003625477486940337
interference_linear,86300001,row_permutation,-0.42026472091674805,-0.42026469111442566,-0.42026472091674805,2.9802322387695312e-08,7.091321470592573e-08
interference_linear,86300001,covariate_permutation,-0.42026475071907043,-0.42026475071907043,-0.42026475071907043,0.0,0.0
interference_linear,86300001,outcome_translation,-0.42026472091674805,-0.42026475071907043,-0.42026472091674805,2.9802322387695312e-08,7.091321470592573e-08
interference_linear,86300001,positive_outcome_scaling,-0.42026472091674805,-1.0506616830825806,-1.0506618022918701,1.1920928955078125e-07,1.1346114352948117e-07
interference_linear,86300001,negative_outcome_scaling,-0.42026472091674805,0.6528891921043396,0.6303970813751221,0.02249211072921753,0.035679274847139474
interference_linear,86300001,irrelevant_feature_insertion,-0.42026472091674805,-0.42119020223617554,-0.42026472091674805,0.0009254813194274902,0.0022021389694778177
interference_linear,86300001,near_duplicate_feature,-0.42026472091674805,-0.42042118310928345,-0.42026472091674805,0.0001564621925354004,0.0003722943772061101
interference_linear,86300001,near_constant_feature,-0.42026472091674805,-0.4205070734024048,-0.42026472091674805,0.00024235248565673828,0.000576666261988588
interference_linear,86300002,row_permutation,0.12916657328605652,0.12916657328605652,0.12916657328605652,0.0,0.0
interference_linear,86300002,covariate_permutation,0.12916657328605652,0.12916657328605652,0.12916657328605652,0.0,0.0
interference_linear,86300002,outcome_translation,0.12916657328605652,0.1291665881872177,0.12916657328605652,1.4901161193847656e-08,1.1536391199948502e-07
interference_linear,86300002,positive_outcome_scaling,0.12916657328605652,0.32293781638145447,0.3229164332151413,2.1383166313171387e-05,6.62188854877044e-05
interference_linear,86300002,negative_outcome_scaling,0.12916657328605652,-0.18422788381576538,-0.19374985992908478,0.009521976113319397,0.04914571869525261
interference_linear,86300002,irrelevant_feature_insertion,0.12916657328605652,0.13383880257606506,0.12916657328605652,0.004672229290008545,0.03617212387961453
interference_linear,86300002,near_duplicate_feature,0.12916657328605652,0.12911465764045715,0.12916657328605652,5.1915645599365234e-05,0.0004019278694062058
interference_linear,86300002,near_constant_feature,0.12916657328605652,0.12909391522407532,0.12916657328605652,7.265806198120117e-05,0.0005625144349094889
interference_linear,86300003,row_permutation,0.5542375445365906,0.5542375445365906,0.5542375445365906,0.0,0.0
interference_linear,86300003,covariate_permutation,0.5542375445365906,0.5542375445365906,0.5542375445365906,0.0,0.0
interference_linear,86300003,outcome_translation,0.5542375445365906,0.5542375445365906,0.5542375445365906,0.0,0.0
interference_linear,86300003,positive_outcome_scaling,0.5542375445365906,1.3855938911437988,1.3855938613414764,2.9802322387695312e-08,2.1508699785117334e-08
interference_linear,86300003,negative_outcome_scaling,0.5542375445365906,-0.7907001376152039,-0.8313563168048859,0.04065617918968201,0.04890343450559691
interference_linear,86300003,irrelevant_feature_insertion,0.5542375445365906,0.47767260670661926,0.5542375445365906,0.07656493782997131,0.13814462514261613
interference_linear,86300003,near_duplicate_feature,0.5542375445365906,0.5543776750564575,0.5542375445365906,0.00014013051986694336,0.00025283476597405427
interference_linear,86300003,near_constant_feature,0.5542375445365906,0.5544521808624268,0.5542375445365906,0.00021463632583618164,0.0003872641396310376
interference_linear,86300004,row_permutation,0.35199251770973206,0.35199254751205444,0.35199251770973206,2.9802322387695312e-08,8.466748833641848e-08
interference_linear,86300004,covariate_permutation,0.35199251770973206,0.35199254751205444,0.35199251770973206,2.9802322387695312e-08,8.466748833641848e-08
interference_linear,86300004,outcome_translation,0.35199251770973206,0.35199251770973206,0.35199251770973206,0.0,0.0
interference_linear,86300004,positive_outcome_scaling,0.35199251770973206,0.8799813389778137,0.8799812942743301,4.470348358154297e-08,5.0800493001851085e-08
interference_linear,86300004,negative_outcome_scaling,0.35199251770973206,-0.5095889568328857,-0.5279887765645981,0.01839981973171234,0.03484888419680483
interference_linear,86300004,irrelevant_feature_insertion,0.35199251770973206,0.35133856534957886,0.35199251770973206,0.0006539523601531982,0.0018578586965660305
interference_linear,86300004,near_duplicate_feature,0.35199251770973206,0.35200804471969604,0.35199251770973206,1.5527009963989258e-05,4.4111761423274026e-05
interference_linear,86300004,near_constant_feature,0.35199251770973206,0.3520359396934509,0.35199251770973206,4.342198371887207e-05,0.00012336053050616172
interference_linear,86300005,row_permutation,-0.40051373839378357,-0.40051373839378357,-0.40051373839378357,0.0,0.0
interference_linear,86300005,covariate_permutation,-0.40051376819610596,-0.40051376819610596,-0.40051376819610596,0.0,0.0
interference_linear,86300005,outcome_translation,-0.40051373839378357,-0.40051376819610596,-0.40051373839378357,2.9802322387695312e-08,7.441023747952882e-08
interference_linear,86300005,positive_outcome_scaling,-0.40051373839378357,-1.0012896060943604,-1.001284345984459,5.260109901428223e-06,5.253362766054735e-06
interference_linear,86300005,negative_outcome_scaling,-0.40051373839378357,0.6317922472953796,0.6007706075906754,0.031021639704704285,0.05163641382043168
interference_linear,86300005,irrelevant_feature_insertion,-0.40051373839378357,-0.4041060209274292,-0.40051373839378357,0.00359228253364563,0.008969186795069965
interference_linear,86300005,near_duplicate_feature,-0.40051373839378357,-0.40056514739990234,-0.40051373839378357,5.1409006118774414e-05,0.0001283576596521872
interference_linear,86300005,near_constant_feature,-0.40051373839378357,-0.4006310999393463,-0.40051373839378357,0.00011736154556274414,0.00029302751519438445
interference_linear,86300006,row_permutation,0.16425688564777374,0.16425688564777374,0.16425688564777374,0.0,0.0
interference_linear,86300006,covariate_permutation,0.16425688564777374,0.16425688564777374,0.16425688564777374,0.0,0.0
interference_linear,86300006,outcome_translation,0.16425688564777374,0.16425684094429016,0.16425688564777374,4.470348358154297e-08,2.721559184885767e-07
interference_linear,86300006,positive_outcome_scaling,0.16425688564777374,0.4106341004371643,0.41064221411943436,8.113682270050049e-06,1.9758519682270666e-05
interference_linear,86300006,negative_outcome_scaling,0.16425688564777374,-0.24139229953289032,-0.24638532847166061,0.004993028938770294,0.0202651228047639
interference_linear,86300006,irrelevant_feature_insertion,0.16425688564777374,0.15977641940116882,0.16425688564777374,0.004480466246604919,0.02727718980507558
interference_linear,86300006,near_duplicate_feature,0.16425688564777374,0.16436722874641418,0.16425688564777374,0.0001103430986404419,0.0006717715254693034
interference_linear,86300006,near_constant_feature,0.16425688564777374,0.1644202619791031,0.16425688564777374,0.0001633763313293457,0.0009946391634362516
interference_linear,86300007,row_permutation,-0.2167043685913086,-0.21670439839363098,-0.2167043685913086,2.9802322387695312e-08,1.3752524963583313e-07
interference_linear,86300007,covariate_permutation,-0.2167043685913086,-0.2167043834924698,-0.2167043685913086,1.4901161193847656e-08,6.876262481791656e-08
interference_linear,86300007,outcome_translation,-0.2167043685913086,-0.2167043685913086,-0.2167043685913086,0.0,0.0
interference_linear,86300007,positive_outcome_scaling,-0.2167043685913086,-0.541771411895752,-0.5417609214782715,1.049041748046875e-05,1.9363555148725307e-05
interference_linear,86300007,negative_outcome_scaling,-0.2167043685913086,0.3459126353263855,0.3250565528869629,0.020856082439422607,0.06416139669910062
interference_linear,86300007,irrelevant_feature_insertion,-0.2167043685913086,-0.24745886027812958,-0.2167043685913086,0.030754491686820984,0.1419191125990732
interference_linear,86300007,near_duplicate_feature,-0.2167043685913086,-0.21675631403923035,-0.2167043685913086,5.194544792175293e-05,0.00023970651011525715
interference_linear,86300007,near_constant_feature,-0.2167043685913086,-0.2168046236038208,-0.2167043685913086,0.00010025501251220703,0.00046263493977494267
interference_linear,86300008,row_permutation,0.1062426045536995,0.1062426045536995,0.1062426045536995,0.0,0.0
interference_linear,86300008,covariate_permutation,0.1062426045536995,0.1062426045536995,0.1062426045536995,0.0,0.0
interference_linear,86300008,outcome_translation,0.1062426045536995,0.10624255985021591,0.1062426045536995,4.470348358154297e-08,4.207679562199357e-07
interference_linear,86300008,positive_outcome_scaling,0.1062426045536995,0.26560649275779724,0.26560651138424873,1.862645149230957e-08,7.012799270332261e-08
interference_linear,86300008,negative_outcome_scaling,0.1062426045536995,-0.15279103815555573,-0.15936390683054924,0.006572868674993515,0.0412443997246027
interference_linear,86300008,irrelevant_feature_insertion,0.1062426045536995,0.10723549127578735,0.1062426045536995,0.00099288672208786,0.009345466691622882
interference_linear,86300008,near_duplicate_feature,0.1062426045536995,0.10633444041013718,0.1062426045536995,9.18358564376831e-05,0.0008643976380611545
interference_linear,86300008,near_constant_feature,0.1062426045536995,0.10637004673480988,0.1062426045536995,0.00012744218111038208,0.0011995393151903334
interference_linear,86300009,row_permutation,0.4174807071685791,0.4174806475639343,0.4174807071685791,5.960464477539063e-08,1.4277221378597075e-07
interference_linear,86300009,covariate_permutation,0.4174807071685791,0.4174806475639343,0.4174807071685791,5.960464477539063e-08,1.4277221378597075e-07
interference_linear,86300009,outcome_translation,0.4174807071685791,0.41748061776161194,0.4174807071685791,8.940696716308594e-08,2.1415832067895612e-07
interference_linear,86300009,positive_outcome_scaling,0.4174807071685791,1.0436973571777344,1.0437017679214478,4.410743713378906e-06,4.226057528064734e-06
interference_linear,86300009,negative_outcome_scaling,0.4174807071685791,-0.5998717546463013,-0.6262210607528687,0.026349306106567383,0.04207668466929101
interference_linear,86300009,irrelevant_feature_insertion,0.4174807071685791,0.44742363691329956,0.4174807071685791,0.02994292974472046,0.07172290654530648
interference_linear,86300009,near_duplicate_feature,0.4174807071685791,0.4176526367664337,0.4174807071685791,0.00017192959785461426,0.0004118264506656326
interference_linear,86300009,near_constant_feature,0.4174807071685791,0.4177248775959015,0.4174807071685791,0.0002441704273223877,0.0005848663737742292
interference_linear,86300010,row_permutation,0.2514268755912781,0.2514268755912781,0.2514268755912781,0.0,0.0
interference_linear,86300010,covariate_permutation,0.2514268755912781,0.2514268457889557,0.2514268755912781,2.9802322387695312e-08,1.1853276352263253e-07
interference_linear,86300010,outcome_translation,0.2514268755912781,0.2514268457889557,0.2514268755912781,2.9802322387695312e-08,1.1853276352263253e-07
interference_linear,86300010,positive_outcome_scaling,0.2514268755912781,0.6285672187805176,0.6285671889781952,2.9802322387695312e-08,4.741310540905301e-08
interference_linear,86300010,negative_outcome_scaling,0.2514268755912781,-0.3583262860774994,-0.3771403133869171,0.018814027309417725,0.04988601494350452
interference_linear,86300010,irrelevant_feature_insertion,0.2514268755912781,0.2502896189689636,0.2514268755912781,0.0011372566223144531,0.004523210256023657
interference_linear,86300010,near_duplicate_feature,0.2514268755912781,0.2512131929397583,0.2514268755912781,0.0002136826515197754,0.0008498799144572752
interference_linear,86300010,near_constant_feature,0.2514268755912781,0.2511836290359497,0.2514268755912781,0.00024324655532836914,0.0009674644158717267
interference_linear,86300011,row_permutation,0.30745840072631836,0.30745837092399597,0.30745840072631836,2.9802322387695312e-08,9.693123465578556e-08
interference_linear,86300011,covariate_permutation,0.3074583113193512,0.3074583411216736,0.3074583113193512,2.9802322387695312e-08,9.69312628427865e-08
interference_linear,86300011,outcome_translation,0.30745840072631836,0.3074583411216736,0.30745840072631836,5.960464477539063e-08,1.9386246931157112e-07
interference_linear,86300011,positive_outcome_scaling,0.30745840072631836,0.7686458230018616,0.7686460018157959,1.7881393432617188e-07,2.3263496317388532e-07
interference_linear,86300011,negative_outcome_scaling,0.30745840072631836,-0.44192764163017273,-0.46118760108947754,0.01925995945930481,0.04176165927662934
interference_linear,86300011,irrelevant_feature_insertion,0.30745840072631836,0.31346920132637024,0.30745840072631836,0.00601080060005188,0.019549963786490734
interference_linear,86300011,near_duplicate_feature,0.30745840072631836,0.30740270018577576,0.30745840072631836,5.570054054260254e-05,0.0001811644775716632
interference_linear,86300011,near_constant_feature,0.30745840072631836,0.3073963522911072,0.30745840072631836,6.204843521118164e-05,0.00020181083055334552
interference_linear,86300012,row_permutation,0.3315460681915283,0.3315460681915283,0.3315460681915283,0.0,0.0
interference_linear,86300012,covariate_permutation,0.3315460681915283,0.3315460681915283,0.3315460681915283,0.0,0.0
interference_linear,86300012,outcome_translation,0.3315460681915283,0.3315460979938507,0.3315460681915283,2.9802322387695312e-08,8.988893323409595e-08
interference_linear,86300012,positive_outcome_scaling,0.3315460681915283,0.8288438320159912,0.8288651704788208,2.1338462829589844e-05,2.574419047824508e-05
interference_linear,86300012,negative_outcome_scaling,0.3315460681915283,-0.4771644175052643,-0.4973191022872925,0.020154684782028198,0.040526665252414114
interference_linear,86300012,irrelevant_feature_insertion,0.3315460681915283,0.3215448558330536,0.3315460681915283,0.010001212358474731,0.03016537765936409
interference_linear,86300012,near_duplicate_feature,0.3315460681915283,0.33156460523605347,0.3315460681915283,1.8537044525146484e-05,5.591091647160768e-05
interference_linear,86300012,near_constant_feature,0.3315460681915283,0.3315916657447815,0.3315460681915283,4.559755325317383e-05,0.0001375300678481668
interference_linear,86300013,row_permutation,-0.15002627670764923,-0.15002626180648804,-0.15002627670764923,1.4901161193847656e-08,9.932367529779473e-08
interference_linear,86300013,covariate_permutation,-0.15002627670764923,-0.15002626180648804,-0.15002627670764923,1.4901161193847656e-08,9.932367529779473e-08
interference_linear,86300013,outcome_translation,-0.15002627670764923,-0.15002627670764923,-0.15002627670764923,0.0,0.0
interference_linear,86300013,positive_outcome_scaling,-0.15002627670764923,-0.37506574392318726,-0.3750656917691231,5.21540641784668e-08,1.3905314541691263e-07
interference_linear,86300013,negative_outcome_scaling,-0.15002627670764923,0.22679106891155243,0.22503941506147385,0.0017516538500785828,0.007783764677845811
interference_linear,86300013,irrelevant_feature_insertion,-0.15002627670764923,-0.1503758430480957,-0.15002627670764923,0.00034956634044647217,0.0023300340988109663
interference_linear,86300013,near_duplicate_feature,-0.15002627670764923,-0.15007446706295013,-0.15002627670764923,4.819035530090332e-05,0.00032121276591306813
interference_linear,86300013,near_constant_feature,-0.15002627670764923,-0.15011470019817352,-0.15002627670764923,8.842349052429199e-05,0.000589386689217114
interference_linear,86300014,row_permutation,-0.12169458717107773,-0.1216951385140419,-0.12169458717107773,5.513429641723633e-07,4.5305463208259846e-06
interference_linear,86300014,covariate_permutation,-0.12169458717107773,-0.12169456481933594,-0.12169458717107773,2.2351741790771484e-08,1.8367079679024262e-07
interference_linear,86300014,outcome_translation,-0.12169457226991653,-0.12169455736875534,-0.12169457226991653,1.4901161193847656e-08,1.2244721285347986e-07
interference_linear,86300014,positive_outcome_scaling,-0.12169458717107773,-0.30423638224601746,-0.3042364679276943,8.568167686462402e-08,2.81628555078372e-07
interference_linear,86300014,negative_outcome_scaling,-0.12169458717107773,0.1878475695848465,0.1825418807566166,0.005305688828229904,0.029065597474061244
interference_linear,86300014,irrelevant_feature_insertion,-0.12169457226991653,-0.11926613748073578,-0.12169457226991653,0.0024284347891807556,0.019955161055125185
interference_linear,86300014,near_duplicate_feature,-0.12169458717107773,-0.12193253636360168,-0.12169458717107773,0.0002379491925239563,0.001955298079029993
interference_linear,86300014,near_constant_feature,-0.12169458717107773,-0.1219785213470459,-0.12169458717107773,0.00028393417596817017,0.0023331701316264522
interference_linear,86300015,row_permutation,-0.5541998147964478,-0.5541998744010925,-0.5541998147964478,5.960464477539063e-08,1.0755082045143381e-07
interference_linear,86300015,covariate_permutation,-0.5541998744010925,-0.5541998744010925,-0.5541998744010925,0.0,0.0
interference_linear,86300015,outcome_translation,-0.5541998147964478,-0.5541998147964478,-0.5541998147964478,0.0,0.0
interference_linear,86300015,positive_outcome_scaling,-0.5541998147964478,-1.3855048418045044,-1.3854995369911194,5.304813385009766e-06,3.828809208071044e-06
interference_linear,86300015,negative_outcome_scaling,-0.5541998147964478,0.8656792640686035,0.8312997221946716,0.034379541873931885,0.04135637358709591
interference_linear,86300015,irrelevant_feature_insertion,-0.5541998147964478,-0.5560907125473022,-0.5541998147964478,0.0018908977508544922,0.003411942228001286
interference_linear,86300015,near_duplicate_feature,-0.5541998147964478,-0.5542372465133667,-0.5541998147964478,3.743171691894531e-05,6.754191524350044e-05
interference_linear,86300015,near_constant_feature,-0.5541998147964478,-0.5542930364608765,-0.5541998147964478,9.322166442871094e-05,0.00016820948318604248
interference_linear,86300016,row_permutation,0.3285769522190094,0.3285773992538452,0.3285769522190094,4.470348358154297e-07,1.360517932850821e-06
interference_linear,86300016,covariate_permutation,0.3285769522190094,0.3285769522190094,0.3285769522190094,0.0,0.0
interference_linear,86300016,outcome_translation,0.3285769522190094,0.3285769820213318,0.3285769522190094,2.9802322387695312e-08,9.070119552338807e-08
interference_linear,86300016,positive_outcome_scaling,0.3285769522190094,0.8214555978775024,0.8214423805475235,1.3217329978942871e-05,1.6090392085849045e-05
interference_linear,86300016,negative_outcome_scaling,0.3285769522190094,-0.47261714935302734,-0.4928654283285141,0.020248278975486755,0.04108277394126838
interference_linear,86300016,irrelevant_feature_insertion,0.3285769522190094,0.3413199484348297,0.3285769522190094,0.012742996215820312,0.03878237998667237
interference_linear,86300016,near_duplicate_feature,0.3285769522190094,0.3285399377346039,0.3285769522190094,3.701448440551758e-05,0.000112650884840048
interference_linear,86300016,near_constant_feature,0.3285769522190094,0.32856109738349915,0.3285769522190094,1.5854835510253906e-05,4.8253036018442454e-05
interference_linear,86300017,row_permutation,-0.25735199451446533,-0.25735199451446533,-0.25735199451446533,0.0,0.0
interference_linear,86300017,covariate_permutation,-0.25735196471214294,-0.25735199451446533,-0.25735196471214294,2.9802322387695312e-08,1.1580374923902461e-07
interference_linear,86300017,outcome_translation,-0.25735199451446533,-0.25735199451446533,-0.25735199451446533,0.0,0.0
interference_linear,86300017,positive_outcome_scaling,-0.25735199451446533,-0.6433799266815186,-0.6433799862861633,5.960464477539063e-08,9.264298866281427e-08
interference_linear,86300017,negative_outcome_scaling,-0.25735199451446533,0.39759939908981323,0.386027991771698,0.011571407318115234,0.029975565411740183
interference_linear,86300017,irrelevant_feature_insertion,-0.25735199451446533,-0.25683510303497314,-0.25735199451446533,0.0005168914794921875,0.0020084999942098134
interference_linear,86300017,near_duplicate_feature,-0.25735199451446533,-0.25734081864356995,-0.25735199451446533,1.1175870895385742e-05,4.3426400935694184e-05
interference_linear,86300017,near_constant_feature,-0.25735199451446533,-0.2573656737804413,-0.25735199451446533,1.3679265975952148e-05,5.3153914745289685e-05
interference_linear,86300018,row_permutation,-0.2883843183517456,-0.288384348154068,-0.2883843183517456,2.9802322387695312e-08,1.0334238199230059e-07
interference_linear,86300018,covariate_permutation,-0.2883843183517456,-0.2883843183517456,-0.2883843183517456,0.0,0.0
interference_linear,86300018,outcome_translation,-0.2883843183517456,-0.28838440775871277,-0.2883843183517456,8.940696716308594e-08,3.1002714597690173e-07
interference_linear,86300018,positive_outcome_scaling,-0.2883843183517456,-0.7209479808807373,-0.720960795879364,1.2814998626708984e-05,1.77748897026757e-05
interference_linear,86300018,negative_outcome_scaling,-0.2883843183517456,0.4629362225532532,0.4325764775276184,0.030359745025634766,0.07018353193672304
interference_linear,86300018,irrelevant_feature_insertion,-0.2883843779563904,-0.29655659198760986,-0.2883843779563904,0.008172214031219482,0.028337922078619973
interference_linear,86300018,near_duplicate_feature,-0.2883843183517456,-0.288526326417923,-0.2883843183517456,0.00014200806617736816,0.0004924264501933122
interference_linear,86300018,near_constant_feature,-0.2883843183517456,-0.2886129915714264,-0.2883843183517456,0.00022867321968078613,0.0007929460970269223
interference_linear,86300019,row_permutation,0.42448264360427856,0.42448267340660095,0.42448264360427856,2.9802322387695312e-08,7.02085770448564e-08
interference_linear,86300019,covariate_permutation,0.42448267340660095,0.42448267340660095,0.42448267340660095,0.0,0.0
interference_linear,86300019,outcome_translation,0.42448264360427856,0.4244825839996338,0.42448264360427856,5.960464477539063e-08,1.404171540897128e-07
interference_linear,86300019,positive_outcome_scaling,0.42448264360427856,1.0612064599990845,1.0612066090106964,1.4901161193847656e-07,1.404171540897128e-07
interference_linear,86300019,negative_outcome_scaling,0.42448264360427856,-0.6009299159049988,-0.6367239654064178,0.03579404950141907,0.05621596083409849
interference_linear,86300019,irrelevant_feature_insertion,0.42448264360427856,0.4123377203941345,0.42448264360427856,0.012144923210144043,0.0286111184830117
interference_linear,86300019,near_duplicate_feature,0.42448264360427856,0.42442041635513306,0.42448264360427856,6.222724914550781e-05,0.00014659550886966016
interference_linear,86300019,near_constant_feature,0.42448264360427856,0.4244948625564575,0.42448264360427856,1.2218952178955078e-05,2.8785516588391123e-05
interference_linear,86300020,row_permutation,-0.6616502404212952,-0.6616503596305847,-0.6616502404212952,1.1920928955078125e-07,1.8016964593691774e-07
interference_linear,86300020,covariate_permutation,-0.6616502404212952,-0.6616503000259399,-0.6616502404212952,5.960464477539063e-08,9.008482296845887e-08
interference_linear,86300020,outcome_translation,-0.6616502404212952,-0.6616502404212952,-0.6616502404212952,0.0,0.0
interference_linear,86300020,positive_outcome_scaling,-0.6616502404212952,-1.6540621519088745,-1.654125601053238,6.344914436340332e-05,3.835811761996979e-05
interference_linear,86300020,negative_outcome_scaling,-0.6616502404212952,1.0436530113220215,0.9924753606319427,0.051177650690078735,0.0515656637132958
interference_linear,86300020,irrelevant_feature_insertion,-0.6616502404212952,-0.658892035484314,-0.6616502404212952,0.002758204936981201,0.004168675182865434
interference_linear,86300020,near_duplicate_feature,-0.6616502404212952,-0.6616942882537842,-0.6616502404212952,4.404783248901367e-05,6.65726841736911e-05
interference_linear,86300020,near_constant_feature,-0.6616502404212952,-0.6617884635925293,-0.6616502404212952,0.00013822317123413086,0.00020890670446385611
interference_linear,86300021,row_permutation,0.3584763705730438,0.3584763705730438,0.3584763705730438,0.0,0.0
interference_linear,86300021,covariate_permutation,0.3584764301776886,0.3584764003753662,0.3584764301776886,2.9802322387695312e-08,8.313607221797813e-08
interference_linear,86300021,outcome_translation,0.3584763705730438,0.3584763705730438,0.3584763705730438,0.0,0.0
interference_linear,86300021,positive_outcome_scaling,0.3584763705730438,0.8961909413337708,0.8961909264326096,1.4901161193847656e-08,1.6627217208238686e-08
interference_linear,86300021,negative_outcome_scaling,0.3584763705730438,-0.5205383896827698,-0.5377145558595657,0.01717616617679596,0.03194290723512019
interference_linear,86300021,irrelevant_feature_insertion,0.3584763705730438,0.3508831858634949,0.3584763705730438,0.00759318470954895,0.02118182768200547
interference_linear,86300021,near_duplicate_feature,0.3584763705730438,0.3584589958190918,0.3584763705730438,1.7374753952026367e-05,4.846833816201577e-05
interference_linear,86300021,near_constant_feature,0.3584763705730438,0.3584880232810974,0.3584763705730438,1.1652708053588867e-05,3.250620964210663e-05
interference_linear,86300022,row_permutation,-0.3693685233592987,-0.3693685233592987,-0.3693685233592987,0.0,0.0
interference_linear,86300022,covariate_permutation,-0.3693685233592987,-0.3693684935569763,-0.3693685233592987,2.9802322387695312e-08,8.068452102158545e-08
interference_linear,86300022,outcome_translation,-0.3693685233592987,-0.36936846375465393,-0.3693685233592987,5.960464477539063e-08,1.613690420431709e-07
interference_linear,86300022,positive_outcome_scaling,-0.3693685233592987,-0.9234211444854736,-0.9234213083982468,1.6391277313232422e-07,1.7750594624748798e-07
interference_linear,86300022,negative_outcome_scaling,-0.3693685233592987,0.5879438519477844,0.5540527850389481,0.033891066908836365,0.06116938281693492
interference_linear,86300022,irrelevant_feature_insertion,-0.3693685233592987,-0.36112892627716064,-0.3693685233592987,0.008239597082138062,0.022307252949442836
interference_linear,86300022,near_duplicate_feature,-0.3693685233592987,-0.36951035261154175,-0.3693685233592987,0.000141829252243042,0.0003839776355417252
interference_linear,86300022,near_constant_feature,-0.3693685233592987,-0.3695935308933258,-0.3693685233592987,0.0002250075340270996,0.0006091681337129702
interference_linear,86300023,row_permutation,-0.28909027576446533,-0.28909027576446533,-0.28909027576446533,0.0,0.0
interference_linear,86300023,covariate_permutation,-0.28909027576446533,-0.28909027576446533,-0.28909027576446533,0.0,0.0
interference_linear,86300023,outcome_translation,-0.28909027576446533,-0.28909027576446533,-0.28909027576446533,0.0,0.0
interference_linear,86300023,positive_outcome_scaling,-0.28909027576446533,-0.7227256298065186,-0.7227256894111633,5.960464477539063e-08,8.247201621399839e-08
interference_linear,86300023,negative_outcome_scaling,-0.28909027576446533,0.4513733386993408,0.433635413646698,0.017737925052642822,0.0409051578686207
interference_linear,86300023,irrelevant_feature_insertion,-0.28909027576446533,-0.28835225105285645,-0.28909027576446533,0.0007380247116088867,0.00255292126190432
interference_linear,86300023,near_duplicate_feature,-0.28909027576446533,-0.28903549909591675,-0.28909027576446533,5.4776668548583984e-05,0.0001894794572516613
interference_linear,86300023,near_constant_feature,-0.28909027576446533,-0.28906092047691345,-0.28909027576446533,2.9355287551879883e-05,0.00010154366996348551
interference_linear,86300024,row_permutation,0.33257320523262024,0.33257320523262024,0.33257320523262024,0.0,0.0
interference_linear,86300024,covariate_permutation,0.33257320523262024,0.33257320523262024,0.33257320523262024,0.0,0.0
interference_linear,86300024,outcome_translation,0.33257320523262024,0.33257320523262024,0.33257320523262024,0.0,0.0
interference_linear,86300024,positive_outcome_scaling,0.33257320523262024,0.8314329981803894,0.8314330130815506,1.4901161193847656e-08,1.792226308000364e-08
interference_linear,86300024,negative_outcome_scaling,0.33257320523262024,-0.43681007623672485,-0.49885980784893036,0.062049731612205505,0.12438310450337185
interference_linear,86300024,irrelevant_feature_insertion,0.33257320523262024,0.3324025273323059,0.33257320523262024,0.00017067790031433105,0.0005132040032959042
interference_linear,86300024,near_duplicate_feature,0.33257320523262024,0.33248862624168396,0.33257320523262024,8.45789909362793e-05,0.0002543169131052516
interference_linear,86300024,near_constant_feature,0.33257320523262024,0.3324970602989197,0.33257320523262024,7.614493370056152e-05,0.0002289569108470465
interference_linear,86300025,row_permutation,-0.4021455943584442,-0.4021456241607666,-0.4021455943584442,2.9802322387695312e-08,7.410829014610969e-08
interference_linear,86300025,covariate_permutation,-0.4021456241607666,-0.4021455943584442,-0.4021456241607666,2.9802322387695312e-08,7.410828465407142e-08
interference_linear,86300025,outcome_translation,-0.4021455943584442,-0.4021456241607666,-0.4021455943584442,2.9802322387695312e-08,7.410829014610969e-08
interference_linear,86300025,positive_outcome_scaling,-0.4021455943584442,-1.0053640604019165,-1.0053639858961105,7.450580596923828e-08,7.410829014610969e-08
interference_linear,86300025,negative_outcome_scaling,-0.4021455943584442,0.6307307481765747,0.6032183915376663,0.027512356638908386,0.04560928019581189
interference_linear,86300025,irrelevant_feature_insertion,-0.4021455943584442,-0.41461408138275146,-0.4021455943584442,0.012468487024307251,0.031004907673298346
interference_linear,86300025,near_duplicate_feature,-0.4021455943584442,-0.4021972715854645,-0.4021455943584442,5.167722702026367e-05,0.0001285037751133542
interference_linear,86300025,near_constant_feature,-0.4021455943584442,-0.40226227045059204,-0.4021455943584442,0.00011667609214782715,0.0002901339559220194
interference_linear,86300026,row_permutation,0.550072193145752,0.5500722527503967,0.550072193145752,5.960464477539063e-08,1.083578583286017e-07
interference_linear,86300026,covariate_permutation,0.550072193145752,0.550072193145752,0.550072193145752,0.0,0.0
interference_linear,86300026,outcome_translation,0.550072193145752,0.550072193145752,0.550072193145752,0.0,0.0
interference_linear,86300026,positive_outcome_scaling,0.550072193145752,1.3751806020736694,1.3751804828643799,1.1920928955078125e-07,8.668628666288137e-08
interference_linear,86300026,negative_outcome_scaling,0.550072193145752,-0.7857059836387634,-0.8251082897186279,0.0394023060798645,0.04775410278970918
interference_linear,86300026,irrelevant_feature_insertion,0.550072193145752,0.5513995885848999,0.550072193145752,0.0013273954391479492,0.00241312950497796
interference_linear,86300026,near_duplicate_feature,0.550072193145752,0.5501983165740967,0.550072193145752,0.00012612342834472656,0.0002292852282233212
interference_linear,86300026,near_constant_feature,0.550072193145752,0.5502637624740601,0.550072193145752,0.00019156932830810547,0.0003482621566681259
interference_linear,86300027,row_permutation,0.38082003593444824,0.38082000613212585,0.38082003593444824,2.9802322387695312e-08,7.825828363932322e-08
interference_linear,86300027,covariate_permutation,0.38081997632980347,0.38082000613212585,0.38081997632980347,2.9802322387695312e-08,7.825829588804305e-08
interference_linear,86300027,outcome_translation,0.38082003593444824,0.38082006573677063,0.38082003593444824,2.9802322387695312e-08,7.825828363932322e-08
interference_linear,86300027,positive_outcome_scaling,0.38082003593444824,0.9520636200904846,0.9520500898361206,1.3530254364013672e-05,1.4211704308901097e-05
interference_linear,86300027,negative_outcome_scaling,0.38082003593444824,-0.5562739372253418,-0.5712300539016724,0.014956116676330566,0.02618230006312835
interference_linear,86300027,irrelevant_feature_insertion,0.38082003593444824,0.3797563314437866,0.38082003593444824,0.001063704490661621,0.0027931946596547247
interference_linear,86300027,near_duplicate_feature,0.38082003593444824,0.38089635968208313,0.38082003593444824,7.63237476348877e-05,0.00020041946440030678
interference_linear,86300027,near_constant_feature,0.38082003593444824,0.3809739649295807,0.38082003593444824,0.0001539289951324463,0.00040420403499710447
interference_linear,86300028,row_permutation,-0.10851293802261353,-0.10851293057203293,-0.10851293802261353,7.450580596923828e-09,6.866075817955613e-08
interference_linear,86300028,covariate_permutation,-0.10851293802261353,-0.10851292312145233,-0.10851293802261353,1.4901161193847656e-08,1.3732151635911225e-07
interference_linear,86300028,outcome_translation,-0.10851293802261353,-0.10851293802261353,-0.10851293802261353,0.0,0.0
interference_linear,86300028,positive_outcome_scaling,-0.10851293802261353,-0.2712823450565338,-0.2712823450565338,0.0,0.0
interference_linear,86300028,negative_outcome_scaling,-0.10851293802261353,0.1663522869348526,0.1627694070339203,0.003582879900932312,0.022011998238622682
interference_linear,86300028,irrelevant_feature_insertion,-0.10851293802261353,-0.1199270710349083,-0.10851293802261353,0.01141413301229477,0.10518683965515821
interference_linear,86300028,near_duplicate_feature,-0.10851293802261353,-0.10854502767324448,-0.10851293802261353,3.208965063095093e-05,0.0002957218854793482
interference_linear,86300028,near_constant_feature,-0.10851293802261353,-0.10855063050985336,-0.10851293802261353,3.7692487239837646e-05,0.0003473547756303744
interference_linear,86300029,row_permutation,-0.6546285152435303,-0.654628574848175,-0.6546285152435303,5.960464477539063e-08,9.105109751171919e-08
interference_linear,86300029,covariate_permutation,-0.6546285152435303,-0.654628574848175,-0.6546285152435303,5.960464477539063e-08,9.105109751171919e-08
interference_linear,86300029,outcome_translation,-0.6546285152435303,-0.654628574848175,-0.6546285152435303,5.960464477539063e-08,9.105109751171919e-08
interference_linear,86300029,positive_outcome_scaling,-0.6546285152435303,-1.6365567445755005,-1.6365712881088257,1.4543533325195312e-05,8.886587117143793e-06
interference_linear,86300029,negative_outcome_scaling,-0.6546285152435303,1.059981346130371,0.9819427728652954,0.07803857326507568,0.07947364695944573
interference_linear,86300029,irrelevant_feature_insertion,-0.6546285152435303,-0.6525971293449402,-0.6546285152435303,0.002031385898590088,0.0031031124542969016
interference_linear,86300029,near_duplicate_feature,-0.6546285152435303,-0.6546454429626465,-0.6546285152435303,1.6927719116210938e-05,2.5858511693328248e-05
interference_linear,86300029,near_constant_feature,-0.6546285152435303,-0.6547650098800659,-0.6546285152435303,0.00013649463653564453,0.00020850701330183693
interference_linear,86300030,row_permutation,-0.16013723611831665,-0.16013725101947784,-0.16013723611831665,1.4901161193847656e-08,9.30524439852203e-08
interference_linear,86300030,covariate_permutation,-0.16013723611831665,-0.16013723611831665,-0.16013723611831665,0.0,0.0
interference_linear,86300030,outcome_translation,-0.16013723611831665,-0.16013720631599426,-0.16013723611831665,2.9802322387695312e-08,1.861048879704406e-07
interference_linear,86300030,positive_outcome_scaling,-0.16013723611831665,-0.40034306049346924,-0.4003430902957916,2.9802322387695312e-08,7.444195518817624e-08
interference_linear,86300030,negative_outcome_scaling,-0.16013723611831665,0.24261359870433807,0.24020585417747498,0.002407744526863098,0.010023671301050587
interference_linear,86300030,irrelevant_feature_insertion,-0.16013723611831665,-0.16039353609085083,-0.16013723611831665,0.0002562999725341797,0.0016005020365457891
interference_linear,86300030,near_duplicate_feature,-0.16013723611831665,-0.16015444695949554,-0.16013723611831665,1.7210841178894043e-05,0.00010747557280292943
interference_linear,86300030,near_constant_feature,-0.16013723611831665,-0.16017915308475494,-0.16013723611831665,4.191696643829346e-05,0.0002617565249304247
interference_linear,86300031,row_permutation,0.1336085945367813,0.13360857963562012,0.1336085945367813,1.4901161193847656e-08,1.1152846301175253e-07
interference_linear,86300031,covariate_permutation,0.1336086094379425,0.1336085945367813,0.1336086094379425,1.4901161193847656e-08,1.1152845057315586e-07
interference_linear,86300031,outcome_translation,0.1336085945367813,0.1336086094379425,0.1336085945367813,1.4901161193847656e-08,1.1152846301175253e-07
interference_linear,86300031,positive_outcome_scaling,0.1336085945367813,0.3340214490890503,0.3340214863419533,3.725290298461914e-08,1.1152846301175253e-07
interference_linear,86300031,negative_outcome_scaling,0.1336085945367813,-0.17010535299777985,-0.20041289180517197,0.03030753880739212,0.15122549519845802
interference_linear,86300031,irrelevant_feature_insertion,0.1336085945367813,0.12483589351177216,0.1336085945367813,0.008772701025009155,0.06565970591505703
interference_linear,86300031,near_duplicate_feature,0.1336085945367813,0.1336374282836914,0.1336085945367813,2.8833746910095215e-05,0.00021580757592774114
interference_linear,86300031,near_constant_feature,0.1336085945367813,0.13362477719783783,0.1336085945367813,1.6182661056518555e-05,0.00012111991083076325
interference_linear,86300032,row_permutation,0.1980869621038437,0.19808697700500488,0.1980869621038437,1.4901161193847656e-08,7.522535070246561e-08
interference_linear,86300032,covariate_permutation,0.1980869621038437,0.19808699190616608,0.1980869621038437,2.9802322387695312e-08,1.5045070140493122e-07
interference_linear,86300032,outcome_translation,0.1980869621038437,0.19808699190616608,0.1980869621038437,2.9802322387695312e-08,1.5045070140493122e-07
interference_linear,86300032,positive_outcome_scaling,0.1980869621038437,0.4952298700809479,0.4952174052596092,1.2464821338653564e-05,2.5170402345044994e-05
interference_linear,86300032,negative_outcome_scaling,0.1980869621038437,-0.28073519468307495,-0.29713044315576553,0.016395248472690582,0.05517862221911625
interference_linear,86300032,irrelevant_feature_insertion,0.1980869621038437,0.18696145713329315,0.1980869621038437,0.011125504970550537,0.056164751341474875
interference_linear,86300032,near_duplicate_feature,0.1980869621038437,0.19806934893131256,0.1980869621038437,1.761317253112793e-05,8.891636453031435e-05
interference_linear,86300032,near_constant_feature,0.1980869621038437,0.19808195531368256,0.1980869621038437,5.0067901611328125e-06,2.5275717836028443e-05
interference_linear,86300033,row_permutation,0.24440395832061768,0.24440395832061768,0.24440395832061768,0.0,0.0
interference_linear,86300033,covariate_permutation,0.24440395832061768,0.24440398812294006,0.24440395832061768,2.9802322387695312e-08,1.2193878770408286e-07
interference_linear,86300033,outcome_translation,0.24440395832061768,0.24440395832061768,0.24440395832061768,0.0,0.0
interference_linear,86300033,positive_outcome_scaling,0.24440395832061768,0.6109895706176758,0.6110098958015442,2.0325183868408203e-05,3.3264901285673805e-05
interference_linear,86300033,negative_outcome_scaling,0.24440395832061768,-0.35309770703315735,-0.3666059374809265,0.013508230447769165,0.036846731235693535
interference_linear,86300033,irrelevant_feature_insertion,0.24440395832061768,0.24438868463039398,0.24440395832061768,1.5273690223693848e-05,6.249362869834246e-05
interference_linear,86300033,near_duplicate_feature,0.24440395832061768,0.2446538507938385,0.24440395832061768,0.0002498924732208252,0.0010224567348987347
interference_linear,86300033,near_constant_feature,0.24440395832061768,0.2447376251220703,0.24440395832061768,0.0003336668014526367,0.0013652266671349115
interference_linear,86300034,row_permutation,0.04693444445729256,0.046934448182582855,0.04693444445729256,3.725290298461914e-09,7.937220396529244e-08
interference_linear,86300034,covariate_permutation,0.04693444445729256,0.046934448182582855,0.04693444445729256,3.725290298461914e-09,7.937220396529244e-08
interference_linear,86300034,outcome_translation,0.04693444445729256,0.04693445563316345,0.04693444445729256,1.1175870895385742e-08,2.3811661189587732e-07
interference_linear,86300034,positive_outcome_scaling,0.04693444445729256,0.11733174324035645,0.11733611114323139,4.367902874946594e-06,3.722556365972215e-05
interference_linear,86300034,negative_outcome_scaling,0.04693444445729256,-0.06661232560873032,-0.07040166668593884,0.003789341077208519,0.0538245933027798
interference_linear,86300034,irrelevant_feature_insertion,0.04693444445729256,0.041834354400634766,0.04693444445729256,0.005100090056657791,0.10866411897766379
interference_linear,86300034,near_duplicate_feature,0.04693444445729256,0.047107238322496414,0.04693444445729256,0.00017279386520385742,0.0036816003087261247
interference_linear,86300034,near_constant_feature,0.04693444445729256,0.04713793098926544,0.04693444445729256,0.00020348653197288513,0.004335547897196169
interference_linear,86300035,row_permutation,0.36073634028434753,0.36073634028434753,0.36073634028434753,0.0,0.0
interference_linear,86300035,covariate_permutation,0.36073634028434753,0.36073634028434753,0.36073634028434753,0.0,0.0
interference_linear,86300035,outcome_translation,0.36073634028434753,0.36073631048202515,0.36073634028434753,2.9802322387695312e-08,8.261524847816516e-08
interference_linear,86300035,positive_outcome_scaling,0.36073634028434753,0.90184086561203,0.9018408507108688,1.4901161193847656e-08,1.6523049695633032e-08
interference_linear,86300035,negative_outcome_scaling,0.36073634028434753,-0.5152040719985962,-0.5411045104265213,0.02590043842792511,0.047865870509024765
interference_linear,86300035,irrelevant_feature_insertion,0.36073634028434753,0.3633347749710083,0.36073634028434753,0.0025984346866607666,0.007203140899562742
interference_linear,86300035,near_duplicate_feature,0.36073634028434753,0.3606744706630707,0.36073634028434753,6.186962127685547e-05,0.0001715092558406709
interference_linear,86300035,near_constant_feature,0.36073634028434753,0.36068952083587646,0.36073634028434753,4.6819448471069336e-05,0.00012978855535919747
interference_linear,86300036,row_permutation,-0.4934103488922119,-0.4934103488922119,-0.4934103488922119,0.0,0.0
interference_linear,86300036,covariate_permutation,-0.4934103488922119,-0.49341028928756714,-0.4934103488922119,5.960464477539063e-08,1.208013672781954e-07
interference_linear,86300036,outcome_translation,-0.4934103488922119,-0.49341025948524475,-0.4934103488922119,8.940696716308594e-08,1.812020509172931e-07
interference_linear,86300036,positive_outcome_scaling,-0.4934103488922119,-1.2335258722305298,-1.2335258722305298,0.0,0.0
interference_linear,86300036,negative_outcome_scaling,-0.4934103488922119,0.7691763639450073,0.7401155233383179,0.029060840606689453,0.03926527642010463
interference_linear,86300036,irrelevant_feature_insertion,-0.49341028928756714,-0.4882599413394928,-0.49341028928756714,0.005150347948074341,0.010438266205414777
interference_linear,86300036,near_duplicate_feature,-0.4934103488922119,-0.49340400099754333,-0.4934103488922119,6.3478946685791016e-06,1.286534561512781e-05
interference_linear,86300036,near_constant_feature,-0.4934103488922119,-0.49348556995391846,-0.4934103488922119,7.522106170654297e-05,0.00015245132550508259
interference_linear,86300037,row_permutation,0.5840970873832703,0.5840970277786255,0.5840970873832703,5.960464477539063e-08,1.0204578324883772e-07
interference_linear,86300037,covariate_permutation,0.5840970873832703,0.5840970873832703,0.5840970873832703,0.0,0.0
interference_linear,86300037,outcome_translation,0.5840970873832703,0.5840970873832703,0.5840970873832703,0.0,0.0
interference_linear,86300037,positive_outcome_scaling,0.5840970873832703,1.4602564573287964,1.4602427184581757,1.3738870620727539e-05,9.408621215542838e-06
interference_linear,86300037,negative_outcome_scaling,0.5840970873832703,-0.8387175798416138,-0.8761456310749054,0.037428051233291626,0.04271898404306686
interference_linear,86300037,irrelevant_feature_insertion,0.5840970873832703,0.5905373692512512,0.5840970873832703,0.006440281867980957,0.011026046880036916
interference_linear,86300037,near_duplicate_feature,0.5840970873832703,0.5840968489646912,0.5840970873832703,2.384185791015625e-07,4.081831329953509e-07
interference_linear,86300037,near_constant_feature,0.5840970873832703,0.5841566920280457,0.5840970873832703,5.9604644775390625e-05,0.00010204578324883773
interference_linear,86300038,row_permutation,0.27138185501098633,0.27138185501098633,0.27138185501098633,0.0,0.0
interference_linear,86300038,covariate_permutation,0.27138185501098633,0.27138185501098633,0.27138185501098633,0.0,0.0
interference_linear,86300038,outcome_translation,0.27138185501098633,0.27138185501098633,0.27138185501098633,0.0,0.0
interference_linear,86300038,positive_outcome_scaling,0.27138185501098633,0.6784546375274658,0.6784546375274658,0.0,0.0
interference_linear,86300038,negative_outcome_scaling,0.27138185501098633,-0.40955159068107605,-0.4070727825164795,0.0024788081645965576,0.006089348811956516
interference_linear,86300038,irrelevant_feature_insertion,0.27138185501098633,0.27520060539245605,0.27138185501098633,0.0038187503814697266,0.014071502242900994
interference_linear,86300038,near_duplicate_feature,0.27138185501098633,0.2713678777217865,0.27138185501098633,1.3977289199829102e-05,5.150414053755827e-05
interference_linear,86300038,near_constant_feature,0.27138185501098633,0.2714213728904724,0.27138185501098633,3.9517879486083984e-05,0.0001456172502191946
interference_linear,86300039,row_permutation,0.34908387064933777,0.34908390045166016,0.34908387064933777,2.9802322387695312e-08,8.537295731326522e-08
interference_linear,86300039,covariate_permutation,0.34908390045166016,0.34908387064933777,0.34908390045166016,2.9802322387695312e-08,8.5372950024724e-08
interference_linear,86300039,outcome_translation,0.34908387064933777,0.34908390045166016,0.34908387064933777,2.9802322387695312e-08,8.537295731326522e-08
interference_linear,86300039,positive_outcome_scaling,0.34908387064933777,0.8727188110351562,0.8727096766233444,9.134411811828613e-06,1.0466724566606317e-05
interference_linear,86300039,negative_outcome_scaling,0.34908387064933777,-0.4929564595222473,-0.5236258059740067,0.03066934645175934,0.05857111338260093
interference_linear,86300039,irrelevant_feature_insertion,0.34908390045166016,0.3517809510231018,0.34908390045166016,0.0026970505714416504,0.007726081231337473
interference_linear,86300039,near_duplicate_feature,0.34908387064933777,0.34912940859794617,0.34908387064933777,4.553794860839844e-05,0.00013044987877466925
interference_linear,86300039,near_constant_feature,0.34908387064933777,0.3491773307323456,0.34908387064933777,9.34600830078125e-05,0.00026772959413439974
interference_linear,86300040,row_permutation,-0.29075148701667786,-0.29075151681900024,-0.29075148701667786,2.9802322387695312e-08,1.0250101450379105e-07
interference_linear,86300040,covariate_permutation,-0.29075148701667786,-0.29075148701667786,-0.29075148701667786,0.0,0.0
interference_linear,86300040,outcome_translation,-0.29075148701667786,-0.29075148701667786,-0.29075148701667786,0.0,0.0
interference_linear,86300040,positive_outcome_scaling,-0.29075148701667786,-0.7268695831298828,-0.7268787175416946,9.134411811828613e-06,1.2566624378164783e-05
interference_linear,86300040,negative_outcome_scaling,-0.29075148701667786,0.4577140510082245,0.4361272305250168,0.021586820483207703,0.04949661239272116
interference_linear,86300040,irrelevant_feature_insertion,-0.29075148701667786,-0.2966805696487427,-0.29075148701667786,0.005929082632064819,0.020392269332485717
interference_linear,86300040,near_duplicate_feature,-0.29075148701667786,-0.2908843159675598,-0.29075148701667786,0.000132828950881958,0.00045684702164339674
interference_linear,86300040,near_constant_feature,-0.29075148701667786,-0.29095590114593506,-0.29075148701667786,0.00020441412925720215,0.0007030544584815028
interference_linear,86300041,row_permutation,-0.02045232057571411,-0.020452313125133514,-0.02045232057571411,7.450580596923828e-09,3.6429023148458467e-07
interference_linear,86300041,covariate_permutation,-0.02045232057571411,-0.02045232243835926,-0.02045232057571411,1.862645149230957e-09,9.107255787114617e-08
interference_linear,86300041,outcome_translation,-0.02045232057571411,-0.020452292636036873,-0.02045232057571411,2.7939677238464355e-08,1.3660883680671927e-06
interference_linear,86300041,positive_outcome_scaling,-0.02045232057571411,-0.05111567676067352,-0.05113080143928528,1.5124678611755371e-05,0.00029580366796548276
interference_linear,86300041,negative_outcome_scaling,-0.02045232057571411,0.05669635534286499,0.030678480863571167,0.026017874479293823,0.8480822305053726
interference_linear,86300041,irrelevant_feature_insertion,-0.02045232057571411,-0.014923539943993092,-0.02045232057571411,0.00552878063172102,0.27032534578428774
interference_linear,86300041,near_duplicate_feature,-0.02045232057571411,-0.020571457222104073,-0.02045232057571411,0.00011913664638996124,0.005825091873996381
interference_linear,86300041,near_constant_feature,-0.02045232057571411,-0.020597388967871666,-0.02045232057571411,0.00014506839215755463,0.007093004024678477
interference_linear,86300042,row_permutation,0.5450942516326904,0.5450942516326904,0.5450942516326904,0.0,0.0
interference_linear,86300042,covariate_permutation,0.5450942516326904,0.5450942516326904,0.5450942516326904,0.0,0.0
interference_linear,86300042,outcome_translation,0.5450942516326904,0.5450943112373352,0.5450942516326904,5.960464477539063e-08,1.0934741028154333e-07
interference_linear,86300042,positive_outcome_scaling,0.5450942516326904,1.3627357482910156,1.362735629081726,1.1920928955078125e-07,8.747792822523466e-08
interference_linear,86300042,negative_outcome_scaling,0.5450942516326904,-0.7801869511604309,-0.8176413774490356,0.037454426288604736,0.04580789001341765
interference_linear,86300042,irrelevant_feature_insertion,0.5450942516326904,0.5483016967773438,0.5450942516326904,0.0032074451446533203,0.00588420284207041
interference_linear,86300042,near_duplicate_feature,0.5450942516326904,0.5450566411018372,0.5450942516326904,3.7610530853271484e-05,6.899821588765384e-05
interference_linear,86300042,near_constant_feature,0.5450942516326904,0.5451008677482605,0.5450942516326904,6.616115570068359e-06,1.213756254125131e-05
interference_linear,86300043,row_permutation,-0.11693035066127777,-0.11693035811185837,-0.11693035066127777,7.450580596923828e-09,6.371810701659971e-08
interference_linear,86300043,covariate_permutation,-0.11693037301301956,-0.11693035811185837,-0.11693037301301956,1.4901161193847656e-08,1.2743618967322113e-07
interference_linear,86300043,outcome_translation,-0.11693035066127777,-0.11693035066127777,-0.11693035066127777,0.0,0.0
interference_linear,86300043,positive_outcome_scaling,-0.11693035066127777,-0.2923259139060974,-0.2923258766531944,3.725290298461914e-08,1.2743621403319942e-07
interference_linear,86300043,negative_outcome_scaling,-0.11693035066127777,0.18433929979801178,0.17539552599191666,0.008943773806095123,0.05099202933207834
interference_linear,86300043,irrelevant_feature_insertion,-0.11693035066127777,-0.1207931712269783,-0.11693035066127777,0.003862820565700531,0.03303522604571927
interference_linear,86300043,near_duplicate_feature,-0.11693035066127777,-0.11687831580638885,-0.11693035066127777,5.2034854888916016e-05,0.0004450072594039324
interference_linear,86300043,near_constant_feature,-0.11693035066127777,-0.11687503755092621,-0.11693035066127777,5.53131103515625e-05,0.0004730432264912363
interference_linear,86300044,row_permutation,0.017726518213748932,0.017726514488458633,0.017726518213748932,3.725290298461914e-09,2.1015352555656009e-07
interference_linear,86300044,covariate_permutation,0.017726518213748932,0.017726512625813484,0.017726518213748932,5.587935447692871e-09,3.1523028833484015e-07
interference_linear,86300044,outcome_translation,0.017726518213748932,0.01772652566432953,0.017726518213748932,7.450580596923828e-09,4.2030705111312017e-07
interference_linear,86300044,positive_outcome_scaling,0.017726518213748932,0.04431629553437233,0.04431629553437233,0.0,0.0
interference_linear,86300044,negative_outcome_scaling,0.017726518213748932,-0.02400181069970131,-0.026589777320623398,0.0025879666209220886,0.09732938300746227
interference_linear,86300044,irrelevant_feature_insertion,0.017726518213748932,0.02251596562564373,0.017726518213748932,0.004789447411894798,0.27018545628323315
interference_linear,86300044,near_duplicate_feature,0.017726518213748932,0.017783045768737793,0.017726518213748932,5.6527554988861084e-05,0.003188869596795243
interference_linear,86300044,near_constant_feature,0.017726518213748932,0.017795458436012268,0.017726518213748932,6.894022226333618e-05,0.003889101143949701
interference_linear,86300045,row_permutation,-0.2302064746618271,-0.23020648956298828,-0.2302064746618271,1.4901161193847656e-08,6.472954861820214e-08
interference_linear,86300045,covariate_permutation,-0.23020651936531067,-0.23020648956298828,-0.23020651936531067,2.9802322387695312e-08,1.2945907209692237e-07
interference_linear,86300045,outcome_translation,-0.2302064746618271,-0.2302064746618271,-0.2302064746618271,0.0,0.0
interference_linear,86300045,positive_outcome_scaling,-0.2302064746618271,-0.5755162239074707,-0.5755161866545677,3.725290298461914e-08,6.472954861820214e-08
interference_linear,86300045,negative_outcome_scaling,-0.2302064746618271,0.35700109601020813,0.34530971199274063,0.011691384017467499,0.03385767504191508
interference_linear,86300045,irrelevant_feature_insertion,-0.2302064746618271,-0.22818294167518616,-0.2302064746618271,0.00202353298664093,0.008790078513705996
interference_linear,86300045,near_duplicate_feature,-0.2302064746618271,-0.23021374642848969,-0.2302064746618271,7.271766662597656e-06,3.1588019725682645e-05
interference_linear,86300045,near_constant_feature,-0.2302064746618271,-0.23024655878543854,-0.2302064746618271,4.0084123611450195e-05,0.00017412248578296377
interference_linear,86300046,row_permutation,0.5165700316429138,0.5165700912475586,0.5165700316429138,5.960464477539063e-08,1.1538540976878264e-07
interference_linear,86300046,covariate_permutation,0.5165700316429138,0.5165700316429138,0.5165700316429138,0.0,0.0
interference_linear,86300046,outcome_translation,0.5165700316429138,0.5165700316429138,0.5165700316429138,0.0,0.0
interference_linear,86300046,positive_outcome_scaling,0.5165700316429138,1.291425108909607,1.2914250791072845,2.9802322387695312e-08,2.307708195375653e-08
interference_linear,86300046,negative_outcome_scaling,0.5165700316429138,-0.741807758808136,-0.7748550474643707,0.03304728865623474,0.042649639780212335
interference_linear,86300046,irrelevant_feature_insertion,0.5165700316429138,0.5167984366416931,0.5165700316429138,0.00022840499877929688,0.00044215689023397505
interference_linear,86300046,near_duplicate_feature,0.5165700316429138,0.5166487693786621,0.5165700316429138,7.873773574829102e-05,0.00015242412630456188
interference_linear,86300046,near_constant_feature,0.5165700316429138,0.516699492931366,0.5165700316429138,0.00012946128845214844,0.0002506171100177959
interference_linear,86300047,row_permutation,0.36502406001091003,0.36502406001091003,0.36502406001091003,0.0,0.0
interference_linear,86300047,covariate_permutation,0.36502406001091003,0.36502406001091003,0.36502406001091003,0.0,0.0
interference_linear,86300047,outcome_translation,0.36502406001091003,0.3650240898132324,0.36502406001091003,2.9802322387695312e-08,8.164481647265817e-08
interference_linear,86300047,positive_outcome_scaling,0.36502406001091003,0.9125602841377258,0.9125601500272751,1.341104507446289e-07,1.469606696507847e-07
interference_linear,86300047,negative_outcome_scaling,0.36502406001091003,-0.5132037997245789,-0.547536090016365,0.034332290291786194,0.0627032462659403
interference_linear,86300047,irrelevant_feature_insertion,0.36502406001091003,0.36344149708747864,0.36502406001091003,0.0015825629234313965,0.0043355030443310945
interference_linear,86300047,near_duplicate_feature,0.36502406001091003,0.36508113145828247,0.36502406001091003,5.7071447372436523e-05,0.0001563498235451404
interference_linear,86300047,near_constant_feature,0.36502406001091003,0.3651244342327118,0.36502406001091003,0.00010037422180175781,0.0002749797418799127
interference_linear,86300048,row_permutation,-0.36549144983291626,-0.36549142003059387,-0.36549144983291626,2.9802322387695312e-08,8.154040922522097e-08
interference_linear,86300048,covariate_permutation,-0.36549144983291626,-0.36549142003059387,-0.36549144983291626,2.9802322387695312e-08,8.154040922522097e-08
interference_linear,86300048,outcome_translation,-0.36549144983291626,-0.36549144983291626,-0.36549144983291626,0.0,0.0
interference_linear,86300048,positive_outcome_scaling,-0.36549144983291626,-0.9137285351753235,-0.9137286245822906,8.940696716308594e-08,9.784849107026517e-08
interference_linear,86300048,negative_outcome_scaling,-0.36549144983291626,0.5698575377464294,0.5482371747493744,0.021620362997055054,0.03943614915741305
interference_linear,86300048,irrelevant_feature_insertion,-0.36549144983291626,-0.35995668172836304,-0.36549144983291626,0.005534768104553223,0.015143358639671138
interference_linear,86300048,near_duplicate_feature,-0.36549144983291626,-0.36557337641716003,-0.36549144983291626,8.192658424377441e-05,0.00022415458496013245
interference_linear,86300048,near_constant_feature,-0.36549144983291626,-0.3656455874443054,-0.36549144983291626,0.00015413761138916016,0.00042172699651284287
interference_linear,86300049,row_permutation,-0.2461213618516922,-0.2461213618516922,-0.2461213618516922,0.0,0.0
interference_linear,86300049,covariate_permutation,-0.2461213320493698,-0.2461213767528534,-0.2461213320493698,4.470348358154297e-08,1.8163189354336762e-07
interference_linear,86300049,outcome_translation,-0.2461213618516922,-0.2461213320493698,-0.2461213618516922,2.9802322387695312e-08,1.2108791436662697e-07
interference_linear,86300049,positive_outcome_scaling,-0.2461213618516922,-0.6152964234352112,-0.6153034046292305,6.981194019317627e-06,1.1345937576152946e-05
interference_linear,86300049,negative_outcome_scaling,-0.2461213618516922,0.38657668232917786,0.3691820427775383,0.017394639551639557,0.047116699991069766
interference_linear,86300049,irrelevant_feature_insertion,-0.2461213618516922,-0.24353276193141937,-0.2461213618516922,0.002588599920272827,0.010517575153970851
interference_linear,86300049,near_duplicate_feature,-0.2461213618516922,-0.2459968477487564,-0.2461213618516922,0.00012451410293579102,0.0005059053062237674
interference_linear,86300049,near_constant_feature,-0.2461213618516922,-0.2459934502840042,-0.2461213618516922,0.00012791156768798828,0.0005197093284615629
interference_threshold,86400000,row_permutation,-0.812908411026001,-0.8129084706306458,-0.812908411026001,5.960464477539063e-08,7.332270642908154e-08
interference_threshold,86400000,covariate_permutation,-0.812908411026001,-0.8129084706306458,-0.812908411026001,5.960464477539063e-08,7.332270642908154e-08
interference_threshold,86400000,outcome_translation,-0.812908411026001,-0.812908411026001,-0.812908411026001,0.0,0.0
interference_threshold,86400000,positive_outcome_scaling,-0.812908411026001,-2.032270908355713,-2.0322710275650024,1.1920928955078125e-07,5.865816514326524e-08
interference_threshold,86400000,negative_outcome_scaling,-0.812908411026001,1.3493891954421997,1.2193626165390015,0.13002657890319824,0.10663487394115902
interference_threshold,86400000,irrelevant_feature_insertion,-0.812908411026001,-0.828827440738678,-0.812908411026001,0.015919029712677002,0.01958280846495981
interference_threshold,86400000,near_duplicate_feature,-0.812908411026001,-0.812894344329834,-0.812908411026001,1.4066696166992188e-05,1.7304158717263245e-05
interference_threshold,86400000,near_constant_feature,-0.812908411026001,-0.8130423426628113,-0.812908411026001,0.00013393163681030273,0.00016475612134614625
interference_threshold,86400001,row_permutation,0.2563175559043884,0.25631752610206604,0.2563175559043884,2.9802322387695312e-08,1.1627109302966425e-07
interference_threshold,86400001,covariate_permutation,0.2563175857067108,0.2563175857067108,0.2563175857067108,0.0,0.0
interference_threshold,86400001,outcome_translation,0.2563175559043884,0.25631752610206604,0.2563175559043884,2.9802322387695312e-08,1.1627109302966425e-07
interference_threshold,86400001,positive_outcome_scaling,0.2563175559043884,0.6408063173294067,0.6407938897609711,1.2427568435668945e-05,1.9394018317347995e-05
interference_threshold,86400001,negative_outcome_scaling,0.2563175559043884,-0.3645189106464386,-0.38447633385658264,0.019957423210144043,0.05190806677216331
interference_threshold,86400001,irrelevant_feature_insertion,0.2563175559043884,0.2617969512939453,0.2563175559043884,0.005479395389556885,0.02137737062224801
interference_threshold,86400001,near_duplicate_feature,0.2563175559043884,0.2561885714530945,0.2563175559043884,0.0001289844512939453,0.0005032212906323868
interference_threshold,86400001,near_constant_feature,0.2563175559043884,0.2561805844306946,0.2563175559043884,0.00013697147369384766,0.0005343819435643369
interference_threshold,86400002,row_permutation,-0.5508055686950684,-0.5508056282997131,-0.5508055686950684,5.960464477539063e-08,1.0821358418107855e-07
interference_threshold,86400002,covariate_permutation,-0.5508055686950684,-0.5508055686950684,-0.5508055686950684,0.0,0.0
interference_threshold,86400002,outcome_translation,-0.5508055686950684,-0.5508056879043579,-0.5508055686950684,1.1920928955078125e-07,2.164271683621571e-07
interference_threshold,86400002,positive_outcome_scaling,-0.5508055686950684,-1.37700617313385,-1.377013921737671,7.748603820800781e-06,5.627106377416085e-06
interference_threshold,86400002,negative_outcome_scaling,-0.5508055686950684,0.8659396767616272,0.8262083530426025,0.03973132371902466,0.04808874610467168
interference_threshold,86400002,irrelevant_feature_insertion,-0.5508055686950684,-0.540347158908844,-0.5508055686950684,0.010458409786224365,0.018987480121164586
interference_threshold,86400002,near_duplicate_feature,-0.5508055686950684,-0.5508749485015869,-0.5508055686950684,6.937980651855469e-05,0.00012596061198677543
interference_threshold,86400002,near_constant_feature,-0.5508055686950684,-0.5509518384933472,-0.5508055686950684,0.0001462697982788086,0.0002655561355803668
interference_threshold,86400003,row_permutation,0.372861385345459,0.372861385345459,0.372861385345459,0.0,0.0
interference_threshold,86400003,covariate_permutation,0.3728613555431366,0.3728613555431366,0.3728613555431366,0.0,0.0
interference_threshold,86400003,outcome_translation,0.372861385345459,0.372861385345459,0.372861385345459,0.0,0.0
interference_threshold,86400003,positive_outcome_scaling,0.372861385345459,0.9321534633636475,0.9321534633636475,0.0,0.0
interference_threshold,86400003,negative_outcome_scaling,0.372861385345459,-0.5142155885696411,-0.5592920780181885,0.04507648944854736,0.08059561581539414
interference_threshold,86400003,irrelevant_feature_insertion,0.372861385345459,0.3650352656841278,0.372861385345459,0.007826119661331177,0.02098935413781241
interference_threshold,86400003,near_duplicate_feature,0.372861385345459,0.3730025589466095,0.372861385345459,0.0001411736011505127,0.00037862220841054447
interference_threshold,86400003,near_constant_feature,0.372861385345459,0.3730970025062561,0.372861385345459,0.00023561716079711914,0.0006319162296165852
interference_threshold,86400004,row_permutation,-0.2633921205997467,-0.2633920907974243,-0.2633921205997467,2.9802322387695312e-08,1.1314811665525567e-07
interference_threshold,86400004,covariate_permutation,-0.2633921205997467,-0.2633921205997467,-0.2633921205997467,0.0,0.0
interference_threshold,86400004,outcome_translation,-0.2633921802043915,-0.2633921504020691,-0.2633921802043915,2.9802322387695312e-08,1.1314809105026887e-07
interference_threshold,86400004,positive_outcome_scaling,-0.2633921205997467,-0.6584803462028503,-0.6584803014993668,4.470348358154297e-08,6.78888699931534e-08
interference_threshold,86400004,negative_outcome_scaling,-0.2633921205997467,0.4183751046657562,0.39508818089962006,0.02328692376613617,0.058941079212016904
interference_threshold,86400004,irrelevant_feature_insertion,-0.2633921205997467,-0.2567914128303528,-0.2633921205997467,0.006600707769393921,0.025060384321155992
interference_threshold,86400004,near_duplicate_feature,-0.2633921205997467,-0.26344430446624756,-0.2633921205997467,5.218386650085449e-05,0.0001981223522633527
interference_threshold,86400004,near_constant_feature,-0.2633921205997467,-0.26351964473724365,-0.2633921205997467,0.00012752413749694824,0.00048416079116783906
interference_threshold,86400005,row_permutation,-0.3686661422252655,-0.36866605281829834,-0.3686661422252655,8.940696716308594e-08,2.425147224625139e-07
interference_threshold,86400005,covariate_permutation,-0.3686661422252655,-0.36866605281829834,-0.3686661422252655,8.940696716308594e-08,2.425147224625139e-07
interference_threshold,86400005,outcome_translation,-0.3686661422252655,-0.3686660826206207,-0.3686661422252655,5.960464477539063e-08,1.6167648164167592e-07
interference_threshold,86400005,positive_outcome_scaling,-0.3686661422252655,-0.9216652512550354,-0.9216653555631638,1.043081283569336e-07,1.1317353714917315e-07
interference_threshold,86400005,negative_outcome_scaling,-0.3686661422252655,0.5946811437606812,0.5529992133378983,0.0416819304227829,0.07537430328551671
interference_threshold,86400005,irrelevant_feature_insertion,-0.3686661422252655,-0.3789560794830322,-0.3686661422252655,0.010289937257766724,0.027911261922933188
interference_threshold,86400005,near_duplicate_feature,-0.3686661422252655,-0.36882853507995605,-0.3686661422252655,0.00016239285469055176,0.0004404875742327461
interference_threshold,86400005,near_constant_feature,-0.3686661422252655,-0.3688853681087494,-0.3686661422252655,0.00021922588348388672,0.0005946460994780841
interference_threshold,86400006,row_permutation,0.397013396024704,0.3970133662223816,0.397013396024704,2.9802322387695312e-08,7.506628916330288e-08
interference_threshold,86400006,covariate_permutation,0.397013396024704,0.39701342582702637,0.397013396024704,2.9802322387695312e-08,7.506628916330288e-08
interference_threshold,86400006,outcome_translation,0.397013396024704,0.3970133662223816,0.397013396024704,2.9802322387695312e-08,7.506628916330288e-08
interference_threshold,86400006,positive_outcome_scaling,0.397013396024704,0.9925360679626465,0.99253349006176,2.5779008865356445e-06,2.59729360505028e-06
interference_threshold,86400006,negative_outcome_scaling,0.397013396024704,-0.5490453243255615,-0.595520094037056,0.046474769711494446,0.07804064073882043
interference_threshold,86400006,irrelevant_feature_insertion,0.397013396024704,0.39644497632980347,0.397013396024704,0.0005684196949005127,0.001431739333211676
interference_threshold,86400006,near_duplicate_feature,0.397013396024704,0.3971439599990845,0.397013396024704,0.00013056397438049316,0.00032886541282442993
interference_threshold,86400006,near_constant_feature,0.397013396024704,0.39721840620040894,0.397013396024704,0.00020501017570495605,0.0005163810031543606
interference_threshold,86400007,row_permutation,1.0248663425445557,1.0248662233352661,1.0248663425445557,1.1920928955078125e-07,1.1631691333994479e-07
interference_threshold,86400007,covariate_permutation,1.0248663425445557,1.0248662233352661,1.0248663425445557,1.1920928955078125e-07,1.1631691333994479e-07
interference_threshold,86400007,outcome_translation,1.0248663425445557,1.0248663425445557,1.0248663425445557,0.0,0.0
interference_threshold,86400007,positive_outcome_scaling,1.0248663425445557,2.5621659755706787,2.562165856361389,1.1920928955078125e-07,4.652676533597791e-08
interference_threshold,86400007,negative_outcome_scaling,1.0248663425445557,-1.441928744316101,-1.5372995138168335,0.09537076950073242,0.062037858363686235
interference_threshold,86400007,irrelevant_feature_insertion,1.0248663425445557,1.034375548362732,1.0248663425445557,0.00950920581817627,0.009278483860214055
interference_threshold,86400007,near_duplicate_feature,1.0248663425445557,1.0250180959701538,1.0248663425445557,0.00015175342559814453,0.0001480714306817497
interference_threshold,86400007,near_constant_feature,1.0248663425445557,1.0251399278640747,1.0248663425445557,0.00027358531951904297,0.0002669473161151733
interference_threshold,86400008,row_permutation,-0.7001659274101257,-0.7001659274101257,-0.7001659274101257,0.0,0.0
interference_threshold,86400008,covariate_permutation,-0.7001659274101257,-0.7001659274101257,-0.7001659274101257,0.0,0.0
interference_threshold,86400008,outcome_translation,-0.7001659274101257,-0.7001659274101257,-0.7001659274101257,0.0,0.0
interference_threshold,86400008,positive_outcome_scaling,-0.7001659274101257,-1.7504148483276367,-1.7504148185253143,2.9802322387695312e-08,1.7025862711104735e-08
interference_threshold,86400008,negative_outcome_scaling,-0.7001659274101257,1.1314902305603027,1.0502488911151886,0.08124133944511414,0.07735436821918415
interference_threshold,86400008,irrelevant_feature_insertion,-0.7001659274101257,-0.7005428075790405,-0.7001659274101257,0.0003768801689147949,0.0005382726496115762
interference_threshold,86400008,near_duplicate_feature,-0.7001659274101257,-0.7002148628234863,-0.7001659274101257,4.89354133605957e-05,6.989116642908494e-05
interference_threshold,86400008,near_constant_feature,-0.7001659274101257,-0.7003322243690491,-0.7001659274101257,0.00016629695892333984,0.00023751078481991107
interference_threshold,86400009,row_permutation,-0.6632716059684753,-0.6632716655731201,-0.6632716059684753,5.960464477539063e-08,8.986461087590047e-08
interference_threshold,86400009,covariate_permutation,-0.6632716059684753,-0.6632716655731201,-0.6632716059684753,5.960464477539063e-08,8.986461087590047e-08
interference_threshold,86400009,outcome_translation,-0.6632716059684753,-0.6632716059684753,-0.6632716059684753,0.0,0.0
interference_threshold,86400009,positive_outcome_scaling,-0.6632716059684753,-1.6581227779388428,-1.6581790149211884,5.6236982345581055e-05,3.391490414456484e-05
interference_threshold,86400009,negative_outcome_scaling,-0.6632716059684753,1.0935046672821045,0.994907408952713,0.09859725832939148,0.09910194400218575
interference_threshold,86400009,irrelevant_feature_insertion,-0.6632716059684753,-0.6884390711784363,-0.6632716059684753,0.025167465209960938,0.03794443329624022
interference_threshold,86400009,near_duplicate_feature,-0.6632716059684753,-0.6634482145309448,-0.6632716059684753,0.00017660856246948242,0.00026626884202529314
interference_threshold,86400009,near_constant_feature,-0.6632716059684753,-0.6635752320289612,-0.6632716059684753,0.00030362606048583984,0.00045777032780183703
interference_threshold,86400010,row_permutation,-0.7069172859191895,-0.7069202065467834,-0.7069172859191895,2.9206275939941406e-06,4.131498340992626e-06
interference_threshold,86400010,covariate_permutation,-0.7069172859191895,-0.7069172859191895,-0.7069172859191895,0.0,0.0
interference_threshold,86400010,outcome_translation,-0.7069172859191895,-0.7069172859191895,-0.7069172859191895,0.0,0.0
interference_threshold,86400010,positive_outcome_scaling,-0.7069172859191895,-1.7672934532165527,-1.7672932147979736,2.384185791015625e-07,1.349060682773102e-07
interference_threshold,86400010,negative_outcome_scaling,-0.7069172859191895,1.160920262336731,1.0603759288787842,0.10054433345794678,0.09481951704077243
interference_threshold,86400010,irrelevant_feature_insertion,-0.7069172859191895,-0.7130420804023743,-0.7069172859191895,0.0061247944831848145,0.008664089286232229
interference_threshold,86400010,near_duplicate_feature,-0.7069172859191895,-0.707031786441803,-0.7069172859191895,0.00011450052261352539,0.00016197159822544556
interference_threshold,86400010,near_constant_feature,-0.7069172859191895,-0.7071928977966309,-0.7069172859191895,0.00027561187744140625,0.0003898785373214265
interference_threshold,86400011,row_permutation,0.11798731982707977,0.11798730492591858,0.11798731982707977,1.4901161193847656e-08,1.2629459856946108e-07
interference_threshold,86400011,covariate_permutation,0.11798731982707977,0.11798731237649918,0.11798731982707977,7.450580596923828e-09,6.314729928473054e-08
interference_threshold,86400011,outcome_translation,0.11798731982707977,0.11798732727766037,0.11798731982707977,7.450580596923828e-09,6.314729928473054e-08
interference_threshold,86400011,positive_outcome_scaling,0.11798731982707977,0.29496827721595764,0.29496829956769943,2.2351741790771484e-08,7.577675914167665e-08
interference_threshold,86400011,negative_outcome_scaling,0.11798731982707977,-0.17336013913154602,-0.17698097974061966,0.003620840609073639,0.020458925102461754
interference_threshold,86400011,irrelevant_feature_insertion,0.11798731982707977,0.11526412516832352,0.11798731982707977,0.002723194658756256,0.0230804010358683
interference_threshold,86400011,near_duplicate_feature,0.11798731982707977,0.11795803904533386,0.11798731982707977,2.9280781745910645e-05,0.000248168886188991
interference_threshold,86400011,near_constant_feature,0.11798731982707977,0.11796160042285919,0.11798731982707977,2.5719404220581055e-05,0.00021798447713088982
interference_threshold,86400012,row_permutation,0.06555899977684021,0.06555899232625961,0.06555899977684021,7.450580596923828e-09,1.1364695346611843e-07
interference_threshold,86400012,covariate_permutation,0.06555899977684021,0.06555899977684021,0.06555899977684021,0.0,0.0
interference_threshold,86400012,outcome_translation,0.06555899232625961,0.06555899232625961,0.06555899232625961,0.0,0.0
interference_threshold,86400012,positive_outcome_scaling,0.06555899977684021,0.16389748454093933,0.16389749944210052,1.4901161193847656e-08,9.091756277289474e-08
interference_threshold,86400012,negative_outcome_scaling,0.06555899977684021,-0.08703155815601349,-0.09833849966526031,0.011306941509246826,0.11497980493636907
interference_threshold,86400012,irrelevant_feature_insertion,0.06555899977684021,0.07150402665138245,0.06555899977684021,0.005945026874542236,0.09068208628531295
interference_threshold,86400012,near_duplicate_feature,0.06555899977684021,0.06564746052026749,0.06555899977684021,8.846074342727661e-05,0.001349330278503224
interference_threshold,86400012,near_constant_feature,0.06555899977684021,0.06570224463939667,0.06555899977684021,0.00014324486255645752,0.002184976327339593
interference_threshold,86400013,row_permutation,-0.6857762336730957,-0.6857762932777405,-0.6857762336730957,5.960464477539063e-08,8.691558827599106e-08
interference_threshold,86400013,covariate_permutation,-0.6857762336730957,-0.6857762932777405,-0.6857762336730957,5.960464477539063e-08,8.691558827599106e-08
interference_threshold,86400013,outcome_translation,-0.6857762336730957,-0.6857762336730957,-0.6857762336730957,0.0,0.0
interference_threshold,86400013,positive_outcome_scaling,-0.6857762336730957,-1.7144408226013184,-1.7144405841827393,2.384185791015625e-07,1.3906494124158571e-07
interference_threshold,86400013,negative_outcome_scaling,-0.6857762336730957,1.1420143842697144,1.0286643505096436,0.1133500337600708,0.11019146692885044
interference_threshold,86400013,irrelevant_feature_insertion,-0.6857762336730957,-0.6844605803489685,-0.6857762336730957,0.0013156533241271973,0.0019184877800159507
interference_threshold,86400013,near_duplicate_feature,-0.6857762336730957,-0.6858627200126648,-0.6857762336730957,8.64863395690918e-05,0.00012611451858846303
interference_threshold,86400013,near_constant_feature,-0.6857762336730957,-0.6859943866729736,-0.6857762336730957,0.0002181529998779297,0.0003181110530901273
interference_threshold,86400014,row_permutation,-0.6138087511062622,-0.6138087511062622,-0.6138087511062622,0.0,0.0
interference_threshold,86400014,covariate_permutation,-0.6138087511062622,-0.6138087511062622,-0.6138087511062622,0.0,0.0
interference_threshold,86400014,outcome_translation,-0.6138087511062622,-0.6138087511062622,-0.6138087511062622,0.0,0.0
interference_threshold,86400014,positive_outcome_scaling,-0.6138087511062622,-1.5344375371932983,-1.5345218777656555,8.434057235717773e-05,5.496211789432552e-05
interference_threshold,86400014,negative_outcome_scaling,-0.6138087511062622,1.044403076171875,0.9207131266593933,0.12368994951248169,0.13434146416622048
interference_threshold,86400014,irrelevant_feature_insertion,-0.6138087511062622,-0.6199374794960022,-0.6138087511062622,0.00612872838973999,0.009984752382064015
interference_threshold,86400014,near_duplicate_feature,-0.6138087511062622,-0.6137973666191101,-0.6138087511062622,1.138448715209961e-05,1.854728713395084e-05
interference_threshold,86400014,near_constant_feature,-0.6138087511062622,-0.6139042973518372,-0.6138087511062622,9.554624557495117e-05,0.00015566126322368165
interference_threshold,86400015,row_permutation,-0.4357435405254364,-0.4357435405254364,-0.4357435405254364,0.0,0.0
interference_threshold,86400015,covariate_permutation,-0.4357435405254364,-0.4357435405254364,-0.4357435405254364,0.0,0.0
interference_threshold,86400015,outcome_translation,-0.4357435405254364,-0.4357435703277588,-0.4357435405254364,2.9802322387695312e-08,6.83941805580377e-08
interference_threshold,86400015,positive_outcome_scaling,-0.4357435405254364,-1.0893588066101074,-1.089358851313591,4.470348358154297e-08,4.1036508334822616e-08
interference_threshold,86400015,negative_outcome_scaling,-0.4357435405254364,0.6990223526954651,0.6536153107881546,0.045407041907310486,0.06947059096972028
interference_threshold,86400015,irrelevant_feature_insertion,-0.4357435405254364,-0.4220843017101288,-0.4357435405254364,0.013659238815307617,0.0313469679868043
interference_threshold,86400015,near_duplicate_feature,-0.4357435405254364,-0.4358746111392975,-0.4357435405254364,0.00013107061386108398,0.00030079760609424977
interference_threshold,86400015,near_constant_feature,-0.4357435405254364,-0.43595048785209656,-0.4357435405254364,0.00020694732666015625,0.00047492918979501376
interference_threshold,86400016,row_permutation,-0.5855492353439331,-0.5855492353439331,-0.5855492353439331,0.0,0.0
interference_threshold,86400016,covariate_permutation,-0.5855492353439331,-0.5855492353439331,-0.5855492353439331,0.0,0.0
interference_threshold,86400016,outcome_translation,-0.5855492353439331,-0.5855491757392883,-0.5855492353439331,5.960464477539063e-08,1.0179271217113065e-07
interference_threshold,86400016,positive_outcome_scaling,-0.5855492353439331,-1.4638731479644775,-1.4638730883598328,5.960464477539063e-08,4.071708486845226e-08
interference_threshold,86400016,negative_outcome_scaling,-0.5855492353439331,0.9599500298500061,0.8783238530158997,0.08162617683410645,0.09293403173991772
interference_threshold,86400016,irrelevant_feature_insertion,-0.5855492353439331,-0.5836900472640991,-0.5855492353439331,0.0018591880798339844,0.0031751182780419074
interference_threshold,86400016,near_duplicate_feature,-0.5855492353439331,-0.5858325958251953,-0.5855492353439331,0.00028336048126220703,0.0004839225536615551
interference_threshold,86400016,near_constant_feature,-0.5855492353439331,-0.5859678387641907,-0.5855492353439331,0.00041860342025756836,0.0007148902175778505
interference_threshold,86400017,row_permutation,0.3389569818973541,0.3389570116996765,0.3389569818973541,2.9802322387695312e-08,8.792361266870233e-08
interference_threshold,86400017,covariate_permutation,0.3389570116996765,0.3389570116996765,0.3389570116996765,0.0,0.0
interference_threshold,86400017,outcome_translation,0.3389569818973541,0.3389569818973541,0.3389569818973541,0.0,0.0
interference_threshold,86400017,positive_outcome_scaling,0.3389569818973541,0.8473924994468689,0.8473924547433853,4.470348358154297e-08,5.27541676012214e-08
interference_threshold,86400017,negative_outcome_scaling,0.3389569818973541,-0.4948866069316864,-0.5084354728460312,0.013548865914344788,0.02664815229846831
interference_threshold,86400017,irrelevant_feature_insertion,0.3389569818973541,0.31780001521110535,0.3389569818973541,0.02115696668624878,0.062417851869638476
interference_threshold,86400017,near_duplicate_feature,0.3389569818973541,0.33898743987083435,0.3389569818973541,3.045797348022461e-05,8.985793214741379e-05
interference_threshold,86400017,near_constant_feature,0.3389569818973541,0.3390524387359619,0.3389569818973541,9.545683860778809e-05,0.0002816193313778536
interference_threshold,86400018,row_permutation,-0.24554325640201569,-0.2455432415008545,-0.24554325640201569,1.4901161193847656e-08,6.068650148326912e-08
interference_threshold,86400018,covariate_permutation,-0.24554325640201569,-0.2455432415008545,-0.24554325640201569,1.4901161193847656e-08,6.068650148326912e-08
interference_threshold,86400018,outcome_translation,-0.24554325640201569,-0.24554325640201569,-0.24554325640201569,0.0,0.0
interference_threshold,86400018,positive_outcome_scaling,-0.24554325640201569,-0.6138305068016052,-0.6138581410050392,2.763420343399048e-05,4.501724680028904e-05
interference_threshold,86400018,negative_outcome_scaling,-0.24554325640201569,0.3753441572189331,0.36831488460302353,0.007029272615909576,0.019084953961298237
interference_threshold,86400018,irrelevant_feature_insertion,-0.24554325640201569,-0.23860105872154236,-0.24554325640201569,0.006942197680473328,0.02827280937052987
interference_threshold,86400018,near_duplicate_feature,-0.24554325640201569,-0.24556826055049896,-0.24554325640201569,2.5004148483276367e-05,0.00010183194948892559
interference_threshold,86400018,near_constant_feature,-0.24554325640201569,-0.24562273919582367,-0.24554325640201569,7.94827938079834e-05,0.0003237017989117575
interference_threshold,86400019,row_permutation,0.2766539454460144,0.2766539752483368,0.2766539454460144,2.9802322387695312e-08,1.0772419073817571e-07
interference_threshold,86400019,covariate_permutation,0.2766539454460144,0.2766539752483368,0.2766539454460144,2.9802322387695312e-08,1.0772419073817571e-07
interference_threshold,86400019,outcome_translation,0.2766539454460144,0.2766539454460144,0.2766539454460144,0.0,0.0
interference_threshold,86400019,positive_outcome_scaling,0.2766539454460144,0.6916348934173584,0.691634863615036,2.9802322387695312e-08,4.3089676295270286e-08
interference_threshold,86400019,negative_outcome_scaling,0.2766539454460144,-0.39476045966148376,-0.4149809181690216,0.020220458507537842,0.04872623685145459
interference_threshold,86400019,irrelevant_feature_insertion,0.2766539454460144,0.2621839940547943,0.2766539454460144,0.014469951391220093,0.05230343405329719
interference_threshold,86400019,near_duplicate_feature,0.2766539454460144,0.27674734592437744,0.2766539454460144,9.340047836303711e-05,0.0003376076137734427
interference_threshold,86400019,near_constant_feature,0.2766539454460144,0.2768360674381256,0.2766539454460144,0.00018212199211120605,0.0006583025296009918
interference_threshold,86400020,row_permutation,-0.6746681332588196,-0.6746681332588196,-0.6746681332588196,0.0,0.0
interference_threshold,86400020,covariate_permutation,-0.6746681332588196,-0.67466801404953,-0.6746681332588196,1.1920928955078125e-07,1.7669322689804527e-07
interference_threshold,86400020,outcome_translation,-0.6746681332588196,-0.6746681928634644,-0.6746681332588196,5.960464477539063e-08,8.834661344902264e-08
interference_threshold,86400020,positive_outcome_scaling,-0.6746681332588196,-1.6866878271102905,-1.686670333147049,1.749396324157715e-05,1.0371892418915258e-05
interference_threshold,86400020,negative_outcome_scaling,-0.6746681332588196,1.133619785308838,1.0120021998882294,0.12161758542060852,0.12017521842743087
interference_threshold,86400020,irrelevant_feature_insertion,-0.6746681332588196,-0.6649259924888611,-0.6746681332588196,0.009742140769958496,0.014439900581788954
interference_threshold,86400020,near_duplicate_feature,-0.6746681332588196,-0.6747193336486816,-0.6746681332588196,5.120038986206055e-05,7.588974095271045e-05
interference_threshold,86400020,near_constant_feature,-0.6746681332588196,-0.6748238801956177,-0.6746681332588196,0.0001557469367980957,0.00023084970094229613
interference_threshold,86400021,row_permutation,-1.0552748441696167,-1.0552749633789062,-1.0552748441696167,1.1920928955078125e-07,1.1296515804333954e-07
interference_threshold,86400021,covariate_permutation,-1.0552748441696167,-1.0552749633789062,-1.0552748441696167,1.1920928955078125e-07,1.1296515804333954e-07
interference_threshold,86400021,outcome_translation,-1.0552748441696167,-1.0552749633789062,-1.0552748441696167,1.1920928955078125e-07,1.1296515804333954e-07
interference_threshold,86400021,positive_outcome_scaling,-1.0552748441696167,-2.6381874084472656,-2.6381871104240417,2.980232238769531e-07,1.1296515804333954e-07
interference_threshold,86400021,negative_outcome_scaling,-1.0552748441696167,1.727035403251648,1.582912266254425,0.1441231369972229,0.09104935255714144
interference_threshold,86400021,irrelevant_feature_insertion,-1.0552748441696167,-1.0565378665924072,-1.0552748441696167,0.0012630224227905273,0.0011968658494691824
interference_threshold,86400021,near_duplicate_feature,-1.0552748441696167,-1.0555272102355957,-1.0552748441696167,0.0002523660659790039,0.0002391472395777498
interference_threshold,86400021,near_constant_feature,-1.0552748441696167,-1.0557454824447632,-1.0552748441696167,0.0004706382751464844,0.0004459864439551045
interference_threshold,86400022,row_permutation,-0.2896518111228943,-0.2896517813205719,-0.2896518111228943,2.9802322387695312e-08,1.0289016413244763e-07
interference_threshold,86400022,covariate_permutation,-0.2896518111228943,-0.2896518111228943,-0.2896518111228943,0.0,0.0
interference_threshold,86400022,outcome_translation,-0.2896518111228943,-0.2896518111228943,-0.2896518111228943,0.0,0.0
interference_threshold,86400022,positive_outcome_scaling,-0.2896518111228943,-0.7241294980049133,-0.7241295278072357,2.9802322387695312e-08,4.115606565297905e-08
interference_threshold,86400022,negative_outcome_scaling,-0.2896518111228943,0.4645332396030426,0.43447771668434143,0.030055522918701172,0.06917621264461127
interference_threshold,86400022,irrelevant_feature_insertion,-0.2896517813205719,-0.27392229437828064,-0.2896517813205719,0.01572948694229126,0.05430481687555259
interference_threshold,86400022,near_duplicate_feature,-0.2896518111228943,-0.28972846269607544,-0.2896518111228943,7.665157318115234e-05,0.0002646335021486553
interference_threshold,86400022,near_constant_feature,-0.2896518111228943,-0.28977110981941223,-0.2896518111228943,0.00011929869651794434,0.00041186932702218785
interference_threshold,86400023,row_permutation,0.11753248423337936,0.11753249168395996,0.11753248423337936,7.450580596923828e-09,6.339167120920818e-08
interference_threshold,86400023,covariate_permutation,0.11753249168395996,0.11753249168395996,0.11753249168395996,0.0,0.0
interference_threshold,86400023,outcome_translation,0.11753248423337936,0.11753249168395996,0.11753248423337936,7.450580596923828e-09,6.339167120920818e-08
interference_threshold,86400023,positive_outcome_scaling,0.11753248423337936,0.2938311994075775,0.2938312105834484,1.1175870895385742e-08,3.80350027255249e-08
interference_threshold,86400023,negative_outcome_scaling,0.11753248423337936,-0.17435869574546814,-0.17629872635006905,0.0019400306046009064,0.011004223596877655
interference_threshold,86400023,irrelevant_feature_insertion,0.11753248423337936,0.11041806638240814,0.11753248423337936,0.007114417850971222,0.06053150239591991
interference_threshold,86400023,near_duplicate_feature,0.11753248423337936,0.11742539703845978,0.11753248423337936,0.00010708719491958618,0.000911128490289949
interference_threshold,86400023,near_constant_feature,0.11753248423337936,0.117424875497818,0.11753248423337936,0.00010760873556137085,0.0009155659072745937
interference_threshold,86400024,row_permutation,0.756756603717804,0.7567565441131592,0.756756603717804,5.960464477539063e-08,7.876329652435687e-08
interference_threshold,86400024,covariate_permutation,0.756756603717804,0.756756603717804,0.756756603717804,0.0,0.0
interference_threshold,86400024,outcome_translation,0.756756603717804,0.7567565441131592,0.756756603717804,5.960464477539063e-08,7.876329652435687e-08
interference_threshold,86400024,positive_outcome_scaling,0.756756603717804,1.891891360282898,1.8918915092945099,1.4901161193847656e-07,7.876329652435687e-08
interference_threshold,86400024,negative_outcome_scaling,0.756756603717804,-1.0607229471206665,-1.135134905576706,0.07441195845603943,0.06555340523004567
interference_threshold,86400024,irrelevant_feature_insertion,0.756756603717804,0.75328528881073,0.756756603717804,0.0034713149070739746,0.00458709562628202
interference_threshold,86400024,near_duplicate_feature,0.756756603717804,0.7567469477653503,0.756756603717804,9.655952453613281e-06,1.2759654036945815e-05
interference_threshold,86400024,near_constant_feature,0.756756603717804,0.7568399906158447,0.756756603717804,8.338689804077148e-05,0.00011018985183757527
interference_threshold,86400025,row_permutation,-0.3068808913230896,-0.3068808615207672,-0.3068808913230896,2.9802322387695312e-08,9.711364646786985e-08
interference_threshold,86400025,covariate_permutation,-0.3068809509277344,-0.3068808913230896,-0.3068809509277344,5.960464477539063e-08,1.9422725521150572e-07
interference_threshold,86400025,outcome_translation,-0.3068808913230896,-0.3068808615207672,-0.3068808913230896,2.9802322387695312e-08,9.711364646786985e-08
interference_threshold,86400025,positive_outcome_scaling,-0.3068808913230896,-0.7672021985054016,-0.767202228307724,2.9802322387695312e-08,3.884545858714794e-08
interference_threshold,86400025,negative_outcome_scaling,-0.3068808913230896,0.47803810238838196,0.4603213369846344,0.01771676540374756,0.038487821398422266
interference_threshold,86400025,irrelevant_feature_insertion,-0.3068808913230896,-0.3058001697063446,-0.3068808913230896,0.0010807216167449951,0.0035216321618643646
interference_threshold,86400025,near_duplicate_feature,-0.3068808913230896,-0.30700087547302246,-0.3068808913230896,0.00011998414993286133,0.000390979540679644
interference_threshold,86400025,near_constant_feature,-0.3068808913230896,-0.30707311630249023,-0.3068808913230896,0.00019222497940063477,0.0006263830197177605
interference_threshold,86400026,row_permutation,0.5671644806861877,0.5671644806861877,0.5671644806861877,0.0,0.0
interference_threshold,86400026,covariate_permutation,0.5671644806861877,0.5671644806861877,0.5671644806861877,0.0,0.0
interference_threshold,86400026,outcome_translation,0.5671644806861877,0.5671644806861877,0.5671644806861877,0.0,0.0
interference_threshold,86400026,positive_outcome_scaling,0.5671644806861877,1.417911171913147,1.4179112017154694,2.9802322387695312e-08,2.1018468823462833e-08
interference_threshold,86400026,negative_outcome_scaling,0.5671644806861877,-0.7648086547851562,-0.8507467210292816,0.08593806624412537,0.1010148662579065
interference_threshold,86400026,irrelevant_feature_insertion,0.5671644806861877,0.5619403123855591,0.5671644806861877,0.005224168300628662,0.009211028684850235
interference_threshold,86400026,near_duplicate_feature,0.5671644806861877,0.5671533942222595,0.5671644806861877,1.1086463928222656e-05,1.9547176005820433e-05
interference_threshold,86400026,near_constant_feature,0.5671644806861877,0.567199170589447,0.5671644806861877,3.4689903259277344e-05,6.116374427627684e-05
interference_threshold,86400027,row_permutation,-0.6116001605987549,-0.6116001605987549,-0.6116001605987549,0.0,0.0
interference_threshold,86400027,covariate_permutation,-0.6116001605987549,-0.6116001605987549,-0.6116001605987549,0.0,0.0
interference_threshold,86400027,outcome_translation,-0.6116001605987549,-0.6116002202033997,-0.6116001605987549,5.960464477539063e-08,9.745688215162965e-08
interference_threshold,86400027,positive_outcome_scaling,-0.6116001605987549,-1.5290005207061768,-1.5290004014968872,1.1920928955078125e-07,7.796550572130372e-08
interference_threshold,86400027,negative_outcome_scaling,-0.6116001605987549,1.002477765083313,0.9174002408981323,0.08507752418518066,0.09273763009031914
interference_threshold,86400027,irrelevant_feature_insertion,-0.6116001605987549,-0.6125472784042358,-0.6116001605987549,0.000947117805480957,0.0015485898573893951
interference_threshold,86400027,near_duplicate_feature,-0.6116001605987549,-0.6118193864822388,-0.6116001605987549,0.00021922588348388672,0.00035844641255369385
interference_threshold,86400027,near_constant_feature,-0.6116001605987549,-0.6119465231895447,-0.6116001605987549,0.0003463625907897949,0.0005663219421831199
interference_threshold,86400028,row_permutation,-0.32992637157440186,-0.32992637157440186,-0.32992637157440186,0.0,0.0
interference_threshold,86400028,covariate_permutation,-0.32992637157440186,-0.32992634177207947,-0.32992637157440186,2.9802322387695312e-08,9.03302219991668e-08
interference_threshold,86400028,outcome_translation,-0.32992637157440186,-0.32992634177207947,-0.32992637157440186,2.9802322387695312e-08,9.03302219991668e-08
interference_threshold,86400028,positive_outcome_scaling,-0.32992637157440186,-0.8248158097267151,-0.8248159289360046,1.1920928955078125e-07,1.4452835519866687e-07
interference_threshold,86400028,negative_outcome_scaling,-0.32992637157440186,0.5082598328590393,0.4948895573616028,0.013370275497436523,0.0270166854372868
interference_threshold,86400028,irrelevant_feature_insertion,-0.32992637157440186,-0.33097565174102783,-0.32992637157440186,0.0010492801666259766,0.0031803464561466644
interference_threshold,86400028,near_duplicate_feature,-0.32992637157440186,-0.32979893684387207,-0.32992637157440186,0.00012743473052978516,0.0003862520292684372
interference_threshold,86400028,near_constant_feature,-0.32992637157440186,-0.3298095762729645,-0.32992637157440186,0.00011679530143737793,0.00035400414001473466
interference_threshold,86400029,row_permutation,-0.6917404532432556,-0.6917405128479004,-0.6917404532432556,5.960464477539063e-08,8.61661978794671e-08
interference_threshold,86400029,covariate_permutation,-0.6917406320571899,-0.6917405724525452,-0.6917406320571899,5.960464477539063e-08,8.616617560563188e-08
interference_threshold,86400029,outcome_translation,-0.6917404532432556,-0.6917405724525452,-0.6917404532432556,1.1920928955078125e-07,1.723323957589342e-07
interference_threshold,86400029,positive_outcome_scaling,-0.6917404532432556,-1.7293423414230347,-1.729351133108139,8.791685104370117e-06,5.083805674888559e-06
interference_threshold,86400029,negative_outcome_scaling,-0.6917404532432556,1.142511248588562,1.0376106798648834,0.10490056872367859,0.1010981968085936
interference_threshold,86400029,irrelevant_feature_insertion,-0.6917404532432556,-0.6917861700057983,-0.6917404532432556,4.571676254272461e-05,6.608947377355127e-05
interference_threshold,86400029,near_duplicate_feature,-0.6917404532432556,-0.691932201385498,-0.6917404532432556,0.00019174814224243164,0.00027719665857824566
interference_threshold,86400029,near_constant_feature,-0.6917404532432556,-0.692058265209198,-0.6917404532432556,0.0003178119659423828,0.0004594381670933186
interference_threshold,86400030,row_permutation,-0.8273906707763672,-0.8273905515670776,-0.8273906707763672,1.1920928955078125e-07,1.4407860006316405e-07
interference_threshold,86400030,covariate_permutation,-0.8273906707763672,-0.8273906707763672,-0.8273906707763672,0.0,0.0
interference_threshold,86400030,outcome_translation,-0.8273906707763672,-0.8273906707763672,-0.8273906707763672,0.0,0.0
interference_threshold,86400030,positive_outcome_scaling,-0.8273906707763672,-2.0684595108032227,-2.068476676940918,1.71661376953125e-05,8.29892736363825e-06
interference_threshold,86400030,negative_outcome_scaling,-0.8273906707763672,1.3634427785873413,1.2410860061645508,0.12235677242279053,0.09858847156042119
interference_threshold,86400030,irrelevant_feature_insertion,-0.8273906707763672,-0.8212572336196899,-0.8273906707763672,0.006133437156677246,0.007412988051849854
interference_threshold,86400030,near_duplicate_feature,-0.8273906707763672,-0.8275810480117798,-0.8273906707763672,0.00019037723541259766,0.000230093524300873
interference_threshold,86400030,near_constant_feature,-0.8273906707763672,-0.8277338743209839,-0.8273906707763672,0.0003432035446166992,0.0004148022895818493
interference_threshold,86400031,row_permutation,0.42668789625167847,0.42668789625167847,0.42668789625167847,0.0,0.0
interference_threshold,86400031,covariate_permutation,0.42668795585632324,0.42668798565864563,0.42668795585632324,2.9802322387695312e-08,6.984570803711769e-08
interference_threshold,86400031,outcome_translation,0.42668789625167847,0.42668789625167847,0.42668789625167847,0.0,0.0
interference_threshold,86400031,positive_outcome_scaling,0.42668789625167847,1.066719651222229,1.0667197406291962,8.940696716308594e-08,8.38148613527579e-08
interference_threshold,86400031,negative_outcome_scaling,0.42668789625167847,-0.6084107160568237,-0.6400318443775177,0.03162112832069397,0.04940555473680853
interference_threshold,86400031,irrelevant_feature_insertion,0.42668789625167847,0.44352683424949646,0.42668789625167847,0.016838937997817993,0.03946429731366385
interference_threshold,86400031,near_duplicate_feature,0.42668789625167847,0.42674729228019714,0.42668789625167847,5.939602851867676e-05,0.00013920251556337208
interference_threshold,86400031,near_constant_feature,0.42668789625167847,0.4268023669719696,0.42668789625167847,0.0001144707202911377,0.00026827740204661923
interference_threshold,86400032,row_permutation,-0.2647413909435272,-0.2647413909435272,-0.2647413909435272,0.0,0.0
interference_threshold,86400032,covariate_permutation,-0.2647413909435272,-0.26474136114120483,-0.2647413909435272,2.9802322387695312e-08,1.1257145050677979e-07
interference_threshold,86400032,outcome_translation,-0.2647413909435272,-0.2647413909435272,-0.2647413909435272,0.0,0.0
interference_threshold,86400032,positive_outcome_scaling,-0.2647413909435272,-0.6618355512619019,-0.661853477358818,1.792609691619873e-05,2.7084690991931215e-05
interference_threshold,86400032,negative_outcome_scaling,-0.2647413909435272,0.41471561789512634,0.39711208641529083,0.01760353147983551,0.044328873590178605
interference_threshold,86400032,irrelevant_feature_insertion,-0.2647413909435272,-0.25186216831207275,-0.2647413909435272,0.012879222631454468,0.04864831519375742
interference_threshold,86400032,near_duplicate_feature,-0.2647413909435272,-0.26474079489707947,-0.2647413909435272,5.960464477539062e-07,2.2514290101355957e-06
interference_threshold,86400032,near_constant_feature,-0.2647413909435272,-0.2647934556007385,-0.2647413909435272,5.206465721130371e-05,0.00019666232403534427
interference_threshold,86400033,row_permutation,-0.4236210882663727,-0.42362111806869507,-0.4236210882663727,2.9802322387695312e-08,7.035136638182571e-08
interference_threshold,86400033,covariate_permutation,-0.42362111806869507,-0.4236210882663727,-0.42362111806869507,2.9802322387695312e-08,7.035136143251131e-08
interference_threshold,86400033,outcome_translation,-0.4236210882663727,-0.42362117767333984,-0.4236210882663727,8.940696716308594e-08,2.1105409914547713e-07
interference_threshold,86400033,positive_outcome_scaling,-0.4236210882663727,-1.0590527057647705,-1.0590527206659317,1.4901161193847656e-08,1.4070273276365141e-08
interference_threshold,86400033,negative_outcome_scaling,-0.4236210882663727,0.6947619915008545,0.635431632399559,0.05933035910129547,0.09337016930877086
interference_threshold,86400033,irrelevant_feature_insertion,-0.4236210882663727,-0.43136847019195557,-0.4236210882663727,0.007747381925582886,0.01828847085325303
interference_threshold,86400033,near_duplicate_feature,-0.4236210882663727,-0.4236000180244446,-0.4236210882663727,2.1070241928100586e-05,4.9738416031950776e-05
interference_threshold,86400033,near_constant_feature,-0.4236210882663727,-0.42368990182876587,-0.4236210882663727,6.881356239318848e-05,0.00016244130497563555
interference_threshold,86400034,row_permutation,0.1030697301030159,0.1030697226524353,0.1030697301030159,7.450580596923828e-09,7.228679641905668e-08
interference_threshold,86400034,covariate_permutation,0.1030697301030159,0.1030697301030159,0.1030697301030159,0.0,0.0
interference_threshold,86400034,outcome_translation,0.1030697375535965,0.10306970030069351,0.1030697375535965,3.725290298461914e-08,3.614339559683806e-07
interference_threshold,86400034,positive_outcome_scaling,0.1030697301030159,0.25767433643341064,0.25767432525753975,1.1175870895385742e-08,4.3372077851434006e-08
interference_threshold,86400034,negative_outcome_scaling,0.1030697301030159,-0.1480485498905182,-0.15460459515452385,0.006556045264005661,0.042405241949329125
interference_threshold,86400034,irrelevant_feature_insertion,0.1030697301030159,0.08670762926340103,0.1030697301030159,0.016362100839614868,0.15874787702714765
interference_threshold,86400034,near_duplicate_feature,0.1030697301030159,0.10327710211277008,0.1030697301030159,0.0002073720097541809,0.0020119584047316045
interference_threshold,86400034,near_constant_feature,0.1030697301030159,0.10332253575325012,0.1030697301030159,0.0002528056502342224,0.002452763289295012
interference_threshold,86400035,row_permutation,0.18007096648216248,0.18007096648216248,0.18007096648216248,0.0,0.0
interference_threshold,86400035,covariate_permutation,0.18007098138332367,0.18007098138332367,0.18007098138332367,0.0,0.0
interference_threshold,86400035,outcome_translation,0.18007096648216248,0.18007096648216248,0.18007096648216248,0.0,0.0
interference_threshold,86400035,positive_outcome_scaling,0.18007096648216248,0.4501475393772125,0.4501774162054062,2.987682819366455e-05,6.636678588966001e-05
interference_threshold,86400035,negative_outcome_scaling,0.18007096648216248,-0.23736543953418732,-0.2701064497232437,0.032741010189056396,0.12121521060531308
interference_threshold,86400035,irrelevant_feature_insertion,0.18007096648216248,0.18250887095928192,0.18007096648216248,0.002437904477119446,0.01353857606668058
interference_threshold,86400035,near_duplicate_feature,0.18007096648216248,0.1801626831293106,0.18007096648216248,9.171664714813232e-05,0.0005093361186419668
interference_threshold,86400035,near_constant_feature,0.18007096648216248,0.18023787438869476,0.18007096648216248,0.0001669079065322876,0.0009269007091646904
interference_threshold,86400036,row_permutation,0.7119515538215637,0.711951494216919,0.7119515538215637,5.960464477539063e-08,8.37200852437908e-08
interference_threshold,86400036,covariate_permutation,0.7119515538215637,0.7119514346122742,0.7119515538215637,1.1920928955078125e-07,1.674401704875816e-07
interference_threshold,86400036,outcome_translation,0.7119515538215637,0.7119515538215637,0.7119515538215637,0.0,0.0
interference_threshold,86400036,positive_outcome_scaling,0.7119515538215637,1.7798787355422974,1.7798788845539093,1.4901161193847656e-07,8.37200852437908e-08
interference_threshold,86400036,negative_outcome_scaling,0.7119515538215637,-0.9265970587730408,-1.0679273307323456,0.1413302719593048,0.13234072009598788
interference_threshold,86400036,irrelevant_feature_insertion,0.7119515538215637,0.711362361907959,0.7119515538215637,0.0005891919136047363,0.000827573042634872
interference_threshold,86400036,near_duplicate_feature,0.7119515538215637,0.7120407223701477,0.7119515538215637,8.916854858398438e-05,0.00012524524752471103
interference_threshold,86400036,near_constant_feature,0.7119515538215637,0.7121081948280334,0.7119515538215637,0.00015664100646972656,0.0002200163840206822
interference_threshold,86400037,row_permutation,0.1655886322259903,0.1655886322259903,0.1655886322259903,0.0,0.0
interference_threshold,86400037,covariate_permutation,0.1655886322259903,0.1655886322259903,0.1655886322259903,0.0,0.0
interference_threshold,86400037,outcome_translation,0.1655886322259903,0.16558866202831268,0.1655886322259903,2.9802322387695312e-08,1.7997806967221044e-07
interference_threshold,86400037,positive_outcome_scaling,0.1655886322259903,0.41397157311439514,0.41397158056497574,7.450580596923828e-09,1.7997806967221044e-08
interference_threshold,86400037,negative_outcome_scaling,0.1655886322259903,-0.23590776324272156,-0.24838294833898544,0.012475185096263885,0.05022561000942035
interference_threshold,86400037,irrelevant_feature_insertion,0.1655886322259903,0.16369357705116272,0.1655886322259903,0.0018950551748275757,0.011444355505281681
interference_threshold,86400037,near_duplicate_feature,0.1655886322259903,0.16549238562583923,0.1655886322259903,9.624660015106201e-05,0.0005812391760064036
interference_threshold,86400037,near_constant_feature,0.1655886322259903,0.16548976302146912,0.1655886322259903,9.88692045211792e-05,0.0005970772461375581
interference_threshold,86400038,row_permutation,-0.21397864818572998,-0.21397864818572998,-0.21397864818572998,0.0,0.0
interference_threshold,86400038,covariate_permutation,-0.21397864818572998,-0.21397864818572998,-0.21397864818572998,0.0,0.0
interference_threshold,86400038,outcome_translation,-0.21397864818572998,-0.21397864818572998,-0.21397864818572998,0.0,0.0
interference_threshold,86400038,positive_outcome_scaling,-0.21397864818572998,-0.5349466800689697,-0.534946620464325,5.960464477539063e-08,1.1142166806036603e-07
interference_threshold,86400038,negative_outcome_scaling,-0.21397864818572998,0.33497354388237,0.32096797227859497,0.014005571603775024,0.043635417902750794
interference_threshold,86400038,irrelevant_feature_insertion,-0.21397864818572998,-0.20364080369472504,-0.21397864818572998,0.010337844491004944,0.04831250490951725
interference_threshold,86400038,near_duplicate_feature,-0.21397864818572998,-0.21395432949066162,-0.21397864818572998,2.4318695068359375e-05,0.00011365010142157335
interference_threshold,86400038,near_constant_feature,-0.21397864818572998,-0.21395713090896606,-0.21397864818572998,2.1517276763916016e-05,0.00010055805542448035
interference_threshold,86400039,row_permutation,-0.2452675998210907,-0.2452675998210907,-0.2452675998210907,0.0,0.0
interference_threshold,86400039,covariate_permutation,-0.2452675998210907,-0.2452676147222519,-0.2452675998210907,1.4901161193847656e-08,6.075470712282111e-08
interference_threshold,86400039,outcome_translation,-0.2452675998210907,-0.2452675998210907,-0.2452675998210907,0.0,0.0
interference_threshold,86400039,positive_outcome_scaling,-0.2452675998210907,-0.6131444573402405,-0.6131689995527267,2.454221248626709e-05,4.0025201052514545e-05
interference_threshold,86400039,negative_outcome_scaling,-0.2452675998210907,0.40341371297836304,0.36790139973163605,0.03551231324672699,0.09652671414849544
interference_threshold,86400039,irrelevant_feature_insertion,-0.2452675998210907,-0.24095574021339417,-0.2452675998210907,0.004311859607696533,0.017580225071888007
interference_threshold,86400039,near_duplicate_feature,-0.2452675998210907,-0.24553459882736206,-0.2452675998210907,0.0002669990062713623,0.0010886028422267087
interference_threshold,86400039,near_constant_feature,-0.2452675998210907,-0.24558858573436737,-0.2452675998210907,0.00032098591327667236,0.0013087171461326895
interference_threshold,86400040,row_permutation,-0.7077551484107971,-0.7077550888061523,-0.7077551484107971,5.960464477539063e-08,8.421647643147166e-08
interference_threshold,86400040,covariate_permutation,-0.7077551484107971,-0.7077549695968628,-0.7077551484107971,1.7881393432617188e-07,2.52649429294415e-07
interference_threshold,86400040,outcome_translation,-0.7077551484107971,-0.7077549695968628,-0.7077551484107971,1.7881393432617188e-07,2.52649429294415e-07
interference_threshold,86400040,positive_outcome_scaling,-0.7077551484107971,-1.7693877220153809,-1.7693878710269928,1.4901161193847656e-07,8.421647643147166e-08
interference_threshold,86400040,negative_outcome_scaling,-0.7077551484107971,1.1434919834136963,1.0616327226161957,0.08185926079750061,0.07710694956328563
interference_threshold,86400040,irrelevant_feature_insertion,-0.7077551484107971,-0.6915155053138733,-0.7077551484107971,0.016239643096923828,0.022945284302613042
interference_threshold,86400040,near_duplicate_feature,-0.7077551484107971,-0.7081013321876526,-0.7077551484107971,0.00034618377685546875,0.0004891292951139874
interference_threshold,86400040,near_constant_feature,-0.7077551484107971,-0.7082380652427673,-0.7077551484107971,0.00048291683197021484,0.0006823218920477835
interference_threshold,86400041,row_permutation,0.9073704481124878,0.9073705077171326,0.9073704481124878,5.960464477539063e-08,6.568942695828393e-08
interference_threshold,86400041,covariate_permutation,0.907370388507843,0.9073704481124878,0.907370388507843,5.960464477539063e-08,6.568943127338502e-08
interference_threshold,86400041,outcome_translation,0.9073704481124878,0.9073704481124878,0.9073704481124878,0.0,0.0
interference_threshold,86400041,positive_outcome_scaling,0.9073704481124878,2.2684261798858643,2.2684261202812195,5.960464477539063e-08,2.6275770783313573e-08
interference_threshold,86400041,negative_outcome_scaling,0.9073704481124878,-1.2659716606140137,-1.3610556721687317,0.09508401155471802,0.06986048660537843
interference_threshold,86400041,irrelevant_feature_insertion,0.9073704481124878,0.9471383690834045,0.9073704481124878,0.03976792097091675,0.04382765721943225
interference_threshold,86400041,near_duplicate_feature,0.9073704481124878,0.9075143337249756,0.9073704481124878,0.00014388561248779297,0.0001585742766772974
interference_threshold,86400041,near_constant_feature,0.9073704481124878,0.9076379537582397,0.9073704481124878,0.0002675056457519531,0.00029481414818877826
interference_threshold,86400042,row_permutation,0.46428394317626953,0.46428391337394714,0.46428394317626953,2.9802322387695312e-08,6.418986231531293e-08
interference_threshold,86400042,covariate_permutation,0.46428394317626953,0.46428391337394714,0.46428394317626953,2.9802322387695312e-08,6.418986231531293e-08
interference_threshold,86400042,outcome_translation,0.46428394317626953,0.46428394317626953,0.46428394317626953,0.0,0.0
interference_threshold,86400042,positive_outcome_scaling,0.46428394317626953,1.1607097387313843,1.1607098579406738,1.1920928955078125e-07,1.0270377970450069e-07
interference_threshold,86400042,negative_outcome_scaling,0.46428394317626953,-0.636582612991333,-0.6964259147644043,0.05984330177307129,0.08592917136536458
interference_threshold,86400042,irrelevant_feature_insertion,0.46428394317626953,0.463895708322525,0.46428394317626953,0.00038823485374450684,0.0008362013363815815
interference_threshold,86400042,near_duplicate_feature,0.46428394317626953,0.46446317434310913,0.46428394317626953,0.0001792311668395996,0.00038603783196429194
interference_threshold,86400042,near_constant_feature,0.46428394317626953,0.46454912424087524,0.46428394317626953,0.0002651810646057129,0.0005711613948816544
interference_threshold,86400043,row_permutation,-0.695776104927063,-0.695776104927063,-0.695776104927063,0.0,0.0
interference_threshold,86400043,covariate_permutation,-0.695776104927063,-0.695776104927063,-0.695776104927063,0.0,0.0
interference_threshold,86400043,outcome_translation,-0.695776104927063,-0.6957761645317078,-0.695776104927063,5.960464477539063e-08,8.566641532140411e-08
interference_threshold,86400043,positive_outcome_scaling,-0.695776104927063,-1.7394264936447144,-1.7394402623176575,1.3768672943115234e-05,7.91557677569774e-06
interference_threshold,86400043,negative_outcome_scaling,-0.695776104927063,1.1724767684936523,1.0436641573905945,0.12881261110305786,0.1234234309867646
interference_threshold,86400043,irrelevant_feature_insertion,-0.6957761645317078,-0.697916567325592,-0.6957761645317078,0.0021404027938842773,0.0030762807106576805
interference_threshold,86400043,near_duplicate_feature,-0.695776104927063,-0.6960068345069885,-0.695776104927063,0.0002307295799255371,0.0003316146937091553
interference_threshold,86400043,near_constant_feature,-0.695776104927063,-0.6962224841117859,-0.695776104927063,0.0004463791847229004,0.0006415557843419954
interference_threshold,86400044,row_permutation,-0.45296671986579895,-0.45296671986579895,-0.45296671986579895,0.0,0.0
interference_threshold,86400044,covariate_permutation,-0.45296671986579895,-0.45296674966812134,-0.45296671986579895,2.9802322387695312e-08,6.579362474250842e-08
interference_threshold,86400044,outcome_translation,-0.45296671986579895,-0.45296669006347656,-0.45296671986579895,2.9802322387695312e-08,6.579362474250842e-08
interference_threshold,86400044,positive_outcome_scaling,-0.45296671986579895,-1.1323578357696533,-1.1324167996644974,5.8963894844055176e-05,5.206907462122117e-05
interference_threshold,86400044,negative_outcome_scaling,-0.45296671986579895,0.7255730628967285,0.6794500797986984,0.04612298309803009,0.0678828135713738
interference_threshold,86400044,irrelevant_feature_insertion,-0.45296671986579895,-0.45282116532325745,-0.45296671986579895,0.0001455545425415039,0.0003213360632424112
interference_threshold,86400044,near_duplicate_feature,-0.45296671986579895,-0.45314133167266846,-0.45296671986579895,0.00017461180686950684,0.0003854848473663569
interference_threshold,86400044,near_constant_feature,-0.45296671986579895,-0.45323678851127625,-0.45296671986579895,0.0002700686454772949,0.0005962218274166113
interference_threshold,86400045,row_permutation,-0.7222212553024292,-0.7222213745117188,-0.7222212553024292,1.1920928955078125e-07,1.650592372843728e-07
interference_threshold,86400045,covariate_permutation,-0.7222212553024292,-0.7222212553024292,-0.7222212553024292,0.0,0.0
interference_threshold,86400045,outcome_translation,-0.7222212553024292,-0.722221314907074,-0.7222212553024292,5.960464477539063e-08,8.25296186421864e-08
interference_threshold,86400045,positive_outcome_scaling,-0.7222212553024292,-1.805574655532837,-1.805553138256073,2.1517276763916016e-05,1.1917276931931716e-05
interference_threshold,86400045,negative_outcome_scaling,-0.7222212553024292,1.2035725116729736,1.0833318829536438,0.12024062871932983,0.1109914981838257
interference_threshold,86400045,irrelevant_feature_insertion,-0.7222212553024292,-0.778289794921875,-0.7222212553024292,0.0560685396194458,0.07763346648662005
interference_threshold,86400045,near_duplicate_feature,-0.7222212553024292,-0.7223860025405884,-0.7222212553024292,0.0001647472381591797,0.00022811186592700322
interference_threshold,86400045,near_constant_feature,-0.7222212553024292,-0.7224923372268677,-0.7222212553024292,0.00027108192443847656,0.0003753447055846638
interference_threshold,86400046,row_permutation,0.10531807690858841,0.10531807690858841,0.10531807690858841,0.0,0.0
interference_threshold,86400046,covariate_permutation,0.10531807690858841,0.10531807690858841,0.10531807690858841,0.0,0.0
interference_threshold,86400046,outcome_translation,0.10531807690858841,0.10531806200742722,0.10531807690858841,1.4901161193847656e-08,1.4148721312848532e-07
interference_threshold,86400046,positive_outcome_scaling,0.10531807690858841,0.2632952034473419,0.263295192271471,1.1175870895385742e-08,4.24461639385456e-08
interference_threshold,86400046,negative_outcome_scaling,0.10531807690858841,-0.14702041447162628,-0.15797711536288261,0.010956700891256332,0.0693562536959113
interference_threshold,86400046,irrelevant_feature_insertion,0.10531807690858841,0.10550790280103683,0.10531807690858841,0.0001898258924484253,0.0018024056080437744
interference_threshold,86400046,near_duplicate_feature,0.10531807690858841,0.10529088228940964,0.10531807690858841,2.7194619178771973e-05,0.0002582141639594857
interference_threshold,86400046,near_constant_feature,0.10531807690858841,0.105310820043087,0.10531807690858841,7.256865501403809e-06,6.890427279357235e-05
interference_threshold,86400047,row_permutation,0.8503519892692566,0.8503519296646118,0.8503519892692566,5.960464477539063e-08,7.009408518772493e-08
interference_threshold,86400047,covariate_permutation,0.8503519892692566,0.8503519296646118,0.8503519892692566,5.960464477539063e-08,7.009408518772493e-08
interference_threshold,86400047,outcome_translation,0.8503519892692566,0.8503519892692566,0.8503519892692566,0.0,0.0
interference_threshold,86400047,positive_outcome_scaling,0.8503519892692566,2.125880002975464,2.1258799731731415,2.9802322387695312e-08,1.4018817037544986e-08
interference_threshold,86400047,negative_outcome_scaling,0.8503519892692566,-1.133737564086914,-1.2755279839038849,0.14179041981697083,0.11116213960512777
interference_threshold,86400047,irrelevant_feature_insertion,0.8503519892692566,0.826021671295166,0.8503519892692566,0.024330317974090576,0.028612055103203377
interference_threshold,86400047,near_duplicate_feature,0.8503519892692566,0.8502169251441956,0.8503519892692566,0.00013506412506103516,0.0001588331970353847
interference_threshold,86400047,near_constant_feature,0.8503519892692566,0.8502798080444336,0.8503519892692566,7.218122482299805e-05,8.488393716233488e-05
interference_threshold,86400048,row_permutation,-0.6976675987243652,-0.69766765832901,-0.6976675987243652,5.960464477539063e-08,8.543415931078555e-08
interference_threshold,86400048,covariate_permutation,-0.6976675987243652,-0.6976675987243652,-0.6976675987243652,0.0,0.0
interference_threshold,86400048,outcome_translation,-0.6976675987243652,-0.69766765832901,-0.6976675987243652,5.960464477539063e-08,8.543415931078555e-08
interference_threshold,86400048,positive_outcome_scaling,-0.6976675987243652,-1.7441366910934448,-1.744168996810913,3.230571746826172e-05,1.852212573857831e-05
interference_threshold,86400048,negative_outcome_scaling,-0.6976675987243652,1.149842381477356,1.0465013980865479,0.1033409833908081,0.09874901608326526
interference_threshold,86400048,irrelevant_feature_insertion,-0.6976675987243652,-0.6848647594451904,-0.6976675987243652,0.012802839279174805,0.018350915683319494
interference_threshold,86400048,near_duplicate_feature,-0.6976675987243652,-0.697851300239563,-0.6976675987243652,0.0001837015151977539,0.0002633080789958411
interference_threshold,86400048,near_constant_feature,-0.6976675987243652,-0.698022186756134,-0.6976675987243652,0.00035458803176879883,0.0005082478137398632
interference_threshold,86400049,row_permutation,0.39693132042884827,0.39693135023117065,0.39693132042884827,2.9802322387695312e-08,7.508181101833085e-08
interference_threshold,86400049,covariate_permutation,0.39693132042884827,0.3969312906265259,0.39693132042884827,2.9802322387695312e-08,7.508181101833085e-08
interference_threshold,86400049,outcome_translation,0.39693132042884827,0.39693132042884827,0.39693132042884827,0.0,0.0
interference_threshold,86400049,positive_outcome_scaling,0.39693132042884827,0.9923285841941833,0.9923283010721207,2.8312206268310547e-07,2.853108818696572e-07
interference_threshold,86400049,negative_outcome_scaling,0.39693132042884827,-0.5622955560684204,-0.5953969806432724,0.03310142457485199,0.05559555330476971
interference_threshold,86400049,irrelevant_feature_insertion,0.39693132042884827,0.3945428729057312,0.39693132042884827,0.0023884475231170654,0.0060172815804420896
interference_threshold,86400049,near_duplicate_feature,0.39693132042884827,0.397068589925766,0.39693132042884827,0.0001372694969177246,0.0003458268215504319
interference_threshold,86400049,near_constant_feature,0.39693132042884827,0.3971359133720398,0.39693132042884827,0.00020459294319152832,0.0005154366326408413
interference_null,86500000,row_permutation,0.06203716620802879,0.06203716993331909,0.06203716620802879,3.725290298461914e-09,6.004933052502631e-08
interference_null,86500000,covariate_permutation,0.06203716620802879,0.06203716993331909,0.06203716620802879,3.725290298461914e-09,6.004933052502631e-08
interference_null,86500000,outcome_translation,0.06203716620802879,0.06203717738389969,0.06203716620802879,1.1175870895385742e-08,1.8014799157507894e-07
interference_null,86500000,positive_outcome_scaling,0.06203716620802879,0.15509292483329773,0.15509291552007198,9.313225746154785e-09,6.004933052502631e-08
interference_null,86500000,negative_outcome_scaling,0.06203716620802879,-0.09016815572977066,-0.09305574931204319,0.0028875935822725296,0.03103079179545997
interference_null,86500000,irrelevant_feature_insertion,0.06203716620802879,0.06152162328362465,0.06203716620802879,0.0005155429244041443,0.00831022685135839
interference_null,86500000,near_duplicate_feature,0.06203716620802879,0.062112849205732346,0.06203716620802879,7.568299770355225e-05,0.0012199621989464344
interference_null,86500000,near_constant_feature,0.06203716620802879,0.0621429905295372,0.06203716620802879,0.00010582432150840759,0.0017058213322244224
interference_null,86500001,row_permutation,0.0035746823996305466,0.0035746849607676268,0.0035746823996305466,2.561137080192566e-09,7.164656307528934e-07
interference_null,86500001,covariate_permutation,0.0035746858920902014,0.0035746879875659943,0.0035746858920902014,2.0954757928848267e-09,5.861985797190012e-07
interference_null,86500001,outcome_translation,0.0035746823996305466,0.003574704984202981,0.0035746823996305466,2.2584572434425354e-08,6.3179241984573326e-06
interference_null,86500001,positive_outcome_scaling,0.0035746823996305466,0.008936728350818157,0.008936705999076366,2.2351741790771484e-08,2.5011163837191914e-06
interference_null,86500001,negative_outcome_scaling,0.0035746823996305466,-0.0017639726866036654,-0.00536202359944582,0.0035980509128421545,0.6710248185431379
interference_null,86500001,irrelevant_feature_insertion,0.0035746823996305466,0.0019052913412451744,0.0035746823996305466,0.0016693910583853722,0.4670040221077846
interference_null,86500001,near_duplicate_feature,0.0035746823996305466,0.0036230876576155424,0.0035746823996305466,4.840525798499584e-05,0.013541135287990525
interference_null,86500001,near_constant_feature,0.0035746823996305466,0.0036452924832701683,0.0035746823996305466,7.061008363962173e-05,0.01975282717337895
interference_null,86500002,row_permutation,0.1840025782585144,0.1840025931596756,0.1840025782585144,1.4901161193847656e-08,8.098343694354256e-08
interference_null,86500002,covariate_permutation,0.1840025782585144,0.1840025782585144,0.1840025782585144,0.0,0.0
interference_null,86500002,outcome_translation,0.1840025782585144,0.1840025782585144,0.1840025782585144,0.0,0.0
interference_null,86500002,positive_outcome_scaling,0.1840025782585144,0.4600253701210022,0.460006445646286,1.8924474716186523e-05,4.113958596731962e-05
interference_null,86500002,negative_outcome_scaling,0.1840025782585144,-0.2411065548658371,-0.2760038673877716,0.03489731252193451,0.12643776644225616
interference_null,86500002,irrelevant_feature_insertion,0.1840025782585144,0.1931622475385666,0.1840025782585144,0.009159669280052185,0.049780113772010894
interference_null,86500002,near_duplicate_feature,0.1840025782585144,0.1839933842420578,0.1840025782585144,9.194016456604004e-06,4.996678059416576e-05
interference_null,86500002,near_constant_feature,0.1840025782585144,0.18400447070598602,0.1840025782585144,1.8924474716186523e-06,1.0284896491829906e-05
interference_null,86500003,row_permutation,0.17604544758796692,0.1760454624891281,0.17604544758796692,1.4901161193847656e-08,8.464383145381706e-08
interference_null,86500003,covariate_permutation,0.17604544758796692,0.17604544758796692,0.17604544758796692,0.0,0.0
interference_null,86500003,outcome_translation,0.17604544758796692,0.1760454624891281,0.17604544758796692,1.4901161193847656e-08,8.464383145381706e-08
interference_null,86500003,positive_outcome_scaling,0.17604544758796692,0.44011369347572327,0.4401136189699173,7.450580596923828e-08,1.6928766290763412e-07
interference_null,86500003,negative_outcome_scaling,0.17604544758796692,-0.24890363216400146,-0.2640681713819504,0.015164539217948914,0.05742660744984218
interference_null,86500003,irrelevant_feature_insertion,0.17604544758796692,0.17899203300476074,0.17604544758796692,0.0029465854167938232,0.016737640519340694
interference_null,86500003,near_duplicate_feature,0.17604544758796692,0.17617051303386688,0.17604544758796692,0.00012506544589996338,0.0007104156773918866
interference_null,86500003,near_constant_feature,0.17604544758796692,0.1761866956949234,0.17604544758796692,0.00014124810695648193,0.0008023388783507319
interference_null,86500004,row_permutation,-0.16590528190135956,-0.16590528190135956,-0.16590528190135956,0.0,0.0
interference_null,86500004,covariate_permutation,-0.16590528190135956,-0.16590528190135956,-0.16590528190135956,0.0,0.0
interference_null,86500004,outcome_translation,-0.16590528190135956,-0.16590526700019836,-0.16590528190135956,1.4901161193847656e-08,8.98172802159926e-08
interference_null,86500004,positive_outcome_scaling,-0.16590528190135956,-0.41477832198143005,-0.4147632047533989,1.5117228031158447e-05,3.64478523116498e-05
interference_null,86500004,negative_outcome_scaling,-0.16590528190135956,0.2508685290813446,0.24885792285203934,0.0020106062293052673,0.008079333807269181
interference_null,86500004,irrelevant_feature_insertion,-0.16590528190135956,-0.17992593348026276,-0.16590528190135956,0.014020651578903198,0.08450997712802959
interference_null,86500004,near_duplicate_feature,-0.16590528190135956,-0.16578467190265656,-0.16590528190135956,0.00012060999870300293,0.0007269810660682441
interference_null,86500004,near_constant_feature,-0.16590528190135956,-0.16578443348407745,-0.16590528190135956,0.00012084841728210449,0.0007284181425516999
interference_null,86500005,row_permutation,0.05208449438214302,0.05208449438214302,0.05208449438214302,0.0,0.0
interference_null,86500005,covariate_permutation,0.05208450183272362,0.05208449438214302,0.05208450183272362,7.450580596923828e-09,1.4304793815351004e-07
interference_null,86500005,outcome_translation,0.05208449438214302,0.05208449065685272,0.05208449438214302,3.725290298461914e-09,7.152397930811279e-08
interference_null,86500005,positive_outcome_scaling,0.05208449438214302,0.1302112191915512,0.13021123595535755,1.6763806343078613e-08,1.2874316275460303e-07
interference_null,86500005,negative_outcome_scaling,0.05208449438214302,-0.07290147989988327,-0.07812674157321453,0.005225261673331261,0.06688185847907835
interference_null,86500005,irrelevant_feature_insertion,0.05208449438214302,0.10337767750024796,0.05208449438214302,0.051293183118104935,0.984807162411288
interference_null,86500005,near_duplicate_feature,0.05208449438214302,0.05197341367602348,0.05208449438214302,0.00011108070611953735,0.002132702015009307
interference_null,86500005,near_constant_feature,0.05208449438214302,0.051938075572252274,0.05208449438214302,0.00014641880989074707,0.002811178482726065
interference_null,86500006,row_permutation,0.00850685965269804,0.00850685965269804,0.00850685965269804,0.0,0.0
interference_null,86500006,covariate_permutation,0.00850685965269804,0.00850685965269804,0.00850685965269804,0.0,0.0
interference_null,86500006,outcome_translation,0.00850685965269804,0.00850687362253666,0.00850685965269804,1.3969838619232178e-08,1.642185152872658e-06
interference_null,86500006,positive_outcome_scaling,0.00850685965269804,0.02127057872712612,0.0212671491317451,3.4295953810214996e-06,0.00016126258201209503
interference_null,86500006,negative_outcome_scaling,0.00850685965269804,-0.010582772083580494,-0.01276028947904706,0.002177517395466566,0.17064796210478944
interference_null,86500006,irrelevant_feature_insertion,0.00850685965269804,0.008686315268278122,0.00850685965269804,0.00017945561558008194,0.021095400994791975
interference_null,86500006,near_duplicate_feature,0.00850685965269804,0.008461209945380688,0.00850685965269804,4.5649707317352295e-05,0.00536622316354708
interference_null,86500006,near_constant_feature,0.00850685965269804,0.008423221297562122,0.00850685965269804,8.363835513591766e-05,0.009831871989258795
interference_null,86500007,row_permutation,-0.07313736528158188,-0.07313736528158188,-0.07313736528158188,0.0,0.0
interference_null,86500007,covariate_permutation,-0.07313738018274307,-0.07313737273216248,-0.07313738018274307,7.450580596923828e-09,1.0187103473364238e-07
interference_null,86500007,outcome_translation,-0.07313736528158188,-0.07313737273216248,-0.07313736528158188,7.450580596923828e-09,1.0187105548906205e-07
interference_null,86500007,positive_outcome_scaling,-0.07313736528158188,-0.18283644318580627,-0.1828434132039547,6.970018148422241e-06,3.812014896400702e-05
interference_null,86500007,negative_outcome_scaling,-0.07313736528158188,0.11378636211156845,0.10970604792237282,0.004080314189195633,0.03719315631607505
interference_null,86500007,irrelevant_feature_insertion,-0.07313736528158188,-0.0650913342833519,-0.07313736528158188,0.00804603099822998,0.11001259024374789
interference_null,86500007,near_duplicate_feature,-0.07313736528158188,-0.07310916483402252,-0.07313736528158188,2.820044755935669e-05,0.0003855819450260999
interference_null,86500007,near_constant_feature,-0.07313736528158188,-0.07309432327747345,-0.07313736528158188,4.3042004108428955e-05,0.0005885090875603115
interference_null,86500008,row_permutation,-0.027047613635659218,-0.027047613635659218,-0.027047613635659218,0.0,0.0
interference_null,86500008,covariate_permutation,-0.027047613635659218,-0.027047613635659218,-0.027047613635659218,0.0,0.0
interference_null,86500008,outcome_translation,-0.027047613635659218,-0.027047598734498024,-0.027047613635659218,1.4901161193847656e-08,5.509233233871014e-07
interference_null,86500008,positive_outcome_scaling,-0.027047613635659218,-0.06762346625328064,-0.06761903408914804,4.432164132595062e-06,6.554610239998038e-05
interference_null,86500008,negative_outcome_scaling,-0.027047613635659218,0.040604040026664734,0.04057142045348883,3.2619573175907135e-05,0.000804003725068051
interference_null,86500008,irrelevant_feature_insertion,-0.027047613635659218,-0.02656049095094204,-0.027047613635659218,0.00048712268471717834,0.01800982117235519
interference_null,86500008,near_duplicate_feature,-0.027047613635659218,-0.026994122192263603,-0.027047613635659218,5.3491443395614624e-05,0.001977677000128847
interference_null,86500008,near_constant_feature,-0.027047613635659218,-0.026991985738277435,-0.027047613635659218,5.562789738178253e-05,0.002056665631619473
interference_null,86500009,row_permutation,-0.16971297562122345,-0.16971297562122345,-0.16971297562122345,0.0,0.0
interference_null,86500009,covariate_permutation,-0.16971299052238464,-0.16971297562122345,-0.16971299052238464,1.4901161193847656e-08,8.780212491678554e-08
interference_null,86500009,outcome_translation,-0.16971297562122345,-0.16971297562122345,-0.16971297562122345,0.0,0.0
interference_null,86500009,positive_outcome_scaling,-0.16971297562122345,-0.42427462339401245,-0.4242824390530586,7.815659046173096e-06,1.8420887424934664e-05
interference_null,86500009,negative_outcome_scaling,-0.16971297562122345,0.2670045793056488,0.2545694634318352,0.01243511587381363,0.048847633593505684
interference_null,86500009,irrelevant_feature_insertion,-0.16971297562122345,-0.1316540539264679,-0.16971297562122345,0.038058921694755554,0.22425463672087131
interference_null,86500009,near_duplicate_feature,-0.16971297562122345,-0.16976837813854218,-0.16971297562122345,5.5402517318725586e-05,0.0003264483291034656
interference_null,86500009,near_constant_feature,-0.16971297562122345,-0.1698163002729416,-0.16971297562122345,0.00010332465171813965,0.0006088199876286795
interference_null,86500010,row_permutation,0.030088460072875023,0.03008846566081047,0.030088460072875023,5.587935447692871e-09,1.857168972476075e-07
interference_null,86500010,covariate_permutation,0.030088460072875023,0.03008846938610077,0.030088460072875023,9.313225746154785e-09,3.095281620793458e-07
interference_null,86500010,outcome_translation,0.030088460072875023,0.030088476836681366,0.030088460072875023,1.6763806343078613e-08,5.571506917428225e-07
interference_null,86500010,positive_outcome_scaling,0.030088460072875023,0.07522784918546677,0.07522115018218756,6.699003279209137e-06,8.905744279346938e-05
interference_null,86500010,negative_outcome_scaling,0.030088460072875023,-0.029648836702108383,-0.045132690109312534,0.015483853407204151,0.3430740195122839
interference_null,86500010,irrelevant_feature_insertion,0.030088460072875023,0.04927770048379898,0.030088460072875023,0.019189240410923958,0.6377608014649844
interference_null,86500010,near_duplicate_feature,0.030088460072875023,0.030004961416125298,0.030088460072875023,8.349865674972534e-05,0.0027751056899385828
interference_null,86500010,near_constant_feature,0.030088460072875023,0.029988300055265427,0.030088460072875023,0.00010016001760959625,0.0033288515718985323
interference_null,86500011,row_permutation,0.007020505145192146,0.0070204949006438255,0.007020505145192146,1.0244548320770264e-08,1.4592323641819478e-06
interference_null,86500011,covariate_permutation,0.007020505145192146,0.007020500022917986,0.007020505145192146,5.122274160385132e-09,7.296161820909739e-07
interference_null,86500011,outcome_translation,0.007020505145192146,0.007020513992756605,0.007020505145192146,8.847564458847046e-09,1.2602461327025912e-06
interference_null,86500011,positive_outcome_scaling,0.007020505145192146,0.017551278695464134,0.017551262862980366,1.5832483768463135e-08,9.020709160397495e-07
interference_null,86500011,negative_outcome_scaling,0.007020505145192146,0.002557625062763691,-0.01053075771778822,0.01308838278055191,1.2428718931063651
interference_null,86500011,irrelevant_feature_insertion,0.007020505145192146,0.01829366199672222,0.007020505145192146,0.011273156851530075,1.6057472529950745
interference_null,86500011,near_duplicate_feature,0.007020505145192146,0.007068096660077572,0.007020505145192146,4.759151488542557e-05,0.006778930276551065
interference_null,86500011,near_constant_feature,0.007020505145192146,0.007114901207387447,0.007020505145192146,9.439606219530106e-05,0.013445764976035425
interference_null,86500012,row_permutation,0.04548151418566704,0.04548151418566704,0.04548151418566704,0.0,0.0
interference_null,86500012,covariate_permutation,0.04548151418566704,0.045481517910957336,0.04548151418566704,3.725290298461914e-09,8.190778968471316e-08
interference_null,86500012,outcome_translation,0.04548151418566704,0.045481521636247635,0.04548151418566704,7.450580596923828e-09,1.6381557936942632e-07
interference_null,86500012,positive_outcome_scaling,0.04548151418566704,0.11372008919715881,0.1137037854641676,1.6303732991218567e-05,0.00014338777662205887
interference_null,86500012,negative_outcome_scaling,0.04548151418566704,-0.06405194103717804,-0.06822227127850056,0.004170330241322517,0.06112857521700172
interference_null,86500012,irrelevant_feature_insertion,0.04548151418566704,0.04667751118540764,0.04548151418566704,0.0011959969997406006,0.026296332062697794
interference_null,86500012,near_duplicate_feature,0.04548151418566704,0.045397862792015076,0.04548151418566704,8.365139365196228e-05,0.0018392394173702342
interference_null,86500012,near_constant_feature,0.04548151418566704,0.04537905007600784,0.04548151418566704,0.00010246410965919495,0.0022528737552780357
interference_null,86500013,row_permutation,-0.04903941601514816,-0.049039408564567566,-0.04903941601514816,7.450580596923828e-09,1.5193045110126028e-07
interference_null,86500013,covariate_permutation,-0.04903941974043846,-0.04903941974043846,-0.04903941974043846,0.0,0.0
interference_null,86500013,outcome_translation,-0.04903941601514816,-0.04903941974043846,-0.04903941601514816,3.725290298461914e-09,7.596522555063014e-08
interference_null,86500013,positive_outcome_scaling,-0.04903941601514816,-0.12258348613977432,-0.12259854003787041,1.5053898096084595e-05,0.00012279019058003855
interference_null,86500013,negative_outcome_scaling,-0.04903941601514816,0.08605962991714478,0.07355912402272224,0.012500505894422531,0.16993821039197196
interference_null,86500013,irrelevant_feature_insertion,-0.04903941974043846,-0.03499894589185715,-0.04903941974043846,0.014040473848581314,0.28630995070692855
interference_null,86500013,near_duplicate_feature,-0.04903941601514816,-0.0490565188229084,-0.04903941601514816,1.7102807760238647e-05,0.00034875635050294295
interference_null,86500013,near_constant_feature,-0.04903941601514816,-0.04907887801527977,-0.04903941601514816,3.9462000131607056e-05,0.0008046996342578251
interference_null,86500014,row_permutation,0.049659792333841324,0.04965978488326073,0.049659792333841324,7.450580596923828e-09,1.5003245577099465e-07
interference_null,86500014,covariate_permutation,0.049659792333841324,0.04965978488326073,0.049659792333841324,7.450580596923828e-09,1.5003245577099465e-07
interference_null,86500014,outcome_translation,0.049659792333841324,0.049659788608551025,0.049659792333841324,3.725290298461914e-09,7.501622788549733e-08
interference_null,86500014,positive_outcome_scaling,0.049659792333841324,0.12414885312318802,0.12414948083460331,6.277114152908325e-07,5.0560937594825205e-06
interference_null,86500014,negative_outcome_scaling,0.049659792333841324,-0.07693140208721161,-0.07448968850076199,0.002441713586449623,0.03277921596389339
interference_null,86500014,irrelevant_feature_insertion,0.049659792333841324,0.033171068876981735,0.049659792333841324,0.01648872345685959,0.3320336771852171
interference_null,86500014,near_duplicate_feature,0.049659792333841324,0.04958130046725273,0.049659792333841324,7.849186658859253e-05,0.0015805919215474288
interference_null,86500014,near_constant_feature,0.049659792333841324,0.0496101975440979,0.049659792333841324,4.959478974342346e-05,0.0009986910418396258
interference_null,86500015,row_permutation,0.21860991418361664,0.21860989928245544,0.21860991418361664,1.4901161193847656e-08,6.816324524665314e-08
interference_null,86500015,covariate_permutation,0.21860989928245544,0.21860989928245544,0.21860989928245544,0.0,0.0
interference_null,86500015,outcome_translation,0.21860991418361664,0.21860988438129425,0.21860991418361664,2.9802322387695312e-08,1.3632649049330627e-07
interference_null,86500015,positive_outcome_scaling,0.21860991418361664,0.546502947807312,0.5465247854590416,2.183765172958374e-05,3.995729436358807e-05
interference_null,86500015,negative_outcome_scaling,0.21860991418361664,-0.3066484034061432,-0.32791487127542496,0.02126646786928177,0.06485362431586539
interference_null,86500015,irrelevant_feature_insertion,0.21860991418361664,0.21519815921783447,0.21860991418361664,0.0034117549657821655,0.015606588468428455
interference_null,86500015,near_duplicate_feature,0.21860991418361664,0.21870069205760956,0.21860991418361664,9.077787399291992e-05,0.0004152504900426109
interference_null,86500015,near_constant_feature,0.21860991418361664,0.21876297891139984,0.21860991418361664,0.00015306472778320312,0.000700172855173621
interference_null,86500016,row_permutation,-0.05240825191140175,-0.05240825563669205,-0.05240825191140175,3.725290298461914e-09,7.108213234739573e-08
interference_null,86500016,covariate_permutation,-0.05240825191140175,-0.05240824818611145,-0.05240825191140175,3.725290298461914e-09,7.108213234739573e-08
interference_null,86500016,outcome_translation,-0.05240825191140175,-0.05240825563669205,-0.05240825191140175,3.725290298461914e-09,7.108213234739573e-08
interference_null,86500016,positive_outcome_scaling,-0.05240825191140175,-0.13102063536643982,-0.13102062977850437,5.587935447692871e-09,4.2649279408437434e-08
interference_null,86500016,negative_outcome_scaling,-0.05240825191140175,0.09564374387264252,0.07861237786710262,0.017031366005539894,0.21664992800920105
interference_null,86500016,irrelevant_feature_insertion,-0.05240825191140175,-0.016116555780172348,-0.05240825191140175,0.0362916961312294,0.6924805695214175
interference_null,86500016,near_duplicate_feature,-0.05240825191140175,-0.052417535334825516,-0.05240825191140175,9.28342342376709e-06,0.00017713667380971014
interference_null,86500016,near_constant_feature,-0.05240825191140175,-0.05241890624165535,-0.05240825191140175,1.0654330253601074e-05,0.00020329489851355178
interference_null,86500017,row_permutation,-0.11167988181114197,-0.11167988181114197,-0.11167988181114197,0.0,0.0
interference_null,86500017,covariate_permutation,-0.11167989671230316,-0.11167990416288376,-0.11167989671230316,7.450580596923828e-09,6.671371317719923e-08
interference_null,86500017,outcome_translation,-0.11167988181114197,-0.11167989671230316,-0.11167988181114197,1.4901161193847656e-08,1.3342744415727895e-07
interference_null,86500017,positive_outcome_scaling,-0.11167988181114197,-0.2791997194290161,-0.2791997045278549,1.4901161193847656e-08,5.3370977662911574e-08
interference_null,86500017,negative_outcome_scaling,-0.11167988181114197,0.19390401244163513,0.16751982271671295,0.02638418972492218,0.15749891145443476
interference_null,86500017,irrelevant_feature_insertion,-0.11167988181114197,-0.1070210412144661,-0.11167988181114197,0.004658840596675873,0.04171602370205118
interference_null,86500017,near_duplicate_feature,-0.11167988181114197,-0.11165597289800644,-0.11167988181114197,2.3908913135528564e-05,0.00021408433415035405
interference_null,86500017,near_constant_feature,-0.11167988181114197,-0.11167443543672562,-0.11167988181114197,5.446374416351318e-06,4.876773083948545e-05
interference_null,86500018,row_permutation,0.0488136000931263,0.0488135926425457,0.0488136000931263,7.450580596923828e-09,1.526332944652649e-07
interference_null,86500018,covariate_permutation,0.0488136000931263,0.048813577741384506,0.0488136000931263,2.2351741790771484e-08,4.578998833957947e-07
interference_null,86500018,outcome_translation,0.0488136000931263,0.0488135889172554,0.0488136000931263,1.1175870895385742e-08,2.2894994169789736e-07
interference_null,86500018,positive_outcome_scaling,0.0488136000931263,0.122038334608078,0.12203400023281574,4.334375262260437e-06,3.551776762206714e-05
interference_null,86500018,negative_outcome_scaling,0.0488136000931263,-0.07361923158168793,-0.07322040013968945,0.00039883144199848175,0.005446998940699497
interference_null,86500018,irrelevant_feature_insertion,0.0488136000931263,0.05141124129295349,0.0488136000931263,0.002597641199827194,0.05321552179866738
interference_null,86500018,near_duplicate_feature,0.0488136000931263,0.04874178394675255,0.0488136000931263,7.181614637374878e-05,0.0014712323253506883
interference_null,86500018,near_constant_feature,0.0488136000931263,0.04873565211892128,0.0488136000931263,7.794797420501709e-05,0.0015968495266956014
interference_null,86500019,row_permutation,0.01293088123202324,0.01293088123202324,0.01293088123202324,0.0,0.0
interference_null,86500019,covariate_permutation,0.012930882163345814,0.012930884025990963,0.012930882163345814,1.862645149230957e-09,1.4404625498102947e-07
interference_null,86500019,outcome_translation,0.01293088123202324,0.012930914759635925,0.01293088123202324,3.3527612686157227e-08,2.592832776402456e-06
interference_null,86500019,positive_outcome_scaling,0.01293088123202324,0.032327234745025635,0.0323272030800581,3.166496753692627e-08,9.795146044187057e-07
interference_null,86500019,negative_outcome_scaling,0.01293088123202324,-0.017847400158643723,-0.01939632184803486,0.0015489216893911362,0.07985646461873211
interference_null,86500019,irrelevant_feature_insertion,0.01293088123202324,0.002788375597447157,0.01293088123202324,0.010142505634576082,0.7843630648666261
interference_null,86500019,near_duplicate_feature,0.01293088123202324,0.012878157198429108,0.01293088123202324,5.272403359413147e-05,0.0040773735871582175
interference_null,86500019,near_constant_feature,0.01293088123202324,0.012875590473413467,0.01293088123202324,5.529075860977173e-05,0.004275869340818361
interference_null,86500020,row_permutation,0.07689732313156128,0.07689733803272247,0.07689732313156128,1.4901161193847656e-08,1.93779972917311e-07
interference_null,86500020,covariate_permutation,0.07689732313156128,0.07689732313156128,0.07689732313156128,0.0,0.0
interference_null,86500020,outcome_translation,0.07689732313156128,0.07689731568098068,0.07689732313156128,7.450580596923828e-09,9.68899864586555e-08
interference_null,86500020,positive_outcome_scaling,0.07689732313156128,0.1922433078289032,0.1922433078289032,0.0,0.0
interference_null,86500020,negative_outcome_scaling,0.07689732313156128,-0.1106773167848587,-0.11534598469734192,0.004668667912483215,0.04047533968983319
interference_null,86500020,irrelevant_feature_insertion,0.07689732313156128,0.0922505334019661,0.07689732313156128,0.015353210270404816,0.199658579065717
interference_null,86500020,near_duplicate_feature,0.07689732313156128,0.07697975635528564,0.07689732313156128,8.243322372436523e-05,0.0010719908101785643
interference_null,86500020,near_constant_feature,0.07689732313156128,0.07700978964567184,0.07689732313156128,0.00011246651411056519,0.0014625543455934046
interference_null,86500021,row_permutation,0.1590675562620163,0.1590675413608551,0.1590675562620163,1.4901161193847656e-08,9.367819273782293e-08
interference_null,86500021,covariate_permutation,0.1590675562620163,0.1590675562620163,0.1590675562620163,0.0,0.0
interference_null,86500021,outcome_translation,0.1590675562620163,0.1590675711631775,0.1590675562620163,1.4901161193847656e-08,9.367819273782293e-08
interference_null,86500021,positive_outcome_scaling,0.1590675562620163,0.39766889810562134,0.39766889065504074,7.450580596923828e-09,1.8735638547564588e-08
interference_null,86500021,negative_outcome_scaling,0.1590675562620163,-0.23394867777824402,-0.23860133439302444,0.004652656614780426,0.019499709113598516
interference_null,86500021,irrelevant_feature_insertion,0.1590675562620163,0.18361596763134003,0.1590675562620163,0.02454841136932373,0.1543269535673733
interference_null,86500021,near_duplicate_feature,0.1590675562620163,0.15906119346618652,0.1590675562620163,6.362795829772949e-06,4.0000588299050395e-05
interference_null,86500021,near_constant_feature,0.1590675562620163,0.15906736254692078,0.1590675562620163,1.9371509552001953e-07,1.217816505591698e-06
interference_null,86500022,row_permutation,0.06441276520490646,0.06441275775432587,0.06441276520490646,7.450580596923828e-09,1.156693176146442e-07
interference_null,86500022,covariate_permutation,0.06441276520490646,0.06441275775432587,0.06441276520490646,7.450580596923828e-09,1.156693176146442e-07
interference_null,86500022,outcome_translation,0.06441276520490646,0.06441273540258408,0.06441276520490646,2.9802322387695312e-08,4.626772704585768e-07
interference_null,86500022,positive_outcome_scaling,0.06441276520490646,0.16103190183639526,0.16103191301226616,1.1175870895385742e-08,6.940159056878653e-08
interference_null,86500022,negative_outcome_scaling,0.06441276520490646,-0.09702540934085846,-0.0966191478073597,0.00040626153349876404,0.004204772477488341
interference_null,86500022,irrelevant_feature_insertion,0.06441276520490646,0.06721317023038864,0.06441276520490646,0.0028004050254821777,0.043475932395910626
interference_null,86500022,near_duplicate_feature,0.06441276520490646,0.06440042704343796,0.06441276520490646,1.233816146850586e-05,0.00019154838996985078
interference_null,86500022,near_constant_feature,0.06441276520490646,0.06441225856542587,0.06441276520490646,5.066394805908203e-07,7.865513597795805e-06
interference_null,86500023,row_permutation,-0.05502898991107941,-0.05502898618578911,-0.05502898991107941,3.725290298461914e-09,6.769686858656792e-08
interference_null,86500023,covariate_permutation,-0.055028993636369705,-0.0550290010869503,-0.055028993636369705,7.450580596923828e-09,1.353937280074044e-07
interference_null,86500023,outcome_translation,-0.05502898991107941,-0.05502898618578911,-0.05502898991107941,3.725290298461914e-09,6.769686858656792e-08
interference_null,86500023,positive_outcome_scaling,-0.05502898991107941,-0.1375724822282791,-0.13757247477769852,7.450580596923828e-09,5.415749486925433e-08
interference_null,86500023,negative_outcome_scaling,-0.05502898991107941,0.10365483909845352,0.08254348486661911,0.02111135423183441,0.25576039424489966
interference_null,86500023,irrelevant_feature_insertion,-0.05502898991107941,-0.0636051595211029,-0.05502898991107941,0.008576169610023499,0.15584821062283014
interference_null,86500023,near_duplicate_feature,-0.05502898991107941,-0.05507159233093262,-0.05502898991107941,4.260241985321045e-05,0.0007741813891559906
interference_null,86500023,near_constant_feature,-0.05502898991107941,-0.05509710684418678,-0.05502898991107941,6.81169331073761e-05,0.0012378372421053942
interference_null,86500024,row_permutation,0.20052847266197205,0.20052848756313324,0.20052847266197205,1.4901161193847656e-08,7.43094533960089e-08
interference_null,86500024,covariate_permutation,0.20052847266197205,0.20052848756313324,0.20052847266197205,1.4901161193847656e-08,7.43094533960089e-08
interference_null,86500024,outcome_translation,0.20052847266197205,0.20052851736545563,0.20052847266197205,4.470348358154297e-08,2.229283601880267e-07
interference_null,86500024,positive_outcome_scaling,0.20052847266197205,0.5013211965560913,0.5013211816549301,1.4901161193847656e-08,2.972378135840356e-08
interference_null,86500024,negative_outcome_scaling,0.20052847266197205,-0.29636022448539734,-0.30079270899295807,0.00443248450756073,0.014736010465148941
interference_null,86500024,irrelevant_feature_insertion,0.20052847266197205,0.21521125733852386,0.20052847266197205,0.014682784676551819,0.07322044835649039
interference_null,86500024,near_duplicate_feature,0.20052847266197205,0.20062649250030518,0.20052847266197205,9.801983833312988e-05,0.0004888075844389465
interference_null,86500024,near_constant_feature,0.20052847266197205,0.2006678283214569,0.20052847266197205,0.00013935565948486328,0.0006949420081594752
interference_null,86500025,row_permutation,0.09850551933050156,0.09850551933050156,0.09850551933050156,0.0,0.0
interference_null,86500025,covariate_permutation,0.09850551933050156,0.09850551933050156,0.09850551933050156,0.0,0.0
interference_null,86500025,outcome_translation,0.09850551933050156,0.09850550442934036,0.09850551933050156,1.4901161193847656e-08,1.5127234793668677e-07
interference_null,86500025,positive_outcome_scaling,0.09850551933050156,0.24626490473747253,0.2462637983262539,1.1064112186431885e-06,4.492788733719597e-06
interference_null,86500025,negative_outcome_scaling,0.09850551933050156,-0.13102327287197113,-0.14775827899575233,0.016735006123781204,0.11325934653219866
interference_null,86500025,irrelevant_feature_insertion,0.09850551933050156,0.09860049188137054,0.09850551933050156,9.497255086898804e-05,0.0009641343095744731
interference_null,86500025,near_duplicate_feature,0.09850551933050156,0.098570317029953,0.09850551933050156,6.479769945144653e-05,0.0006578078050026824
interference_null,86500025,near_constant_feature,0.09850551933050156,0.09860803931951523,0.09850551933050156,0.00010251998901367188,0.001040753753804405
interference_null,86500026,row_permutation,0.0633639320731163,0.0633639320731163,0.0633639320731163,0.0,0.0
interference_null,86500026,covariate_permutation,0.0633639320731163,0.0633639320731163,0.0633639320731163,0.0,0.0
interference_null,86500026,outcome_translation,0.0633639320731163,0.0633639320731163,0.0633639320731163,0.0,0.0
interference_null,86500026,positive_outcome_scaling,0.0633639320731163,0.15840984880924225,0.15840983018279076,1.862645149230957e-08,1.1758393699946723e-07
interference_null,86500026,negative_outcome_scaling,0.0633639320731163,-0.08677655458450317,-0.09504589810967445,0.00826934352517128,0.08700368653078745
interference_null,86500026,irrelevant_feature_insertion,0.0633639320731163,0.06283009797334671,0.0633639320731163,0.0005338340997695923,0.008424889086011828
interference_null,86500026,near_duplicate_feature,0.0633639320731163,0.06334678828716278,0.0633639320731163,1.714378595352173e-05,0.0002705606390357741
interference_null,86500026,near_constant_feature,0.0633639320731163,0.06335345655679703,0.0633639320731163,1.0475516319274902e-05,0.0001653230154212509
interference_null,86500027,row_permutation,0.04325488582253456,0.04325489327311516,0.04325488582253456,7.450580596923828e-09,1.7224830109347528e-07
interference_null,86500027,covariate_permutation,0.04325488209724426,0.04325488954782486,0.04325488209724426,7.450580596923828e-09,1.7224831592821518e-07
interference_null,86500027,outcome_translation,0.04325488582253456,0.043254923075437546,0.04325488582253456,3.725290298461914e-08,8.612415054673764e-07
interference_null,86500027,positive_outcome_scaling,0.04325488582253456,0.10815160721540451,0.1081372145563364,1.4392659068107605e-05,0.00013309626225492836
interference_null,86500027,negative_outcome_scaling,0.04325488582253456,-0.059088803827762604,-0.06488232873380184,0.005793524906039238,0.08929280158560303
interference_null,86500027,irrelevant_feature_insertion,0.04325489327311516,0.1347542256116867,0.04325489327311516,0.09149933233857155,2.115352169772719
interference_null,86500027,near_duplicate_feature,0.04325488582253456,0.04309186711907387,0.04325488582253456,0.00016301870346069336,0.003768792827925239
interference_null,86500027,near_constant_feature,0.04325488582253456,0.04303931072354317,0.04325488582253456,0.00021557509899139404,0.0049838323438386135
interference_null,86500028,row_permutation,0.011192778125405312,0.011192776262760162,0.011192778125405312,1.862645149230957e-09,1.664149086457038e-07
interference_null,86500028,covariate_permutation,0.011192778125405312,0.011192777194082737,0.011192778125405312,9.313225746154785e-10,8.32074543228519e-08
interference_null,86500028,outcome_translation,0.011192778125405312,0.011192784644663334,0.011192778125405312,6.51925802230835e-09,5.824521802599634e-07
interference_null,86500028,positive_outcome_scaling,0.011192778125405312,0.027981942519545555,0.02798194531351328,2.7939677238464355e-09,9.98489451874223e-08
interference_null,86500028,negative_outcome_scaling,0.011192778125405312,-0.0023769806139171124,-0.016789167188107967,0.014412186574190855,0.8584217676025786
interference_null,86500028,irrelevant_feature_insertion,0.011192778125405312,-0.010307391174137592,0.011192778125405312,0.021500169299542904,1.920896586946714
interference_null,86500028,near_duplicate_feature,0.011192778125405312,0.01121149305254221,0.011192778125405312,1.871492713689804e-05,0.0016720537946177093
interference_null,86500028,near_constant_feature,0.011192778125405312,0.011204849928617477,0.011192778125405312,1.2071803212165833e-05,0.0010785350229328065
interference_null,86500029,row_permutation,-0.1144685223698616,-0.1144685372710228,-0.1144685223698616,1.4901161193847656e-08,1.3017693323322728e-07
interference_null,86500029,covariate_permutation,-0.1144685223698616,-0.1144685223698616,-0.1144685223698616,0.0,0.0
interference_null,86500029,outcome_translation,-0.1144685223698616,-0.11446850746870041,-0.1144685223698616,1.4901161193847656e-08,1.3017693323322728e-07
interference_null,86500029,positive_outcome_scaling,-0.1144685223698616,-0.2861713469028473,-0.286171305924654,4.0978193283081055e-08,1.4319462655655e-07
interference_null,86500029,negative_outcome_scaling,-0.1144685223698616,0.17769815027713776,0.1717027835547924,0.005995366722345352,0.034917120143437626
interference_null,86500029,irrelevant_feature_insertion,-0.1144685223698616,-0.11625165492296219,-0.1144685223698616,0.001783132553100586,0.015577492538420909
interference_null,86500029,near_duplicate_feature,-0.1144685223698616,-0.1143941804766655,-0.1144685223698616,7.434189319610596e-05,0.0006494527199005708
interference_null,86500029,near_constant_feature,-0.1144685223698616,-0.11439870297908783,-0.1144685223698616,6.98193907737732e-05,0.0006099440206642864
interference_null,86500030,row_permutation,-0.08080758154392242,-0.08080758154392242,-0.08080758154392242,0.0,0.0
interference_null,86500030,covariate_permutation,-0.08080758154392242,-0.08080758154392242,-0.08080758154392242,0.0,0.0
interference_null,86500030,outcome_translation,-0.08080758154392242,-0.08080758154392242,-0.08080758154392242,0.0,0.0
interference_null,86500030,positive_outcome_scaling,-0.08080758154392242,-0.20201894640922546,-0.20201895385980606,7.450580596923828e-09,3.688060181766046e-08
interference_null,86500030,negative_outcome_scaling,-0.08080758154392242,0.12518861889839172,0.12121137231588364,0.003977246582508087,0.03281248703416342
interference_null,86500030,irrelevant_feature_insertion,-0.08080758154392242,-0.07898872345685959,-0.08080758154392242,0.0018188580870628357,0.02250850789383181
interference_null,86500030,near_duplicate_feature,-0.08080758154392242,-0.08076322078704834,-0.08080758154392242,4.436075687408447e-05,0.0005489677580558759
interference_null,86500030,near_constant_feature,-0.08080758154392242,-0.08076245337724686,-0.08080758154392242,4.512816667556763e-05,0.0005584645130239235
interference_null,86500031,row_permutation,-0.07060461491346359,-0.07060461491346359,-0.07060461491346359,0.0,0.0
interference_null,86500031,covariate_permutation,-0.070604607462883,-0.07060461491346359,-0.070604607462883,7.450580596923828e-09,1.0552541632414875e-07
interference_null,86500031,outcome_translation,-0.07060461491346359,-0.0706045851111412,-0.07060461491346359,2.9802322387695312e-08,4.2210162075414573e-07
interference_null,86500031,positive_outcome_scaling,-0.07060461491346359,-0.17651526629924774,-0.17651153728365898,3.729015588760376e-06,2.1126186118744996e-05
interference_null,86500031,negative_outcome_scaling,-0.07060461491346359,0.10671208798885345,0.10590692237019539,0.0008051656186580658,0.007602577816808107
interference_null,86500031,irrelevant_feature_insertion,-0.07060461491346359,-0.08047967404127121,-0.07060461491346359,0.009875059127807617,0.1398642162401277
interference_null,86500031,near_duplicate_feature,-0.07060461491346359,-0.07059669494628906,-0.07060461491346359,7.91996717453003e-06,0.00011217350571541423
interference_null,86500031,near_constant_feature,-0.07060461491346359,-0.07059986144304276,-0.07060461491346359,4.753470420837402e-06,6.732520851028625e-05
interference_null,86500032,row_permutation,0.10113806277513504,0.10113807022571564,0.10113806277513504,7.450580596923828e-09,7.366742443435021e-08
interference_null,86500032,covariate_permutation,0.10113806277513504,0.10113806277513504,0.10113806277513504,0.0,0.0
interference_null,86500032,outcome_translation,0.10113806277513504,0.10113804787397385,0.10113806277513504,1.4901161193847656e-08,1.4733484886870041e-07
interference_null,86500032,positive_outcome_scaling,0.10113806277513504,0.2528534531593323,0.2528451569378376,8.296221494674683e-06,3.2811470843059584e-05
interference_null,86500032,negative_outcome_scaling,0.10113806277513504,-0.14211057126522064,-0.15170709416270256,0.009596522897481918,0.06325691590394485
interference_null,86500032,irrelevant_feature_insertion,0.10113806277513504,0.10015074163675308,0.10113806277513504,0.000987321138381958,0.009762112416342353
interference_null,86500032,near_duplicate_feature,0.10113806277513504,0.10111261904239655,0.10113806277513504,2.5443732738494873e-05,0.00025157425444330596
interference_null,86500032,near_constant_feature,0.10113806277513504,0.10110602527856827,0.10113806277513504,3.203749656677246e-05,0.00031676992506770587
interference_null,86500033,row_permutation,-0.14948232471942902,-0.14948232471942902,-0.14948232471942902,0.0,0.0
interference_null,86500033,covariate_permutation,-0.14948228001594543,-0.14948230981826782,-0.14948228001594543,2.9802322387695312e-08,1.9937026906812142e-07
interference_null,86500033,outcome_translation,-0.14948232471942902,-0.14948230981826782,-0.14948232471942902,1.4901161193847656e-08,9.968510472269149e-08
interference_null,86500033,positive_outcome_scaling,-0.14948232471942902,-0.37370574474334717,-0.37370581179857254,6.705522537231445e-08,1.794331885008447e-07
interference_null,86500033,negative_outcome_scaling,-0.14948232471942902,0.236814945936203,0.22422348707914352,0.012591458857059479,0.05615584264201148
interference_null,86500033,irrelevant_feature_insertion,-0.14948232471942902,-0.12810876965522766,-0.14948232471942902,0.021373555064201355,0.14298382838451615
interference_null,86500033,near_duplicate_feature,-0.14948232471942902,-0.14952784776687622,-0.14948232471942902,4.552304744720459e-05,0.0003045379949278225
interference_null,86500033,near_constant_feature,-0.14948232471942902,-0.14959754049777985,-0.14948232471942902,0.00011521577835083008,0.0007707652297158506
interference_null,86500034,row_permutation,-0.11118296533823013,-0.11118297278881073,-0.11118296533823013,7.450580596923828e-09,6.701188958450954e-08
interference_null,86500034,covariate_permutation,-0.11118296533823013,-0.11118295043706894,-0.11118296533823013,1.4901161193847656e-08,1.3402377916901907e-07
interference_null,86500034,outcome_translation,-0.11118296533823013,-0.11118298768997192,-0.11118296533823013,2.2351741790771484e-08,2.010356687535286e-07
interference_null,86500034,positive_outcome_scaling,-0.11118296533823013,-0.27795740962028503,-0.27795741334557533,3.725290298461914e-09,1.3402377916901907e-08
interference_null,86500034,negative_outcome_scaling,-0.11118296533823013,0.1894480139017105,0.1667744480073452,0.02267356589436531,0.13595347587879114
interference_null,86500034,irrelevant_feature_insertion,-0.11118296533823013,-0.11151790618896484,-0.11118296533823013,0.0003349408507347107,0.003012519496271626
interference_null,86500034,near_duplicate_feature,-0.11118296533823013,-0.11126378923654556,-0.11118296533823013,8.082389831542969e-05,0.0007269449782127594
interference_null,86500034,near_constant_feature,-0.11118296533823013,-0.11130248010158539,-0.11118296533823013,0.00011951476335525513,0.0010749377208251175
interference_null,86500035,row_permutation,0.06777216494083405,0.06777216494083405,0.06777216494083405,0.0,0.0
interference_null,86500035,covariate_permutation,0.06777216494083405,0.06777216494083405,0.06777216494083405,0.0,0.0
interference_null,86500035,outcome_translation,0.06777216494083405,0.06777215003967285,0.06777216494083405,1.4901161193847656e-08,2.198714060094813e-07
interference_null,86500035,positive_outcome_scaling,0.06777216494083405,0.16941097378730774,0.1694304123520851,1.9438564777374268e-05,0.00011472889965574734
interference_null,86500035,negative_outcome_scaling,0.06777216494083405,-0.07109921425580978,-0.10165824741125107,0.030559033155441284,0.3006055478392907
interference_null,86500035,irrelevant_feature_insertion,0.06777216494083405,0.060257840901613235,0.06777216494083405,0.00751432403922081,0.11087625791179771
interference_null,86500035,near_duplicate_feature,0.06777216494083405,0.067784883081913,0.06777216494083405,1.2718141078948975e-05,0.0001876602450290923
interference_null,86500035,near_constant_feature,0.06777216494083405,0.06780098378658295,0.06777216494083405,2.8818845748901367e-05,0.00042523129922233683
interference_null,86500036,row_permutation,0.08052016794681549,0.08052016794681549,0.08052016794681549,0.0,0.0
interference_null,86500036,covariate_permutation,0.08052016794681549,0.08052016794681549,0.08052016794681549,0.0,0.0
interference_null,86500036,outcome_translation,0.08052016794681549,0.08052018284797668,0.08052016794681549,1.4901161193847656e-08,1.8506122843273312e-07
interference_null,86500036,positive_outcome_scaling,0.08052016794681549,0.2012990564107895,0.20130041986703873,1.3634562492370605e-06,6.773240960638032e-06
interference_null,86500036,negative_outcome_scaling,0.08052016794681549,-0.10362700372934341,-0.12078025192022324,0.017153248190879822,0.14202030479460948
interference_null,86500036,irrelevant_feature_insertion,0.08052016794681549,0.0773322582244873,0.08052016794681549,0.003187909722328186,0.039591444027213624
interference_null,86500036,near_duplicate_feature,0.08052016794681549,0.0805126205086708,0.08052016794681549,7.547438144683838e-06,9.373351220117932e-05
interference_null,86500036,near_constant_feature,0.08052016794681549,0.08051008731126785,0.08052016794681549,1.008063554763794e-05,0.00012519392103474395
interference_null,86500037,row_permutation,-0.12752604484558105,-0.12752604484558105,-0.12752604484558105,0.0,0.0
interference_null,86500037,covariate_permutation,-0.12752602994441986,-0.12752602994441986,-0.12752602994441986,0.0,0.0
interference_null,86500037,outcome_translation,-0.12752604484558105,-0.12752602994441986,-0.12752604484558105,1.4901161193847656e-08,1.16847983577717e-07
interference_null,86500037,positive_outcome_scaling,-0.12752604484558105,-0.31880828738212585,-0.31881511211395264,6.8247318267822266e-06,2.1406550591437753e-05
interference_null,86500037,negative_outcome_scaling,-0.12752604484558105,0.2008073925971985,0.19128906726837158,0.009518325328826904,0.04975885692135788
interference_null,86500037,irrelevant_feature_insertion,-0.12752602994441986,-0.13421814143657684,-0.12752602994441986,0.006692111492156982,0.05247643555651838
interference_null,86500037,near_duplicate_feature,-0.12752604484558105,-0.12752720713615417,-0.12752604484558105,1.1622905731201172e-06,9.114142719061925e-06
interference_null,86500037,near_constant_feature,-0.12752604484558105,-0.12753961980342865,-0.12752604484558105,1.3574957847595215e-05,0.00010644851303930018
interference_null,86500038,row_permutation,0.1554197072982788,0.15541969239711761,0.1554197072982788,1.4901161193847656e-08,9.587690938865047e-08
interference_null,86500038,covariate_permutation,0.1554197072982788,0.1554197072982788,0.1554197072982788,0.0,0.0
interference_null,86500038,outcome_translation,0.1554197072982788,0.15541972219944,0.1554197072982788,1.4901161193847656e-08,9.587690938865047e-08
interference_null,86500038,positive_outcome_scaling,0.1554197072982788,0.388549268245697,0.388549268245697,0.0,0.0
interference_null,86500038,negative_outcome_scaling,0.1554197072982788,-0.2243579477071762,-0.2331295609474182,0.008771613240242004,0.037625486894904844
interference_null,86500038,irrelevant_feature_insertion,0.1554197072982788,0.1562608778476715,0.1554197072982788,0.0008411705493927002,0.005412251534989319
interference_null,86500038,near_duplicate_feature,0.1554197072982788,0.15539215505123138,0.1554197072982788,2.7552247047424316e-05,0.00017727640545961472
interference_null,86500038,near_constant_feature,0.1554197072982788,0.15541042387485504,0.1554197072982788,9.28342342376709e-06,5.9731314549129244e-05
interference_null,86500039,row_permutation,0.10619761049747467,0.10619760304689407,0.10619761049747467,7.450580596923828e-09,7.015770469808264e-08
interference_null,86500039,covariate_permutation,0.10619759559631348,0.10619759559631348,0.10619759559631348,0.0,0.0
interference_null,86500039,outcome_translation,0.10619761049747467,0.10619761049747467,0.10619761049747467,0.0,0.0
interference_null,86500039,positive_outcome_scaling,0.10619761049747467,0.2654940187931061,0.2654940262436867,7.450580596923828e-09,2.8063081879233054e-08
interference_null,86500039,negative_outcome_scaling,0.10619761049747467,-0.14479124546051025,-0.159296415746212,0.014505170285701752,0.09105773169944457
interference_null,86500039,irrelevant_feature_insertion,0.10619761049747467,0.11045946925878525,0.10619761049747467,0.004261858761310577,0.04013139976828313
interference_null,86500039,near_duplicate_feature,0.10619761049747467,0.10631313174962997,0.10619761049747467,0.00011552125215530396,0.0010877952113437712
interference_null,86500039,near_constant_feature,0.10619761049747467,0.10637160390615463,0.10619761049747467,0.00017399340867996216,0.0016383928778143236
interference_null,86500040,row_permutation,0.10759248584508896,0.10759248584508896,0.10759248584508896,0.0,0.0
interference_null,86500040,covariate_permutation,0.10759248584508896,0.10759248584508896,0.10759248584508896,0.0,0.0
interference_null,86500040,outcome_translation,0.10759248584508896,0.10759246349334717,0.10759248584508896,2.2351741790771484e-08,2.0774444995121122e-07
interference_null,86500040,positive_outcome_scaling,0.10759248584508896,0.2689812481403351,0.2689812146127224,3.3527612686157227e-08,1.2464666997072674e-07
interference_null,86500040,negative_outcome_scaling,0.10759248584508896,-0.14128252863883972,-0.16138872876763344,0.020106200128793716,0.12458243077025848
interference_null,86500040,irrelevant_feature_insertion,0.10759248584508896,0.11609701067209244,0.10759248584508896,0.008504524827003479,0.07904385478413654
interference_null,86500040,near_duplicate_feature,0.10759248584508896,0.1076456680893898,0.10759248584508896,5.3182244300842285e-05,0.0004942932945839152
interference_null,86500040,near_constant_feature,0.10759248584508896,0.10769027471542358,0.10759248584508896,9.778887033462524e-05,0.0009088819685365491
interference_null,86500041,row_permutation,0.035875722765922546,0.035875726491212845,0.035875722765922546,3.725290298461914e-09,1.0383875253937669e-07
interference_null,86500041,covariate_permutation,0.035875726491212845,0.035875726491212845,0.035875726491212845,0.0,0.0
interference_null,86500041,outcome_translation,0.035875722765922546,0.035875726491212845,0.035875722765922546,3.725290298461914e-09,1.0383875253937669e-07
interference_null,86500041,positive_outcome_scaling,0.035875722765922546,0.0896851196885109,0.08968930691480637,4.187226295471191e-06,4.668590314170376e-05
interference_null,86500041,negative_outcome_scaling,0.035875722765922546,-0.053316108882427216,-0.05381358414888382,0.000497475266456604,0.009244418009405576
interference_null,86500041,irrelevant_feature_insertion,0.035875722765922546,0.0377763956785202,0.035875722765922546,0.0019006729125976562,0.052979362255610306
interference_null,86500041,near_duplicate_feature,0.035875722765922546,0.03591804951429367,0.035875722765922546,4.232674837112427e-05,0.001179815906352398
interference_null,86500041,near_constant_feature,0.035875722765922546,0.03594224527478218,0.035875722765922546,6.65225088596344e-05,0.0018542486040956496
interference_null,86500042,row_permutation,-0.1277451068162918,-0.1277451068162918,-0.1277451068162918,0.0,0.0
interference_null,86500042,covariate_permutation,-0.1277451068162918,-0.1277451068162918,-0.1277451068162918,0.0,0.0
interference_null,86500042,outcome_translation,-0.1277451068162918,-0.127745121717453,-0.1277451068162918,1.4901161193847656e-08,1.1664760839158229e-07
interference_null,86500042,positive_outcome_scaling,-0.1277451068162918,-0.3193627893924713,-0.3193627670407295,2.2351741790771484e-08,6.998856503494938e-08
interference_null,86500042,negative_outcome_scaling,-0.1277451068162918,0.20746983587741852,0.1916176602244377,0.015852175652980804,0.08272815582036377
interference_null,86500042,irrelevant_feature_insertion,-0.1277451068162918,-0.12052326649427414,-0.1277451068162918,0.00722184032201767,0.05653320508317616
interference_null,86500042,near_duplicate_feature,-0.1277451068162918,-0.1277848780155182,-0.1277451068162918,3.9771199226379395e-05,0.0003113324667971331
interference_null,86500042,near_constant_feature,-0.1277451068162918,-0.1277976930141449,-0.1277451068162918,5.258619785308838e-05,0.0004116494100138939
interference_null,86500043,row_permutation,0.21012450754642487,0.21012450754642487,0.21012450754642487,0.0,0.0
interference_null,86500043,covariate_permutation,0.21012453734874725,0.21012453734874725,0.21012453734874725,0.0,0.0
interference_null,86500043,outcome_translation,0.21012450754642487,0.21012455224990845,0.21012450754642487,4.470348358154297e-08,2.1274759476433842e-07
interference_null,86500043,positive_outcome_scaling,0.21012450754642487,0.525311291217804,0.5253112688660622,2.2351741790771484e-08,4.254951895286769e-08
interference_null,86500043,negative_outcome_scaling,0.21012450754642487,-0.30019131302833557,-0.3151867613196373,0.014995448291301727,0.04757639003782439
interference_null,86500043,irrelevant_feature_insertion,0.21012450754642487,0.2155834585428238,0.21012450754642487,0.005458950996398926,0.025979601618782266
interference_null,86500043,near_duplicate_feature,0.21012450754642487,0.21013770997524261,0.21012450754642487,1.3202428817749023e-05,6.283145632040129e-05
interference_null,86500043,near_constant_feature,0.21012450754642487,0.21017733216285706,0.21012450754642487,5.282461643218994e-05,0.00025139674114652656
interference_null,86500044,row_permutation,-0.024372149258852005,-0.024372145533561707,-0.024372149258852005,3.725290298461914e-09,1.528502988758319e-07
interference_null,86500044,covariate_permutation,-0.024372149258852005,-0.024372143670916557,-0.024372149258852005,5.587935447692871e-09,2.2927544831374786e-07
interference_null,86500044,outcome_translation,-0.024372149258852005,-0.024372156709432602,-0.024372149258852005,7.450580596923828e-09,3.057005977516638e-07
interference_null,86500044,positive_outcome_scaling,-0.024372149258852005,-0.06092938408255577,-0.06093037314713001,9.890645742416382e-07,1.6232701740613348e-05
interference_null,86500044,negative_outcome_scaling,-0.024372149258852005,0.030938846990466118,0.03655822388827801,0.00561937689781189,0.1537103365575066
interference_null,86500044,irrelevant_feature_insertion,-0.024372149258852005,0.006540825590491295,-0.024372149258852005,0.0309129748493433,1.2683729498380474
interference_null,86500044,near_duplicate_feature,-0.024372149258852005,-0.024525105953216553,-0.024372149258852005,0.00015295669436454773,0.006275880421542783
interference_null,86500044,near_constant_feature,-0.024372149258852005,-0.02453308366239071,-0.024372149258852005,0.00016093440353870392,0.006603209336585376
interference_null,86500045,row_permutation,-0.13827647268772125,-0.13827647268772125,-0.13827647268772125,0.0,0.0
interference_null,86500045,covariate_permutation,-0.13827647268772125,-0.13827648758888245,-0.13827647268772125,1.4901161193847656e-08,1.077635327558573e-07
interference_null,86500045,outcome_translation,-0.13827647268772125,-0.13827651739120483,-0.13827647268772125,4.470348358154297e-08,3.232905982675719e-07
interference_null,86500045,positive_outcome_scaling,-0.13827647268772125,-0.3456752300262451,-0.34569118171930313,1.5951693058013916e-05,4.6144344726058094e-05
interference_null,86500045,negative_outcome_scaling,-0.13827647268772125,0.21111933887004852,0.20741470903158188,0.0037046298384666443,0.017860979367198885
interference_null,86500045,irrelevant_feature_insertion,-0.13827647268772125,-0.12382673472166061,-0.13827647268772125,0.014449737966060638,0.10449889041278498
interference_null,86500045,near_duplicate_feature,-0.13827647268772125,-0.1382160782814026,-0.13827647268772125,6.039440631866455e-05,0.0004367655982594896
interference_null,86500045,near_constant_feature,-0.13827647268772125,-0.1382192224264145,-0.13827647268772125,5.7250261306762695e-05,0.00041402749284800375
interference_null,86500046,row_permutation,0.088778555393219,0.08877856284379959,0.088778555393219,7.450580596923828e-09,8.392320154257559e-08
interference_null,86500046,covariate_permutation,0.088778555393219,0.08877856284379959,0.088778555393219,7.450580596923828e-09,8.392320154257559e-08
interference_null,86500046,outcome_translation,0.088778555393219,0.0887785255908966,0.088778555393219,2.9802322387695312e-08,3.3569280617030235e-07
interference_null,86500046,positive_outcome_scaling,0.088778555393219,0.22194640338420868,0.22194638848304749,1.4901161193847656e-08,6.713856123406047e-08
interference_null,86500046,negative_outcome_scaling,0.088778555393219,-0.1319216787815094,-0.1331678330898285,0.0012461543083190918,0.009357772664803348
interference_null,86500046,irrelevant_feature_insertion,0.088778555393219,0.0769939124584198,0.088778555393219,0.011784642934799194,0.13274199926550415
interference_null,86500046,near_duplicate_feature,0.088778555393219,0.08877068758010864,0.088778555393219,7.867813110351562e-06,8.862290082895981e-05
interference_null,86500046,near_constant_feature,0.088778555393219,0.08877009153366089,0.088778555393219,8.463859558105469e-06,9.533675695236586e-05
interference_null,86500047,row_permutation,-0.15593783557415009,-0.1559377908706665,-0.15593783557415009,4.470348358154297e-08,2.8667502929579904e-07
interference_null,86500047,covariate_permutation,-0.1559378206729889,-0.15593783557415009,-0.1559378206729889,1.4901161193847656e-08,9.555835222999748e-08
interference_null,86500047,outcome_translation,-0.15593783557415009,-0.15593783557415009,-0.15593783557415009,0.0,0.0
interference_null,86500047,positive_outcome_scaling,-0.15593783557415009,-0.3898370563983917,-0.3898445889353752,7.53253698348999e-06,1.9321896974536855e-05
interference_null,86500047,negative_outcome_scaling,-0.15593783557415009,0.23225727677345276,0.23390675336122513,0.0016494765877723694,0.007051855340085295
interference_null,86500047,irrelevant_feature_insertion,-0.15593783557415009,-0.1595490276813507,-0.15593783557415009,0.0036111921072006226,0.023157895541543943
interference_null,86500047,near_duplicate_feature,-0.15593783557415009,-0.1558237075805664,-0.15593783557415009,0.0001141279935836792,0.0007318813497921749
interference_null,86500047,near_constant_feature,-0.15593783557415009,-0.15584726631641388,-0.15593783557415009,9.056925773620605e-05,0.0005808036093532888
interference_null,86500048,row_permutation,-0.0921252891421318,-0.0921252891421318,-0.0921252891421318,0.0,0.0
interference_null,86500048,covariate_permutation,-0.0921252891421318,-0.0921252891421318,-0.0921252891421318,0.0,0.0
interference_null,86500048,outcome_translation,-0.0921252891421318,-0.09212528169155121,-0.0921252891421318,7.450580596923828e-09,8.087443378797975e-08
interference_null,86500048,positive_outcome_scaling,-0.0921252891421318,-0.23031085729599,-0.2303132228553295,2.3655593395233154e-06,1.0271053091073428e-05
interference_null,86500048,negative_outcome_scaling,-0.0921252891421318,0.15331028401851654,0.1381879337131977,0.015122350305318832,0.1094332182193601
interference_null,86500048,irrelevant_feature_insertion,-0.0921252891421318,-0.09559888392686844,-0.0921252891421318,0.0034735947847366333,0.037705116771764344
interference_null,86500048,near_duplicate_feature,-0.0921252891421318,-0.09213173389434814,-0.0921252891421318,6.444752216339111e-06,6.995638522660248e-05
interference_null,86500048,near_constant_feature,-0.0921252891421318,-0.09214301407337189,-0.0921252891421318,1.7724931240081787e-05,0.00019240027798160381
interference_null,86500049,row_permutation,-0.07932028919458389,-0.0793202817440033,-0.07932028919458389,7.450580596923828e-09,9.393032567804311e-08
interference_null,86500049,covariate_permutation,-0.0793202817440033,-0.0793202817440033,-0.0793202817440033,0.0,0.0
interference_null,86500049,outcome_translation,-0.07932028919458389,-0.07932030409574509,-0.07932028919458389,1.4901161193847656e-08,1.8786065135608621e-07
interference_null,86500049,positive_outcome_scaling,-0.0793202817440033,-0.19830253720283508,-0.19830070436000824,1.8328428268432617e-06,9.24274491489348e-06
interference_null,86500049,negative_outcome_scaling,-0.07932028919458389,0.12136650085449219,0.11898043379187584,0.0023860670626163483,0.020054281082805
interference_null,86500049,irrelevant_feature_insertion,-0.07932028919458389,-0.07211870700120926,-0.07932028919458389,0.007201582193374634,0.0907911741938829
interference_null,86500049,near_duplicate_feature,-0.0793202817440033,-0.07936637103557587,-0.0793202817440033,4.60892915725708e-05,0.0005810530492228767
interference_null,86500049,near_constant_feature,-0.07932028919458389,-0.07937747985124588,-0.07932028919458389,5.7190656661987305e-05,0.0007210091799046589
