scenario,seed,Mean pretrained weights,Pretrained,Uniform,Untrained seed 1729,Untrained seed 1730,Untrained seed 1731,Untrained seed 1732,Untrained seed 1733,Untrained mean
ate_linear,80000000,0.13616940577668046,0.1262889077250371,0.21864968736809587,0.16974845727127885,0.09589350422066545,0.18190662016314363,0.34475296934288835,0.22406845365804529,0.20327400093120432
ate_linear,80000001,0.2144459670998723,0.2121794408776433,0.2261672562577398,0.2152093833901555,0.22668053569575852,0.22528662147304124,0.22407950820705003,0.23341562213679856,0.22493433418056075
ate_linear,80000002,0.2277528692638422,0.2304330517208124,0.22320799125786062,0.21418864025230655,0.22676259769554385,0.21825355781669864,0.21735078586693057,0.22296685470695743,0.2199044872676874
ate_linear,80000003,0.015541789895728186,0.013909218675330237,0.022850046521857292,0.013401863939002112,0.027264831430152014,0.015492258435919837,0.024665294057562903,0.027212319738104895,0.02160731352014835
ate_linear,80000004,0.03596255127623804,0.033654033581764775,0.0278048748178793,0.02342244927123316,0.052816211621315556,0.02144333664611109,0.023814945857079106,0.03244864885047205,0.030789118449242193
ate_linear,80000005,0.1138922111217539,0.11102612177772925,0.0977005736057322,0.08185545961304114,0.11499132077141211,0.07864986221237585,0.09163842956467078,0.09391136328621313,0.0922092870895426
ate_linear,80000006,0.02832249385512675,0.035899078671105755,0.011594718519814862,0.022333776775964154,0.001690661732324017,0.022869741741784466,0.01200193745292033,0.00748870355285014,0.013276964251168621
ate_linear,80000007,0.17657916340505153,0.17555408272420436,0.16409631762181798,0.16680817398702175,0.18136815819417507,0.1380689600435403,0.1872652033296731,0.17430119309102565,0.1695623377290872
ate_linear,80000008,0.260528658448411,0.2565430150615702,0.2235121951686867,0.2126226173030863,0.277013991891099,0.17815694671745397,0.24836168151970006,0.24458358150596715,0.2321477637874613
ate_linear,80000009,0.17189026373729255,0.16226649779185798,0.21391354102000726,0.17705667513713386,0.2450177719007447,0.18757308024272468,0.21698558825358893,0.23284745711192634,0.2118961145292237
ate_linear,80000010,0.021056736114267283,0.00793846905494111,0.09223614990973861,0.07248529255652802,0.001277292373422556,0.18413933575415986,0.004983747604135447,0.05090292752051728,0.06275771916175263
ate_linear,80000011,0.45077470080620996,0.44143244759804956,0.49046445624596824,0.47934976355798,0.46504125134713403,0.5285268737531399,0.4904404594159817,0.4577200724340176,0.4842156841016506
ate_linear,80000012,0.21725923796388735,0.21823866148683657,0.21943466444704174,0.21903342982027163,0.22209853907320132,0.21202082415315737,0.2197526194641315,0.22117228289339175,0.2188155390808307
ate_linear,80000013,0.4767023208312189,0.4763629319838678,0.48162319685737254,0.49883811499396913,0.4684773566893732,0.49761949803153627,0.4847487690619623,0.48305104996482484,0.4865469577483331
ate_linear,80000014,0.024228869888943905,0.023797451470059627,0.010119973633450852,0.01687717339770245,0.001001535866421932,0.006452619049710506,0.0001953850053126871,0.001977025482815975,0.00530074776039271
ate_linear,80000015,0.06431821034068741,0.06261172936076798,0.07151878521556543,0.0651405160200087,0.07275596306438126,0.08075431034679093,0.06440654442424454,0.08476463005656876,0.07356439278239883
ate_linear,80000016,0.23314356993651408,0.23141861151671428,0.22844604443526284,0.2314335722825529,0.23690310310339946,0.23204302977538127,0.23099962066626567,0.2295816857717039,0.23219220231986065
ate_linear,80000017,0.014224185618076146,0.017132832678470433,0.00877595153680788,0.0008645793520544176,0.022654428156528295,0.004062221375789821,0.012253060015353978,0.0169142028414343,0.011349698348232162
ate_linear,80000018,0.22115942649105946,0.22364885918358723,0.24662027842859185,0.23561826161602895,0.20164856127957265,0.2545766215727703,0.2617123555348293,0.2522625010416881,0.24116366020897786
ate_linear,80000019,0.09471472726340602,0.09313431010718654,0.09357854352469752,0.09896465764518092,0.0973336957501919,0.1003462337064297,0.09326919541831324,0.09745993838782618,0.09747474418158839
ate_linear,80000020,0.1510503591842287,0.15514978783794575,0.13364432471462429,0.1443093718833559,0.17742106335827046,0.11308977025219136,0.14956143515773945,0.1398296059913271,0.14484224932857687
ate_linear,80000021,0.05799888828599431,0.058113150390028734,0.07070770719850039,0.05593710401856877,0.08571457126939275,0.04863517740571477,0.07752477386796452,0.07546716192567327,0.06865575769746282
ate_linear,80000022,0.1513995837078148,0.15192499865150988,0.16238984573936988,0.1604923914775902,0.14522484053230822,0.18354484547234118,0.14703604687309801,0.1573089074001366,0.15872140635109483
ate_linear,80000023,0.1072040823157181,0.07210073143795626,0.20721413612917555,0.13391402632549898,0.22912556201771395,0.2301668849642624,0.14669055015400545,0.1563463237936844,0.17924866945103304
ate_linear,80000024,0.1810339938941079,0.17846479528570947,0.16152919643545927,0.17486181371832665,0.1569081794562417,0.17055764310980615,0.15592500084067162,0.14886250608588036,0.1614230286421853
ate_linear,80000025,0.04393143915896136,0.04354245924715716,0.05652689003710465,0.052519097564265316,0.03181518578295428,0.0856476571536513,0.03893740439181048,0.05152048134569842,0.05208796524767596
ate_linear,80000026,0.18749382684160487,0.1858819086306216,0.17127296516824975,0.18345388362337367,0.19280424306322352,0.12581038067270534,0.1881772238962771,0.17164417693544642,0.17237798163820522
ate_linear,80000027,0.26988515602141827,0.2771775458911082,0.29562850938827,0.3146558438399455,0.29278788314849347,0.3011247252085826,0.2831210230448863,0.2652595375636241,0.2913898025611064
ate_linear,80000028,0.06414609959727358,0.05659371426707338,0.054611303299607616,0.0009861607252972249,0.036176146954240096,0.08019238522654604,0.20637351462239195,0.059247078388871444,0.07659505718346934
ate_linear,80000029,0.19462027844557594,0.19381692704329323,0.18135344978937934,0.15856027301916908,0.20143297013411354,0.1720339923776133,0.17298145290980171,0.19018207189211678,0.17903815206656287
ate_linear,80000030,0.0856647358558873,0.07968728405458725,0.057718014838526566,0.08684031826479233,0.10897876483423508,0.02812243836896622,0.056638555350134734,0.0670887396953801,0.0695337633027017
ate_linear,80000031,0.07811397727242686,0.07214218791238047,0.0920244139026758,0.09013337310067393,0.08693427260628916,0.09976572211495616,0.09049660380593516,0.09262544329873301,0.09199108298531748
ate_linear,80000032,0.018044063444307534,0.012937018270662515,0.003542223577329473,0.046015092725923745,0.04186873734457186,0.06225306689279386,0.03383319676382235,0.027290990953275474,0.04225221693607746
ate_linear,80000033,0.1074109744410836,0.11663119831493729,0.13634730578771465,0.15416528900525206,0.13563993537238472,0.16345039173458842,0.12904509493521088,0.1300765942912423,0.14247546106773568
ate_linear,80000034,0.3110806226453935,0.2966930150709306,0.39839829799749005,0.36726360318280804,0.3642775892934953,0.4835609078130876,0.32693802115537274,0.34595553872205365,0.3775991320333635
ate_linear,80000035,0.046409112265534125,0.04610500936789008,0.026760298064179233,0.028813940337128363,0.053423506071991644,0.016164559075408258,0.03946552877706977,0.03739081030172797,0.0350516689126652
ate_linear,80000036,0.1361301111941855,0.1409194338088553,0.14770153639369415,0.15808423785024095,0.13761560050301958,0.16898972717576433,0.15098693398290086,0.14833655384831834,0.1528026106720488
ate_linear,80000037,0.13565435858527408,0.13778331728736148,0.16130984278479799,0.16816070528784977,0.12757751198569522,0.17833891363898502,0.14571896048346744,0.14549419136801944,0.15305805655280338
ate_linear,80000038,0.07018375012799183,0.07033577177449146,0.07237311813755909,0.0741993150465099,0.07159146282597462,0.06592434260769764,0.06985216948910633,0.06995743129177967,0.07030494425221363
ate_linear,80000039,0.12963296442153505,0.12985841899039796,0.12031268446567109,0.12186744778277925,0.11713057725551179,0.10998089580657533,0.11667184500815919,0.11885008185031465,0.11690016954066804
ate_linear,80000040,0.1504573756212363,0.1525821918005118,0.1731131011003622,0.16950091061536166,0.13465961155835482,0.20663701829854342,0.17362516460362765,0.17370974359456393,0.17162648973409028
ate_linear,80000041,0.13570114427025448,0.12842371516640316,0.19376001410896904,0.18332018905098568,0.14910986476357113,0.2798557525199188,0.14479401164467465,0.14675118976051937,0.18076620154793394
ate_linear,80000042,0.16667403287538884,0.17063356942781804,0.15974139279970512,0.17690290517458318,0.19830133027681707,0.12764228887209295,0.1938674599612653,0.1543225199664533,0.17020730085024235
ate_linear,80000043,0.09307622963200468,0.09304690414677519,0.06725623661290059,0.06386423164616484,0.10000693851719755,0.03773987346897978,0.0803009276987161,0.08309578949223417,0.07300155216465849
ate_linear,80000044,0.046418657342547465,0.0445393228927794,0.06900556329881569,0.061408987084979105,0.062743296662921,0.060403218309039164,0.08089815620576768,0.07837723735963731,0.06876617912446885
ate_linear,80000045,0.2761046594796229,0.27428081695414075,0.2919304675278712,0.3018392628846217,0.27193674508905896,0.2951833314118434,0.31757655803537854,0.2915299243149806,0.29561316434717666
ate_linear,80000046,0.26672118129412414,0.2673730772940326,0.25367975952307464,0.2633132857290912,0.25990893664042236,0.25496777119318725,0.24305578293482544,0.2478323799578357,0.2538156312910724
ate_linear,80000047,0.39160859668253756,0.38877534949778414,0.4219896324872858,0.4076832541227231,0.4357768305539975,0.38469076240061617,0.44108319365977144,0.4287164219617734,0.41959009253977636
ate_linear,80000048,0.09721168360859145,0.09695693335682143,0.11123257956653809,0.10956581912189711,0.09295340857654799,0.13461312136799086,0.10057541213184584,0.10392745814472426,0.10832704386860122
ate_linear,80000049,0.16142333772621154,0.1662367406173706,0.18471095588645936,0.20043764737091063,0.19040332463226317,0.1897039833351135,0.1777113201900482,0.16055060651741027,0.18376137640914916
ate_linear,80000050,0.1994214217689274,0.20234622168805583,0.20850875783231249,0.2209336917426823,0.20052452492978556,0.21369077372815592,0.22285474944379313,0.1961175363090275,0.21082425523068887
ate_linear,80000051,0.013052804698256315,0.009680016268996061,0.015277416934279309,0.01033137582710153,0.01840700365135306,0.015015347232130827,0.0163149998290264,0.025572402705458464,0.017128225849014057
ate_linear,80000052,0.004805446122538859,0.002370427842486089,0.023468015636551567,0.03647925193910617,0.001759898368966395,0.06127513341163415,0.037671974408674425,0.018648312906968778,0.031166914207069983
ate_linear,80000053,0.06194383876899234,0.05852188395837299,0.10419016557315341,0.08512959110120288,0.04120814281085483,0.11386982577422611,0.14742555695155612,0.09902467059472553,0.09733155744651309
ate_linear,80000054,0.045514405173349703,0.04515314142136606,0.03382195274262467,0.03965723554520639,0.022820651930857028,0.05357235710053476,0.027177691859293307,0.030275404852915133,0.03470066825776132
ate_linear,80000055,0.21501441134458066,0.22049017085080624,0.24373073710446835,0.2505302561665106,0.21079332961087704,0.29720480574613095,0.23369653357511044,0.2244011296177435,0.2433252109432745
ate_linear,80000056,0.3128434909423803,0.3116081846794103,0.3689825398763631,0.3639749778350805,0.26306288371886954,0.428509165151975,0.37147830854263053,0.3519399059852575,0.3557930482467626
ate_linear,80000057,0.08729110269556539,0.08589146642694967,0.0755586793900539,0.07464502363214987,0.07541112213144796,0.0509000828743984,0.061652820396523644,0.08852819709787862,0.0702274492264797
ate_linear,80000058,0.1689115653909501,0.16826014622819985,0.1950601647771653,0.19708545908105934,0.17048527702463234,0.20115296944749916,0.18838398560655678,0.18463941320551003,0.18834942087305154
ate_linear,80000059,0.08427488859434185,0.08835136945982036,0.07800944503088048,0.09482407625455913,0.11425334270734844,0.08797913845319805,0.11709922607679424,0.06550407465238628,0.09593197162885722
ate_linear,80000060,0.08530785778163807,0.08751048782466786,0.02221343854068658,0.05036695936321156,0.08050136902927296,0.07201089599727528,0.04322383663059337,0.01977618673442738,0.05317584955095611
ate_linear,80000061,0.045249974151094,0.045994436164338626,0.049816834350068784,0.03233865441842798,0.059426819701631106,0.03036574067636255,0.06349805535836939,0.052515780349214114,0.04762901010080103
ate_linear,80000062,0.2573449576100295,0.25944745184983664,0.24600352885331578,0.2511057818135207,0.2828836405476516,0.2166265213688796,0.277288194914717,0.24816882254685813,0.25521459223832543
ate_linear,80000063,0.2737530176389902,0.2758831088293283,0.3626206212539165,0.36859396145231416,0.21644261524564912,0.45733204529173066,0.3799371425855844,0.3181606833685129,0.34809328958875824
ate_linear,80000064,0.08314607869853363,0.07931272517909393,0.06755535732974394,0.06571473013629303,0.09865461122264252,0.052808059565919496,0.08399326931704865,0.07401721011866913,0.07503757607211456
ate_linear,80000065,0.09027701642568076,0.09320065405423605,0.09421471979672869,0.10252934720571005,0.09792530562932455,0.10606065418775046,0.10220792915875876,0.09250950839574301,0.10024654891545737
ate_linear,80000066,0.06571839063244012,0.05951531289892342,0.044673306334783114,0.04296404181795266,0.07126316486673501,0.015590929079820182,0.04465129284935143,0.04655529617147591,0.04420494495706704
ate_linear,80000067,0.02589956992901521,0.02303580516613679,0.05125723356045442,0.02447275394238191,0.07849089378155427,0.024819652974974682,0.05587105029858308,0.06585137122906404,0.049901144445311595
ate_linear,80000068,0.006456568800194518,0.004676774181143983,0.061092802919165856,0.0464615971219704,0.004605337940438048,0.024655267633216127,0.11918617788674091,0.0672280937802956,0.05242729487253221
ate_linear,80000069,0.0873099140740089,0.08797265811926647,0.05635257287985607,0.05396707578665538,0.08335466905600353,0.019147651634281115,0.07475985809332653,0.07585592790610118,0.061417036495273546
ate_linear,80000070,0.4595825507623407,0.454018878596023,0.47110101751436323,0.46938488989521593,0.47750441062648624,0.4615413605553362,0.47221589911182255,0.4702898998131308,0.4701872920003983
ate_linear,80000071,0.13518748144633908,0.10974583487041134,0.2098413930369153,0.17483649115092892,0.13428006033427853,0.27768740515239376,0.1337758646441235,0.15264317850597042,0.17464459995753903
ate_linear,80000072,0.06447853328974507,0.06518162967951557,0.07163473846705215,0.06073220255167744,0.05255623342783711,0.0935941505649831,0.06885995151789448,0.08114411117823384,0.0713773298481252
ate_linear,80000073,0.05759613139309683,0.063767998644493,0.10045043572538297,0.09851128531374731,0.08608990085997381,0.14733517093338766,0.07789733929314413,0.09288696123041906,0.1005441315261344
ate_linear,80000074,0.2149895087960234,0.2895754979136458,0.38594828556804567,0.4449111179593077,0.14582974958746342,0.4329242960694304,0.7064760879757872,0.37651197176008133,0.421330644670414
ate_linear,80000075,0.3877127590221372,0.3856591405910459,0.39169717455329556,0.3934892835658994,0.4070532145542112,0.3748612823528257,0.3887739005130735,0.38119952106895116,0.3890754404109922
ate_linear,80000076,0.4304585632211855,0.4296926435358217,0.43227772082158833,0.4256659921533754,0.42747350300618914,0.4359487470514467,0.42538298929998186,0.43497444952794817,0.42988913620778824
ate_linear,80000077,0.23571193852284544,0.23708648123601073,0.24805513062337037,0.25353593268254393,0.22807264962056273,0.24661994614461058,0.24751997628071898,0.24201262631276244,0.24355222620823974
ate_linear,80000078,0.08515208189146128,0.0852336806501588,0.0692544979299744,0.08057265703336802,0.06566333000318614,0.0757540983404359,0.06789105360166636,0.058710030957623394,0.06971823398725596
ate_linear,80000079,0.015217018854149167,0.01617593837929565,0.003935802709587488,0.007081104051597897,0.02442098928643066,0.01237182544516724,0.012099934350975339,0.007654917966850583,0.012725754220204343
ate_linear,80000080,0.08530579389489112,0.07885448516762672,0.12735119344151435,0.10911311091340004,0.14195901037609993,0.12392614663994728,0.12389647842801033,0.13132551194584785,0.12604405166066107
ate_linear,80000081,0.015478652745290589,0.02118090990166266,0.021647769183115173,0.014597338467641663,0.055061656207040954,0.004649442463918518,0.023972111910776306,0.041862684458688904,0.02802864670161327
ate_linear,80000082,0.015306351901940296,0.01590455901806731,0.015859211059264133,0.028880840362957905,0.027131235422543476,0.00755548310463805,0.0020902587193765143,0.008026464106491993,0.014736856343201588
ate_linear,80000083,0.08050213696031983,0.08150933624773438,0.06779648901491586,0.06935225369005615,0.0948577964451831,0.04295252205400879,0.08495221973925049,0.07061646820574219,0.07254625202684814
ate_linear,80000084,0.06641084947176767,0.07791815199442698,0.09415881135054427,0.0953978697259028,0.07801500954218699,0.11637050904818369,0.10095302261896921,0.09444914259501291,0.09703711070605112
ate_linear,80000085,0.16975202318021654,0.18035086150953172,0.2489418452579677,0.26286908145734666,0.13086553569623827,0.37268950696775316,0.2427147841055095,0.20554187055417894,0.2429361557562053
ate_linear,80000086,0.04438908582633738,0.04843928104346995,0.009100364503324077,0.014807211217343852,0.02823420053428416,0.023394597712099507,0.03406839257186656,0.03220133667892222,0.02654114774290326
ate_linear,80000087,0.32980257256395906,0.3339340089119205,0.3614611266411074,0.3670039175308475,0.31931787712938875,0.408159792260004,0.3443762658394107,0.3441600797928104,0.3566035865104923
ate_linear,80000088,0.04187817148925843,0.03395719103576722,0.0031027180695337164,0.0036930365109246743,0.025739379451294564,0.0236897391819757,0.04281692929504333,0.013625643923262931,0.02191294567250024
ate_linear,80000089,0.2414380827997007,0.24542175923326393,0.2590852418992796,0.26726531182268043,0.24371080790498634,0.28608953152635475,0.25879930649736305,0.24725501929262061,0.26062399540880105
ate_linear,80000090,0.2123295969024852,0.21316072406923325,0.23817759218370482,0.2252840703979686,0.19529846372758897,0.29896602096712144,0.20052090349351914,0.2338825172439769,0.230790395166035
ate_linear,80000091,0.36565977245978076,0.35905420691183765,0.4303717768233176,0.383415638510501,0.49474912792853076,0.41283267647436817,0.4299636474292632,0.4434991470020171,0.432892047468936
ate_linear,80000092,0.037490436634390445,0.02859682758745441,0.09366410990652335,0.07411182840761432,0.034425476393072696,0.05296186526712665,0.1976160498469759,0.09752089699205646,0.0913272233813692
ate_linear,80000093,0.14625597823244169,0.14570642340761258,0.13128105629068448,0.12460405457597806,0.1537363611517532,0.14128089774232938,0.13321144211870267,0.1410313926992996,0.1387728296576126
ate_linear,80000094,0.12770466413630832,0.1244126996053635,0.15300660934581145,0.13614480104579318,0.16082005109919895,0.1422828873647629,0.15557132568492282,0.16163633670939792,0.15129108038081515
ate_linear,80000095,0.026864818831472626,0.024916104575186004,0.02086528946974775,0.018041662474661102,0.029300294419317474,0.00165685226538681,0.015883020659475555,0.021042696734457245,0.017184905310659637
ate_linear,80000096,0.19374809390173886,0.19164393073187802,0.21370136862860645,0.2091790211783502,0.17900452738867734,0.24379477625952695,0.20275244837866757,0.20520851737128232,0.20798785811530088
ate_linear,80000097,0.11199949699769346,0.11344033497701017,0.13025906727964606,0.13077311235795347,0.13467046636472074,0.1245242061031851,0.11935304123292295,0.12489967066178648,0.12684409934411373
ate_linear,80000098,0.07354487941235455,0.07645006940335186,0.044840456700028564,0.04532607362240704,0.09323896930188091,0.023516078447999078,0.025973935579957086,0.06191178128689678,0.04999336764782818
ate_linear,80000099,0.18175789078738958,0.17835625371005803,0.1762819167044427,0.16504832467105657,0.1636333104040888,0.18765398224857122,0.1704336043265131,0.1882452603247431,0.17500289639499456
ate_linear,80000100,0.24644088233595896,0.247790808330832,0.2654619165766816,0.2681951471675019,0.2443108507502656,0.29426168883925485,0.2514444538462739,0.2537835785258393,0.26239914382582713
ate_linear,80000101,0.016680324825294246,0.01992663219834112,0.03040426746273775,0.04742846861744665,0.021809006484992732,0.03163617328072332,0.027228022369392146,0.026257181915290584,0.030871770533569088
ate_linear,80000102,0.09411435945948732,0.133517678818313,0.05839745179692146,0.01146381720027101,0.0066555105062402475,0.24311274663487303,0.07590633257350099,0.05875390394648683,0.07917846217227442
ate_linear,80000103,0.09518812284265032,0.10885785207543841,0.038408523652892046,0.10406844005380145,0.034779507066865056,0.09264830932412615,0.0372507987955617,0.013606649492125422,0.056470740946495956
ate_linear,80000104,0.25485321035465425,0.25558509578785127,0.23183221569141566,0.26581551780780976,0.20466943731388276,0.25835331430515474,0.22937514534076875,0.22104021062931245,0.2358507250793857
ate_linear,80000105,0.09306004596206757,0.09270295453521821,0.07246251953098393,0.09751665544960114,0.06861698580238434,0.08310511661026093,0.06362786841842744,0.05946552706214997,0.07446643066856476
ate_linear,80000106,0.5254611194707044,0.5273908645487912,0.5523662130921669,0.5554994240976461,0.5387359083272107,0.5839873076058515,0.5431677669860013,0.5441355303503164,0.5531051874734052
ate_linear,80000107,0.2326717929914095,0.22802954483772298,0.18847330380226157,0.2135111050679781,0.22216760683799763,0.22073709536338826,0.1411486225202181,0.1740228490903475,0.19431745577598591
ate_linear,80000108,0.2941488447536438,0.26850668815269163,0.39268023995055845,0.32888732579841307,0.3416082086910217,0.4270262542118042,0.3435969176639526,0.3569001975406616,0.3596037807811706
ate_linear,80000109,0.17764438797533144,0.18035115410387148,0.1479511420875751,0.14760030914842714,0.1302092831283771,0.13585461784898867,0.15155591179430117,0.13813038279115786,0.14067010094225038
ate_linear,80000110,0.09114858156634909,0.09829613214923483,0.12970592028094852,0.14234718328906637,0.08777615076495748,0.18777534014178854,0.10549673086597067,0.09845789915515524,0.12437066084338766
ate_linear,80000111,0.24491150618956836,0.2421795869009331,0.2632561469213799,0.24700517894194873,0.26927979232238086,0.24854512454436573,0.2660089278356865,0.2698397183554009,0.26013574839995657
ate_linear,80000112,0.1906103280599647,0.18972031150417856,0.18644598994808725,0.188116827350431,0.18333248172359995,0.19692055259304575,0.18238393340664438,0.18509737525539927,0.18717023406582406
ate_linear,80000113,0.14853427263656477,0.14799207898536543,0.16874995159664968,0.16765436979690412,0.1614659175530992,0.17206366809764723,0.17234558316627363,0.17218375655570844,0.16914265903392653
ate_linear,80000114,0.153023456455051,0.15178793412524372,0.15820806142765192,0.14067144435721546,0.16202532243806034,0.163265754700481,0.15381365013199955,0.16646034014302402,0.15724730235415607
ate_linear,80000115,0.13612733356592166,0.1339609431469153,0.11009867660638784,0.14663825504419314,0.08376060001489627,0.14438674919244754,0.08867953292963016,0.07414470188257205,0.10752196781274784
ate_linear,80000116,0.2993798559381622,0.2753482168390411,0.3829892819597381,0.31593334729215083,0.430222303219046,0.3435021346285003,0.38520407731076656,0.38629692847272334,0.3722317581846374
ate_linear,80000117,0.34910832494561306,0.28999583572213283,0.4688156113034927,0.369040296972438,0.4691532120115005,0.47808919996087185,0.37362365573708645,0.38878987878625026,0.4157392486936294
ate_linear,80000118,0.1819323220364022,0.1840981015077996,0.22645381475605247,0.21078648353733298,0.21536669815696952,0.27103816653408286,0.19868472899116751,0.2163907804600167,0.2224533715359139
ate_linear,80000119,0.18562740661957378,0.19072408058502788,0.18042833783486,0.19603598692276591,0.16134811022141093,0.17873284795143718,0.19088322498657817,0.17483857848503703,0.18036774971344585
ate_linear,80000120,0.19535339706763688,0.20286993020400468,0.2226984181366867,0.22380382650718156,0.19206862979754868,0.26090742730721894,0.22631912761554185,0.2231350027881569,0.2252468028031296
ate_linear,80000121,0.15350921522605365,0.1513568915032143,0.15436504255759653,0.14820177923667377,0.14064331423270648,0.1595242179535622,0.14259655844199604,0.15767248045432514,0.14972767006385274
ate_linear,80000122,0.25102086014748115,0.24975953645706672,0.3330970937728931,0.32136457808018226,0.19259763903618354,0.33989163882732887,0.42773535497189064,0.29963269479275245,0.3162443811416676
ate_linear,80000123,0.09795594142430897,0.11038720534795399,0.045926641688285974,0.0644822113370287,0.11791527198308582,0.007592440381110954,0.09886288569921131,0.06168395207875843,0.07010735229583905
ate_linear,80000124,0.09416636258932887,0.09153744012686549,0.14570623666617222,0.13334103853079615,0.1398043277916604,0.11404761106344996,0.18987783223959742,0.15413662225577174,0.14624148637625514
ate_linear,80000125,0.35995561287594147,0.35162142322254486,0.32016444907379454,0.3222561816949875,0.3571397404451401,0.3127954046506912,0.3010037879724533,0.3212287466306717,0.32288477227878876
ate_linear,80000126,0.3177688377096777,0.3175512211516027,0.33322638442064567,0.32827272583986566,0.3375172870352392,0.33145841528917597,0.3349131005003576,0.3402678029730444,0.3344858663275366
ate_linear,80000127,0.06905032282651691,0.06897294109643726,0.05973330771507053,0.06116333564699916,0.06880537008823184,0.06021524181546001,0.0610736343819025,0.061249699051988404,0.06250145619691638
ate_linear,80000128,0.0049427435115013685,0.0030947611048851575,0.04377212074249648,0.0436895206257667,0.04239114973098379,0.10309401300400156,0.02891340997665781,0.02824553993194956,0.049266726653871884
ate_linear,80000129,0.029064051043706574,0.03854464104445521,0.10074922366114203,0.10157778410287444,0.010653466749471985,0.10800955368252341,0.16458169294567648,0.08906203618319575,0.09477690673274841
ate_linear,80000130,0.25567793288172846,0.2449651900762475,0.2971827332014001,0.26797675528468257,0.3112183753484643,0.2689956370824731,0.3062624875539697,0.3152265492910302,0.293935960912124
ate_linear,80000131,0.10980283258202905,0.10087614295724268,0.16394490239861836,0.14981334445718164,0.10604243514779443,0.12842386005166406,0.21813540694955225,0.16481613157037134,0.15344623563531273
ate_linear,80000132,0.2328109689568295,0.23127245386588713,0.3049774952744261,0.2543826051567807,0.29466342409598967,0.23448669394004484,0.36096703489768645,0.3360902019356503,0.2961179920052304
ate_linear,80000133,0.09003683505084226,0.09280234155680844,0.11059853611018367,0.11137896356608579,0.07232403335597226,0.12944334325816342,0.1053669708731384,0.1058605867388458,0.10487477955844113
ate_linear,80000134,0.0374859912861647,0.0363641126622023,0.07459326820266854,0.08148840503585952,0.08577248887909072,0.09037921266449112,0.07158008651626724,0.08537444906128067,0.08291892843139785
ate_linear,80000135,0.1086702649969764,0.10831028274485544,0.1515993034023948,0.12917968682238534,0.12217557481715158,0.1278222506422706,0.17433422855326608,0.1725132768530555,0.14520500353762583
ate_linear,80000136,0.00743453789350923,0.00763791639206346,0.013626089951371503,0.012143602853988966,0.017005665487026533,0.03899441499111589,0.029249875134205183,0.02188800114986833,0.023856311923240982
ate_linear,80000137,0.1092511940226587,0.11045586349821412,0.11725245001173334,0.10037600281095826,0.130514435790542,0.098867707274917,0.12373333456373536,0.12648438694334352,0.11599517347669923
ate_linear,80000138,0.06862407901155665,0.06907993533479884,0.03698608406650736,0.04968696811067774,0.037662043951627755,0.0302396265493603,0.037411510728475594,0.028960227750417733,0.03679207541811182
ate_linear,80000139,0.055759929922076346,0.06385468771741021,0.07878397634312734,0.09350936939999688,0.035906039979907156,0.07613857915684807,0.0675948195724212,0.06628271272465813,0.06788630416676629
ate_linear,80000140,0.027719192411768123,0.026735075023042842,0.006096701119077508,0.020827807690965816,0.03837586214767663,0.029273457620275334,0.01919082531703742,0.026052079889905766,0.026744006533172195
ate_linear,80000141,0.08907642864719201,0.08808234238162804,0.12317392134204674,0.1200689961864071,0.09623435043826867,0.10667922997012902,0.14458337330356408,0.1173565676166134,0.11698450350299645
ate_linear,80000142,0.09014061179046651,0.09476319041137715,0.07082678761367822,0.07292303528671285,0.08618238654022237,0.052591652535248,0.06906965460662862,0.08337763037567159,0.07282887186889668
ate_linear,80000143,0.1555524915097104,0.1549329459307538,0.16078633001202808,0.14706021543720826,0.1624804734824048,0.1654147356388913,0.16115435954311952,0.171822749042307,0.16158650662878618
ate_linear,80000144,0.13517139733390593,0.13709543526725554,0.1367132979686716,0.14108346283988737,0.14868257821159148,0.13631020367698454,0.15393648922996306,0.13505624116019987,0.14301379502372527
ate_linear,80000145,0.006277434114633662,0.006237737421213252,0.009846774820505333,0.004506818536935908,0.0035038073022974903,0.03376721549433337,0.002921946760000127,0.011246315721689326,0.011189220763051243
ate_linear,80000146,0.18228765730645524,0.18777688746240007,0.18370608095910412,0.18161889319207536,0.18845244650628434,0.16650589709069596,0.19653602843072282,0.18489881758477555,0.1836024165609108
ate_linear,80000147,0.19933500064937437,0.20192148460475767,0.19851813687412107,0.2231936372670349,0.23210760130016173,0.16453876270381773,0.20620705856410826,0.17971055878726805,0.20115152372447814
ate_linear,80000148,0.2088190542011863,0.20244582755857765,0.19298167093092267,0.17871721847349464,0.21647926433378517,0.17510058744245827,0.19127687080198585,0.20078595741087257,0.1924719796925193
ate_linear,80000149,0.35090528158651824,0.35796105591761107,0.3930182668398523,0.40217263726698393,0.34841462699877257,0.4680533829163217,0.41999678043829436,0.3824675056170129,0.4042209866474771
ate_linear,80000150,0.19999472331323354,0.1995178824297401,0.19116387832977502,0.20288081374087064,0.19291405286707608,0.1688271788886997,0.18354406859793393,0.1817927500239822,0.18599177282371251
ate_linear,80000151,0.20271427987465085,0.20590847043642224,0.21257582029649438,0.21931318624266805,0.20408683700808705,0.22874011529931249,0.21531872136840047,0.21258990897187413,0.21600975377806844
ate_linear,80000152,0.20618814535901753,0.21156651087568012,0.2553029448585291,0.26289457388684956,0.18918294020459858,0.3509175211982509,0.23213678904340473,0.22714954920575825,0.25245627470777243
ate_linear,80000153,0.0346495227842194,0.037716699573264734,0.012055947068200724,0.02970237824605526,0.017787730130420343,0.01476531084166588,0.015498563456402437,0.01022935825871052,0.01759666818665089
ate_linear,80000154,0.23169166153968712,0.23389256304801842,0.2520159751802816,0.26100224560798546,0.2456292540460958,0.27912605113090416,0.25847047871650597,0.23688084191383263,0.2562217742830648
ate_linear,80000155,0.04980549447350757,0.049911888764431644,0.047107824013760236,0.0452432953577544,0.049319001362850834,0.050862821267178226,0.04766097895913379,0.04950562350564258,0.048518344090511964
ate_linear,80000156,0.17291859502913842,0.171894110394739,0.1702722441685427,0.16678432340743432,0.1722801696789492,0.16970054025771508,0.1664259206783999,0.17226836795928369,0.16949186439635644
ate_linear,80000157,0.0029983189359990003,0.018390741612085426,0.08330428186499206,0.0011971857801762464,0.2573658559068355,0.010248389507898414,0.07498064968430129,0.09626815054260818,0.08801204628436392
ate_linear,80000158,0.22106961206159603,0.2222601403351785,0.24146599665842067,0.2491758842822076,0.2382801254149438,0.260225199615574,0.2506326814051629,0.23039724723062527,0.2457422275897027
ate_linear,80000159,0.2647973204256827,0.2626836205126578,0.268458297312432,0.27737825161235874,0.26052748209255283,0.27679841762798374,0.2679456973673636,0.26618360525386875,0.2697666907908255
ate_linear,80000160,0.4157690543737571,0.4215637583341758,0.43934418149854354,0.42641259618665384,0.4417053896989982,0.43247301765348123,0.4402255553808372,0.44976217933561013,0.4381157476511161
ate_linear,80000161,0.1531727851132607,0.15674173242847678,0.09639592773716209,0.12764571763078925,0.07091875902812239,0.04508381865422484,0.11320638812582251,0.1180092931489205,0.0949727953175759
ate_linear,80000162,0.17783486042343877,0.17494308147751592,0.190932933429115,0.18455433044754765,0.19407772217118047,0.18535267505966924,0.1927622476609876,0.19623386059128545,0.1905961671861341
ate_linear,80000163,0.13929374232838365,0.13693280234883043,0.1199294210965417,0.12305225148747179,0.14999992862293932,0.07394028916905138,0.13278765693257066,0.12339646831104967,0.12063531890461657
ate_linear,80000164,0.018631273911378976,0.021243477270982858,0.03255810628928957,0.049602912769697305,0.012881958887956735,0.0275164339999181,0.02585148255624592,0.024320269034288522,0.028034611449621317
ate_linear,80000165,0.16567144163103897,0.1666777468487819,0.1781515694424709,0.1791853643223842,0.17243698604555924,0.20331976182909806,0.17702409990282852,0.1670388317868312,0.17980100877734023
ate_linear,80000166,0.16209008064772878,0.1658863004734734,0.10687989559676447,0.1494976457646111,0.09080399837996755,0.18496741619612966,0.05680479374434744,0.09058787193801199,0.11453234520461356
ate_linear,80000167,0.3442718101327684,0.3421278310601976,0.383903004009035,0.3749893022363451,0.34899518020799425,0.46450999506166246,0.37898233659913805,0.35620364673784044,0.38473609216859606
ate_linear,80000168,0.03626141875499522,0.039028147156179305,0.007028311784208208,0.032983580524862166,0.0034470054458979327,0.01807157128566539,0.009355852301061507,0.003605255777776595,0.013492653067052718
ate_linear,80000169,0.19393209080099338,0.19562462429403538,0.18490825752615225,0.19958153824209446,0.17805508236288303,0.1904397354543137,0.18556908230184788,0.17725280384420627,0.18617964844106907
ate_linear,80000170,0.07190674345982906,0.0688299516965234,0.014760055131784577,0.026901902742258343,0.11933845084203121,0.11239934164988163,5.727808965083625e-05,0.03491920035374996,0.0587232347355144
ate_linear,80000171,0.5444069838797105,0.5504823512112154,0.5054409092937959,0.5215317940985216,0.48381290200104843,0.5092787182604326,0.5138441360270036,0.5032777673279298,0.5063490635429873
ate_linear,80000172,0.195572873420919,0.19592010027905804,0.20940694420775277,0.20437563381334645,0.20414730704566342,0.21428406781693798,0.20501350409528118,0.20906875453134877,0.20737785346051557
ate_linear,80000173,0.6257628521497036,0.5820867142255093,0.7729291519696502,0.7140921673352505,0.6492084583813931,0.9348079285199429,0.6188131889874722,0.663995178657272,0.7161833843762662
ate_linear,80000174,0.044963298534519636,0.04780191013730284,0.0083763854750325,0.022697149013645612,0.0016798393973040948,0.019665299152500593,0.024195970798366107,0.03370315005862001,0.020388281684087285
ate_linear,80000175,0.02702278648149059,0.03010440622102306,0.01587590728532351,0.01555789266358898,0.04605955634843395,0.013951011045089223,0.03267116103898571,0.01447386298905895,0.024542696817031362
ate_linear,80000176,0.4469850122842737,0.3896051779303499,0.5996367901477762,0.4514388613316961,0.8724768519315668,0.5753997325811334,0.5227539747867532,0.5130079019728847,0.5870154645208069
ate_linear,80000177,0.2980487478316787,0.30665840035090475,0.2470070970595839,0.25349964028010397,0.3433143032134536,0.18575621967921285,0.2875664365828994,0.2603436840117934,0.2660960567534926
ate_linear,80000178,0.03819724800416613,0.020703880809036734,0.10532409431764278,0.08288988354035998,0.03246471168824816,0.19584521534272814,0.050183980487076285,0.06297752144166613,0.08487226250001574
ate_linear,80000179,0.018504142063894724,0.029297231930532908,0.01804778645630778,0.02360594202879951,0.048550606471261526,0.002475380200186228,0.01686012814637139,0.03719168971177056,0.025736749311677843
ate_linear,80000180,0.06431529639028888,0.05582491276525836,0.09887982723974564,0.04856071589254718,0.14004866001867633,0.059760845878356506,0.10056737778448444,0.12216875670217853,0.0942212712552486
ate_linear,80000181,0.16930463165852322,0.17152609676930203,0.2606500402173687,0.2456684038123776,0.1191502586087872,0.2550621703347851,0.3884626831940104,0.2535199299535443,0.2523726891807009
ate_linear,80000182,0.07207242177356044,0.07348290608752528,0.06599143670428553,0.07380059884417811,0.0640260331474618,0.062407647832520396,0.07062426732409754,0.05633333848346034,0.06543837712634364
ate_linear,80000183,0.205353763112611,0.2060910129638378,0.2017216587157909,0.19786464811283988,0.19727375746685905,0.2273659074397747,0.21439462543446464,0.20832901836354178,0.20904559136349601
ate_linear,80000184,0.14121891987746515,0.13524927628463068,0.18930305970137873,0.185207266930993,0.12206794751113215,0.26072551739638605,0.13228990567153254,0.16330220234816828,0.1727185679716424
ate_linear,80000185,0.02539824398476176,0.027491320690694376,0.03836039753872447,0.025130470118108317,0.01945126505810313,0.04067817779499583,0.04876944871861033,0.04454981239754252,0.03571583481747202
ate_linear,80000186,0.17495183502048128,0.1747435316881525,0.18673766706794373,0.1908834264120447,0.19988059852927798,0.20438541327327364,0.19585350011199587,0.17524199043124788,0.19324898575156801
ate_linear,80000187,0.289156201228182,0.2883231667128011,0.2927155283537314,0.2838201550093099,0.2965478924360677,0.286226513728182,0.28663564000992026,0.2969776419248983,0.2900415686216756
ate_linear,80000188,0.0887828258717338,0.08960793296935954,0.08868240396621618,0.09038166086318888,0.09339086095931926,0.09460375587585368,0.09705088417175212,0.08642957489135661,0.0923713473522941
ate_linear,80000189,0.30167822877786676,0.30012916366479914,0.28393358032129323,0.2839420918645672,0.30561183730981867,0.25122981111429254,0.3091874007406048,0.2977692369642071,0.28954807559869805
ate_linear,80000190,0.08387065674727223,0.08236709978049062,0.06465097810690662,0.07826507832472585,0.0858870818800237,0.026464112061908462,0.07639823104803822,0.061160124797275284,0.0656349256223943
ate_linear,80000191,0.015165515755578896,0.02027637562648954,0.010510627413824136,0.007189520214959999,0.01688694157703219,0.001086600636407753,0.014507822180822472,0.02288310923679171,0.012510798769202825
ate_linear,80000192,0.11264456133880651,0.10984913330116308,0.07694041454755701,0.07987167756595648,0.1024994484666828,0.1040374271158222,0.07943563978710211,0.0751876465562824,0.08820636789836919
ate_linear,80000193,0.1682767894247288,0.16756630205900613,0.1369511392095799,0.1292595889547581,0.16263687872679178,0.12171197199613992,0.14363467955381815,0.16426599287779275,0.14430182242186013
ate_linear,80000194,0.05650399718285182,0.05278383288384059,0.11168635878563515,0.06394051108360865,0.12095855269432643,0.036797151899343516,0.1470984080791531,0.12856505904198268,0.09947193655968287
ate_linear,80000195,0.47154250911650664,0.4740850048440457,0.41924753359732636,0.42445144227919585,0.49991318754134184,0.40219924024519926,0.4309763031381131,0.4371795373338223,0.43894394210753446
ate_linear,80000196,0.017036452614857645,0.01820214065272996,0.028116872632100054,0.01920349868495652,0.020716294371678323,0.027224942767216653,0.03698398145396897,0.034394219243123025,0.027704587304188698
ate_linear,80000197,0.016977725264511356,0.015991983649215946,0.04193319297126752,0.014551462891616573,0.02061158203788782,0.13484704709342932,0.010716436144790897,0.02811229443840002,0.04176776452122492
ate_linear,80000198,0.3818786918796735,0.3786082446254926,0.4281751930393415,0.42937745448724796,0.3870032608188825,0.4780439316906171,0.3996484458126264,0.40633841153757144,0.4200823008693891
ate_linear,80000199,0.05654879096912557,0.05760558132099325,0.0780855644123476,0.07689218405651266,0.06565796021389181,0.09907524470256979,0.05505879405903036,0.0583725142853182,0.07101133946346457
ate_linear,80000200,0.07545518079870939,0.05645721355551481,0.16005033651465173,0.06241362491720914,0.27458243766897916,0.06265615621680021,0.16549377838248014,0.19221233526343107,0.15147166648977994
ate_linear,80000201,0.10925476611072305,0.10444610178882363,0.14069113791400678,0.10326795638019326,0.1662929540913749,0.10242157042438271,0.1503409630101371,0.16746549666339638,0.13795778811389686
ate_linear,80000202,0.33920470576114603,0.3369869361383433,0.31579781870670254,0.31990424494571634,0.3467470179063792,0.2505424986345286,0.3385089407426829,0.327131963775825,0.3165669332010264
ate_linear,80000203,0.1856538408837114,0.1854009979805742,0.17665476737830976,0.18749955831382614,0.1711855882248674,0.1870116346916948,0.17316553531501633,0.16853794990394455,0.17748005328986985
ate_linear,80000204,0.11771919740983128,0.1185155154640305,0.12526806606598961,0.12543436302491306,0.11703284992524265,0.12378134741135716,0.12422707094498753,0.12271275533982395,0.12263767732926487
ate_linear,80000205,0.22228712371567516,0.22415388158539562,0.18474757305363448,0.22944039634445934,0.1666598074791792,0.2265713267681959,0.16457042626122265,0.16706607273796825,0.19086160591820506
ate_linear,80000206,0.2167802560538158,0.215701471588026,0.23526975991428944,0.21612353207768054,0.2470193016737804,0.21374745251835436,0.24329931618870348,0.25160528304279894,0.23435897710026357
ate_linear,80000207,0.10932872858531306,0.10897804465777705,0.09627698627002068,0.09282408323771785,0.1100809094000561,0.09309732583052943,0.09997447994239161,0.10221224692351649,0.0996378090668423
ate_linear,80000208,0.3544834153519469,0.35178806351288133,0.36154958100779827,0.3529444122479754,0.3746357522697645,0.35372666733129793,0.3580727306918698,0.3615142414139109,0.3601787607909637
ate_linear,80000209,0.2754068685310398,0.2702050519722019,0.20813502795868244,0.2567357135551487,0.22768834359817847,0.2820454550521885,0.1493261171119724,0.17516222722702368,0.21819157130890235
ate_linear,80000210,0.130771103189604,0.12990507750333996,0.1244841512900755,0.138771089599745,0.1546840694409773,0.09433374075712414,0.13047865300001354,0.1133726861936018,0.12632804779829235
ate_linear,80000211,0.2766142658168729,0.27734044410533265,0.270494126456445,0.2838035694534238,0.27321303107089356,0.2763286105567868,0.26667478896922425,0.2698278597766812,0.27396957196540195
ate_linear,80000212,0.09933963083424197,0.10435500406422243,0.12268365286984079,0.14351853393711672,0.12656888031162844,0.11566778682865725,0.11348136924900637,0.09536441826023684,0.11892019771732913
ate_linear,80000213,0.05893097645285916,0.07068319446090054,0.14940846091750454,0.15003283149245572,0.0029866231108028884,0.200279085102113,0.23176047033313107,0.14260850674155545,0.14553350335601162
ate_linear,80000214,0.1346037185171448,0.13425532936843265,0.13062534689696648,0.12775878071578373,0.12150816082747806,0.13583640217574466,0.13191250920089115,0.13833079695494999,0.1310693299749695
ate_linear,80000215,0.15331154609776898,0.16276531959630414,0.08522805715657644,0.1446415736780302,0.00748329902745648,0.1587087466821806,0.08227031971074505,0.05450051570989056,0.08952089096166058
ate_linear,80000216,0.20373478489219532,0.17720785694419727,0.2786919649153886,0.17951396065055714,0.4169059689551531,0.1967145498305498,0.28137168245612965,0.29452326851188526,0.273805886080855
ate_linear,80000217,0.03102976890613318,0.03516087742854834,0.014065744600789576,0.0281927964310813,0.005715050421254642,0.022814252100484378,0.013575055323140628,0.009340085707204349,0.015927447996633058
ate_linear,80000218,0.025652460903436758,0.02499267473867617,0.04833379179290018,0.07566027358225069,0.029536340535194494,0.016192317158491232,0.04290525630167208,0.025436330736190893,0.03794610366275988
ate_linear,80000219,0.16290102809388496,0.16481427758653022,0.17369609683472964,0.16176943391282417,0.18984936088044502,0.15812723248917915,0.1854069074960456,0.1813604077668891,0.1753026685090766
ate_linear,80000220,0.04510403446586228,0.04747784904868699,0.05053298942477796,0.054632432979656226,0.032345883769107825,0.05214027337462998,0.04525337390334702,0.048278071207118994,0.04653000704677201
ate_linear,80000221,0.4438918231827973,0.4340515731675385,0.48246542800495607,0.45832461107799993,0.5052738188607453,0.46632939566204534,0.4825418590409516,0.4947408436639069,0.4814421056611298
ate_linear,80000222,0.04725940169798226,0.04315013827787728,0.07258329333769187,0.06699873151289315,0.05206478776441903,0.10305650176512093,0.06336713971601815,0.05301327647672982,0.06770008744703622
ate_linear,80000223,0.17306659972246619,0.1729529634672019,0.17525030529077978,0.17158387457903357,0.17637516414698096,0.1852723792749259,0.17420907175119849,0.17401076709803076,0.17629025137003393
ate_linear,80000224,0.2777395258418849,0.27427339653890637,0.3067666540614895,0.3025735626689723,0.2628171453944972,0.35416531662862805,0.26966726879995373,0.28885185818594006,0.2956150303355983
ate_linear,80000225,0.06414466804911267,0.06665774888445508,0.033091147310034146,0.04718869819392335,0.05124021961440217,0.03412312536586892,0.038661154798165676,0.03163272037257325,0.04056918366898667
ate_linear,80000226,0.2532770249940818,0.24868144727725439,0.3325861249067252,0.29955529309291296,0.18886762000102453,0.3288638804056113,0.4312261853315299,0.3429969165422385,0.3183019790746634
ate_linear,80000227,0.07791361779613737,0.08056572646541837,0.05787841052456144,0.07070676059170011,0.0499141570989633,0.07222375840587858,0.05159113377971891,0.047869240946009195,0.05846101016445402
ate_linear,80000228,0.2664546790828908,0.2659765306225026,0.26285073192026265,0.2594368282070363,0.2454147163143361,0.2670371356716359,0.2409012141933644,0.26949201257135513,0.2564563813915456
ate_linear,80000229,0.06381685829399064,0.05636511540649369,0.02878660878775552,0.018397701742629557,0.07730795240638688,0.015489084484557658,0.029395682575683146,0.04212702608344987,0.036543489458541425
ate_linear,80000230,0.072260564575922,0.0746365845306034,0.10700749755932037,0.10608763099743079,0.04052222372127723,0.11764145494533729,0.08545202613903236,0.10474926830364417,0.09089052082134437
ate_linear,80000231,0.17114504106856554,0.172333647092354,0.1884077889523622,0.18503024109221666,0.17315094598151415,0.2317632032237169,0.1967133177123186,0.1863559974036333,0.19460274108267991
ate_linear,80000232,0.13709593402935405,0.13563758718563457,0.12116036998821633,0.13805795299602885,0.11224645959926982,0.13875723468853374,0.10344547617031474,0.10699678051067729,0.11990078079296489
ate_linear,80000233,0.003785608664121143,0.005408821955289356,0.007698454007540212,0.008859159097109326,0.007119537934694775,0.009519161328707226,0.011111260995302685,0.013014973744783886,0.009924818620119579
ate_linear,80000234,0.0017207410242732202,0.004519474325733963,0.027795528428596672,0.005781032511932072,0.013388657378000435,0.028338634775919136,0.049157583521646675,0.03276190850321692,0.02588556333814305
ate_linear,80000235,0.012392023399057983,0.013740101649942993,0.011387583806696522,0.014818498685541748,0.0009422393586069333,0.010867694213572143,0.014074781730356811,0.008246043517771362,0.009789851501169799
ate_linear,80000236,0.12166984539888359,0.12384849947355248,0.11181536477468468,0.13001015942953087,0.1319143043126867,0.12574379306695915,0.1328407244052694,0.10904419582746483,0.12591063540838218
ate_linear,80000237,0.12095875470636874,0.11897809236048251,0.11003251998423125,0.12220043866632968,0.11216438739298373,0.1197497936963895,0.10182351796625644,0.10166634051798373,0.11152089564798862
ate_linear,80000238,0.100582208233704,0.10224607189260904,0.06346916158758587,0.12092092235647622,0.03724906941019479,0.07337489326559488,0.07037381430231515,0.053505431609978116,0.07108482618891183
ate_linear,80000239,0.032570608719850735,0.03030919359591122,0.002533545359636513,0.0028715960827123688,0.026609294876123624,0.01705215050313358,0.00311859621140842,0.02116751001742001,0.0141638295381596
ate_linear,80000240,0.055574588678558134,0.06297021379299905,0.058125011823852324,0.037423484228332304,0.0772949384672239,0.03462087383099344,0.06077527274914529,0.07150780429669168,0.056324474714477324
ate_linear,80000241,0.1915399187157224,0.19804367953038915,0.16067628198362094,0.17084667616582616,0.17182657652593358,0.17040560179448827,0.14821938210225805,0.1577446215698789,0.163808571631677
ate_linear,80000242,0.26996331260399775,0.27231555030541377,0.22019367263512568,0.25016491458611445,0.22022264049248652,0.2805011753817077,0.18891387031273799,0.211019206502008,0.23016436145501093
ate_linear,80000243,0.29436995213458705,0.2993652385992782,0.25020198946426087,0.27040392284820247,0.2318022412581222,0.24685087924430538,0.25583620493838954,0.25071874385307,0.25112239842841794
ate_linear,80000244,0.22960730000129326,0.21676786347022636,0.2897270898400841,0.24475295944800957,0.3609829108296929,0.25256212158790214,0.2965506474553643,0.29933585329642876,0.29083689852347955
ate_linear,80000245,0.013567459876098642,0.013237155149140367,0.03518652246744276,0.03276569313780309,0.03778146124855519,0.04744198090807439,0.029805935094513902,0.02693150110022069,0.03494531429783345
ate_linear,80000246,0.15387254098514802,0.1583623204574991,0.11958320478061935,0.13683538774112947,0.11249821523288972,0.17039554456333406,0.09307401517490632,0.11951737741092927,0.12646410802463776
ate_linear,80000247,0.11427369839295998,0.11508777863130226,0.11214040047273288,0.11360159641847267,0.13296744352922096,0.1174920511876072,0.1254750800763096,0.10609707361802712,0.1191266489659275
ate_linear,80000248,0.1966049898132487,0.20605876331178385,0.24856001024095242,0.25803794746247966,0.1853195655807658,0.3224287260040446,0.23226823692170817,0.22957351093141276,0.2455255973800822
ate_linear,80000249,0.05720854446889234,0.06023586437703443,0.08157606766225156,0.08812815592290235,0.04969609425069166,0.11471713230611158,0.06996745512486768,0.06723714516164137,0.07794919655324292
ate_linear,80000250,0.06933008443884758,0.06773935567908196,0.0845233322339527,0.07366048109106926,0.09020065080695061,0.06308065664343743,0.09311829816870598,0.08402680170111565,0.08081737768225579
ate_linear,80000251,0.09995907930034276,0.1012356319774973,0.09929252055781956,0.10380989698070164,0.11631042150157567,0.10407257465022679,0.11573529628413792,0.09367198136943455,0.10672003415721532
ate_linear,80000252,0.0017032277044009003,0.002344812100763205,0.004302157109613125,0.013416374867792014,0.021439994519586447,0.010523949915533182,0.038569058125848654,0.005634461695318338,0.017916767824815726
ate_linear,80000253,0.11343355176487724,0.11276276109257499,0.10951550004521193,0.1076435565713958,0.11586768624821464,0.10584635732212822,0.11762316224613945,0.11506147382298271,0.11240844724217217
ate_linear,80000254,0.11874649908712376,0.11736247923543919,0.09106812861135483,0.08936099198034275,0.1387584009425925,0.058841685320644266,0.0858818688648032,0.10080311682394016,0.09472921278646458
ate_linear,80000255,0.22127988269386134,0.22444858481941066,0.23909310927448119,0.24197032382545314,0.21266623666343532,0.22466167142448268,0.23291599085388026,0.23302178909835658,0.2290472023731216
ate_linear,80000256,0.32732877964292384,0.32693813080106593,0.3181261801174722,0.31337855095182277,0.3350566410473428,0.31955085033689357,0.3227250360897622,0.32088110679899073,0.32231843704496244
ate_linear,80000257,0.2006782533955903,0.1999051811528535,0.1956044914555879,0.19204797766927195,0.21638675950292063,0.2023986818623872,0.20046421311620188,0.19369682095769358,0.20099889062169501
ate_linear,80000258,0.02540505834236484,0.024801382500079683,0.06306963868751869,0.06658006616249423,0.0059967131198916945,0.10687972016945224,0.032881030517962984,0.03952468343391757,0.05037244268074374
ate_linear,80000259,0.07611262958378595,0.07865619074435037,0.08400941204161447,0.07699227493138117,0.06910586517185968,0.08978468712301058,0.08666976701350015,0.08778951477141184,0.08206842180223269
ate_linear,80000260,0.07076627821684323,0.07307560057402096,0.04804975600004624,0.04863489479780636,0.07669193358183346,0.026907750079636195,0.07069332213163815,0.060015030810837366,0.05658858628035031
ate_linear,80000261,0.011858361085106683,0.012194173653771234,0.00842398317640003,0.013672964890648676,0.006836461146523309,0.011609894911597418,0.0008807054359215027,0.004848944266487909,0.007569794130235763
ate_linear,80000262,0.17260160284203163,0.18063425259750954,0.12465720908802619,0.13875689344566933,0.15060072379273048,0.09810733037155739,0.16068439917725197,0.14954876141708962,0.13953962164085976
ate_linear,80000263,0.0010997839367485884,0.00510998443723687,0.056527846297016016,0.052440565069904244,0.045584637681255424,0.1344426087939643,0.01601414008974067,0.029288928946247017,0.055554176116222334
ate_linear,80000264,0.061252183745920896,0.06695980532032275,0.08713043434482837,0.1080695460544231,0.08664185507160449,0.1106688450084331,0.09130603773456836,0.09953636629444385,0.09924453003269458
ate_linear,80000265,0.17905068141398317,0.1799402211326111,0.18596908790049427,0.18061828357157594,0.19330215197977907,0.18349337321696169,0.18722963077006227,0.19170760852274782,0.18727020961222535
ate_linear,80000266,0.08829627978522714,0.0835307990284675,0.07207290577609476,0.06480999338347848,0.0899828230114692,0.037229285118173916,0.06754751550872262,0.07406376349646981,0.06672667610366281
ate_linear,80000267,0.1357039185419941,0.13895228227528572,0.14839802702816968,0.15034785589131355,0.12098949870022774,0.16781067570599556,0.14127936681660652,0.14806756099614143,0.14569899162205696
ate_linear,80000268,0.22039626969515846,0.21999489201724098,0.22332435979067844,0.22003268136202858,0.2147393120688157,0.23671518696963356,0.21344481839358376,0.22246347798525856,0.22147909535586402
ate_linear,80000269,0.33013497134616987,0.3294621243136229,0.374352396930963,0.37215168615749494,0.32682870170047895,0.36148817678859846,0.40431137224605695,0.3777905537741484,0.36851409813335556
ate_linear,80000270,0.30693247931302725,0.30969747917951285,0.29233050959409423,0.31106886284650503,0.33190503733457266,0.20772460120023428,0.28714767115415274,0.28130695240796744,0.28383062498868644
ate_linear,80000271,0.08537956524287788,0.0880594794789466,0.09816256809627139,0.09724872756396857,0.06892054725085822,0.1011328642407569,0.08855693984424201,0.0962658171693,0.09042497921382514
ate_linear,80000272,0.09801396338366974,0.09884866682910431,0.09186227528476232,0.0919350048723172,0.09428771941089142,0.09223356453799714,0.09081860987567414,0.0918587109270047,0.09222672192477692
ate_linear,80000273,0.040971950122478784,0.048207834788921655,0.014518659880992602,0.016990647145870508,0.03281398160136062,0.0332591984955104,0.10535998599850815,0.0059650089057652345,0.03887776442940298
ate_linear,80000274,0.32878035654415244,0.3336392675815975,0.3589965139805234,0.3528677259861385,0.365271273749963,0.35904771437038535,0.3610522781788265,0.3689864312588131,0.3614450847088253
ate_linear,80000275,0.24592888739337848,0.24178469565143512,0.27869295265903404,0.28341010596980976,0.2533618250154488,0.2822683193944924,0.28214142110576557,0.2727135756277077,0.27477904942264486
ate_linear,80000276,0.06864835414126336,0.0675944248123449,0.05038867387011481,0.05039467009737908,0.08151342066958367,0.02054651173785149,0.05950160416796624,0.05570496710970818,0.05353223475649773
ate_linear,80000277,0.18205766464265571,0.18057869459184395,0.17441681409867982,0.17272399450334297,0.18234418417009102,0.15928541208299385,0.17253409410508858,0.1783924558261274,0.17305602813752877
ate_linear,80000278,0.4244438931476129,0.4233500883113397,0.4395046994220269,0.44174595923533566,0.4351816997062219,0.4396959170829309,0.44034143538584836,0.4399547800551904,0.43938395829310545
ate_linear,80000279,0.12494147639932401,0.12273586612405546,0.1201626412219024,0.11513675075235136,0.1511267952269531,0.12659231644334562,0.12182811718644865,0.12101963978471525,0.1271407238787628
ate_linear,80000280,0.21716664701287725,0.21539448171441533,0.24799405008141973,0.23133836656396367,0.2699295130330799,0.21766100793664434,0.27172480493371465,0.24997960000817754,0.248126658495116
ate_linear,80000281,0.14637675925228,0.14753308936092258,0.12574363394710408,0.13431873961421847,0.17578223391506076,0.08057025118800998,0.16646042510005832,0.13201418562862277,0.13782916708919407
ate_linear,80000282,0.31123184520092817,0.3118869002470097,0.2990415270933232,0.3070617850431523,0.325062983811768,0.2658891614088139,0.3096802170881352,0.2966334159978947,0.3008655126699528
ate_linear,80000283,0.20382195548041016,0.20632558897955566,0.22436433867437988,0.1980096681497827,0.24896615580542236,0.2034152133844629,0.23048060969336182,0.24077480868322998,0.22432929114325195
ate_linear,80000284,0.08634811308851997,0.08434122469893257,0.0797179189013556,0.0780024495410041,0.08030181792250435,0.06561761763563911,0.083545264272602,0.08706700470915596,0.0789068308161811
ate_linear,80000285,0.1506784229065985,0.1497289805199713,0.14636815474291745,0.14869168088694518,0.15495575652380889,0.1480163900639624,0.1467886088873953,0.14661776707430785,0.1490140406872839
ate_linear,80000286,0.3484189293229696,0.32760313962341514,0.4177595219457265,0.3509714982354757,0.5051174542749044,0.3582281253183004,0.4191704771363851,0.43202868913055625,0.4131032488191243
ate_linear,80000287,0.024022267629560945,0.023897336294111726,0.026865504552778585,0.025931404401716707,0.02115588026231241,0.03162376718705606,0.018181250860151765,0.024013207723555086,0.024181102086958405
ate_linear,80000288,0.2582177326693902,0.2623111822321782,0.2340515342220435,0.24791869825271462,0.2659854360535512,0.22257183796314095,0.24703287637380456,0.23096594518569802,0.24289495876578188
ate_linear,80000289,0.1578638631475055,0.16165065053821442,0.16548031602025862,0.1845856237781131,0.1579123068225467,0.17490150812984345,0.1740379411351764,0.15869759801746247,0.17002699557662843
ate_linear,80000290,0.04753031882940206,0.040124203297480676,0.07956169995962059,0.06622692498861227,0.09692742976842794,0.07785823497472677,0.07775029096303854,0.09056832942663107,0.08186624202428731
ate_linear,80000291,0.41517444366629697,0.40722079986746884,0.4679545235079108,0.4591085504930792,0.39891441578085995,0.5366372656267462,0.4003591131609259,0.4219731878679571,0.4433985065859137
ate_linear,80000292,0.052405129561180486,0.052525411734337224,0.05359729398226176,0.052663098463768376,0.05619336236452521,0.049774538168663396,0.05231095422243537,0.060594330916160954,0.05430725682711066
ate_linear,80000293,0.2484198414430303,0.249021252308814,0.25432716241928777,0.24719460836502738,0.24086256853195853,0.2903265558824224,0.24470504156204886,0.25255390039536185,0.2551285349473638
ate_linear,80000294,0.09533916443931556,0.09475167125808692,0.09052809208976721,0.08657269955026603,0.09992150247442222,0.09305936128246284,0.09164456308233238,0.09390732676135993,0.09302109063016868
ate_linear,80000295,0.1929324339916274,0.18818352332611532,0.2213530611087844,0.19332034101982565,0.24509928336639852,0.20279092302818746,0.22305805197258444,0.23145616760750265,0.21914495339889975
ate_linear,80000296,0.1573337501415304,0.15733053149071252,0.1826482242473655,0.18576969565239465,0.16725744665947473,0.2171040958293966,0.1715800947078756,0.16202749670830285,0.1807477659114889
ate_linear,80000297,0.09694474936682296,0.09648046643692565,0.0688706848885448,0.06817406044560981,0.06973502413589072,0.05397264288026404,0.07654013858396125,0.0822719745453031,0.07013876811820578
ate_linear,80000298,0.3024476687156934,0.31040900151369755,0.373538730546214,0.3886375645839948,0.27032148043749515,0.41728325883982365,0.40296491186258976,0.33808048765299503,0.36345754067537966
ate_linear,80000299,0.21185020464502724,0.20552069800936135,0.15515142637335214,0.1503428753002778,0.2651226754768983,0.15936749535643013,0.11864051329933556,0.1696183617695466,0.17261838424049766
ate_nonlinear,80100000,0.1660947609937684,0.17023907194500132,0.1367244292295473,0.13684688101177378,0.197260480026056,0.10614464769725962,0.1628908921278016,0.13934026251201792,0.14849663267498178
ate_nonlinear,80100001,0.2745247964110942,0.2788318280425639,0.3087590996471018,0.3079991225448222,0.2899745587554545,0.3864254240241618,0.31098853389888714,0.2723477963653178,0.3135470871177287
ate_nonlinear,80100002,0.10978638354600562,0.1113982868558277,0.10079588118852273,0.10197006884873999,0.0816082877284397,0.07146153572858466,0.08247902218164099,0.08863978806794776,0.08523174051107062
ate_nonlinear,80100003,0.2075055944174775,0.2159868585318574,0.2451514589041719,0.26586748234930124,0.20719040505590525,0.29116488568487253,0.24166072480383005,0.22234750859441843,0.2456462012976655
ate_nonlinear,80100004,0.006173389751958136,0.008632165591669794,0.05230494777436334,0.031338018577051874,0.0012026254343516785,0.06881253163094592,0.09971938769097399,0.051296514670801874,0.05047381560082507
ate_nonlinear,80100005,0.06813913548955741,0.06252604688176933,0.12111595834264577,0.11252313817510429,0.08544903958806815,0.20311701262960258,0.15670883620748344,0.06745970214376273,0.12505154574880423
ate_nonlinear,80100006,0.07090069545255273,0.07156117452130883,0.022595841756004376,0.0283086468075332,0.03378303540692895,0.07298554671750634,0.14110658871187598,0.06337670790209204,0.0679121051091873
ate_nonlinear,80100007,0.03720408771881592,0.04222466145405304,0.04516440276751052,0.01648056600937378,0.013974607929082034,0.025822446688504336,0.03662820254215729,0.046427697881550906,0.02786670421013367
ate_nonlinear,80100008,0.24057073924950956,0.2415997538369119,0.30272183750085246,0.26751418445519803,0.3147632632058084,0.2674767527382791,0.3226112875740945,0.3322904858391702,0.30093119476251007
ate_nonlinear,80100009,0.06199949249972647,0.05592250094165152,0.03879973158587757,0.019586198184388337,0.024838440272706208,0.023879997584717927,0.03033583626498526,0.06650894150485342,0.03302988276233023
ate_nonlinear,80100010,0.39659242658363225,0.37037490262137296,0.5441370475147809,0.4520313474391544,0.7586056548212612,0.6489921170328701,0.4279886144255245,0.4598835739348972,0.5495002615307415
ate_nonlinear,80100011,0.04920413104068222,0.04898866024981918,0.011655118141283505,0.048288424882997893,0.03113784399997177,0.03436275330554428,0.02561934796344223,0.009008963976015472,0.029683466825594328
ate_nonlinear,80100012,0.044344998988560036,0.044137217196873024,0.033978630694797785,0.041990496310642555,0.035911299380710915,0.04181680837576707,0.03199837366049607,0.03291056314413865,0.03692550817435105
ate_nonlinear,80100013,0.03948166318803037,0.03081610151200498,0.11034249416918551,0.11398587278456485,0.10974206872849668,0.2581403022202948,0.15297911218733584,0.04723355821699893,0.13641618282753823
ate_nonlinear,80100014,0.01970750570394872,0.006297682524703724,0.05917622556812291,0.042948122023559826,0.041633670331023914,0.05228799104592921,0.12980186462304713,0.05234461545846583,0.06380325269640519
ate_nonlinear,80100015,0.22216789099601186,0.23224727484610952,0.27505195598331367,0.2845450458231298,0.20151017281440176,0.297010224789652,0.267350595921549,0.2540853140058843,0.26090027067092336
ate_nonlinear,80100016,0.5636990815871065,0.5675359666817491,0.6147746563427751,0.6136325896256273,0.6280327588789766,0.6449366733901803,0.5950591117613618,0.6120477170222108,0.6187417701356714
ate_nonlinear,80100017,0.04571556483787126,0.04590913092177934,0.05804271136802264,0.05280249749702043,0.05035846864265031,0.06855412756484575,0.06783577238601274,0.05861049329322404,0.05963227187675065
ate_nonlinear,80100018,0.32995280104650127,0.3338437624551164,0.3441428385950433,0.3469611503459321,0.33574903982652293,0.3447175868131028,0.33539777475370036,0.3375966199017869,0.340084434328209
ate_nonlinear,80100019,0.5710869623469434,0.5765454365061842,0.532732076768788,0.5488098455714308,0.6199555589007459,0.49254866374007084,0.5569120837496839,0.5419578744219862,0.5520368052767836
ate_nonlinear,80100020,0.18372004378983875,0.18726318229386707,0.23296758283326513,0.23873918403336902,0.15252404559800525,0.31189196456620594,0.2137170349473705,0.2124197994584789,0.2258584057206859
ate_nonlinear,80100021,0.08392136553471297,0.07910626391117781,0.19194937208836305,0.13886278132145613,0.13484101751988142,0.10426323870365828,0.30154638746922224,0.21027462938969343,0.1779576108807823
ate_nonlinear,80100022,0.0080810757478893,0.0023961933454692552,0.0664084347089946,0.034052756627482195,0.0008009048303783128,0.141169902881068,0.0006158622106731126,0.05068671425191762,0.04546522816030385
ate_nonlinear,80100023,0.09100960080478049,0.07753454034182883,0.15287533585879665,0.12073074166629172,0.1449041206106887,0.11180768792483664,0.1639402944311843,0.1712788182959304,0.14253233258578635
ate_nonlinear,80100024,0.39043427896393496,0.4124400157917853,0.45903693702710824,0.48816077303780275,0.3573148090828772,0.47461992394818026,0.49426674735439974,0.4387436945427771,0.4506211895932074
ate_nonlinear,80100025,0.104910692985411,0.12468965988909753,0.16514476727997807,0.18550311666285546,0.0982922528341964,0.2456035230711654,0.161303332860823,0.1403231833533004,0.16620508175646814
ate_nonlinear,80100026,0.0542873373457283,0.055513524098047634,0.06821909455741346,0.07729654817069473,0.055517085475572964,0.06320535449469986,0.06537909118617477,0.06362863687957229,0.06500534324134292
ate_nonlinear,80100027,0.15131037412878706,0.129337866890399,0.2627723979830428,0.1977376836418791,0.229470421659915,0.3893111246704741,0.12732674657103255,0.2179127234100981,0.23235173999067976
ate_nonlinear,80100028,0.010607088163615663,0.015633190229655702,0.06472142989945562,0.02699997480225702,0.06676324661088129,0.041746104315043886,0.10803856904816767,0.0898429995329394,0.06667817886185785
ate_nonlinear,80100029,0.3518846242947644,0.35391320877505006,0.3600432395262784,0.3708266525788373,0.37124209695292176,0.37885536842776,0.37068187289667787,0.363414010338313,0.371004000238902
ate_nonlinear,80100030,0.34116171280999247,0.3928822128023631,0.5906409112658031,0.6131689993586069,0.3032011834825999,0.35522668044228617,1.183656081363154,0.5791017262186533,0.60687093417306
ate_nonlinear,80100031,0.15987509562007918,0.15717488600246443,0.12194088770381928,0.15005666090480818,0.1193595535897447,0.17068129850856795,0.08290416075222029,0.12510877920619978,0.12962209059230817
ate_nonlinear,80100032,0.20174791401233202,0.20972304528560168,0.28032903855647573,0.2806316513380004,0.256705303843875,0.39573435967769155,0.2048377889951659,0.2480540174802733,0.2771926242670012
ate_nonlinear,80100033,0.3685109979798634,0.36200659641526534,0.40992144563697175,0.40151805350087477,0.393342129080518,0.4165196038176854,0.4098010874678929,0.39582537779115035,0.4034012503316243
ate_nonlinear,80100034,0.0018190366879863307,0.002937279428617434,0.013292799677030565,0.017332516397611575,0.0063240153447551295,0.05129697152532764,0.025909207548276858,0.009953819002286868,0.022163305963651615
ate_nonlinear,80100035,0.07720948678248363,0.08993108493082957,0.013979233026437443,0.07460679036372142,0.03692613619572682,0.07293571454279857,0.007363603293962906,0.007608189403943588,0.03988808676003066
ate_nonlinear,80100036,0.00950880486565675,0.01074232298928346,0.0390270157535656,0.012309150286494153,0.08341868359643068,0.007031126431645496,0.05396343905526246,0.04260833699303712,0.03986614727257398
ate_nonlinear,80100037,0.34682533299237345,0.34558456824779366,0.3519874660825715,0.3335872945903227,0.34886235432386253,0.35674437569141243,0.350162464805542,0.3547019443070874,0.3488116867436454
ate_nonlinear,80100038,0.23423562265205078,0.2432873926238983,0.26405876494216607,0.29792154646682434,0.21315429426002197,0.30587444520759277,0.2699421427326172,0.2614797732906311,0.2696744403915375
ate_nonlinear,80100039,0.14929879171498184,0.15153897268422012,0.1529851482594765,0.1600575493062294,0.1559447096074379,0.14506912691243057,0.15375113947041397,0.14558208448536758,0.15208092195637588
ate_nonlinear,80100040,0.032430587169155034,0.03349607979915992,0.04880051707886118,0.058682916518672856,0.06411739980839148,0.08060163056515113,0.06576305424831763,0.03388902341984168,0.060610804912074955
ate_nonlinear,80100041,0.11478651227141928,0.11246461333419394,0.11318258108283591,0.15051803650046897,0.09740955294753623,0.12969524325515341,0.10190028609420371,0.10624048771049094,0.11715272130157066
ate_nonlinear,80100042,0.12852616559613095,0.1243068720017706,0.12511112939465385,0.11631603490460263,0.1007930780564581,0.13559634935009823,0.11737127553570614,0.14433260213482724,0.12288186799633846
ate_nonlinear,80100043,0.07326250024004022,0.06767086930437127,0.09458680100603145,0.07428311057252923,0.04906396813554803,0.11464767403764764,0.07746349520845452,0.08213602252168695,0.07951885409517327
ate_nonlinear,80100044,0.22187287327971394,0.2224477004739278,0.2567715835305684,0.22915668008055623,0.2832656573983663,0.2167397212716573,0.2879740667077535,0.2843974303933614,0.26030671117033893
ate_nonlinear,80100045,0.14470574058452768,0.15095326103130502,0.15825180210033574,0.18544867433468026,0.1322760859862916,0.15407064355770272,0.17092421449581308,0.15897789396206063,0.16033950246730966
ate_nonlinear,80100046,0.06885622023595939,0.08693788527502189,0.16008452056898242,0.1802964317704595,0.015265207281247473,0.2921494352723516,0.20284454106344352,0.12837288855566154,0.16378570078863272
ate_nonlinear,80100047,0.21318956840898817,0.2181827687111122,0.2313708760228378,0.2161577307071907,0.2246510647621376,0.2567478381481392,0.25286510218050307,0.23719513047602003,0.2375233732547981
ate_nonlinear,80100048,0.1267846687838452,0.12791811070889403,0.17685085378140386,0.18006967149228026,0.1437756880328076,0.23928545556515624,0.13463287196606566,0.1423427923724072,0.16802129588574338
ate_nonlinear,80100049,0.20792058726633855,0.20682028552378484,0.18711429854716144,0.22253421565378972,0.15818492194498845,0.2285113694318659,0.17621401568735906,0.1820941331037409,0.1935077311643488
ate_nonlinear,80100050,0.08249438720570856,0.0850463898740893,0.08942910748349486,0.06617162543164545,0.07770046013222986,0.0616716237627154,0.07197425680981928,0.08744231778012568,0.07299205678330714
ate_nonlinear,80100051,0.11764852471088116,0.11548928684924786,0.15000184244846038,0.11824528641437237,0.16222779221271222,0.11861888832782452,0.1607598490211839,0.16732637352679913,0.14543563790057842
ate_nonlinear,80100052,0.06610465637108187,0.062011247786487145,0.10757930866142595,0.08321071258446078,0.15119070402046542,0.09924615016838412,0.10740757575889925,0.11832106700798373,0.11187524190803866
ate_nonlinear,80100053,0.1264296005039215,0.12561158635902403,0.10806203582572949,0.13452486493873594,0.09295074441719053,0.13626460531044005,0.09624664285469053,0.10504095056343077,0.11300556161689757
ate_nonlinear,80100054,0.13831355267853007,0.07551260882705912,0.32887409621567,0.138416936934893,0.7581634133467124,0.3002559154638694,0.2417194157251762,0.2798876374372886,0.34368866378158797
ate_nonlinear,80100055,0.26581744489103326,0.2768508606854058,0.22227015432744995,0.2711124235096551,0.1620268040600396,0.25316117343336114,0.2202902251186944,0.20992020902067193,0.22330216702848443
ate_nonlinear,80100056,0.01669283990583903,0.0074620771857309975,0.0388758036943484,0.04552158002577311,0.07157769088469035,0.06504737620077616,0.06476373259745127,0.032292686745743815,0.055840613290886944
ate_nonlinear,80100057,0.24512474783363392,0.2357546592563634,0.3096520090908056,0.3093975091785436,0.24309962042274524,0.3954444433063512,0.24939255960884144,0.2810333276599889,0.295673492035294
ate_nonlinear,80100058,0.6564148921341624,0.65998922621915,0.6088459413320746,0.6377259414465155,0.6862942307078268,0.6374951448113646,0.5555752400130953,0.6114510852665629,0.625708328449073
ate_nonlinear,80100059,0.13438869698405775,0.1361230133330873,0.09159147127032796,0.1403957126891664,0.07474620325923476,0.1200363753593019,0.0772599099433473,0.06840337498546156,0.09616831524730238
ate_nonlinear,80100060,0.6037510108957632,0.6057099771509512,0.6274356392035826,0.6198723685751303,0.6276196312914236,0.6409707438955649,0.6307792735109671,0.632974303961788,0.6304432642469748
ate_nonlinear,80100061,0.3599951211395267,0.35259423591518435,0.3632799726011756,0.33088290877962145,0.34040701575899157,0.39473516680622134,0.3784698639097217,0.378527769822121,0.3646045450153354
ate_nonlinear,80100062,0.017098804721050298,0.027676125773601568,0.04472931980211259,0.006280323275737798,0.12970421670991894,0.009662369480915034,0.04768619894105908,0.06150827764589306,0.05096827721070478
ate_nonlinear,80100063,0.00947628950174284,0.018882900127811908,0.0870751436560912,0.014669865021152972,0.08059329574401808,0.049348682513789655,0.10002540831859541,0.08197212999160719,0.06532187631783266
ate_nonlinear,80100064,0.33375458798793534,0.35653154931453446,0.531511545995748,0.45677523694423416,0.4285858162441609,0.28543405614284256,0.7587445267238973,0.5551560410061238,0.49693913541225176
ate_nonlinear,80100065,0.059657829603458556,0.06022013982226959,0.08620542844226475,0.05608608086993805,0.1056474622099649,0.029794233640934142,0.11646177133014313,0.11193801721027008,0.08398551305225006
ate_nonlinear,80100066,0.16355153549831059,0.11779835451762821,0.29188708294551513,0.17594530810039188,0.460084494244267,0.23873912919681217,0.29947301376979496,0.25914087523143436,0.2866765641085401
ate_nonlinear,80100067,0.14856760784111414,0.15016685540846977,0.14348651397101078,0.16136003340959162,0.1293953351961771,0.1324916325794855,0.1419519868033329,0.13504982854298744,0.1400497633063149
ate_nonlinear,80100068,0.01499831553398756,0.020836054047934094,0.003506480416647473,0.0031436073392548947,0.010346292218557873,0.006041587629922351,0.006938277444235363,0.00014930840431837122,0.005323814607257771
ate_nonlinear,80100069,0.07672409149195601,0.07570043759729315,0.04787976373295833,0.05971166812192251,0.05764867872308542,0.003246165399145587,0.011904836113858716,0.03392148431699325,0.033286566535001096
ate_nonlinear,80100070,0.236852662983827,0.23321874660580577,0.2794587246808332,0.27351220172970714,0.20512522977917613,0.3301893047723097,0.2716516427430433,0.26019026559918346,0.26813372892468396
ate_nonlinear,80100071,0.4215000847746679,0.4062822441031286,0.5171960333754368,0.5031273344923803,0.4976290444304296,0.6183963993956396,0.47892772950428214,0.44234394826191153,0.5080848912169287
ate_nonlinear,80100072,0.1474391085039651,0.14785964907517787,0.034890441311505996,0.053823911858705234,0.2540214967857873,0.09651187182774897,0.09477515398153906,0.06953001887908335,0.11373249066657279
ate_nonlinear,80100073,0.07703572262716152,0.0839562391180978,0.14140381564092497,0.10987138499212123,0.11415612448644497,0.09881937254857875,0.2095387553114877,0.1488157485861764,0.13624027718496182
ate_nonlinear,80100074,0.4865803837642376,0.501210403429002,0.6041723728046123,0.617028605924577,0.42478920219990657,0.6731932580337231,0.7009105503425305,0.5545695543155377,0.594098234163255
ate_nonlinear,80100075,0.011228264074021332,0.013008774022751801,0.009181297521287046,0.013610542516404145,0.028163970212632172,0.004558145304030425,0.01120656798332309,0.0002674467369851996,0.011561334550675007
ate_nonlinear,80100076,0.08760810147539522,0.08385694276110078,0.054034080612815893,0.08163666974321748,0.06409293662325288,0.09091800700441743,0.03166884433046724,0.04309106122270967,0.06228150378481294
ate_nonlinear,80100077,0.392546543922314,0.3923330400847285,0.3823437546156733,0.3892908190153926,0.3742233012579768,0.38532216295231275,0.3821247909926265,0.37537343248356275,0.3812669013403743
ate_nonlinear,80100078,0.45867463615889487,0.4548508491849416,0.47802428570742544,0.4516114261483663,0.4131977823113912,0.4969513383244985,0.46828508046622214,0.49235927728171286,0.4644809809064382
ate_nonlinear,80100079,0.15575907331821656,0.15344680053112245,0.17807130318996647,0.1653233240258429,0.19404263001796937,0.1722902725350592,0.18182981711742616,0.17044321400043702,0.17678585153934695
ate_nonlinear,80100080,0.11773333548566622,0.11468634604474826,0.16863927840253634,0.162813162794321,0.13871917723676486,0.2473602056410007,0.1356506109144382,0.11823782919904513,0.16055619715711397
ate_nonlinear,80100081,0.12703259773878267,0.12652452774671724,0.16072768755582983,0.15819888301519563,0.1295463342252176,0.14933316894201448,0.1835617322507303,0.1586753625455301,0.15586309619573763
ate_nonlinear,80100082,0.12295313669772368,0.12667753292651396,0.13428659035296664,0.14410193754763823,0.1347032983455203,0.14625914885134916,0.14055337502093534,0.12399127079577665,0.13792180611224394
ate_nonlinear,80100083,0.27799630545080234,0.27375334881246616,0.300637248978024,0.3196739592403226,0.2724375762790494,0.3160741367191129,0.31147039316595126,0.29629761360586215,0.3031907358020597
ate_nonlinear,80100084,0.0806559311154098,0.020289837003013567,0.1986742960217207,0.1166889654400558,0.16996455061461635,0.25219273436095424,0.1477994905712814,0.07604592907454677,0.15253833401229092
ate_nonlinear,80100085,0.0920762649260124,0.10487433583360517,0.13418496758561937,0.11509432704072797,0.13059457451921308,0.12151976735215986,0.15810116440873945,0.14318754584413373,0.13369947583299482
ate_nonlinear,80100086,0.18035036063178794,0.17316102719291465,0.2354242775438669,0.23485529160484092,0.21631937956794517,0.2836643431185128,0.22024237847312705,0.19438963866218345,0.2298942062853219
ate_nonlinear,80100087,0.3593322510312573,0.3597416008304135,0.36473970659480254,0.3655276546667592,0.3640530879090802,0.3752554307173268,0.3694393733929173,0.36502851792082947,0.3678608129213826
ate_nonlinear,80100088,0.025803370679570004,0.026136709655476376,0.017871388139975797,0.02657054523115082,0.021625475679682926,0.006848977600382999,0.012815906013203426,0.02407775660867767,0.018387732226619567
ate_nonlinear,80100089,0.05128128103824303,0.06125278048129723,0.17407815031619722,0.10523528627963707,0.1417437272510116,0.044720478578526235,0.29073721937747643,0.2119646745166366,0.1588802772006576
ate_nonlinear,80100090,0.3849558979655179,0.389403477349368,0.3682437330866726,0.37929619852551544,0.3688788563395413,0.3515764624262723,0.3782075792933377,0.35365726057538116,0.3663232714320096
ate_nonlinear,80100091,0.38885275452719326,0.38100639908896083,0.3751162740527212,0.4030730518637716,0.3849861416159689,0.4054195675192892,0.35951636164770717,0.36990527241812343,0.38458007901297203
ate_nonlinear,80100092,0.09449027159079781,0.09689984896048776,0.047807609819023544,0.08129207470282784,0.12846617081031075,0.028276252962501136,0.064694982551186,0.07598133065566293,0.07574216233649773
ate_nonlinear,80100093,0.1421387635624507,0.13905326952100783,0.1736286364948847,0.17575852502943068,0.12353961099744826,0.21236078371168166,0.1456177674687007,0.1653725348866084,0.16452984441877394
ate_nonlinear,80100094,0.16108574046708707,0.1345901347599185,0.24458886085964804,0.16111515535928372,0.23715323283292417,0.3041145212850726,0.16401806547261838,0.21194142176725034,0.21566847934342986
ate_nonlinear,80100095,0.017377729879797688,0.030477817522467365,0.06382784412998088,0.050373847948492756,0.004753644930304279,0.05037563608783602,0.0916545646061313,0.06563683913844942,0.05255890654224275
ate_nonlinear,80100096,0.08565206633929538,0.05201717274312305,0.040856393109519024,0.042709233294684415,0.1737691740882807,0.10052077664013577,0.18732775194521617,0.028704108725745206,0.10660620893881245
ate_nonlinear,80100097,0.05251291375931663,0.058407038267220684,0.08919533174809377,0.05822333675202293,0.05835017543610496,0.06954416614350242,0.10165685396965904,0.0938570497589962,0.07632631641205712
ate_nonlinear,80100098,0.07097036384496991,0.07090634845648114,0.07973968528662034,0.07700604938421551,0.0659030153647453,0.10210699581060712,0.06901962303076092,0.0737012102499992,0.07754737876806561
ate_nonlinear,80100099,0.14212503823886552,0.14380785617480912,0.17663844990978878,0.1549865284884993,0.1764903346026961,0.19152220878253617,0.17225095424304643,0.18102833423267045,0.17525567206988968
ate_nonlinear,80100100,0.3730758240739087,0.3734534791032056,0.37756202726757326,0.383932571701167,0.3657250216523389,0.361607771209834,0.3727958014527539,0.3780058434525708,0.37241340189373295
ate_nonlinear,80100101,0.3070351962134079,0.29727118053881685,0.36629476585833587,0.3140692595526413,0.427205431847258,0.339503753571196,0.366398501782103,0.3768371824309067,0.364802825836821
ate_nonlinear,80100102,0.05398720782959199,0.05348623079025483,0.006970611035463592,0.03186875861847138,0.03465789276397491,0.010384622037050484,0.015538814484712837,0.00907003599441314,0.02030402477972455
ate_nonlinear,80100103,0.2818594109689453,0.27396388169877317,0.3903929721986512,0.340391410556958,0.2777445447122314,0.28176261302583006,0.5785953533326843,0.3881037366067627,0.3733195316468933
ate_nonlinear,80100104,0.430141431434908,0.43051700030163775,0.442900985821047,0.44879416857556353,0.44930200014904986,0.45475451384381305,0.45108948384121905,0.4519521418650533,0.4511784616549398
ate_nonlinear,80100105,0.02606256211581015,0.021662785657069916,0.024287607319972704,0.02937967980685019,0.035984708912990326,0.0353933116275289,0.035626127370021576,0.032601668484828705,0.03379709924044394
ate_nonlinear,80100106,0.04848106950973552,0.04364051670288127,0.04715307206367536,0.013943605129471237,0.004760168497314865,0.04270615429138225,0.01699029654716533,0.06595262140487712,0.02887056917404216
ate_nonlinear,80100107,0.07831973751140187,0.0825979204948003,0.07740939577174744,0.10083986242366383,0.10403091629100392,0.07655639370036671,0.10442698915553639,0.06601859052730152,0.09037455041957447
ate_nonlinear,80100108,0.02294175248808681,0.022943969035814395,0.030860595556269292,0.02861775379843532,0.039945698494384875,0.047645620221565356,0.04013834070629894,0.021202798152635684,0.03551004227466403
ate_nonlinear,80100109,0.09586545828016249,0.09367647770078627,0.084494739801006,0.07683721187742201,0.10770356658132521,0.09372371438177077,0.08920443061025587,0.09197479489477126,0.09188874366910901
ate_nonlinear,80100110,0.00784987732389919,0.010356550659928243,0.006070501361098324,0.02045274301985256,0.05326998754957668,0.058595234904494364,0.027650719132218282,0.013073737178053935,0.034608484356839164
ate_nonlinear,80100111,0.0992063977381088,0.09770331760848538,0.0740662642380096,0.07738182922805326,0.12346137544120328,0.06341142436469571,0.0456085600515701,0.07367790719474332,0.07670821925605313
ate_nonlinear,80100112,0.5500921692634074,0.5496466394448726,0.5859638508344142,0.5505883928323237,0.5834151145005672,0.6032312747025935,0.5885071244025676,0.5988927494669406,0.5849269311809986
ate_nonlinear,80100113,0.299815771463913,0.30788696307281876,0.27504126328567885,0.27810954052547837,0.2437282663915577,0.259841264519495,0.25983270007709885,0.2915449117455902,0.266611336651844
ate_nonlinear,80100114,0.11921722686381142,0.1181469658622245,0.0952791789779166,0.09935827052683632,0.12998736894221108,0.045160839916179585,0.12012810504526894,0.10473902022928994,0.09987472093195718
ate_nonlinear,80100115,0.04724180584472537,0.038134573750914336,0.14109877830070372,0.05614894514602542,0.23734310155433536,0.17953672891181827,0.09922331457656741,0.15046220903915286,0.14454285984557985
ate_nonlinear,80100116,0.022334948371289354,0.023575559447644334,0.014484229873059418,0.03242959101044951,0.004397407363293748,0.013694063018200975,0.01805140096986113,0.01008321363770781,0.015731135199902636
ate_nonlinear,80100117,0.1340585390474469,0.16606438554784364,0.26056039728185243,0.2967104951288373,0.05247861541768617,0.3992645929004819,0.37891669966241426,0.22140309609433717,0.26975469984075134
ate_nonlinear,80100118,0.1894221717705482,0.18946008032462536,0.18923973387381965,0.19010464495322643,0.1917764360298866,0.18766085451743542,0.19378141707084118,0.18990115469596325,0.19064490145347057
ate_nonlinear,80100119,0.19019204403008527,0.1988567712410838,0.22419188643540455,0.23364144588555402,0.18411844993676252,0.2755917313202769,0.19879353071297712,0.198563754807368,0.2181417825325877
ate_nonlinear,80100120,0.08504553012356131,0.08605368308529227,0.049569942278712587,0.051271273417323515,0.12191314868435232,0.013534830289036348,0.09686477355465262,0.06428809337124197,0.06957442386332136
ate_nonlinear,80100121,0.014175639607749313,0.043218390204749435,0.08652197613493406,0.02730519964472261,0.06994764401689973,0.11425612761751619,0.044471665165581376,0.04047410084978548,0.05929094745890108
ate_nonlinear,80100122,0.10427984218760211,0.09938928108378131,0.15158609371348097,0.10870655994578082,0.1857516429917403,0.1144792697922774,0.15752729396982867,0.16823812942667682,0.1469405792252608
ate_nonlinear,80100123,0.2226991901008783,0.21722256632730347,0.24631233977362496,0.24765204878732544,0.25792075189039093,0.25769686194345337,0.2589264014570413,0.23088713975831848,0.25061664076730594
ate_nonlinear,80100124,0.07394918810564594,0.07494959246355609,0.051139617077890276,0.07004997145372943,0.10239401470858173,0.02908197056490497,0.06745597731310443,0.0437882245703371,0.06255403172213153
ate_nonlinear,80100125,0.020938487081642476,0.03310808661472353,0.08086526867855048,0.06936243054378477,0.03584065911281553,0.1959928559969708,0.017566113443259868,0.005706520109291402,0.06489371584122447
ate_nonlinear,80100126,0.030741490001957583,0.03702697860745685,0.07698216545132874,0.04600510704068439,0.04879615413693683,0.03379420148877399,0.10675070392636554,0.088448263283055,0.06475888597516315
ate_nonlinear,80100127,0.18930183767349806,0.19037668823273268,0.18661776899368843,0.18628369688065138,0.19490938304932204,0.19425593732864943,0.18988608240158644,0.1826431047824153,0.18959564088852493
ate_nonlinear,80100128,0.18024497495387537,0.19270323978160364,0.297130303246722,0.31210755573008997,0.07477038369868738,0.2642263399193142,0.41555520163272364,0.2705503331253384,0.2674419628212307
ate_nonlinear,80100129,0.023467784190377095,0.010687296652993061,0.1069904645921792,0.026276414656838276,0.16701669003983388,0.05279958751221547,0.11413604524155507,0.13499171044846425,0.09904408957978139
ate_nonlinear,80100130,0.2909908397773111,0.28829253750832917,0.2652755005935037,0.3021705253699625,0.2419866426566446,0.30068809824975373,0.2442960842231119,0.2526474102118814,0.2683577521422708
ate_nonlinear,80100131,0.22306322055849948,0.22096531587634005,0.19971525865588102,0.1974106927493564,0.20063351589236178,0.14480524259600558,0.19615720706972994,0.22433697181734957,0.19266872602496066
ate_nonlinear,80100132,0.36889386848539346,0.36913389638990396,0.38670864180654524,0.3766481049451255,0.370341456690731,0.3807382352742576,0.39888200835317605,0.38744420484632486,0.382810802021923
ate_nonlinear,80100133,0.19187010122285275,0.19590140176759152,0.22566942764268294,0.22587669683442502,0.14292908502564816,0.24733508420930295,0.19565499616609006,0.22408629251466183,0.2071764309500256
ate_nonlinear,80100134,0.4683505920515091,0.46267533579922027,0.5447998551473648,0.5062149194822342,0.520997944270137,0.4903683094129593,0.6604653624639542,0.551604690943721,0.5459302453146011
ate_nonlinear,80100135,0.18040960485397078,0.1640816872781346,0.11540435383377767,0.1423722898429463,0.21490586752353408,0.157496685332639,0.052014181560857076,0.10301006788669326,0.13395981842933394
ate_nonlinear,80100136,0.18258123271706872,0.18751208656075768,0.22159973256829546,0.21599231832269006,0.25072913043740563,0.2415458428168612,0.22721354835274987,0.23390399091485314,0.23387696616891196
ate_nonlinear,80100137,0.3982197838483939,0.38760174537288045,0.5122198736874948,0.46277359599458073,0.3959127786217818,0.4641762870012412,0.7198102521358618,0.4671878563820014,0.5019721540270934
ate_nonlinear,80100138,0.3789596389162142,0.3966893981325228,0.3268749545442662,0.3568484614717562,0.3115075658189852,0.3116022179948885,0.34194825395222495,0.3056518863069613,0.3255116771089632
ate_nonlinear,80100139,0.14678748889346427,0.1444034223117382,0.21199855847735716,0.1840902809657604,0.17028298421283072,0.1260027532138378,0.2953477148570568,0.20229365868945426,0.195603478387788
ate_nonlinear,80100140,0.1868759436071572,0.188548628753489,0.24874304360753868,0.23475015587217185,0.20472112721807334,0.3443762106359658,0.1910646302164254,0.22631407207853171,0.24024523920423363
ate_nonlinear,80100141,0.008056120306116937,0.0401979995070523,0.09458239184519893,0.007374926179783942,0.11843970295800507,0.11907788988961518,0.04238331195725739,0.04906980571164429,0.06726912733926119
ate_nonlinear,80100142,0.2778690960480034,0.2779280450416863,0.3214632060600579,0.31092535520327685,0.27632789874804614,0.306061079747802,0.3566391375137627,0.3315005805565178,0.3162908103538811
ate_nonlinear,80100143,0.20573460809864041,0.20465385667957303,0.19474267713703153,0.19901239626087186,0.1884270881859207,0.1543490862099075,0.19924151651538846,0.21479129545368192,0.19116427652515408
ate_nonlinear,80100144,0.1559203656503969,0.15418104996178683,0.14331493453327948,0.15069212933276233,0.17109066416714724,0.1389758603761011,0.12889450957272586,0.1407875659057909,0.1460881458709055
ate_nonlinear,80100145,0.2634308047719863,0.22871026472529443,0.4508381910749343,0.3939952559896377,0.40896686987360986,0.7164891667791274,0.2694636292882827,0.2873876996465591,0.41526052431544336
ate_nonlinear,80100146,0.3246086441317351,0.34008459247292594,0.34995275906862333,0.35301056936027125,0.29938618339242057,0.33594843618215636,0.32336301695199327,0.33886980697156505,0.33011560257168127
ate_nonlinear,80100147,0.7975649935532093,0.7860961956310749,0.7124476773071766,0.7230298769999027,0.8143824142742634,0.6682387990284443,0.6349969608116627,0.7091955048370838,0.7099687111902714
ate_nonlinear,80100148,0.20731810341270934,0.1914660395184375,0.3296530307331897,0.24331154535206329,0.43054691190513145,0.42683322216065894,0.24865264306458007,0.3116211951771594,0.33219310353191867
ate_nonlinear,80100149,0.09141033702627599,0.08969020658270299,0.0910082440926212,0.09060227685705602,0.07857459598318517,0.07997536474005162,0.08526110463873326,0.09569912963644445,0.0860224943710941
ate_nonlinear,80100150,0.06703577643222661,0.07960817670411915,0.09486486321277471,0.0934712894815907,0.017396380062769362,0.06808974301404805,0.08277871167249531,0.08570371275729985,0.06948796739764065
ate_nonlinear,80100151,0.24744550410561905,0.25186739388757096,0.28728757623486856,0.2875680727129494,0.29315231267266617,0.3116882247095619,0.2841495079165016,0.30273435536675797,0.29585849467568737
ate_nonlinear,80100152,0.32494454924050165,0.31795411650124383,0.3608707958835682,0.3523933226245959,0.3129820162433703,0.4098443323749621,0.3293568426746447,0.3402201468128283,0.34895933214608027
ate_nonlinear,80100153,0.22120355441172726,0.21790014578898556,0.23975305071969635,0.1904622949560464,0.2654220946033777,0.2631492204864801,0.26527367903788696,0.2678857929905237,0.250438616414863
ate_nonlinear,80100154,0.11827886937415855,0.11438644765174644,0.13469789860999826,0.11809004185951011,0.06588817475593345,0.182465442402723,0.12022686837470786,0.14902997849738853,0.12714010117805258
ate_nonlinear,80100155,0.2233037540700412,0.25231697056555513,0.10017407033705474,0.2116508821036792,0.06026962380743264,0.07146446053051711,0.1507273653533435,0.15777586791777373,0.13037763994254925
ate_nonlinear,80100156,0.5254252244221487,0.4700370122181691,0.6803662900316036,0.5390059937226095,0.7587023664700308,0.7633200277077474,0.5694080580460348,0.617079376100234,0.6495031644093313
ate_nonlinear,80100157,0.2689645165621407,0.2914984101473458,0.18010406438700033,0.2606320256411202,0.04948233310571981,0.260908591192878,0.1603364819704659,0.18598149959436727,0.18346818630091025
ate_nonlinear,80100158,0.14910920565269503,0.15813245480201754,0.10680795316837344,0.17106398050926241,0.0694925398125461,0.157180449415665,0.09544458096168551,0.08834972088478121,0.11630625431678805
ate_nonlinear,80100159,0.23684437067159858,0.24929250270971504,0.38033394605764603,0.3496455648625776,0.26703573257574287,0.24624813587316718,0.6269974806989118,0.37075145036825385,0.3721356728757307
ate_nonlinear,80100160,0.1414168813538692,0.1456416585755489,0.1315035560441158,0.12368199613810993,0.1326491573166988,0.11651561048747516,0.13432512071849323,0.12326190260173298,0.12608675745250203
ate_nonlinear,80100161,0.4539187128787885,0.44843586041983463,0.49825174763258795,0.477414983058537,0.3748835499530683,0.5129503782039533,0.4863908465152631,0.49907799317892887,0.47014355018195014
ate_nonlinear,80100162,0.27282133679651244,0.2781437931563757,0.29575539212488167,0.25824847798608763,0.30152526479028685,0.25682643037103636,0.3213097153212927,0.29470625500940306,0.2865232286956213
ate_nonlinear,80100163,0.22219970624486973,0.21594992082159092,0.2728630344156462,0.26885357301275303,0.19910266797582676,0.35183301370183995,0.2093777934793668,0.24978723924200108,0.2557908574823575
ate_nonlinear,80100164,0.0053797848160058725,0.005866456740596937,0.00986584495852294,0.018600333445766615,0.0013829357559472788,0.0056367404396325815,0.01947336267779176,0.006296444648006605,0.010277963393428968
ate_nonlinear,80100165,0.0483505446082203,0.048407288230046475,0.062498285210713544,0.06405392471609994,0.0671675521498768,0.07115385118781015,0.07058593813239022,0.06521246019659921,0.06763474527655526
ate_nonlinear,80100166,0.05770913231727964,0.054751251820300884,0.02322594392654792,0.0616583572661627,0.0017973827159155076,0.019624327305530376,0.017044966105197734,0.007474993351672954,0.021520005348895855
ate_nonlinear,80100167,0.3695356803295805,0.3664085822460844,0.2887921111939148,0.2811214881298735,0.40474509767272016,0.1916257100460722,0.3119442420361235,0.34280943444945355,0.3064491944668486
ate_nonlinear,80100168,0.4219042165462509,0.4227171940986648,0.41551405622406157,0.4225415988151565,0.39457116557998806,0.4129489166919723,0.41995845271988064,0.4207425518219009,0.41415253712577965
ate_nonlinear,80100169,0.13148359362637074,0.1273476273254064,0.1557940394118933,0.13663188521420033,0.15933660571133168,0.14321271483456166,0.16334954802547963,0.15895465914761098,0.15229708258663685
ate_nonlinear,80100170,0.2448234836742469,0.235709575860221,0.18016913339348517,0.22159722253533087,0.16148474618645392,0.22295453950615607,0.13116767808647833,0.16379168435784064,0.18019917413445197
ate_nonlinear,80100171,0.13868047236595385,0.13922788142357104,0.15634525730405086,0.13169169365558855,0.16658784388694994,0.21509787379894488,0.16339893578682177,0.1589897715965294,0.1671532237449669
ate_nonlinear,80100172,0.20959398195575474,0.2194662992699027,0.25210778162311315,0.2682936941130042,0.2161710862858176,0.2976934914333701,0.26303482100795506,0.23212707087825535,0.25546403274368046
ate_nonlinear,80100173,0.27393659330662745,0.27123358227070826,0.17283506966885587,0.23668231941517848,0.2583655355101492,0.29892852283772486,0.0143767235403921,0.14428844429310816,0.19052830911931057
ate_nonlinear,80100174,0.19819838843319676,0.20169702461931965,0.21688579387042783,0.21237122557137272,0.1819960876462247,0.20634955457422993,0.2156816973445203,0.21526474050257466,0.20633266112778448
ate_nonlinear,80100175,0.25322257169354356,0.25303559192288316,0.25870498307812606,0.2554517258034984,0.2600683439599315,0.2537766564713756,0.2643445003854076,0.26012365707028307,0.25875297673809927
ate_nonlinear,80100176,0.09063216052336465,0.09663375220579873,0.08353031478209272,0.0807230075387455,0.08604594073576699,0.09095891318602334,0.07127078376097451,0.09248801074309121,0.08429733119292031
ate_nonlinear,80100177,0.3196591243912715,0.3196930096318263,0.3596317873169917,0.339931677358343,0.3519592688252467,0.34277145125169933,0.3980907604863185,0.3505276248623866,0.35665615655679883
ate_nonlinear,80100178,0.04854338158655214,0.05408935536432313,0.028033149137974278,0.05044238556909608,0.0754926680474286,0.022278201684474475,0.04166303862619447,0.033848273649693006,0.04474491351537733
ate_nonlinear,80100179,0.13675841862831783,0.133219929286582,0.17394170338783954,0.15603313023720455,0.17337688977394772,0.1673240380970068,0.1793331819263525,0.18849858815346432,0.17291316563759518
ate_nonlinear,80100180,0.38386339776558986,0.38321799867196193,0.5018968068842422,0.441693373847438,0.49868435494942775,0.3846332513575088,0.6089846574549209,0.5151125871424209,0.4898216449503433
ate_nonlinear,80100181,0.40671715936130015,0.45198998650973765,0.667298080534396,0.6409154911941859,0.4531838675445887,0.407145239920077,1.0831118603653285,0.692692377180514,0.6554097672409388
ate_nonlinear,80100182,0.27493620609103786,0.2721624443417703,0.27484889720737105,0.27813649867831813,0.25732351039706813,0.2900617191678201,0.2698503801709329,0.2717413971310769,0.2734227011090432
ate_nonlinear,80100183,0.23448846731045858,0.23868075255015508,0.2733633445546927,0.26835727933505193,0.23108465093830244,0.31662296000579015,0.2515291484043898,0.2809204008401336,0.26970288790473357
ate_nonlinear,80100184,0.15492614827048068,0.15596243462454562,0.16469286999594468,0.16136082730185275,0.16186412892233615,0.20077797493826632,0.17285296044241671,0.15720006546866183,0.17081119141470674
ate_nonlinear,80100185,0.06226880935481266,0.05663456109812931,0.09582246331027228,0.09220351365855411,0.043721155202896156,0.10542507556727604,0.06796516565135197,0.08771564153483585,0.07940611032298282
ate_nonlinear,80100186,0.35998810352274213,0.31507779182382856,0.5474655491251592,0.4809439283747319,0.43929768623300824,0.7799167734522465,0.31446314872690473,0.39732171119638715,0.48238864959665567
ate_nonlinear,80100187,0.04601887881117317,0.04878894507246467,0.04669716774778809,0.056652645462326734,0.05522654473143074,0.038950900429062574,0.05671087920027229,0.04169313132124397,0.04984682022886726
ate_nonlinear,80100188,0.012896279494787666,0.01838097969772956,0.020970924694512783,0.009618063766931084,0.048294345538641426,0.05278809865233758,0.03389583031418464,0.015429874260400323,0.03200524250649901
ate_nonlinear,80100189,0.4616055732388953,0.452936792912052,0.44933416897253786,0.47734179550604616,0.41085054928259646,0.5050808435101966,0.4383472448010901,0.4346362596173743,0.45325133854346067
ate_nonlinear,80100190,0.230538691023922,0.22767820451650622,0.19808487985525136,0.19183799121770861,0.20379140470418933,0.1434519538680077,0.20475014541540149,0.2303177962103844,0.1948298582831383
ate_nonlinear,80100191,0.8973639345652811,0.8781782722956888,0.9908562279231302,0.9640262461192362,0.929095599699711,1.0763575768954508,0.9066717958934061,0.9502723551280252,0.9652847147471657
ate_nonlinear,80100192,0.09344138215698491,0.10478328179039251,0.055206929253714204,0.0767933578363825,0.044319510566370596,0.053438529478685964,0.03537575911201726,0.04600287984527837,0.05118600736774694
ate_nonlinear,80100193,0.06286559510249645,0.059539655924029655,0.040194372415728874,0.0844789545537904,0.015888909578509636,0.05377928423900158,0.029374818086810417,0.030810753584094352,0.042866544008441275
ate_nonlinear,80100194,0.0016462036214399678,0.0009365848459672588,0.019346814528889755,0.022474842444844212,0.010586304291300808,0.06572874106544968,0.009533362761921849,0.01682122267860886,0.02502889464842508
ate_nonlinear,80100195,0.11510013646763158,0.11757921285312962,0.15120056744050575,0.14563545442503284,0.1287747979847748,0.1584962890235741,0.1690779165117104,0.15656465149801563,0.15170982188862156
ate_nonlinear,80100196,0.3913876260907959,0.4141729022653412,0.4514362807662796,0.5002358849437546,0.41436029926851503,0.510953738847525,0.4518044735582184,0.4116830374391388,0.4578074868114304
ate_nonlinear,80100197,0.11842827218205365,0.1197137655559245,0.14685096161991984,0.13497321026951703,0.09877805131108197,0.20395157950550946,0.10760514157444867,0.14109901803166303,0.13728140013844403
ate_nonlinear,80100198,0.3205616471882262,0.2911475894565978,0.45392832733348987,0.3853844401951232,0.373495638143579,0.5795475242252746,0.29848229862407827,0.3929457662220397,0.40597113348201896
ate_nonlinear,80100199,0.008974565058920803,0.018992079287741603,0.05381826063993167,0.01808537343141836,0.11394159695508677,0.0028694739043970685,0.0721871723830958,0.05891476771238047,0.05319967687727569
ate_nonlinear,80100200,0.2977992454782591,0.3000749508157835,0.33281676864777654,0.32430382168446636,0.2415144006029234,0.3635707060114012,0.313465670706378,0.3306293646112547,0.3146967927232847
ate_nonlinear,80100201,0.3291379668765517,0.328922674899623,0.48735880637697915,0.41762749934725485,0.39936392093233786,0.3150566079669448,0.6750674703174087,0.48921613479189596,0.4592663266711684
ate_nonlinear,80100202,0.19595833096760829,0.18783612523335536,0.19300315652150224,0.17811782632130702,0.1369643953825863,0.18946059022206385,0.14181943211812098,0.21368010316151698,0.17200846944111903
ate_nonlinear,80100203,0.1240648348621739,0.11893263652843367,0.0931880791477574,0.08652475669902693,0.1538092811397923,0.09003439739269148,0.12447980239910017,0.10187789991420637,0.11134522750896345
ate_nonlinear,80100204,0.0065625210626814034,0.013351013265440193,0.07660758892457742,0.06784374514978198,0.045550396047422614,0.1730176905767229,0.08022684852044848,0.021279881395509515,0.07758371233797709
ate_nonlinear,80100205,0.03418099777377659,0.037638961240420876,0.046159981652866056,0.05078142778552586,0.05177867309726292,0.08386671440280491,0.055957673951755105,0.037321924134860573,0.05594128267444187
ate_nonlinear,80100206,0.11258540754482957,0.118475717355468,0.05616781614065977,0.08531162594721528,0.04502888475821229,0.0001867309705993747,0.06889123176501008,0.08840026413367005,0.05756374751494142
ate_nonlinear,80100207,0.3353760058852952,0.32971508082478457,0.32775845963983946,0.319969082516722,0.2869753865852129,0.29977192290603333,0.30519926388292723,0.326690625664882,0.3077212563111555
ate_nonlinear,80100208,0.09246472417247326,0.07072744666469127,0.1971616297854189,0.14243028460872204,0.14425400792491466,0.3229999929560426,0.12222013770473034,0.14658598004710705,0.17569808064830333
ate_nonlinear,80100209,0.11212856602675991,0.11130828690536099,0.09641837906844697,0.09330428671844082,0.11976606678969937,0.05499900412566738,0.08411313128478604,0.0994621021748312,0.09032891821868497
ate_nonlinear,80100210,0.03280370780827896,0.030487210541986387,0.07632614509763615,0.0562603971278523,0.02863018126788036,0.05453114862882019,0.11007203818859951,0.07412739382686512,0.06472423180800349
ate_nonlinear,80100211,0.1593747189602691,0.15193762391422572,0.11316608249758067,0.12563525646541895,0.18568495422218623,0.06925596057985606,0.1031889891586143,0.11494830011938395,0.1197426921090919
ate_nonlinear,80100212,0.09537299328409465,0.09431966000162395,0.05925220304094592,0.08507509880625042,0.0430158560808781,0.0657350009020451,0.06664707117639812,0.0516288464602116,0.06242037468515667
ate_nonlinear,80100213,0.12491441378439994,0.11710555711831183,0.20348524460639092,0.16474135080422492,0.24255693936790557,0.2522071008577499,0.18030918622459502,0.18532172450865836,0.20502726035262678
ate_nonlinear,80100214,0.19244764406782155,0.14028192718130117,0.31461774070364,0.18414380807977682,0.40891391818028455,0.25791313905817037,0.3600846644173241,0.23661850054365163,0.2895348060558415
ate_nonlinear,80100215,0.35061214414410435,0.349849562318848,0.322665290506409,0.3338680073338016,0.3771189853268131,0.2707729741650089,0.3508809014873966,0.3228703543262943,0.3311022445278629
ate_nonlinear,80100216,0.29813484191030837,0.32163272141546584,0.5559158825787959,0.5540486359509883,0.10013756989569045,0.5051390463027415,0.9972237729939876,0.4703270876321254,0.5253752225551066
ate_nonlinear,80100217,0.387740300669941,0.38499760039118197,0.4178866267946091,0.3978534505513039,0.40743915893104937,0.4275691077854958,0.42015644691852,0.4165849440541592,0.41392062164810567
ate_nonlinear,80100218,0.09097852302324105,0.0905955035759144,0.06206007791292001,0.06712665153276254,0.07622553897630502,0.06734361243974496,0.047359843976610194,0.05229880405198861,0.062070890195482266
ate_nonlinear,80100219,0.2427340265289349,0.24257553777847712,0.25784620008621645,0.24957735500488704,0.2232408042923016,0.2859503146186871,0.23869098386917537,0.25805027446899836,0.25110194645080985
ate_nonlinear,80100220,0.228948363261629,0.2280404057077655,0.22703513165037717,0.24919832606833067,0.22311700244467345,0.2327258076242694,0.21812681217711058,0.22025133033316222,0.22868385572950928
ate_nonlinear,80100221,0.12931780898652012,0.12639184677681858,0.19098477000079095,0.1636162289389127,0.12689866507134373,0.294509757400369,0.11954103791794712,0.18734909975609715,0.17838295781693395
ate_nonlinear,80100222,0.17007569698619573,0.16802064804362982,0.2207614961080525,0.20087848333644598,0.21584079889583319,0.19538174299525946,0.2453137460164997,0.24319039015102117,0.22012103227901186
ate_nonlinear,80100223,0.07120215969920285,0.07112631278872616,0.05882947522044307,0.06297761278987057,0.054572463806868865,0.051423610028029754,0.04660445528864987,0.04913833814501889,0.05294329601168759
ate_nonlinear,80100224,0.15586705212321728,0.1606602192374751,0.20923616890635954,0.1665067196342036,0.21352763180461376,0.14514918331828564,0.24062628750529735,0.21896274094310253,0.1969545126411006
ate_nonlinear,80100225,0.23798281603382077,0.23190332108066525,0.21837208324001273,0.21714926415012326,0.2115186517767712,0.21722677999065365,0.22566238694713558,0.2248063748411938,0.21927269154117549
ate_nonlinear,80100226,0.23282309366264942,0.24865915370979907,0.2557713885406554,0.29659168911972644,0.2805775303939879,0.3046245176891387,0.2782606382469237,0.23650707794228198,0.27931229067841173
ate_nonlinear,80100227,0.16378635415942233,0.1542649293890671,0.2124820257178024,0.17737698802859347,0.22667134056002658,0.1886153841963486,0.2194243098250107,0.2245149637213425,0.20732059726626434
ate_nonlinear,80100228,0.13986137095014417,0.13834422412435377,0.15141118648568952,0.1307457644037422,0.12301131668607557,0.16235118690053785,0.1348348814539131,0.15730359736005628,0.14164934936086498
ate_nonlinear,80100229,0.1223149071333236,0.13201812607024377,0.09055284363005811,0.09453044038985436,0.11356560093138879,0.08854047161315148,0.08525089126799767,0.0909387241003341,0.09456522566054529
ate_nonlinear,80100230,0.1055747240412297,0.10316419299722335,0.19438881572366373,0.15164792235971114,0.16287719901681563,0.11425149139047286,0.2630008428919377,0.2131189077723088,0.18097927268624922
ate_nonlinear,80100231,0.20166134403488545,0.21672346757194905,0.2903671996428719,0.2891553299262276,0.15077259705803303,0.388118024332737,0.32754900620720295,0.2729580657317391,0.28571060465118797
ate_nonlinear,80100232,0.297081940009015,0.29235326512040416,0.374850289656537,0.34162943823518077,0.30656629069031993,0.3165616319912843,0.4394873903531007,0.38708012564362804,0.35826497538270274
ate_nonlinear,80100233,0.19421743048309598,0.19661335838913235,0.18518788112282075,0.19056926859497342,0.16914563072799954,0.18538312805771145,0.18129359377502713,0.18313776148437771,0.18190587652801785
ate_nonlinear,80100234,0.1668780781422257,0.16423476115804905,0.2310969211254715,0.2115383483563065,0.190833631912291,0.33189270273786775,0.1723622419033646,0.20798290149313206,0.22292196528059235
ate_nonlinear,80100235,0.04764810225644145,0.05215540549435649,0.02695353648343124,0.030640512916231488,0.05873027465024028,0.007238238838529254,0.03405109069027934,0.028375536414766644,0.0318071307020094
ate_nonlinear,80100236,0.23438159287969673,0.23900044621030891,0.19593839556972587,0.236251718411847,0.17050195396940315,0.21300376118223274,0.20280019105474556,0.1917072302202424,0.2028529709676942
ate_nonlinear,80100237,0.20592484305293035,0.21257387528807592,0.18182315955550146,0.20630721429974508,0.17644760439784002,0.18900931308657598,0.17093453983456564,0.19452047030121755,0.18744382838398885
ate_nonlinear,80100238,0.1062354557510527,0.10899157452546676,0.11710712838136278,0.12666846442185958,0.1124692671295317,0.12849129366838058,0.11901880431138595,0.10973913598023971,0.11927739310227951
ate_nonlinear,80100239,0.11946719623986425,0.1180959727603549,0.13076075576130095,0.1358222860831374,0.1215706069010848,0.10211011320236864,0.11484782136861028,0.11705162115279379,0.11828048974159897
ate_nonlinear,80100240,0.12075899001910018,0.12043235656573104,0.135263398855465,0.11804828998400496,0.14472601768328475,0.12955758926226424,0.13317106124712752,0.15002510902239607,0.1351056134398155
ate_nonlinear,80100241,0.046764744378119616,0.04584552154639354,0.04544502601721878,0.03792984590628734,0.03668637380698314,0.049957705594092516,0.0364474187860786,0.050997508622199206,0.04240377054312816
ate_nonlinear,80100242,0.12270623637325206,0.12479183269626537,0.1716067467439834,0.1688712258446876,0.09185719681865612,0.23724070383197704,0.2046787757981483,0.16734129382259288,0.17399783922321238
ate_nonlinear,80100243,0.0321126013794536,0.031038704494535385,0.047386440614759495,0.04226172266393846,0.03610664902120775,0.07126081285864061,0.04423624573141283,0.03844189939886278,0.046461465934812485
ate_nonlinear,80100244,0.09007474466645071,0.09095903917633841,0.09207145258271043,0.0920334725030596,0.10111149832093069,0.10324629827820608,0.10062989279114554,0.08563455625855276,0.09653114363037893
ate_nonlinear,80100245,0.11809801751430238,0.1190897791987201,0.16376141005809508,0.15243076974208558,0.11286216670329774,0.11064231091792787,0.2101746171122333,0.14074402743632997,0.1453707783823749
ate_nonlinear,80100246,0.013642272347393791,0.02553119360822753,0.025422027701321404,0.08752103745359496,0.02092241346258239,0.05638608931917266,0.033402493590298454,0.03270607292074279,0.04618762134927825
ate_nonlinear,80100247,0.10718754352747756,0.10959241213023024,0.15022622169672806,0.13143057049929457,0.07298633875071364,0.14763239444910842,0.1516435486239131,0.14781251968561965,0.1303010744017299
ate_nonlinear,80100248,0.03438943040726772,0.03459113252518764,0.03940904748795604,0.03949307811616054,0.02631919992325893,0.03783517492173305,0.031213218096476703,0.03326594245789638,0.03362532270310512
ate_nonlinear,80100249,0.3836314445022043,0.3897934024814066,0.33273960404428804,0.3735224520448145,0.3238564645532068,0.32172458522352543,0.33550684802564945,0.3387059932235178,0.33866326861414275
ate_nonlinear,80100250,0.04577719593422941,0.049519920591288125,0.09112758064644866,0.0690839233435922,0.011389905456476723,0.12952345037835172,0.06881591105835966,0.09790911698716215,0.07534446144478849
ate_nonlinear,80100251,0.15699415944151654,0.13676227174334302,0.21668917528919954,0.16587127290301099,0.17944846592478528,0.20291368208460583,0.19655662320189252,0.20254449091486706,0.18946690700583232
ate_nonlinear,80100252,0.19170817605256257,0.19129499665497957,0.20622201434373078,0.20523881784676729,0.20294132701157747,0.22288465372323213,0.2267861353516501,0.21703451744317231,0.21497709027527984
ate_nonlinear,80100253,0.38507168794355773,0.38920097852430724,0.3258908202715912,0.3347173264094391,0.4447069695063629,0.2400337984629669,0.3579023411341705,0.34291058088026427,0.3440542032786407
ate_nonlinear,80100254,0.02022988024558836,0.012976233395002423,0.0769922894557934,0.06721538725700194,0.008161370190046369,0.16673142138328367,0.008284632595441876,0.042422835262678205,0.05856312933769041
ate_nonlinear,80100255,0.019231497865087377,0.01840621195352732,0.009230780225164326,0.005573987584478246,0.009801506619817602,0.005964874844915258,0.015286206822759496,0.021141171079046117,0.011553549390203343
ate_nonlinear,80100256,0.18567575679036086,0.17468942866536086,0.24654361472340525,0.1949912475130171,0.3268625901720137,0.1887894438287825,0.2604478167078108,0.2439468072435469,0.2430075810930342
ate_nonlinear,80100257,0.01097826749659947,0.03018741399623326,0.061444511109815414,0.040330245191083636,0.017008230989946638,0.14650745599888393,0.008841321772112165,0.020864679509626116,0.0467103866923305
ate_nonlinear,80100258,0.15401701194299522,0.15667430621637168,0.16245778066171468,0.14332203132165733,0.16351012450708213,0.14217660886300865,0.1647515104438192,0.16408697825921836,0.15556945067895714
ate_nonlinear,80100259,0.24328604606647103,0.2479254928018531,0.29860716132182685,0.29042646554965584,0.23896673587817757,0.3127484944250068,0.3649541762258491,0.30644503501910775,0.3027081814195594
ate_nonlinear,80100260,0.06220807390271092,0.06217874841748143,0.07664468990622426,0.07303284363804723,0.07028910772858525,0.10719873266278172,0.08858806150017644,0.07505327718315984,0.0828324045425501
ate_nonlinear,80100261,0.09545641769133295,0.08565848697386469,0.07600194584168696,0.08239597450532232,0.21268128980360712,0.15897584329880987,0.22060048948563848,0.004649642813580379,0.13586064798139164
ate_nonlinear,80100262,0.08927609471646442,0.09170233158436908,0.0567579179820169,0.07046871332493915,0.10896218268242969,0.07448868898717059,0.021950800698672668,0.06319381741849078,0.06781284062234058
ate_nonlinear,80100263,0.32556070048091235,0.323432516639207,0.32228236157176315,0.33543409067866625,0.32355810362574877,0.33689118582484545,0.3320324536013347,0.3223145719217998,0.33004608113047895
ate_nonlinear,80100264,0.49647451958690914,0.49694244957600864,0.52197234652077,0.4857249709132794,0.4989949466947201,0.5823496246997002,0.5269548126782957,0.5056691097382191,0.5199386929448429
ate_nonlinear,80100265,0.24210255601774566,0.23861067750822418,0.2909193918980253,0.27531348922621124,0.26368694761167877,0.26992058017622345,0.31173300006758087,0.2962317393101346,0.28337715127836577
ate_nonlinear,80100266,0.006478128021244367,0.007026609962467512,0.014743354732509206,0.004975738937373797,0.016607644969936053,0.010070147926326434,0.016090515071864764,0.018983366901393572,0.013345482761378924
ate_nonlinear,80100267,0.12206106147944251,0.1209181424158744,0.1036760326403311,0.11358259878336707,0.10916714630305091,0.13450031242548743,0.07923953495203773,0.10550169906794349,0.10839825830637732
ate_nonlinear,80100268,0.42052159430117997,0.43398938299746903,0.6195138466510337,0.5739472878131429,0.5221079361590901,0.453959561601595,0.8712285530719319,0.6316380274447957,0.610576273218111
ate_nonlinear,80100269,0.21364477300306536,0.21936028474231936,0.20275260373240092,0.21240156167408206,0.17282805242797114,0.18613449135085322,0.18950979807635523,0.19950570189615466,0.19207592108508326
ate_nonlinear,80100270,0.44655120221456013,0.44655167905171833,0.45251266805013124,0.4568316325314852,0.4350771292813631,0.4369833454259249,0.43825644103368244,0.4519252165921541,0.44381475297292194
ate_nonlinear,80100271,0.23570925136364873,0.22980994125164922,0.2929310931757825,0.2565073384837049,0.2893560542658704,0.2251681699351209,0.3444487466410535,0.2921028747156995,0.28151663680828987
ate_nonlinear,80100272,0.30573788656273027,0.31126180662193437,0.29923835767784246,0.29552951826133866,0.2967322207836165,0.28544417394676347,0.3050163127330794,0.2976641990093245,0.2960772849468245
ate_nonlinear,80100273,0.07232620854437877,0.08045056004584361,0.1353854431635193,0.14492633481085826,0.0066692576879210375,0.21153917450964976,0.07070138592780162,0.11739208836615611,0.11024564826047736
ate_nonlinear,80100274,0.7866266576611445,0.787659069713299,0.8042889980637475,0.7952468304001734,0.7809070257508204,0.8433035222851679,0.7992526201569483,0.802840909179394,0.8043101815545007
ate_nonlinear,80100275,0.23569589035371974,0.22946184055666163,0.27819185631136134,0.26695793049196437,0.23204963581423,0.35102157966951564,0.2426561631427212,0.23976641075472072,0.2664903439746304
ate_nonlinear,80100276,0.0957365712315863,0.09586770145009216,0.1377546152264898,0.0959235510022467,0.1684798082501715,0.08302278129170593,0.15282423106740173,0.1495996197850531,0.1299699982793158
ate_nonlinear,80100277,0.0128183210396422,0.021489217331374988,0.09656761939290631,0.06031592244866957,0.05964235906835924,0.0802631830668794,0.2210677811748134,0.02829481715921034,0.08991681258358639
ate_nonlinear,80100278,0.20672060399945946,0.20815248638089867,0.21048519164022178,0.18644483238157006,0.21214480548795434,0.18442539721425744,0.22495411187108727,0.210981114205682,0.20379005223211025
ate_nonlinear,80100279,0.039453909752062755,0.03977565562456031,0.036989734527758555,0.035646067020586925,0.0379545549127378,0.03751729523866554,0.0334568480226316,0.036571429130724864,0.036229238865069346
ate_nonlinear,80100280,0.39958674413309936,0.40689498883829955,0.32246771556483167,0.41128832799540405,0.16506869298563842,0.3852689932023132,0.3229008386765564,0.3074650238190735,0.3183983753357971
ate_nonlinear,80100281,0.18273629145839565,0.16171421008327358,0.24494338231304036,0.21849585967281215,0.2107227583430087,0.2928016324541842,0.21494252877452724,0.1910171051523959,0.22559597687938565
ate_nonlinear,80100282,0.032180270577836234,0.03627952041761895,0.15175748469965478,0.1539110750211956,0.03566197452409248,0.24958702030317803,0.17988940181868096,0.09875567855970879,0.14356103004537119
ate_nonlinear,80100283,0.1340269392737331,0.14091918826188465,0.1753503954419079,0.18040342092599293,0.19509924411858937,0.2277212238320293,0.22044266223992726,0.1883363521107616,0.20240058064546007
ate_nonlinear,80100284,0.29299240171348573,0.2582709079924774,0.4208114629927826,0.3836941009703827,0.3257393127623749,0.5367445236388397,0.2937087303343964,0.3214755541030121,0.3722724443618012
ate_nonlinear,80100285,0.1427996659864259,0.13858442550791028,0.12856951004160155,0.12331514602792981,0.13814835792673352,0.09906475788248303,0.1399227882016969,0.1415334249128175,0.12839689499033216
ate_nonlinear,80100286,0.18437999858570991,0.1817204169840902,0.1453807029785007,0.18134894593668877,0.15238485856963097,0.06594492121649681,0.1381221376271337,0.15900970622015892,0.13936211391402184
ate_nonlinear,80100287,0.16352729291064205,0.16583423108202877,0.16507354468447621,0.1525727936659521,0.16945771664721432,0.16025052756411495,0.15567962617022457,0.1653832027350134,0.16066877335650387
ate_nonlinear,80100288,0.08296637879314761,0.0863984142393146,0.05487392292919502,0.054288319215205716,0.13858692990246158,0.027648976907161282,0.11194901810589175,0.05328767643871646,0.07715218411388736
ate_nonlinear,80100289,0.25475791673460524,0.254181599424272,0.29797793607512046,0.27254167775908034,0.30514094810286085,0.2746253965357832,0.32686660270491164,0.30740723590651076,0.2973163722018294
ate_nonlinear,80100290,0.20221375600679659,0.2039875902353122,0.18784364835603984,0.1946611322580173,0.22365759984834932,0.15700768606050752,0.2110066332040622,0.18897258416994356,0.19506112710817597
ate_nonlinear,80100291,0.030250276984408853,0.026398341716960427,0.0165396012498584,0.010387952985003945,0.0009956020729098292,0.09052814954356814,0.012319232882693765,0.010838676629826072,0.02501392282280035
ate_nonlinear,80100292,0.010259077806281047,0.011760846633719402,0.038976989049719746,0.026452527303503948,0.004414901990698772,0.017070189971732097,0.056585685272025066,0.04259009744624992,0.029422680396841962
ate_nonlinear,80100293,0.18583200744662798,0.18771664670978105,0.18499916366611036,0.19331888727222002,0.19440661243472612,0.1774297194865755,0.19494132570300615,0.18391285709414995,0.18880188039813556
ate_nonlinear,80100294,0.012229063003124985,0.015108324973645004,0.0322335224460939,0.0015102844547607575,0.024862430603442398,0.015376665084423813,0.06264951041453859,0.03763582518809816,0.028406943149052743
ate_nonlinear,80100295,0.008776257274730716,0.008192388800962482,0.006257635233050798,0.008273648558242832,0.015226120589359318,0.0007356810438794749,0.00398847693024448,0.00453122937498859,0.006551031299342938
ate_nonlinear,80100296,0.08869919890610167,0.08749494666305968,0.08069045657364304,0.08386180514542052,0.07652363890854308,0.05492315406052062,0.09787545317856261,0.09785423392502257,0.08220765704361388
ate_nonlinear,80100297,0.22196687082419797,0.21839857916007444,0.24048004964957648,0.2331781468785803,0.243142612973551,0.24254179815421506,0.2401990971959631,0.2479021630681555,0.24139276365409298
ate_nonlinear,80100298,0.25855668987458813,0.25881945695108044,0.2545729836387026,0.2757323345107423,0.2508939465445863,0.2559409698409425,0.25725286807244885,0.2565445264739381,0.2592729290885316
ate_nonlinear,80100299,0.1556496797454745,0.1570016322982699,0.1656963525665196,0.1737778364074618,0.16898788794402186,0.17016567572478358,0.1751729427230746,0.1603324590576083,0.16968736037139004
ate_randomized,80200000,0.0014350043984086014,0.0002795981617600418,0.00036365019760226103,0.004035331085142424,0.008474789783540437,0.019253067895951936,0.006049163415846159,0.0021618676928847336,0.007994843974673139
ate_randomized,80200001,0.2622642364707659,0.25698099996716484,0.2598589108990701,0.2563007917609881,0.2634873237815569,0.2340887632575701,0.285377964040346,0.2665994014945696,0.26117084886700614
ate_randomized,80200002,0.22726031254458268,0.22712155293154557,0.2311030239932521,0.2312534661166652,0.2170133800380214,0.24457784603762467,0.21256520460772355,0.22883983563113053,0.22684994648623308
ate_randomized,80200003,0.12015801083724409,0.12147342574279218,0.11444398176352877,0.11971198928038984,0.11253636490981489,0.11671661746184736,0.108943754550623,0.11343997132460981,0.11426973950545698
ate_randomized,80200004,0.1466309442983038,0.14910489468435117,0.1241825138395991,0.15104931740621397,0.09785646347860166,0.155393423126734,0.11356622128347227,0.11096817402700254,0.12576671986440488
ate_randomized,80200005,0.10159369319823686,0.09537155687955323,0.11301798507717553,0.09934011235979501,0.12609641015675965,0.1560679650321335,0.10923139512685243,0.0997300794735283,0.11809319242981378
ate_randomized,80200006,0.13093905043146337,0.12687878202936376,0.15157783420424997,0.1391452987148496,0.15358631205103124,0.12971763205072606,0.16428200792810643,0.1551447350933286,0.14837519716760839
ate_randomized,80200007,0.05384626444133711,0.053683662970389845,0.05508234556468916,0.05082609709056807,0.04726173933299971,0.07479682024272871,0.046609545309867384,0.057038927634086134,0.055306625922050004
ate_randomized,80200008,0.1265158232968836,0.12590576975760748,0.13128585387486102,0.1310023841184168,0.13096602528510382,0.1308536705297022,0.13309861987052252,0.1355281647962122,0.1322897729199915
ate_randomized,80200009,0.1345049369855047,0.13240256195498712,0.13818760996295198,0.1375733840985418,0.12097623234225519,0.13209392910434015,0.15669646149111993,0.14508297329379327,0.13848459606601007
ate_randomized,80200010,0.08997345074838703,0.09123027428812092,0.09855082735246712,0.10004800662225788,0.08632266625589435,0.10552036866373127,0.09861719712442463,0.09797972544855182,0.097697592822972
ate_randomized,80200011,0.355502307513353,0.35292631397545016,0.3486948212971258,0.3446925283461777,0.34011620292961275,0.3292803765326706,0.34482759247123873,0.3566113115340439,0.34310560236274873
ate_randomized,80200012,0.07766380810275364,0.08037820362582493,0.05659759942228293,0.05725815796389866,0.07907894157901096,0.01740673088565159,0.05798008942141819,0.07081273102298069,0.056507330174592016
ate_randomized,80200013,0.012488532125905394,0.005610647857144713,0.006272593448514996,0.027618464767977358,0.019435051143124937,0.020146745502904295,0.0017861009239705794,0.02001393145318353,0.01780005875823214
ate_randomized,80200014,0.20938510065765836,0.2132837212631271,0.21555538093538734,0.20637253289909818,0.18697241311760404,0.2120659387657211,0.21400148039551237,0.22590646510811307,0.20906376605720975
ate_randomized,80200015,0.1911541888638852,0.18926674818242767,0.2025342367117125,0.19913340305532196,0.1623433599397061,0.17626018022741058,0.2433205912038205,0.22451258396352508,0.20111402367795686
ate_randomized,80200016,0.05732965299278181,0.051778106180724315,0.05778247692972105,0.03573870488792341,0.06533917614608686,0.056878222314414195,0.03997513481765669,0.0592651201167671,0.051439271656569655
ate_randomized,80200017,0.4278806871749057,0.42806891864310637,0.40824129448106805,0.40530530875693693,0.43709759181510344,0.3653147644377841,0.42909054225455656,0.4216771549559726,0.41169707244407067
ate_randomized,80200018,0.37911993214256157,0.3153701419509112,0.5627300634857675,0.4578900928176104,0.5844100112593829,0.7514685983336626,0.37862175652152885,0.38177400776512016,0.510832893339461
ate_randomized,80200019,0.1003943068961588,0.09846263956827794,0.09839544526540112,0.10555809569163,0.09434568714899694,0.10525402259630834,0.09742650222582494,0.09130573105616246,0.09877800774378453
ate_randomized,80200020,0.31650461181434153,0.31267147436173914,0.31529023857844035,0.3227172113898611,0.32514052017959116,0.3284089557770109,0.3139911360982275,0.30589434429439066,0.3192304335478163
ate_randomized,80200021,0.39766592857868843,0.39567765173943215,0.393538503126615,0.3840043353799122,0.4085767227175968,0.40514272031815224,0.38177644786865883,0.38075553951294594,0.3920511531594532
ate_randomized,80200022,0.29374721820233585,0.29652455623028995,0.2822023448852531,0.28943088824628116,0.28700092608807803,0.27481725985883,0.2750323730218244,0.28339764649747134,0.281935818742497
ate_randomized,80200023,0.23824757444053735,0.23430711137443627,0.24127540098816003,0.23846095906883324,0.24351602899223412,0.2449930320897683,0.22875958787590112,0.249461949936448,0.24103831159263694
ate_randomized,80200024,0.20156720264076777,0.20112614317059108,0.20454315079569407,0.22444738431095668,0.1950237600338418,0.2114284483921487,0.20375481231331416,0.1977037636768777,0.20647163374542782
ate_randomized,80200025,0.028516501603138344,0.028185576615345376,0.017924460686854438,0.04281163257123222,0.012664080080997842,0.03431952041150321,0.004951656279575722,0.006581128058445351,0.02026560348035087
ate_randomized,80200026,0.19744100208123283,0.19738580818017082,0.1908452365303016,0.19473048086007194,0.210526367376643,0.1849809491141613,0.19494678611596183,0.18633457059701042,0.1943038308127697
ate_randomized,80200027,0.16383391516120072,0.16946798460394974,0.15376905497621318,0.15426415102393265,0.18026012079627152,0.1586982597580635,0.14030522005469437,0.14953774111182327,0.15661309854895705
ate_randomized,80200028,0.11570836881279356,0.11464824060081846,0.11899705508827596,0.11552848199486143,0.1290272651064337,0.11487473825096495,0.10482336858391172,0.13348700383781797,0.11954817155479795
ate_randomized,80200029,0.02959059856513213,0.024015656930000295,0.019211760979682913,0.008653394204170217,0.03353642604926299,0.06097673557379912,0.048303612250297556,0.00785886428931426,0.03186580647336883
ate_randomized,80200030,0.002316950336472834,0.0074937329445050604,0.01253754042051547,0.014270187839491522,5.842670424138774e-06,0.009656549915297186,0.012752892002089178,0.01652085922621027,0.010641266330702458
ate_randomized,80200031,0.05492756022426992,0.05673805130932241,0.053088583086068564,0.04172340287182241,0.07591930283520132,0.042282911672329004,0.05158743514034658,0.06976124896023184,0.05625486029598623
ate_randomized,80200032,0.5317648541511719,0.5407050442279999,0.5141452045819784,0.5382722210468476,0.5273743313135331,0.48445307131425785,0.5252105187954133,0.5170525651754563,0.5184725415291016
ate_randomized,80200033,0.03945779163457597,0.04194437820531571,0.03747319538213434,0.03032111484624589,0.052530997582451944,0.015498512574212198,0.04264294464208329,0.04276143867589677,0.03675100166417802
ate_randomized,80200034,0.1831962919281071,0.18400083542328532,0.1858255894031272,0.1945171213195866,0.18727918029289897,0.1982070660636967,0.1838352239177769,0.17772217154961284,0.18831215262871442
ate_randomized,80200035,0.10668854013460938,0.1053181101419336,0.10837453698494093,0.10914603963869873,0.1067916561700708,0.10228220716494385,0.11201171175020996,0.10766629472750489,0.10757958189028564
ate_randomized,80200036,0.22453156054188722,0.22107204735447877,0.21283194859991378,0.22246226608921998,0.20107057631184572,0.22612419665028566,0.215634554030199,0.20008924544026369,0.2130761677043628
ate_randomized,80200037,0.06585417950712857,0.06455053651892362,0.0679661434348744,0.06845818722807584,0.07967306936346708,0.0695782181080502,0.05358590448462186,0.05962904060446439,0.06618488395773588
ate_randomized,80200038,0.00615177733679495,0.005036246607501127,0.003432896564204313,0.013650607893664457,0.000521105358798124,0.002050292322833158,0.0018969358704499228,0.0023863496087006553,0.004101058210889264
ate_randomized,80200039,0.14469135258458143,0.1473680481698323,0.14651082161925322,0.16070743356011397,0.15326232168934828,0.13375121060870176,0.1483711943414021,0.13985032294056898,0.14718849662802702
ate_randomized,80200040,0.25031925068229777,0.2520942770037089,0.24965232065250817,0.2444193147215281,0.2342356972488795,0.2291145704779063,0.27386646793216807,0.2710577778610621,0.2505387656483088
ate_randomized,80200041,0.2663035312988917,0.26573016441847486,0.26313211491130895,0.24312771804119748,0.2709761927225749,0.25526609219099683,0.26198843813921613,0.27464323438193006,0.2612003350951831
ate_randomized,80200042,0.13948343883780534,0.14072536121634538,0.12849967371253068,0.13449834476737077,0.13199685703543718,0.1374471057536989,0.1290709842327028,0.11580805670050676,0.12976426969794327
ate_randomized,80200043,0.019052997898764357,0.019309983324713453,0.018377943010833786,0.00813128120870088,0.023520187210745558,0.01543377406568025,0.024135605168051466,0.02689637310475801,0.019623444151587233
ate_randomized,80200044,0.18402697697462322,0.1831829752046037,0.1894992694773443,0.18367864743055584,0.1893102134782243,0.18921532288374188,0.18955673828901531,0.19586839333357098,0.18952586308302166
ate_randomized,80200045,0.18759054462606584,0.18730199854070817,0.18428690751885246,0.18944049398595963,0.18116587917501603,0.19311446468526994,0.18070716182882463,0.18141681472952043,0.18516896288091814
ate_randomized,80200046,0.13044108203811056,0.12742544464034444,0.1400591259376467,0.13690401367110616,0.13814045242232686,0.13794280342025167,0.14071441940230733,0.13976050666732198,0.1386924391166628
ate_randomized,80200047,0.06357672616357135,0.06257012292260455,0.07932037914310408,0.08301332398766803,0.05284622117394733,0.09362223550195026,0.0845877210747652,0.07679369851464557,0.07817264005059528
ate_randomized,80200048,0.26389327541629193,0.2635509063367021,0.24117056425054595,0.23085775867740033,0.26687207714358685,0.23007121578494427,0.238650708353914,0.25171747700015423,0.24363384739199995
ate_randomized,80200049,0.024201713102841138,0.026592574614071607,0.026677272814297437,0.0318476777253387,0.03584762622692561,0.022507868307614087,0.02795561363079524,0.018007956045651197,0.027233348387264968
ate_randomized,80200050,0.2839710714201973,0.2851951124053047,0.2792592348437355,0.2739064695220039,0.2793304921965645,0.27963542955923537,0.3122439386229561,0.2675434352736519,0.2825319530348823
ate_randomized,80200051,0.06751132554076245,0.06732838398478558,0.06924274609746667,0.06094405597708752,0.06194212085269024,0.07198955661318829,0.0670560950662904,0.06807306951544811,0.06600097960494092
ate_randomized,80200052,0.046553805302903095,0.042546823453232685,0.04542403899761549,0.05608232302598659,0.0375135688298196,0.05720241351060573,0.03062291426591579,0.04505653662614528,0.0452955512516946
ate_randomized,80200053,0.0074623368162105574,0.014780118264574815,0.0007451119003880624,0.005820228852648546,0.02286977986278038,0.0009998538118412004,0.013268277845959853,0.007158920965771864,0.01002341226780037
ate_randomized,80200054,0.04153010650986566,0.042347286189736266,0.03638239110026875,0.03823826118821039,0.03793487354630365,0.03668508335465326,0.029894803012551208,0.0367527942311181,0.03590116306656732
ate_randomized,80200055,0.057593307137515204,0.05715294802191462,0.05640201890471186,0.05148049318793024,0.05315115177633967,0.07184704267981257,0.04647614681723322,0.059300980210330145,0.05645116293432917
ate_randomized,80200056,0.15307801452854908,0.15325957027653492,0.1518055944400989,0.15321009842137134,0.15082197872380054,0.14577668396214283,0.14897936073521412,0.15220516411045826,0.1501986571905974
ate_randomized,80200057,0.3126968519666332,0.31040064263130607,0.31727848219658317,0.3227546589353222,0.31714025902534904,0.31663958000923575,0.3195795195081371,0.3223058359601635,0.3196839706876415
ate_randomized,80200058,0.30709853699819156,0.311598568469444,0.3217803133628361,0.3270358138384015,0.3032135062517316,0.37475600770131656,0.2921593480409772,0.3097621493639142,0.32138536503926823
ate_randomized,80200059,0.00647264973464684,0.007925661962658925,0.01439452922486345,0.0168102111035891,0.01363429172691627,0.002544733446270986,0.01089227454009728,0.017382505100400014,0.01225280318345473
ate_randomized,80200060,0.09088856924028066,0.0962472056195226,0.09100889114986743,0.0988748763844457,0.1138205026432958,0.1352491473004308,0.057589421157547505,0.07499743450135854,0.09610627639741567
ate_randomized,80200061,0.004095930022826266,0.0035406531520987272,0.0017871639756663615,0.0009865580371712923,0.01004292385064609,0.003996986312499118,0.005005460815796781,0.010293740195860934,0.0060651338423948434
ate_randomized,80200062,0.1571647077202778,0.15990291529893685,0.16002430760860253,0.16983783984184075,0.1460216789841633,0.15451227867603112,0.1698171644806843,0.1648825033903103,0.16101429307460596
ate_randomized,80200063,0.37442015148542085,0.3734925840034262,0.3739509238535339,0.3860815618171469,0.35642813183210054,0.3825416419639365,0.386462077869393,0.35876177288434663,0.37405503727338474
ate_randomized,80200064,0.2619553826747779,0.26973223909720223,0.2512034001448198,0.26697910055502694,0.24460733160361092,0.23495131954535287,0.2346383355556373,0.26260125860556405,0.24875546917303842
ate_randomized,80200065,0.005023630745359942,0.005501987822004839,0.016952844746061846,0.015446456558653399,0.005071339719346479,0.02336031425709395,0.01460331905598311,0.020062895901152178,0.015708865098445823
ate_randomized,80200066,0.45860752379982017,0.45575711047737144,0.4581608465918734,0.4599974445113375,0.4662400177725985,0.4292386463889315,0.5091440371283724,0.4607327870139315,0.4650705865630343
ate_randomized,80200067,0.16413090363307825,0.16625437870784632,0.1583203746394718,0.16251281634136072,0.1537727488593661,0.15066377058788172,0.1532681955413424,0.16075346604152552,0.1561941994742953
ate_randomized,80200068,0.16874526237219278,0.17096482013433878,0.17568885579476468,0.1800144741412968,0.18883131240576212,0.17952726577490274,0.20171640609472696,0.16903982852667276,0.18382585738867227
ate_randomized,80200069,0.024435822014060637,0.026167217735496184,0.02373014772340365,0.02712986255094113,0.020770285371986053,0.02115449691220822,0.02431023502751889,0.027864281181541106,0.02424583220883908
ate_randomized,80200070,0.08634572720105366,0.10732128715092853,0.18847491836125568,0.215472544189045,0.020229155774662055,0.28149060403878406,0.24676817154462055,0.13397019600445942,0.17958613431031423
ate_randomized,80200071,0.002236642954957624,0.0007159923332809015,0.00034328448950049495,0.010618231179106097,0.016205928208219866,0.021922507403504987,0.023968419911253314,0.006939568637025495,0.015930931067821952
ate_randomized,80200072,0.10738251302844862,0.10712928269512037,0.10823251003232179,0.10153291319019178,0.11051902864581922,0.107986129266089,0.10808990095264295,0.1076642343819795,0.10715844128734449
ate_randomized,80200073,0.25142044919549766,0.24983073371469322,0.23761337595998588,0.23852802413522545,0.2597614039760763,0.21457899707376304,0.24445296424447838,0.23778535026132408,0.23902134793817345
ate_randomized,80200074,0.01751433531618385,0.017875837486746593,0.014610476495586444,0.0014150611577060657,0.010924386185171886,0.014209734600546642,0.04479949395036964,0.0024839512524631457,0.014766525429251475
ate_randomized,80200075,0.3183081907448564,0.32123099390838483,0.311687103154003,0.3424962771353517,0.3013435018477235,0.2852654171404634,0.3040290934262071,0.30217515055511335,0.3070618880209718
ate_randomized,80200076,0.19791230356415368,0.1946892420025692,0.2001823464604242,0.19639488851746179,0.1870339790554867,0.20381292497833825,0.20294531976898766,0.2058185020657406,0.19920112287720299
ate_randomized,80200077,0.09368018973255754,0.0933804379739821,0.09790303477033574,0.10241778362179399,0.09740738737965227,0.0967422293462813,0.09393285382176042,0.09754066336537004,0.0976081835069716
ate_randomized,80200078,0.10529057649434392,0.09823533674240892,0.09549812692066813,0.09272029498130863,0.10712976349056547,0.09597328086853807,0.09558802252174203,0.08932966148019617,0.09614820466847007
ate_randomized,80200079,0.017786905995492486,0.01822044037926629,0.027295848559821034,0.036418543091897515,0.012932822934274224,0.04005603574860528,0.03254298948395684,0.02528797172654107,0.029447672597054986
ate_randomized,80200080,0.1784980972943533,0.17407412134983424,0.17726955615856532,0.18093640410282497,0.21175337635853175,0.18207556807377223,0.1637777169881094,0.16194508277752284,0.18009762966015225
ate_randomized,80200081,0.20560003691908624,0.2055633204579046,0.20565648251768864,0.20048595839735772,0.21084584170576837,0.21461172276732232,0.22090037041899468,0.21089656525847222,0.21154809170958305
ate_randomized,80200082,0.21946855109025876,0.21879889290620724,0.22966796876082662,0.23495437424470822,0.21683056872178952,0.22922398369600216,0.23511757176210324,0.22421135227968136,0.2280675701408569
ate_randomized,80200083,0.20159492390442146,0.20216587679672493,0.20569699557399504,0.18471893603194012,0.1976626676528479,0.18556849593508495,0.22143624471712364,0.23809126885819687,0.2054955226390387
ate_randomized,80200084,0.7013092648924293,0.7006907176912727,0.6910782021225395,0.6986928892076911,0.6915953469217719,0.6911583554686012,0.6883787524641456,0.6874422144831123,0.6914535117090643
ate_randomized,80200085,0.0500114599194309,0.049311164947964836,0.05426714214942663,0.04890263471267431,0.06414688024184911,0.052539948555447746,0.054840926262356926,0.06341624650619238,0.05676932725570409
ate_randomized,80200086,0.04403289145073008,0.049251754937973735,0.04401155795495415,0.04989333933433604,0.03173204248985362,0.008585016073378804,0.09069033449729991,0.05907030886253428,0.04799420825148053
ate_randomized,80200087,0.13491739814973602,0.13566543644166718,0.09895354991651295,0.08580650871492157,0.1561148363897873,0.06115569656587372,0.11746539657808075,0.12337275331712494,0.10878303831315765
ate_randomized,80200088,0.008128016837176233,0.011363774188097864,0.011151174354291471,0.0034123953657712036,0.017160713322695642,0.0012947317438687378,0.009363382704790979,0.021397828705843835,0.010525810368594079
ate_randomized,80200089,0.09803177424033604,0.09893518694003545,0.10496465000271918,0.11065533764918767,0.09147880979140721,0.09442755587657414,0.11321108050902806,0.11604987092574559,0.10516453095038854
ate_randomized,80200090,0.19032264026239698,0.19477254422739332,0.18343769843116586,0.20066228779390638,0.18125465782717054,0.18000459941461866,0.18957680734232252,0.1829475191457588,0.18688917430475538
ate_randomized,80200091,0.418408757948701,0.4127356095122292,0.41813964786698365,0.423589327081491,0.4291807833941772,0.42584728094508195,0.4122414334559932,0.40755326970239425,0.4196824189158275
ate_randomized,80200092,0.11554358692375644,0.11559252233711703,0.11539765985218509,0.117814076854863,0.12300081343857272,0.10579992623535617,0.11596478314606173,0.11225284428802951,0.11496648879257662
ate_randomized,80200093,0.04309459346827915,0.04064841884669712,0.04415424484309605,0.05598606485423496,0.03078438657817295,0.0589485945135062,0.048241275730699806,0.03363003152903965,0.04551807064113071
ate_randomized,80200094,0.11949519843926604,0.12131207467189009,0.13589453603894092,0.1476211103903311,0.13230644942393477,0.15619251162877257,0.13405197144618208,0.12868321717848952,0.139771052013542
ate_randomized,80200095,0.02059539374874575,0.023305974574551414,0.030982019674445693,0.010824165912136863,0.052740297885403464,0.005923070339694192,0.03950365600155337,0.04321940955685122,0.03044211993912782
ate_randomized,80200096,0.09905030989703789,0.09918364548740044,0.09240939879474297,0.0971063640123333,0.11453064942416802,0.08578177952823296,0.09717157149371758,0.0866804983621563,0.09625417256412164
ate_randomized,80200097,0.15369767438216897,0.1538555074815342,0.15190880984906252,0.15680468570037576,0.1495866824273655,0.15477526675506326,0.15357375632568093,0.15054840337081643,0.15305775891586038
ate_randomized,80200098,0.13183593092594315,0.130518668276407,0.13044310945504667,0.12334405718479324,0.14327740011844803,0.1209335261407869,0.11343454657230545,0.14751517115268875,0.12970094023380446
ate_randomized,80200099,0.29679363204189535,0.2971188349837899,0.30581449700542684,0.30603127909847494,0.2852541728133797,0.3377522750014901,0.28643410636135336,0.3014835639114022,0.30339107943722005
ate_randomized,80200100,0.17756922300385136,0.17706186826752324,0.17763137078013724,0.18806834276245732,0.17006171997116704,0.18705375249909062,0.17539031560944218,0.17585606630371708,0.17928603942917484
ate_randomized,80200101,0.26124122797350524,0.26132017432551025,0.26507605919142996,0.2533082371840918,0.25660644530157684,0.2692354625354254,0.2702437645087683,0.2732919460425818,0.2645371711144888
ate_randomized,80200102,0.42552045793344506,0.41967592448999413,0.4344194413325183,0.4370059153537942,0.42382703037073144,0.42958024949838647,0.4263094446163369,0.4494561335544778,0.43323575467874537
ate_randomized,80200103,0.2228480942582578,0.2225448258256406,0.22084913328642553,0.22158054188246434,0.25842932537550634,0.1867831118440122,0.28833750561232274,0.2265404827928037,0.23633419350142187
ate_randomized,80200104,0.13059270488010488,0.13470512734638296,0.13322398669309066,0.13972014294849477,0.11961805926548086,0.12316179381595693,0.12458539115177236,0.1374905716060265,0.1289151917575463
ate_randomized,80200105,0.07180021276212445,0.07855934967733136,0.09560117443538418,0.10644718577600232,0.04920941164232007,0.1077885585043501,0.08791189958787671,0.0860985325787138,0.0874911176178526
ate_randomized,80200106,0.09978394371666066,0.09982673985160939,0.08973539533612673,0.10139875275291554,0.0750331149736797,0.10879568916954152,0.0891319976488506,0.08175103527702443,0.09122211796440235
ate_randomized,80200107,0.16924156573147364,0.1695655169758279,0.16579562998543962,0.1634893598827798,0.1684014978680093,0.15502037432522364,0.17507697966427394,0.17184575226635523,0.1667667928013284
ate_randomized,80200108,0.0908885207186253,0.09127720260720562,0.08199382885397599,0.07837047243218731,0.10177548790078472,0.06917895937066387,0.09021385574441265,0.08491136694054913,0.08489002847771954
ate_randomized,80200109,0.39336614933170444,0.40994690981067783,0.41079782075243765,0.4536508234993375,0.4302467617050565,0.4071621212021268,0.36140613880314,0.42853354540027744,0.41619987812198767
ate_randomized,80200110,0.10726491416796635,0.10887316669329594,0.1162794809073665,0.12339321578844975,0.09507516826495122,0.09392301048144291,0.13504020179614018,0.11776749099596928,0.11303981746539067
ate_randomized,80200111,0.4020946167394841,0.39836575016233566,0.40829181099785605,0.3985725186750615,0.3816638730451787,0.43390203937742355,0.410933866350385,0.4192920468733037,0.40887286886427054
ate_randomized,80200112,0.13947355942008144,0.13986593679663784,0.13858259912408633,0.1353840847420419,0.1418157835411752,0.13619440988776332,0.1413785834717477,0.13943642572638637,0.13884185747382288
ate_randomized,80200113,0.1576026294179227,0.1528905246205594,0.15956513221536728,0.14896138643696566,0.12188609575703402,0.1266764018483426,0.19577821230366488,0.18099864458515902,0.15486014818623323
ate_randomized,80200114,0.003645545532904748,0.005222803642951135,0.006521628589036821,0.002384549668036584,0.008637315323554162,0.0014777121041191776,0.013112670471869592,0.007510549118720178,0.006624559337259939
ate_randomized,80200115,0.33365638081129867,0.33108861271437484,0.333858222006723,0.3414504033714183,0.33355254952009994,0.3305842382102855,0.33062453095015365,0.33418102089461166,0.3340785485893138
ate_randomized,80200116,0.0802357171438095,0.08125602945307464,0.08348595842341155,0.08827149614313812,0.09080672010401458,0.08008372529963226,0.09638714536646575,0.0788152192495224,0.08687286123255462
ate_randomized,80200117,0.13689252342288516,0.1368732711226227,0.1348309676399312,0.1432597299963715,0.13239851202075503,0.1384008785635712,0.13080158437793277,0.13692774976794742,0.13635769094531558
ate_randomized,80200118,0.1488082894683732,0.15496550887831584,0.14612944811591033,0.15827201694258586,0.17107831329115764,0.15917806714781657,0.13050692170866862,0.12645696491011515,0.14909845680006878
ate_randomized,80200119,0.06611314414181935,0.06370976565518605,0.06662789978820705,0.04617789385953175,0.06803336737790333,0.05974784491696583,0.08591619132199513,0.04699090121426808,0.06137323973813282
ate_randomized,80200120,0.13586910239578343,0.13554018906475163,0.1325375110982215,0.15064482561470127,0.15339484236360645,0.13422858885646916,0.12785252726794338,0.11589363387943363,0.13640288359643077
ate_randomized,80200121,0.24252181786034965,0.2495320393416729,0.25074778534704906,0.2541432930800762,0.22873144882653618,0.21855178016160393,0.26731127041314506,0.25726782816384697,0.24520112412904166
ate_randomized,80200122,0.03857535485084418,0.03752071026618842,0.043737236297682336,0.04442698124702338,0.03919667366798285,0.037997905052260195,0.04330391053016547,0.04828924301917914,0.04264294270332221
ate_randomized,80200123,0.0974250403697634,0.09597080624653342,0.09772580882214946,0.09435516274525169,0.10021395659996513,0.1250364301259661,0.08399577117516044,0.09215645170761588,0.09915155447079185
ate_randomized,80200124,0.1970367820645459,0.19584981516848876,0.20078104650826123,0.20219604090701415,0.1982148082638867,0.19838956908236816,0.20532945708285644,0.1978605182553418,0.20039807871829343
ate_randomized,80200125,0.005326139415392284,0.0025458211551994125,0.0018912528803834983,0.003721880401262645,0.028082775558122997,0.021273004497179393,0.015059364353528615,0.010656548057904836,0.015758714573599696
ate_randomized,80200126,0.12705208035726556,0.12557752105016717,0.12290945820430133,0.13565422269124994,0.11646987172384271,0.1406555888297082,0.12128008576650628,0.11721725436468133,0.1262554046751977
ate_randomized,80200127,0.05021444086690097,0.04594531778950839,0.06657929345428282,0.05388644461293368,0.07428911451954989,0.03665140394826083,0.07691732172627597,0.07801285509724765,0.0639514279808536
ate_randomized,80200128,0.21138986638369817,0.21138873389544743,0.21188825062098754,0.1984578638392951,0.2228307395297553,0.20746290376963872,0.21360879829707402,0.21972700646701115,0.21241746238055487
ate_randomized,80200129,0.2678694136867763,0.26356780607798114,0.27797904689409747,0.27269226391413226,0.25097447712519183,0.28625667173960223,0.30134028275110736,0.287422240568185,0.27973718721964375
ate_randomized,80200130,0.4122251567879369,0.41711953258902335,0.42043045139700674,0.40497663593680167,0.4274970588722875,0.4031195936241796,0.43689802265555167,0.42303898907095694,0.41910606003195544
ate_randomized,80200131,0.4840557314327294,0.4861492849758202,0.4887332854043379,0.5170998312404687,0.4644726849964196,0.5020544268062646,0.4588920809200341,0.4891804791858727,0.48633990062981186
ate_randomized,80200132,0.16844832725198988,0.16499697990091566,0.17510312623651747,0.17732715434702162,0.16068816013010268,0.17020881004007582,0.17548930473001723,0.1740037185636354,0.17154342956217056
ate_randomized,80200133,0.3688995294421648,0.36451238916811696,0.3661144328762825,0.3661962799876665,0.3686054997294878,0.3831965379565691,0.3796889238208269,0.35691518114504567,0.3709204845279192
ate_randomized,80200134,0.02133693569779016,0.020072423158880248,0.03207083815216627,0.014050565897222533,0.04441615217804529,0.03925635689377405,0.04799910658478357,0.030734740434881225,0.035291384397741335
ate_randomized,80200135,0.03015122715558549,0.028603354135413372,0.03052218659645256,0.02088216845120927,0.04306212965573808,0.045970150867362225,0.02919460240926286,0.03421036306943437,0.034663882890601364
ate_randomized,80200136,0.19879117272425706,0.19537859819460923,0.2047943197153908,0.22516829929877336,0.21695856414366776,0.2806881632619005,0.2069562043957811,0.18863904140521104,0.22368205450106676
ate_randomized,80200137,0.12002430966772071,0.13413088134206763,0.1261000470447285,0.1240882586566352,0.12357553950227729,0.12211054674066535,0.13167542329706183,0.13909892848409644,0.12810973933614722
ate_randomized,80200138,0.09097793128954756,0.10065283802019942,0.08266471253700436,0.08901932266222823,0.10556068447100508,0.08592870262133467,0.06542112853991378,0.07544519927965987,0.08427500751482833
ate_randomized,80200139,0.32703781865798653,0.32706928991042794,0.3274318699316504,0.3236969783183259,0.3241953923579377,0.3118820562239808,0.33273074768745126,0.33469120405875863,0.3254392757292909
ate_randomized,80200140,0.1748413704703662,0.1773725934694621,0.16213339198335142,0.22647461857601137,0.1464963443945262,0.06423693526490659,0.17522489655717344,0.13837057728274793,0.1501606744150731
ate_randomized,80200141,0.0013682840197171142,0.0032944677202786377,0.004140407052746875,0.019685387817135913,0.00199842473577605,0.007229924407712085,0.01881885507989778,0.012143373695126636,0.011975193147129692
ate_randomized,80200142,0.169917479459482,0.16811366409464434,0.1657008879423515,0.17544348568125323,0.19020070165796832,0.2067064198891695,0.130349710885721,0.14780034155054644,0.1701001319329317
ate_randomized,80200143,0.12070681435635705,0.12261177880337853,0.11661872548630853,0.1289522228913607,0.11157615763714929,0.12252266985943933,0.11608203036358972,0.11737789494565148,0.1193021951394381
ate_randomized,80200144,0.24305421148118667,0.2418033782082527,0.24091685845829341,0.2337959412175148,0.25498667393502883,0.2405540946560829,0.24183699522790603,0.2434927526551216,0.24293329153833082
ate_randomized,80200145,0.2189867596390066,0.2185420493843374,0.23236942296844892,0.2257427673103628,0.16602418825648402,0.17984981343768214,0.27631444737933253,0.2667303185226736,0.222932306981307
ate_randomized,80200146,0.10006176045899418,0.09755013993744877,0.09628491710985526,0.09680561831955936,0.10729985049729374,0.09687678626542118,0.09443797281746891,0.09239579847817447,0.09756320527558353
ate_randomized,80200147,0.25761721617689726,0.2577144313525259,0.26672385222426054,0.2690853882502615,0.2502156305979788,0.275898377962023,0.2524909187029898,0.2619971442889273,0.2619374919604361
ate_randomized,80200148,0.01627517427842362,0.010275787967846228,0.00014533911307113012,0.0013328262750361697,0.013005621093914344,0.07930784736235397,0.030182964462444617,0.015333480495617224,0.027832547937873264
ate_randomized,80200149,0.09251701532913947,0.08700543343140388,0.09029756684217558,0.08442263006283546,0.10920041500641609,0.09138866215063834,0.07852485477043891,0.08281971215321327,0.08927125482870842
ate_randomized,80200150,0.16206580038417095,0.16320627565730328,0.15453240906743904,0.16966491575587506,0.14351445074427838,0.1546710097347569,0.13725620146144146,0.15237217779505963,0.15149575109828228
ate_randomized,80200151,0.14395553433948338,0.14422542417102635,0.1512367980088153,0.153564160705145,0.14221567475848973,0.14798272216373265,0.1484757121806699,0.1483107861285764,0.14810981118732275
ate_randomized,80200152,0.008261296022745945,0.010021003950449803,0.01812233812492392,0.03287944482645688,0.010074946153971531,0.01788357185206113,0.004752191770884373,0.02490911172709165,0.018099853266093112
ate_randomized,80200153,0.2130237622354927,0.21128116084083937,0.2155243732824427,0.20448693169102095,0.22068450880989454,0.2249955786560478,0.2233941657637062,0.21919863952145002,0.2185519648884239
ate_randomized,80200154,0.03253095000081885,0.03114055245214331,0.032000945499476074,0.0303606852799021,0.029066191604670166,0.010804162910517334,0.06206004469686377,0.04020367710882056,0.034498952320154784
ate_randomized,80200155,0.2685283440110684,0.2692847865579129,0.2783876575785479,0.27744007287001615,0.24153739390349394,0.2860267179963589,0.2726980465409756,0.28313452181792265,0.2721673506257535
ate_randomized,80200156,0.0531690754556271,0.052363086547813076,0.05716727493341889,0.06178249796863522,0.06591555109258618,0.07199218502279248,0.052788514699897426,0.05139201512571301,0.06077415278192486
ate_randomized,80200157,0.04996081014956566,0.0518440785058889,0.04652634084707041,0.055499810183897935,0.0321985067972097,0.037876445258513414,0.03621806522692772,0.04528917690600487,0.04141640087451073
ate_randomized,80200158,0.3293637991471776,0.32912704949812976,0.3333595157189855,0.33173999791579334,0.3256751061006078,0.34742722516493885,0.32717297082381336,0.33158693318801014,0.3327204466386327
ate_randomized,80200159,0.24446902959122263,0.2499111720777949,0.24801562516464792,0.25580869405045115,0.2647470065809687,0.25291310040726267,0.25384710519089304,0.2361939975477656,0.25270198075546824
ate_randomized,80200160,0.14198528979587444,0.1410337612466801,0.14049266531435536,0.1254812106924046,0.14005628977584728,0.12598478053378948,0.1481842920618046,0.1577690467672337,0.13949512396621594
ate_randomized,80200161,0.40726927036719024,0.4064197253652066,0.40833623324509954,0.4069463324017972,0.4076423954434842,0.4107963156171292,0.40568211788611114,0.4094543170400113,0.40810429567770656
ate_randomized,80200162,0.012548860269346207,0.013211902337827652,0.016972776609220475,0.01648544903353688,0.0063564741189861,0.019794520097532242,0.02477317686633107,0.020239409166135758,0.01752980585650441
ate_randomized,80200163,0.11666281242903598,0.11471707840498813,0.12017472803330953,0.11229975243147738,0.13225061913069613,0.10191149731215365,0.11620266457136996,0.1362426998191727,0.11978144665297397
ate_randomized,80200164,0.12894588432831622,0.12650423965973712,0.15410393945498324,0.14455121479554034,0.10192191324753619,0.16576206408066607,0.17162072382492877,0.17086970530075885,0.15094512424988604
ate_randomized,80200165,0.05153235768094955,0.05461332176938949,0.051042094576510766,0.0517538485409349,0.048880189407023766,0.033322721469554284,0.04043337677732406,0.05914464567914901,0.0467069563747972
ate_randomized,80200166,0.16081058111841617,0.16347455111200748,0.16593507306829236,0.17885478463823734,0.18180390325243412,0.22835939255411564,0.17642696824724613,0.15826588001902042,0.18474218574221074
ate_randomized,80200167,0.12410326045837844,0.12735146027889693,0.12894314147121552,0.13846610230293716,0.11611605924454177,0.11094745737400497,0.11445910972443069,0.1263815436967894,0.12127405446854081
ate_randomized,80200168,0.09818761120346586,0.09661467443016569,0.0959618433823923,0.10477468441036741,0.12219989369419615,0.11497318814304869,0.0882336951306204,0.08013974199799101,0.10206424067524474
ate_randomized,80200169,0.6023192353838738,0.6039534159296807,0.6111277190639631,0.6059794970148857,0.6231248326891716,0.5962877221697624,0.6078337379092034,0.6209454484576042,0.6108342476481254
ate_randomized,80200170,0.030451885679041113,0.03693526170519468,0.013046753226394259,0.036987534978662695,0.004542597315038477,0.01774018190172788,0.022657505491052832,0.0018670640203607425,0.016758976741368524
ate_randomized,80200171,0.05009133066683735,0.053927843232450146,0.056104227363563686,0.061807458062467235,0.05986541952639546,0.06792861666232075,0.05026323046236958,0.04553729738741841,0.05708040442019428
ate_randomized,80200172,0.09433049393997095,0.0920427782665243,0.08965588418946169,0.07775798870429895,0.1106446726451864,0.08555955870256327,0.0868346883188238,0.09549364878044031,0.09125811143026255
ate_randomized,80200173,0.16158691486935584,0.1588287695370194,0.15982369026761023,0.15889111599545447,0.1606039150677201,0.1746032579861161,0.1410299881420609,0.17120042881588904,0.16126574120144813
ate_randomized,80200174,0.02498606102541423,0.025595816541466476,0.030268125304334648,0.029898675847801925,0.01195493595674968,0.010927644800391434,0.08740309135988689,0.045343669820580246,0.037105603557082034
ate_randomized,80200175,0.006630667765606724,0.005551756639946781,0.008791930012076385,0.019713719655741535,0.023835744057763897,0.011009803692828335,0.0029673141436470374,0.0012938541369331702,0.011764087137382796
ate_randomized,80200176,0.06465563359060833,0.06368217053213665,0.06817298315166376,0.06847772183218548,0.06548032345572063,0.07023909868994305,0.07215646090307781,0.06651780190268108,0.06857428135672161
ate_randomized,80200177,0.17124094417687008,0.16894646337624142,0.1595579867660577,0.1546647732555444,0.17179473093147823,0.1179516499340112,0.20317550352211544,0.1753394787609155,0.16458522728081296
ate_randomized,80200178,0.2266179450240795,0.2213127144065563,0.226944628147986,0.20341665823132438,0.24640454132229728,0.23882169801861686,0.24367089349896354,0.22447509843975944,0.2313577779021923
ate_randomized,80200179,0.28498807481584665,0.28612953356561777,0.2827398521866174,0.2926544242268574,0.2834528081780445,0.2847610705262196,0.2900925569897663,0.2786211960679066,0.2859164111977589
ate_randomized,80200180,0.14184669534032063,0.1403291312820168,0.14523958791955827,0.1481852022773476,0.1431255725986214,0.16026178876225666,0.12247387448613362,0.13359025994603352,0.14152733961407854
ate_randomized,80200181,0.09085924113918509,0.08932716334987845,0.08744741166759695,0.08342773402858938,0.09098047698665823,0.08240360702205862,0.10243374789882864,0.0936988064162847,0.09058887447048392
ate_randomized,80200182,0.13504692088159054,0.12444346319230526,0.14894995941903075,0.14650500486882656,0.13450852702649563,0.20359760443957775,0.158022618995032,0.13277595411332577,0.15508194188865154
ate_randomized,80200183,0.37369220370579415,0.3759154569559162,0.3699999443146452,0.3735903989725178,0.39183275813389473,0.36918335074711495,0.38259052151966744,0.36541347617436104,0.3765221011095112
ate_randomized,80200184,0.2567826713579874,0.26191576376139925,0.2725898628888509,0.28631790533244417,0.2692844475764017,0.2704963888186197,0.2605392540949564,0.283875485803483,0.274102696325181
ate_randomized,80200185,0.16314008449163975,0.16107093905058445,0.16295335307366593,0.15973928187933506,0.17256232713308872,0.1727047822341019,0.14419236396399082,0.15703528736677708,0.16124680851545872
ate_randomized,80200186,0.04822893875430179,0.04709960954974246,0.04500023958673227,0.03807892340014529,0.05676384704897952,0.07336415785143924,0.015904356415968657,0.04167809027026248,0.045157874997359036
ate_randomized,80200187,0.21176643863792932,0.22888691917534387,0.21596099009589076,0.2587432433712057,0.18311782375450647,0.1940651108371786,0.18864865795250452,0.22761218443985498,0.21043740407105008
ate_randomized,80200188,0.010190617524052259,0.012850176773930189,0.028638721985086324,0.03418661304559767,0.011454593621159193,0.07341862865533888,0.0063000803366655145,0.009172331772709486,0.02690644948629415
ate_randomized,80200189,0.10357141335380204,0.09375065405738481,0.10799009441904361,0.11198174794089921,0.10674369175803788,0.11260890801322587,0.0907788260735286,0.11727201779258378,0.10787703831565507
ate_randomized,80200190,0.12742084607915483,0.12248152837590776,0.1259811753574649,0.13754469499425492,0.13360590085820756,0.1366236840231856,0.1034217511160811,0.14360267267064653,0.13095974073247513
ate_randomized,80200191,0.2121618766620854,0.2121159214809636,0.21687591861040384,0.21312860439569747,0.21727717707903182,0.21071267913133895,0.21762216876299179,0.22802586148531234,0.21735329817087448
ate_randomized,80200192,0.07170634075957882,0.04904930397826779,0.07998443250813447,0.0678728084262048,0.02684049412566769,0.050566957443538785,0.10210339829284298,0.10791425511199582,0.07105958268005001
ate_randomized,80200193,0.07748201699628354,0.08030382008924009,0.06713555466705479,0.07745483727826596,0.05818692059888364,0.08688912005795957,0.06367305131330014,0.05639437051190854,0.06851965995206358
ate_randomized,80200194,0.18669362905421139,0.1861409151832092,0.19292876166898298,0.1851577961722839,0.18730815294184566,0.19386150482096554,0.20263793113627315,0.1879622543136108,0.1913855278769958
ate_randomized,80200195,0.05976925771101649,0.05751644428237612,0.0675790747064969,0.06537075321539576,0.07643550801440413,0.09938846136792834,0.05572409722372229,0.05823200735613043,0.07103016543551618
ate_randomized,80200196,0.007874616178121019,0.005945631059255052,0.0010136483190001933,0.014523097070302415,0.011575809923563551,0.008841284307088304,0.024383417574320387,0.005319229570780348,0.012928567689211001
ate_randomized,80200197,0.04148937696455912,0.037804975452413125,0.04571585291861491,0.033945038261403604,0.016618802490224405,0.0697370910072227,0.05530221694945292,0.06156040662764506,0.047432711067189735
ate_randomized,80200198,0.14744248079179467,0.14604665922044457,0.15406930532970775,0.15289046453355493,0.13937982009767236,0.15288551734803857,0.15917488025544824,0.15727384971498193,0.1523209063899392
ate_randomized,80200199,0.0071068146371060514,0.005139250411909213,0.008852834606489918,0.0023490079783612394,0.0066392460011655,0.03922734047405063,0.008648578181188693,0.010382387890737643,0.013449312105100742
ate_randomized,80200200,0.07723924906486901,0.07476893828744324,0.07620368006201717,0.07984759302372368,0.08522522093290719,0.06290341930026444,0.06583505140180024,0.06858481483096512,0.07247921989793213
ate_randomized,80200201,0.05927740388383107,0.057904902629749344,0.05505958922971921,0.0630695109890862,0.05636684947480397,0.04769982748498158,0.052914906077282,0.047991458110706375,0.053608510427372025
ate_randomized,80200202,0.2792839930029484,0.2784457728834721,0.2902011499376866,0.2939855978460881,0.28463833784776654,0.3015141413183781,0.2612282559843632,0.27553635096269574,0.2833805367918584
ate_randomized,80200203,0.13054753741888625,0.12745816907553298,0.12984319678215606,0.12848132750658614,0.14527137479452712,0.15943783423571212,0.12335491082338912,0.12421837350992782,0.13615276417402847
ate_randomized,80200204,0.1550203664602831,0.16187841728349478,0.1664834522706265,0.16593296363969595,0.13490215972085745,0.15305144622941763,0.17329830959459097,0.17372490003724844,0.1601819558443621
ate_randomized,80200205,0.22631821731971447,0.2401774893228883,0.22793531120068544,0.23971555332587902,0.2588978777353639,0.24371597866462413,0.21583626369880382,0.2041888008539552,0.2324708948557252
ate_randomized,80200206,0.41485245245775615,0.4099016906627122,0.4179050049988531,0.41837866324266826,0.4182344200023118,0.4236907483943406,0.40478701609453593,0.42378850001177226,0.4177758695491258
ate_randomized,80200207,0.2711504233589246,0.2718152535667493,0.26890295075480886,0.271530581783302,0.2647727263679578,0.2695455086937024,0.26999158985520144,0.2627568972816541,0.26771946079636355
ate_randomized,80200208,0.21770078247910618,0.21972695297127842,0.2183926707121321,0.23210949009781956,0.22594571417695164,0.157371822060405,0.2353907555950272,0.21750185197716831,0.21366392678147433
ate_randomized,80200209,0.14147689181727652,0.15271916228694205,0.11428815859717611,0.14086600381297354,0.19140287476939444,0.03324689704341177,0.12961801129740957,0.09777518350047354,0.11858179408473257
ate_randomized,80200210,0.14295275260143314,0.14312882472209965,0.1488841300123218,0.14425499488048588,0.15761477996044193,0.13509590674572025,0.14440698672466312,0.15570957709484134,0.1474164490812305
ate_randomized,80200211,0.12199628575991905,0.11719006522845543,0.11682256596139387,0.11331486924838341,0.1273004285926751,0.12468810602378166,0.11682120188426293,0.11107374950598992,0.11863967105101861
ate_randomized,80200212,0.0029263122306943945,0.002727590345013242,0.018858390706113948,0.021622873999011416,0.035772957064044375,0.014667429186236758,0.0012833698021055273,0.03642336294783344,0.021953998599846303
ate_randomized,80200213,0.07146585122380589,0.0735051645401511,0.07159719005856846,0.07749515906606053,0.071021856224874,0.06378227607045506,0.06280732289586399,0.08009606734547947,0.0710405363205466
ate_randomized,80200214,0.17612470643103592,0.1910338248449611,0.18089532312135373,0.1926892842489528,0.1468550111490535,0.1148888315397548,0.21676994816840164,0.1955320085722255,0.17334701673567765
ate_randomized,80200215,0.09426859412516087,0.10023096595133274,0.08877111866002219,0.0928329566511008,0.12150815520609348,0.12001029048288792,0.05849257502878635,0.07531109843576878,0.09363101516092746
ate_randomized,80200216,0.14458589447910397,0.1388671864407739,0.15070379469170947,0.14817755116397946,0.15273647202427,0.1479381789105615,0.14568142785007565,0.15371088875705807,0.14964890374118894
ate_randomized,80200217,0.0015329954722922423,0.0014175338247817137,0.00528187679245086,0.009853245089392004,0.005120882163385687,0.021942949523587885,0.008447422315736475,0.0036622645756203553,0.009805352733544482
ate_randomized,80200218,0.15006816742061435,0.14740923401950656,0.14699032512544452,0.1379511093819028,0.14563323912261783,0.17449866590141117,0.14709410426257907,0.15226230380176364,0.1514878844940549
ate_randomized,80200219,0.02103820802491091,0.018736276643685323,0.022847189125629053,0.02070507766526125,0.019260380285195333,0.031600568311623556,0.028468403833321554,0.013953778760842306,0.0227976417712488
ate_randomized,80200220,0.17648815000590634,0.17716680849131894,0.17618209008909225,0.18764548385676694,0.1665354260259564,0.17678772295054745,0.168170739060014,0.17735480154094052,0.17529883468684507
ate_randomized,80200221,0.10758049239390688,0.10940266598933535,0.09988870173368447,0.10614264954799013,0.09870428790324526,0.10935379018061953,0.099942574398454,0.09455228795283632,0.10173911799662905
ate_randomized,80200222,0.28423713261344075,0.28338749820448994,0.28955375516869664,0.2838320668981278,0.28922877574422,0.3013733338759148,0.2909476619408333,0.2915580284044945,0.2913879733727181
ate_randomized,80200223,0.0004527507986185064,0.00024929686293573283,0.0015062039112604753,0.014078206877851773,0.004090045375445772,0.010304864000832747,0.0071243387351986875,0.014076338585769843,0.009934758715019764
ate_randomized,80200224,0.0590157765212429,0.06016340435174827,0.05407776266960035,0.07095405042795067,0.07048469365266685,0.035493399507082746,0.03586810410646324,0.05036028803018455,0.052632107144869614
ate_randomized,80200225,0.19526767468839124,0.19444083905606702,0.1930952890355312,0.19456153846173718,0.20481553411870435,0.20510646438985303,0.19089629984288647,0.18794703221707776,0.19666537380605176
ate_randomized,80200226,0.20164048757609065,0.20591199483927425,0.19499556309438093,0.1962065705304974,0.1997109660154217,0.18838107671793636,0.19916498746927913,0.19253921594675716,0.19520056333597835
ate_randomized,80200227,0.06330811271772796,0.05785513708696777,0.04815833247905983,0.0549057502518695,0.05709723422632629,0.04136645833359176,0.048923351265053094,0.03905276248560363,0.04826911131248886
ate_randomized,80200228,0.09789286021062629,0.10160214666196601,0.10979224115529554,0.10704342488118904,0.11281655196019905,0.10033976498910682,0.10490895274945991,0.11511109236547248,0.10804395738908545
ate_randomized,80200229,0.02612215672384699,0.02139515076528986,0.02002944940776641,0.020770017250885564,0.02350849305044611,0.011107500449309748,0.03695315514456232,0.029852334603180486,0.024438300099676846
ate_randomized,80200230,0.2328149014512813,0.23162817297380328,0.23185533620914972,0.22459077177446246,0.23532866774003863,0.215017133335284,0.24899255571763873,0.2397961550752437,0.2327450567285335
ate_randomized,80200231,0.03179230170398195,0.03141792493014772,0.032103447883816916,0.0333185382381006,0.028295654822878435,0.03536893801837404,0.03326185422091921,0.028078634311251238,0.031664723922304704
ate_randomized,80200232,0.11918312865683056,0.12020016271063305,0.1181041157065692,0.11993200141378857,0.1228243168015144,0.12066817838140942,0.13270021039434887,0.11963105756231762,0.12315115291067577
ate_randomized,80200233,0.10391082072676916,0.1029281189483573,0.10502014263889892,0.09941835904540319,0.10847051644744177,0.10657997632445593,0.11489738727034826,0.10247935557784338,0.1063691189330985
ate_randomized,80200234,0.2958495447554712,0.29989562725211427,0.294525129548562,0.29448316787864015,0.29336319660331056,0.2876752445616846,0.3028172085204248,0.29166005348349855,0.29399977420951173
ate_randomized,80200235,0.21875833466658534,0.21965979531416835,0.21984212592253627,0.22011851266035976,0.2258108754456991,0.22125421956191005,0.22236715748915614,0.2162285943330282,0.22115587189803065
ate_randomized,80200236,0.07922010674009439,0.08571534409055825,0.07881508324473807,0.08159022583494302,0.09963970436582681,0.10564815058241006,0.062194814820386135,0.0636280085040104,0.08254018082151529
ate_randomized,80200237,0.07855447136002325,0.08114751182633184,0.07129406931636262,0.07533081375199102,0.10237260662155889,0.04443045459824346,0.09763165317612432,0.06894071899491094,0.07774124942856572
ate_randomized,80200238,0.052809114915326805,0.051327462655500145,0.05455785558839199,0.04961555765290615,0.04102009103913662,0.047122354966596336,0.07789891527314541,0.06561421917100307,0.05625422762055752
ate_randomized,80200239,0.02215104643537369,0.020539098422068025,0.023170131882367162,0.015359156767862703,0.022267215888040925,0.027212136427896882,0.034893088976877595,0.012931578795450593,0.02253263537122574
ate_randomized,80200240,0.19940745362513845,0.20018183717006033,0.1960952632513997,0.20878362187617605,0.1910459948467571,0.19086575040095632,0.20627700814479177,0.18217157849543875,0.195828790752824
ate_randomized,80200241,0.5291917092724177,0.5300290353222223,0.5373362270120314,0.537647104970965,0.5276510484142634,0.5585912234707209,0.5120806462688776,0.5286998517437311,0.5329339749737116
ate_randomized,80200242,0.02259156194189582,0.021575779585633614,0.026922152309213077,0.019400388865266183,0.036143631605897286,0.02371648040274177,0.02693229999998603,0.03139573421934638,0.02751770701864753
ate_randomized,80200243,0.3485641780584239,0.35187736184290874,0.3360386990596038,0.33489838273219097,0.342332989284315,0.3300363126485728,0.31908646256617534,0.34427967698267925,0.3341267648427867
ate_randomized,80200244,0.23276698434877774,0.24116223896074673,0.24118250453997037,0.2528345569424667,0.24501639450121304,0.22605120981264493,0.22495567644167325,0.25348549926805874,0.24046866739321135
ate_randomized,80200245,0.12333157629209346,0.12994125456052608,0.12808469901916975,0.13792827696042842,0.1342611607952673,0.17854323953824824,0.0756622847958166,0.10948613256650752,0.1271762189312536
ate_randomized,80200246,0.28299985400658906,0.28505257836800874,0.26852073219241757,0.2937613757632381,0.28971954754811585,0.24942860326987565,0.24431641719561875,0.23985289356929124,0.2634157674692279
ate_randomized,80200247,0.4927123103232831,0.49281465149836245,0.4906830006531526,0.494290224084422,0.4883463893027753,0.49069999791102115,0.48369520045237246,0.4916141543479413,0.4897291932197064
ate_randomized,80200248,0.0060567814591030444,0.001302834201107439,0.01361401463374512,0.009611006427059587,0.009298439669857439,0.018495913195858416,0.03541218822027248,0.012701864886532244,0.01710388247991603
ate_randomized,80200249,0.07503090857447409,0.07330812572420858,0.07097102760256552,0.0795133268731954,0.06740056036890768,0.07900945900858664,0.07229189633311056,0.06372664927424215,0.07238837837160848
ate_randomized,80200250,0.021962583136951985,0.022149443698322835,0.02410243955492586,0.02730697400609261,0.01597034938374764,0.018001258445179524,0.026301920485889974,0.023565948081409993,0.022229290080463947
ate_randomized,80200251,0.15723612162024558,0.156598590339728,0.14416239909878148,0.1698788628235537,0.1278888210907656,0.17847742887885154,0.12669780107886375,0.1398951038971621,0.14856760355383933
ate_randomized,80200252,0.11156750169886398,0.10299122778071212,0.1240646287549858,0.1168205782522087,0.1227635189641838,0.12553656545771408,0.11152422872675705,0.13410580602778244,0.12215013948572921
ate_randomized,80200253,0.3397034214122119,0.34507165413926266,0.33660506270160495,0.34830288153718136,0.3647724197490039,0.3127999709231677,0.34060881596635006,0.3238671527488055,0.3380702481849017
ate_randomized,80200254,0.172598881508499,0.17448000409761033,0.19239147304057047,0.19083027341523728,0.20012442567506394,0.18687669732728562,0.18574265935578904,0.2042412588850554,0.19356306293168626
ate_randomized,80200255,0.020519662574289832,0.021347898915766272,0.022613196249165746,0.021940786317347083,0.015046257451532874,0.04429896540975431,0.02145795889234403,0.023524660542963538,0.02525372572278837
ate_randomized,80200256,0.09323716646165342,0.0954691219899127,0.08911240583390684,0.11033022886247129,0.11977532988519163,0.09035197382897825,0.07482335453958006,0.06309271341294737,0.09167472010583372
ate_randomized,80200257,0.1876301410394376,0.18736907269532138,0.1806817891793912,0.18277432944352084,0.18526920105988437,0.16167827870423251,0.19818040158326083,0.18538212205941135,0.182656866570062
ate_randomized,80200258,0.25404592855269337,0.24784442289168263,0.265788788631505,0.2597913394718828,0.2719579587727251,0.29740294320876026,0.2542483459263506,0.27268132074171925,0.27121638162428763
ate_randomized,80200259,0.258508812203161,0.22643066526865174,0.3405483869852147,0.2942042458197992,0.3161132443091791,0.49375129820322206,0.27111638666605165,0.2604224789283197,0.32712153078531436
ate_randomized,80200260,0.1035326578838971,0.10307650353743103,0.11549507167173878,0.11587040211988953,0.10480569388700989,0.14785645987822083,0.10870932128263977,0.1075956084950116,0.11696749713255432
ate_randomized,80200261,0.011286125330073782,0.013158545641047903,0.00934349074755425,0.010509357599360891,0.005869136003596731,0.017112598566157766,0.015782103685481497,0.0063745833912920435,0.011129555849177786
ate_randomized,80200262,0.19398668948732478,0.18591824714265925,0.18548814002596004,0.17592719737611873,0.18530861083589656,0.14179912749849422,0.22097305003725154,0.20225802604280574,0.18525320235811335
ate_randomized,80200263,0.036405999275514134,0.033551056000062474,0.038794893833467015,0.03587158403045798,0.022587973686524876,0.0433662720645156,0.028233248802491673,0.04116328439361716,0.03424447259552146
ate_randomized,80200264,0.1977915372742458,0.19162716530693014,0.20382369620534213,0.20422824286354024,0.18977989815605123,0.175730725754623,0.24794544838798482,0.2090774979485317,0.2053523626221462
ate_randomized,80200265,0.16883459339328344,0.16751572141833837,0.17387332170990843,0.17062899122424657,0.1419096852321201,0.15696492443271215,0.1846735740680271,0.1859640146274143,0.16802823791690405
ate_randomized,80200266,0.27363834820872324,0.2742919131386854,0.28739904903059976,0.2754843040574171,0.28860209427958505,0.2785326644051649,0.2906623586285688,0.29995439492350595,0.28664716325884837
ate_randomized,80200267,0.08182379073432422,0.078478062813792,0.08573699460954787,0.085017049973521,0.07214101619056201,0.06407197779944873,0.11282762355140186,0.09256585902503467,0.08532470530799366
ate_randomized,80200268,0.07078245092665025,0.07189991880689928,0.06634614675477024,0.0577971022251732,0.07097932506834337,0.0677596609715111,0.07467111755644151,0.06485423256193468,0.06721228767668078
ate_randomized,80200269,0.2740549690038826,0.26810290878125687,0.27051318153846926,0.274813020876136,0.30605789487668533,0.2960944420606758,0.24973937337705154,0.25336077277966995,0.27601310079404373
ate_randomized,80200270,0.022007869024753823,0.01897035672235514,0.019899821618875158,0.01135896279382731,0.004831479330539956,0.03526614739465739,0.0029223425583841944,0.02645145489740397,0.016166077394962564
ate_randomized,80200271,0.07904754036095152,0.07718200438644895,0.08620929671750871,0.07440666311409483,0.09238610618736753,0.08601246231224546,0.09398902409698973,0.0889098440947772,0.08714081996109495
ate_randomized,80200272,0.10532483261962583,0.10920437973876645,0.11136828663090709,0.11055037182708433,0.08685359162231138,0.13705608052154233,0.12733271521468809,0.12201824587722471,0.11676220101257018
ate_randomized,80200273,0.019677369024844626,0.02411989877769516,0.011817946354788196,0.025613320160897235,0.0012429681529684267,0.006384547699002763,0.03621996576735542,0.02223082362511919,0.018338325081068606
ate_randomized,80200274,0.11609594686840263,0.11336295469616142,0.1104568507672774,0.1186771856150457,0.08626620634411064,0.14198450907085625,0.10947041376445976,0.10188059671734062,0.11165578230236259
ate_randomized,80200275,0.03025152601960812,0.03654994883302365,0.04249924737377486,0.059663318774735075,0.0362218848681799,0.06541671671632443,0.048459076068436246,0.026168846271072965,0.047185968539749726
ate_randomized,80200276,0.03958752214876071,0.03816511690584079,0.041451558073036354,0.042563224434527314,0.03805389463868991,0.02000382006135837,0.05450012743440524,0.04311993181672946,0.03964819967714206
ate_randomized,80200277,0.044777298828470924,0.04287877168308518,0.04353156175266537,0.05460157479892991,0.031619931122172096,0.05709364499698899,0.037559474369394996,0.03717550124775193,0.043610025307047585
ate_randomized,80200278,0.15532887718172184,0.1608976795384418,0.1534336332588524,0.15146274110765567,0.13452941915483585,0.09400493642778507,0.20289463541002384,0.17362386724443546,0.15130311986894718
ate_randomized,80200279,0.16606971252864478,0.169287778475939,0.17094763139417646,0.1633739509076464,0.15480635691588995,0.16355029497450468,0.16724295172995207,0.17781121287649748,0.16535695348089813
ate_randomized,80200280,0.028128440489229245,0.02984971832221417,0.03398753981774716,0.03972316812461285,0.03577419649547009,0.01952641736453442,0.03956844936793713,0.03650870453303723,0.03422018717711835
ate_randomized,80200281,0.031128304847914512,0.032245772728163535,0.03162526850783687,0.024647253402907188,0.03528334463520699,0.027718680748183067,0.03226806486530953,0.03316499555988961,0.030616467842299277
ate_randomized,80200282,0.02190417354902796,0.019860568698258918,0.024333678738287734,0.02879661625227503,0.024758282359452766,0.01704269951185755,0.02846378391584925,0.018234673198075813,0.023459211047502083
ate_randomized,80200283,0.3236172322301256,0.3233554784325945,0.3313859228162157,0.3435866657761919,0.30730522909444447,0.3330653730897295,0.33290464916509266,0.33002535739225025,0.32937745490354176
ate_randomized,80200284,0.07068750487154718,0.06794356034582849,0.06923742320523654,0.0716177694637179,0.06566806362456079,0.07809531913584467,0.06841884778326746,0.061432915194690185,0.06904658304041619
ate_randomized,80200285,0.3966059630577735,0.3965088074867896,0.40505309357891195,0.40901898796011726,0.39226734096457283,0.4150756543343238,0.39775561744620125,0.4000002091591529,0.4028235619728736
ate_randomized,80200286,0.11210739519613333,0.11409580614584036,0.09751972463148184,0.12080728914754935,0.08661055471914358,0.12233626749532767,0.10246443655508108,0.06405043509023733,0.0992537966014678
ate_randomized,80200287,0.19107759716515882,0.1916259598970924,0.18643838884835584,0.19758022549157483,0.1722979617357765,0.19825733425622327,0.19390214207177503,0.1760234904528175,0.18761223080163342
ate_randomized,80200288,0.4076521702492961,0.401765496321989,0.40869199314561766,0.40420511443264573,0.40779092986233323,0.4050652094567546,0.4249098606789836,0.4154727764809856,0.41148877818234053
ate_randomized,80200289,0.06040217794355485,0.07003941453870866,0.06461243398365113,0.07691315628465745,0.03134524144109818,0.04875772513326737,0.06252143598970505,0.07081211425241563,0.05806993462022873
ate_randomized,80200290,0.4058212510432494,0.40984241879837635,0.40561781045652345,0.413663314947058,0.4258962146128905,0.3965629807795775,0.41506307042496327,0.39558951772110584,0.409355019697119
ate_randomized,80200291,0.1853991386013052,0.17870357003975124,0.18473599036205024,0.1957469817714712,0.1792766836004278,0.2099429902153036,0.1932883795814535,0.1744367715435049,0.1905383613424322
ate_randomized,80200292,0.014056504168870054,0.015100300708176695,0.015441219408076856,0.01801222602403363,0.014278352656724058,0.025848687091233336,0.0015524033693095074,0.012142718234421812,0.014366877475144469
ate_randomized,80200293,0.15826345418904708,0.15576867943023132,0.15750541473442803,0.1571257505318968,0.17443660830472396,0.18722232614968704,0.12873880003903793,0.13603826050971435,0.156712349107012
ate_randomized,80200294,0.36628783481347627,0.36712593572366303,0.383038736750961,0.38430220620858735,0.3431829883359677,0.40437961356866425,0.3839012457631833,0.3843038155339963,0.3800139738820798
ate_randomized,80200295,0.4478491728121323,0.4474289898687882,0.44714919076505133,0.4444784407431168,0.45712329791131445,0.43373056099954077,0.4479272846991105,0.4490394179636521,0.44645980046334693
ate_randomized,80200296,0.004054811063952002,0.0024616981183953612,0.007050451103395972,0.0006552075708441407,0.013840708669476953,0.013933208051867041,0.009734246667676416,0.01378282553309873,0.010389239298592656
ate_randomized,80200297,0.0036251412481346224,0.0035617219060936067,0.0087524619351107,0.008510099515346536,0.000737355813411722,0.013492511376766214,0.021974311932949075,0.0007082356363258269,0.009084502854959875
ate_randomized,80200298,0.03839472279175182,0.04244736179932018,0.037936541887363395,0.03715053543671032,0.035630140157779655,0.02909580216034313,0.055484804960330925,0.032164845319827995,0.037905225606998404
ate_randomized,80200299,0.1895363720707599,0.18441187484338917,0.18174663173183836,0.17819210408404507,0.19317847663685717,0.1836006630785767,0.17835485642924942,0.17631731076315083,0.18192868219837582
interference_linear,80300000,0.125079153822638,0.1309978652465119,0.143026817686138,0.130152373360373,0.13561317210075996,0.11057329063294075,0.1161535072791352,0.14742973332283638,0.12798441533920907
interference_linear,80300001,0.23435271304228078,0.23806365352251302,0.2352723084030367,0.2686270229158617,0.20804828923322927,0.2313915095863558,0.2470586649713732,0.22002243023493062,0.2350295833883501
interference_linear,80300002,0.05382090912048798,0.07396358356659394,0.02285878962064558,0.05601781711761933,0.029562057115483098,0.12078786001389008,0.03320979966933746,0.033385218240666203,0.05459255043139923
interference_linear,80300003,0.05698650366101332,0.07022046333584853,0.057567271451489765,0.09888958221707411,0.09065430647168227,0.08186500555310317,0.0008318353298670811,0.04385029560360976,0.06321820503506728
interference_linear,80300004,0.003948200987539452,0.011180747793874901,0.03390404507196121,0.006706784917154152,0.03205572490569131,0.016327272607126075,0.0232585775387667,0.05595328335639016,0.02686032866502568
interference_linear,80300005,0.09145671662263843,0.10008509990148517,0.07023622876974717,0.07734305199556324,0.07025644716196033,0.06937075194292042,0.06954071458749744,0.05381006535463306,0.0680642062085149
interference_linear,80300006,0.13217072291879095,0.15551553769616522,0.14577068491486944,0.19779805942086615,0.20496098800210394,0.12970469995049871,0.108199284510893,0.12308053775338568,0.1527487139275495
interference_linear,80300007,0.006946723310324865,0.01593629583534928,0.014290025480760526,0.008528153745505529,0.02584479316887589,0.025460202844765467,0.02472658887686996,0.004277725370552821,0.017767492801313935
interference_linear,80300008,0.05842598676681518,0.05455347299575805,0.04092394337058067,0.07455676198005676,0.02183161079883575,0.08667960166931152,0.060210698843002314,0.022695416212081904,0.05319481790065765
interference_linear,80300009,0.06879309298776015,0.07456216695092543,0.055371964794222794,0.08401728155396804,0.05936927082322463,0.10641614081643447,0.04187289359353408,0.05139476539872512,0.06861407043717727
interference_linear,80300010,0.018794810771942144,0.01013427078723908,0.05370901376008991,0.03843232095241547,0.08633375763893128,0.023224094510078425,0.04156764447689057,0.03972121179103852,0.04585580587387085
interference_linear,80300011,0.07367175349844624,0.0893409205402248,0.08508303293837238,0.08639943132055927,0.08891039619101215,0.05086171159399677,0.05275225171698261,0.07801371345175434,0.07138750085486104
interference_linear,80300012,0.0762104020265919,0.06217535592597545,0.07511996485274841,0.06117381907981456,0.06425287581962169,0.1131805405763966,0.11664774276298107,0.10144522048514903,0.09134003974479259
interference_linear,80300013,0.02948842524247386,0.01755113481240489,0.04519697605328782,0.01588247297959544,0.030975143897106427,0.0065041673306920345,0.07914246200280406,0.04740507482247569,0.03598186420653473
interference_linear,80300014,0.05512388740682389,0.04293896948003556,0.04369701141818144,0.06244530473851945,0.011251173364160316,0.09120704923772599,0.0870738247504213,0.05253031049871232,0.06090153251790788
interference_linear,80300015,0.019280032598182728,0.02891646453063207,0.03679053116163128,0.01223446556250768,0.058579222642585804,0.008828266180351207,0.0008748011954574086,0.041249231778785755,0.024353197471937572
interference_linear,80300016,0.08608054518699645,0.09191724061965942,0.07727565765380859,0.10557859539985656,0.08328797817230224,0.10520487427711486,0.05858551859855651,0.068524831533432,0.08423635959625245
interference_linear,80300017,0.21811808330304117,0.21116812211758584,0.24465862470355326,0.23601664287335367,0.2609537510324189,0.17552204114682168,0.2523676423478791,0.23359375876671762,0.2316907672334382
interference_linear,80300018,0.0348168969154358,0.039959332346916204,0.05598875855406127,0.07472237050533295,0.045077106356620794,0.024464493989944464,0.04490796327590943,0.048018997907638555,0.04743818640708924
interference_linear,80300019,0.1596679868528893,0.1439901771376183,0.20649699317710105,0.18188592366672063,0.2568650855103781,0.13144475541806722,0.17146127991176152,0.1877281548807671,0.18587703987753892
interference_linear,80300020,0.03779708599175313,0.01563047622765401,0.04466354106987813,0.014468900910271199,0.0014275982466807058,0.01933824276055196,0.1324062273415456,0.03947942709053853,0.041424079269917605
interference_linear,80300021,0.039131951003567034,0.06349439588119155,0.018325260946448263,0.0607290383868373,0.08094490733672743,0.05658186641265517,0.0074990871853672925,0.0026466730542027417,0.041680314475157985
interference_linear,80300022,0.1582106590270996,0.16461192965507507,0.16160700122515356,0.19181402921676635,0.1934298813343048,0.1772824466228485,0.12377005219459533,0.15326457619667053,0.16791219711303712
interference_linear,80300023,0.27847410612806955,0.27310953908667246,0.28761660181984583,0.29138500862822214,0.27844725423559824,0.2540252941201655,0.34731064611181894,0.2678855495999781,0.2878107505391566
interference_linear,80300024,0.018472220509773873,0.02369582256627717,0.022872876137024545,0.05294978222203889,0.006256397574669503,0.023045178263909005,0.0017515758578713903,0.009517218678719186,0.018704030519441594
interference_linear,80300025,0.05988601446151734,0.06157799661159516,0.07459695364038152,0.08138274252414704,0.06791665256023408,0.04351613521575928,0.06939195692539216,0.06877405047416688,0.06619630753993988
interference_linear,80300026,0.05058729118589156,0.04525783128026717,0.06291780090812438,0.03723999327901595,0.05651038355115645,0.03139432734731429,0.06691663927320235,0.07199127442125075,0.05281052357438796
interference_linear,80300027,0.06356834927828392,0.0908622697952517,0.09199679950506767,0.15648442069323143,0.15455722371370872,0.03923368016512474,0.024775679505182113,0.06823253194124779,0.08865670720369896
interference_linear,80300028,0.09281130731105805,0.09119028449058533,0.09531807750463486,0.07672176361083985,0.08462696373462678,0.08428000509738923,0.09245642125606537,0.10271623581647873,0.08816027790307998
interference_linear,80300029,0.09876971356274133,0.10034473649860864,0.10051754029791998,0.09943277053238397,0.09255956522823816,0.0938380550563479,0.10262218527199274,0.09887266568542963,0.09746504835487849
interference_linear,80300030,0.03240376114845275,0.03666915893554687,0.03395649194717407,0.05369236469268798,0.06280359029769897,0.03649260997772216,0.0114833652973175,0.02495183944702148,0.03788475394248962
interference_linear,80300031,0.02953056533077414,0.04546282727459128,0.03823141295650656,0.06013308007457907,0.03117952782848532,0.023193399498254608,0.01907713253238852,0.0315065487120455,0.033017937729150605
interference_linear,80300032,0.0571119458643875,0.06362837266606902,0.07789650024655276,0.10196828555745696,0.057838645693489066,0.05304833960218047,0.06438606691045379,0.06827869724912261,0.06910400700254057
interference_linear,80300033,0.2255263187473297,0.22750141085289716,0.24516271382424035,0.2586476456856012,0.2554356724505901,0.20857712892048358,0.23329787012353836,0.23909750008188485,0.23901116345241963
interference_linear,80300034,0.020278065251084443,0.02952650074836838,0.03662928824302791,0.019259183453293915,0.048398821400376435,0.00791058058860672,0.0003761935698710639,0.03468432907936203,0.02212582161830203
interference_linear,80300035,0.10115431100130082,0.10909745693206788,0.07730490813652677,0.0986734688282013,0.04462896883487702,0.10326523929834366,0.0950336515903473,0.07216497361660004,0.08275326043367386
interference_linear,80300036,0.2016240108978311,0.19157860169525542,0.2289968330633203,0.23164672145958343,0.18206570038910308,0.19886231908913055,0.2572956431877176,0.22706121692772308,0.21938632021065155
interference_linear,80300037,0.045987632772487075,0.05574801256374684,0.024746519228976638,0.029574718973201186,0.040914860269587905,0.07606184174732533,0.021643552282291978,0.036908116838496596,0.0410206180221806
interference_linear,80300038,0.22593759783453832,0.2305617857808579,0.26480646655805007,0.2805296558970917,0.26596734710879216,0.2001788694495667,0.24996668883509526,0.26543211229987035,0.25241493471808324
interference_linear,80300039,0.16763003021478654,0.16735876575112343,0.17690334071715674,0.19578217752277852,0.16340987980365754,0.1521017238497734,0.1807231180369854,0.16257309019565583,0.17091799788177015
interference_linear,80300040,0.004208899623949769,0.011529840118487122,0.02056944080869305,0.03420755971153522,0.023642457611162904,0.002746068351666686,0.029342137687604186,0.0042733918495967416,0.018842323042313147
interference_linear,80300041,0.1318711139105062,0.11810105515939995,0.17889513048949843,0.15843118204099937,0.22596881760580345,0.08322697354776665,0.15869254840833946,0.1527785755537252,0.15581961943132683
interference_linear,80300042,0.059915747005288456,0.047973926622216556,0.06428243791912464,0.03323411520177588,0.02312492902929053,0.054882283765618656,0.09496160920316443,0.08003741081411109,0.05724806960279212
interference_linear,80300043,0.18187361359596252,0.1727973163127899,0.19372449219226837,0.1882717251777649,0.19370874166488647,0.20291643738746643,0.20701959133148193,0.21031730771064758,0.20044676065444947
interference_linear,80300044,0.03276314259387014,0.03987078786707876,0.028351420370906155,0.03114155352927206,0.01621760845995901,0.025811065443525294,0.0228767585835552,0.02503997505522726,0.024217392214307763
interference_linear,80300045,0.062514328956604,0.0635897159576416,0.05508248905340826,0.08311044573783874,0.050249540805816645,0.11178090572357177,0.03584107160568237,0.05530142188072204,0.06725667715072632
interference_linear,80300046,0.12117541114308161,0.11176544705845637,0.13716144641059363,0.12298721353031916,0.10309508720852656,0.10724857727505488,0.16681018749691767,0.14022580067135615,0.1280733732364349
interference_linear,80300047,0.04711627244460348,0.06325488566863302,0.06327949245281778,0.09930642723548178,0.11516355752455953,0.030373595948097742,0.02097293018805746,0.05105768918502096,0.0633748400162435
interference_linear,80300048,0.05774285793304443,0.06426867246627807,0.054556058347225184,0.0747288703918457,0.0878075897693634,0.06165661811828613,0.03422152400016784,0.04429792761802673,0.06054250597953796
interference_linear,80300049,0.027206924609212146,0.009839889458684192,0.03314001565363811,0.024090799637766613,0.01820496017548634,0.0113916665830891,0.030739572695759998,0.06572317784216808,0.030030035386854025
interference_linear,80300050,0.12823269367218018,0.12540794014930726,0.14012288541222612,0.1457226037979126,0.14662694036960602,0.10891868025064469,0.14852411150932313,0.13077280521392823,0.13611302822828292
interference_linear,80300051,0.22069190898910165,0.21934800166636706,0.20743490916987262,0.1887708179652691,0.19902854263782502,0.23108254922553897,0.21292273923754693,0.21856322642415763,0.2100735750980675
interference_linear,80300052,0.2919297210730417,0.28295582456959323,0.2792413127777281,0.281946419910322,0.28091621323002414,0.3186231843985422,0.3175770632780893,0.29319608135593966,0.2984517924345835
interference_linear,80300053,0.02431367617260316,0.03867362719189027,0.045864480549205444,0.03229235392223695,0.062398123556483776,0.0030611278473248182,0.007003379052769154,0.03954546433101991,0.02886008974196692
interference_linear,80300054,0.06283595263957978,0.05707526803016663,0.09331475918491683,0.099003604054451,0.10168532133102418,0.03165475130081177,0.0833303838968277,0.08259827494621277,0.07965446710586548
interference_linear,80300055,0.17144746119750776,0.16073588440789022,0.1990874288973534,0.18744181628001966,0.22848739703780152,0.11818477670325078,0.20153675573540963,0.1800189071394328,0.18313393057918287
interference_linear,80300056,0.02622788548469543,0.03290813565254211,0.024781010051568353,0.05111887454986572,0.05870219469070434,0.025385195016860956,0.011758112907409662,0.007390150427818293,0.030870905518531794
interference_linear,80300057,0.05896886457211625,0.050127648007937786,0.0694282677690869,0.05088873971707475,0.05497928727872026,0.0258780049205507,0.10595532525784623,0.0664850400806154,0.06083727945096147
interference_linear,80300058,0.07414442220013906,0.07966846146863271,0.08064239639720883,0.10963714041989614,0.11233210482877065,0.07704359212201406,0.05191394605916311,0.066541313317235,0.08349361934941579
interference_linear,80300059,0.08540242247456153,0.09239762358540138,0.07217706573678889,0.10192381672733863,0.09239190153950294,0.10647120408886512,0.0626930826174601,0.05925186805599769,0.08454637460583289
interference_linear,80300060,0.15691451177640192,0.15382895813031428,0.1695284179910365,0.1930122469429516,0.16618988857312433,0.1401301269297146,0.19974773571534388,0.14715592012448542,0.16924718365712396
interference_linear,80300061,0.1980663425662128,0.19948269793768802,0.22603297227998653,0.22054028132935444,0.2407277784683315,0.16612577805300632,0.2081974781491367,0.23213474819441715,0.21354521283884922
interference_linear,80300062,0.1009980617821491,0.10568054307105901,0.1208799559732553,0.12870766509178044,0.10802783358695867,0.09584702838065984,0.08687754262092473,0.1120912014305866,0.10631025422218206
interference_linear,80300063,0.08114145786660232,0.0938285896291069,0.07688188022471781,0.08039227218525924,0.09580046028988876,0.07392039985554733,0.05962014288800277,0.07298126907246627,0.07654290885823287
interference_linear,80300064,0.057677581564594904,0.06881071592967669,0.06350438262622515,0.07306380535762469,0.06587018038432757,0.03945215012233416,0.03345330025355975,0.0487233545939223,0.052112558142353695
interference_linear,80300065,0.10623592073424232,0.11397024924261939,0.10053253108961951,0.11340059275133979,0.09080184931261909,0.10869435901148689,0.10253962809546363,0.095720707721547,0.10223142737849127
interference_linear,80300066,0.1444825440645218,0.13877097368240357,0.16195704142252604,0.18108227699995041,0.1778394266963005,0.10711803883314133,0.18730842545628548,0.14161103069782258,0.15899183973670006
interference_linear,80300067,0.27946810616619855,0.2769139800823477,0.296540169105604,0.29648308648236066,0.3100163397050646,0.26004024042256146,0.29162673099406033,0.2909994517124441,0.2898331698632982
interference_linear,80300068,0.1184171600758856,0.12288849191067869,0.15863085797626036,0.17469950155614072,0.1620575352132147,0.07701312140820676,0.14257602528927976,0.15396589176057035,0.14206241504548248
interference_linear,80300069,0.2732798196646875,0.27143973487350403,0.2842787988755411,0.27361442523929536,0.27805060523483216,0.2555686868998712,0.29659153896305024,0.28594597059223115,0.277954245385856
interference_linear,80300070,0.08204191029071808,0.08305019736289979,0.07987135499715806,0.05317432284355164,0.08812980949878693,0.05596225559711457,0.08041006922721863,0.08719729483127595,0.07297475039958953
interference_linear,80300071,0.10996092228291032,0.10786161689159868,0.12353154637612501,0.12385139731762407,0.1206511047303438,0.08503536252377031,0.15381489066479204,0.11477363972065446,0.11962527899143693
interference_linear,80300072,0.09831079244613647,0.09377976655960082,0.07942175020774203,0.0635308563709259,0.09850635528564453,0.10948666334152221,0.08936040997505187,0.08822109699249267,0.08982107639312745
interference_linear,80300073,0.19536339019756177,0.18182467197399,0.23510563646774152,0.21689240907649854,0.24420665477733472,0.13358108972530225,0.26282789086322644,0.22063924645404676,0.21562945817928175
interference_linear,80300074,0.20916778461911567,0.21141014115788825,0.22361014899391224,0.2179689170596827,0.215558207201742,0.1959906579730738,0.20372874157407173,0.22005561606862434,0.21066042797543894
interference_linear,80300075,0.17471273381820995,0.18074892599693615,0.18078306455723125,0.1997183724176057,0.15864773233047802,0.16960306604019482,0.1623048051129945,0.16710643608681042,0.1714760823976167
interference_linear,80300076,0.09749757604403819,0.10500823812289561,0.11832964774572385,0.11908953742785777,0.10849832849307384,0.08761721210284557,0.08004640893740977,0.11433559016986217,0.10191741542620983
interference_linear,80300077,0.22639268483148012,0.22611021841988954,0.2315082634034355,0.2074880286596814,0.23369157160745058,0.20168286408410463,0.22665107096658144,0.23456168021188173,0.22081504310593997
interference_linear,80300078,0.003463336825370783,0.008914911746978754,0.004877081513404852,0.002354034781455988,0.03055413961410522,0.003598222136497492,0.018146923184394842,0.00956899523735047,0.012844462990760802
interference_linear,80300079,0.1915505848824978,0.18967320621013642,0.19468287664155165,0.1703212320804596,0.20396557301282883,0.18434584364295006,0.18366720378398896,0.20460596904158593,0.18938116431236268
interference_linear,80300080,0.04745470572414501,0.04215469051303966,0.03061320969365544,0.02091964174213512,0.015713641157721447,0.05894907403888805,0.09211482692661388,0.02676673818531139,0.04289278441013398
interference_linear,80300081,0.0020971701013919875,0.011752526508557515,0.01414075548131044,0.0054548785555240675,0.02841506456016274,0.027008910430681987,0.027714987052691265,0.00048796390174599136,0.01781636090016121
interference_linear,80300082,0.10138409733772277,0.10873725414276122,0.07551449934641521,0.08417230248451232,0.070354425907135,0.15007784366607665,0.05548506379127502,0.08765249848365783,0.08954842686653137
interference_linear,80300083,0.1813603278054292,0.17446356376543593,0.21068028346235507,0.21456484606400084,0.23101022949352812,0.14972589274778914,0.20409637054339003,0.19870487710371565,0.19962044319048475
interference_linear,80300084,0.024487546473270727,0.03354530671191819,0.02617655832521726,0.039347938090092016,0.016060611992603613,0.017674944191700293,0.019368520766025854,0.02051439025951035,0.022593281059986425
interference_linear,80300085,0.21458341612559573,0.2072851551983954,0.23610956653100268,0.24191405310374514,0.22931094898921267,0.18085153832179324,0.2764494015191199,0.21676485671740786,0.22905815973025576
interference_linear,80300086,0.13129529407888174,0.13734817555814505,0.14132990490664565,0.13222554376989126,0.1438415353622985,0.10930395177274466,0.11140719107061148,0.13308826139837027,0.12597329667478324
interference_linear,80300087,0.3466299459338188,0.3453777715563774,0.3534493704636892,0.36323422789573667,0.3694762796163559,0.35569784641265867,0.3527181804180145,0.3556823343038559,0.3593617737293243
interference_linear,80300088,0.006381898815241538,0.005532801454457559,0.008716796532081628,0.01885202557364396,0.039075404708775796,0.0017058846302897557,0.051894783670511924,0.020347326690760337,0.026375085054796354
interference_linear,80300089,0.007664440869047162,0.015532850025846479,0.007110055487599076,0.0027778732764263125,0.024420140980436322,0.033128737209989545,0.04988005876664925,0.0019160521042804746,0.02242457246755638
interference_linear,80300090,0.1541788637638092,0.14496853053569794,0.18731180305282275,0.17617715746164322,0.22330841610673816,0.11215757429599763,0.1698416791856289,0.17718462869524956,0.1717338911490515
interference_linear,80300091,0.031981587545587165,0.009522557394219977,0.04303116116574757,0.03617745651455079,0.005082875625802619,0.06841626776905213,0.06505948318691407,0.061146050827218634,0.04717642678470765
interference_linear,80300092,0.10073158589652986,0.09312347022346468,0.11923159482729251,0.07125032392791719,0.12583959547332735,0.06506109682373018,0.10647717562965364,0.13050461260131807,0.09982656089118928
interference_linear,80300093,0.0369006253164299,0.03084112772159653,0.04885860849234347,0.0316051102560051,0.03335799345188217,0.006867960779000093,0.09195415743999558,0.04790313610248642,0.04233767160587387
interference_linear,80300094,0.21239258201379363,0.2207619682099301,0.21919499686816124,0.20820166023034636,0.22045747788209502,0.1867324546124417,0.20201139004487578,0.2152220741059262,0.20652501137513699
interference_linear,80300095,0.18853529914090683,0.1823197416848903,0.219659563453194,0.21923838182160904,0.24260376020143082,0.14857314153382828,0.22067454083631088,0.20645725353429367,0.20750941558549454
interference_linear,80300096,0.11192983741312768,0.10156193727999474,0.12168165897080846,0.07093879932909752,0.10340473408251549,0.0909285878613546,0.12136546129732873,0.1436356043294027,0.10605463737993981
interference_linear,80300097,0.06189771890640258,0.05263265371322631,0.06776973009109497,0.06155803203582763,0.07297714948654174,0.07952018976211547,0.0713387370109558,0.0755836009979248,0.07219554185867309
interference_linear,80300098,0.013827957336228103,0.02970177692584297,0.00580631929226616,0.010526217643540114,0.016186572734635085,0.04683167499713203,0.06557419138737419,0.005937613670151443,0.029011254086566574
interference_linear,80300099,0.017330343543505766,0.016271407424426176,0.011184180795168974,0.023730630694842436,0.020574892579531767,0.043540711223101713,0.009099836169695952,0.015107120095706084,0.02241063815257559
interference_linear,80300100,0.05606520771980286,0.056923246383667,0.06023085216681162,0.057089185714721685,0.052985271811485296,0.04785988330841065,0.06190187335014344,0.05886997878551484,0.05574123859405518
interference_linear,80300101,0.20781546194348133,0.2340817387798766,0.22252543627215815,0.26875241954121387,0.29783036668095386,0.19202347953114307,0.17357581217083728,0.2040647502640227,0.22724936563763415
interference_linear,80300102,0.08899394192654642,0.06710532822567972,0.09825642425178249,0.05782780566174539,0.04935780682522806,0.06790116944272073,0.14955959238965066,0.10960832753140481,0.08685094037014993
interference_linear,80300103,0.03894414603710175,0.034366643428802496,0.02569756507873533,0.01666343808174134,0.010927626490592951,0.05644789934158326,0.06103407442569733,0.026880702376365667,0.034390748143196107
interference_linear,80300104,0.007230445239848393,0.012400254104441899,0.047974856688486056,0.033193125818080205,0.0220057810285752,0.011175587270564336,0.0024666642209822953,0.06542251953870704,0.026852735575381814
interference_linear,80300105,0.12546818986625685,0.12151953116149916,0.12164968287041997,0.11190598741264357,0.08559241429061903,0.13574391141624464,0.13761619761676802,0.12859671846122755,0.11989104583950057
interference_linear,80300106,0.03830187916755676,0.03717591762542724,0.029491085807482414,0.03370776176452636,0.03878524303436279,0.05371280908584594,0.03600295782089233,0.033349925279617304,0.03911173939704894
interference_linear,80300107,0.14506178200244904,0.14295500367879868,0.15825351411476735,0.16917041540145875,0.175052198022604,0.13285981714725495,0.17016562670469285,0.1488828793168068,0.15922618731856347
interference_linear,80300108,0.32518997243637465,0.33499423242206,0.3646101760525964,0.3679445592224064,0.39176104604298495,0.2772399169861736,0.33146403930181884,0.3812753499023082,0.3499369822911384
interference_linear,80300109,0.07113489043647703,0.08324124944145139,0.06825958224072709,0.08703302872116025,0.07634368073875364,0.056958819746322,0.044021750807113014,0.05184229743415769,0.06323991548950132
interference_linear,80300110,0.2336155526361594,0.2175853602609763,0.2394445789378613,0.2215194456300864,0.169971918316854,0.2955814950189719,0.3070178382120261,0.2862887136659751,0.2560758821687827
interference_linear,80300111,0.06645852146879838,0.052205322368304,0.07838714935716001,0.05862846790091203,0.0781866890026729,0.08100554166571305,0.08362477837340043,0.08781179605261491,0.07785145459906266
interference_linear,80300112,0.17737697158835308,0.18531327043555157,0.17186737651210993,0.20764251147292034,0.2350340942003526,0.21002923046133892,0.16133909021399395,0.14628814254782574,0.1920666137792863
interference_linear,80300113,0.3134180358343838,0.315510695307803,0.3020497961090648,0.3037858954363583,0.29475117984349714,0.3340343734913586,0.30190682920749173,0.3068677014404057,0.3082691958838223
interference_linear,80300114,0.02276929561300456,0.008983367125226849,0.01677926226460319,0.014112955888078815,0.03079721983270467,0.019859724680616253,0.060025506655408734,0.0250568026701945,0.029970441945400595
interference_linear,80300115,0.034017464518547064,0.034425041079521185,0.0424890427229305,0.06400868892669678,0.041639974713325506,0.017174860835075384,0.0809069037437439,0.0246300756931305,0.04567210078239441
interference_linear,80300116,0.003082239627838129,0.0022950679063797053,0.004902257521947201,0.02963446974754333,0.008181056380271917,0.016527765989303583,0.014686131477355951,0.0005917787551879827,0.013924240469932552
interference_linear,80300117,0.1190173362287652,0.10518408165303583,0.12913899964022352,0.1124921475443017,0.0979253386053216,0.09669062838879938,0.19685352192250605,0.12098047480908747,0.12498842225400324
interference_linear,80300118,0.03883836009905872,0.014540943888884161,0.04503636895424268,0.004679408283967401,0.017023232193726923,0.0197043750564867,0.09184965827868519,0.06657061317370472,0.039965457397314184
interference_linear,80300119,0.07664021253585815,0.08591147661209106,0.05477678179740905,0.09209900498390197,0.05620917081832885,0.10946207642555236,0.06464021801948547,0.04601075649261474,0.07368424534797668
interference_linear,80300120,0.039975137062920885,0.029960722275628404,0.05022432461187615,0.04964426214302953,0.03771200830544408,0.013788283415688829,0.1319754427155393,0.024887711354150133,0.05160154158677037
interference_linear,80300121,0.06428201901578556,0.047049124118324626,0.06612014678779887,0.0529584478106464,0.017932493564125407,0.10040106284284245,0.1134510825839008,0.09432639586591374,0.07581389653348576
interference_linear,80300122,0.06562017927129649,0.07529297003705882,0.07751060058235709,0.12099095711667918,0.1323795569892683,0.07341748008687876,0.04114672074277781,0.05023341903646372,0.08363362679441355
interference_linear,80300123,0.20563279032397297,0.2321333730189803,0.20775124867447248,0.25393150686907795,0.26694749235796955,0.2152328932254317,0.1294632399051192,0.1998258674113753,0.21308019995379474
interference_linear,80300124,0.014610701799392695,0.006865540146827692,0.014469322065512297,0.016956129670143122,0.016403833031654352,0.026068085432052607,0.022419595718383784,0.016203963756561274,0.01961032152175903
interference_linear,80300125,0.030427635953005905,0.024226726338442917,0.055799594765083754,0.04514324788766777,0.06821772579866325,0.005617513015690689,0.05627961580472862,0.048908473298129196,0.044833315160975905
interference_linear,80300126,0.1389200672507286,0.13891906142234803,0.15165309458971024,0.15110882222652436,0.157457372546196,0.11702102273702622,0.14582682996988297,0.14847801476716996,0.14397841244935988
interference_linear,80300127,0.07204746385866523,0.06628959556871772,0.08005377829525984,0.05726247211748481,0.06453984161669135,0.1056459464674604,0.11705284496599555,0.11420058389955878,0.09174033781343818
interference_linear,80300128,0.07692821531390215,0.08117009906863237,0.08533182451024718,0.07549409775828386,0.08288212328051592,0.05785210638140703,0.07331158428286577,0.08332075386141802,0.07457213311289812
interference_linear,80300129,0.08932525674236225,0.094730384744529,0.12082533299657117,0.13138500610721515,0.09192336360347675,0.08591360608470844,0.09039253751171039,0.11784810582530902,0.10349252382648395
interference_linear,80300130,0.015457397699356085,0.010835906863212591,0.001467720667521183,0.028708004951477045,0.022791647911071772,0.026750212907791143,0.0263400286436081,0.019787108898162847,0.024875400662422182
interference_linear,80300131,0.041905602812767034,0.03740904331207276,0.0314142391085625,0.00872310101985932,0.0015250384807586614,0.051607987284660345,0.049466258287429815,0.04388946890830994,0.031042370796203617
interference_linear,80300132,0.05172059427392528,0.05828771482598827,0.05658595254711357,0.05758879076135204,0.05014122019898937,0.04106247912538097,0.047878538476348376,0.052281086551070666,0.04979042302262828
interference_linear,80300133,0.2084497720003128,0.20919285751879216,0.2054540187275658,0.1941372737288475,0.20998960677534342,0.20394029133021832,0.20636029951274396,0.21045334860682488,0.2049761639907956
interference_linear,80300134,0.13961249479120286,0.14225831517046006,0.15599463024204285,0.1668153990155986,0.15109828003709824,0.1263808447963527,0.15214532502954514,0.15105225035017045,0.14949841984575302
interference_linear,80300135,0.045524494784881187,0.036616342204619956,0.0373169004299338,0.010944860118438315,0.0032323171077266455,0.03954537405352743,0.085035519736816,0.04139618768077047,0.03603085173945577
interference_linear,80300136,0.09273856388457702,0.08728149043448852,0.09826445089705871,0.07447865115531371,0.08168526994117187,0.07516523705848144,0.11873316275008605,0.10542118059523986,0.09109670030005859
interference_linear,80300137,0.16902313977479935,0.16854069605469704,0.18053236672033868,0.20236947424709797,0.17457364723086358,0.18560272306203843,0.18666301891207696,0.1724056139588356,0.1843228954821825
interference_linear,80300138,0.13089517542133033,0.1233835596681565,0.12785425572007197,0.09925694056758583,0.09791154452571571,0.12690312453517616,0.1509559530855149,0.14145178385982216,0.12329586931476295
interference_linear,80300139,0.09172087294374509,0.12377833706651731,0.10566364608719547,0.16271098834787412,0.1735338805369,0.07821550351892514,0.07698103172098203,0.07841246706758542,0.11397077423845334
interference_linear,80300140,0.17434442405120487,0.18305147055999393,0.1950570679129755,0.2023820317210352,0.18532723550216312,0.1740801370562708,0.1690582967223322,0.19346973661796207,0.18486348752395268
interference_linear,80300141,0.015203380584716791,0.012238556146621699,0.012848997116088834,0.033941888809204096,0.012795799970626826,0.042110526561737055,0.016656780242919916,0.009936892986297602,0.023088377714157098
interference_linear,80300142,0.08643645644187928,0.07895079851150513,0.11605873554944994,0.10020407140254975,0.14824195057153702,0.03941719830036164,0.10548747926950455,0.10435759127140046,0.09954165816307067
interference_linear,80300143,0.1708343483644622,0.17279144824921067,0.1775495051232872,0.1928040839868682,0.17375715525328095,0.16261694656192238,0.17953605280696328,0.16862538160263474,0.1754679240423339
interference_linear,80300144,0.08553346395492553,0.0796608567237854,0.0918652405341466,0.10520439743995666,0.08997812271118164,0.1085743248462677,0.10723477005958557,0.10154756307601928,0.10250783562660218
interference_linear,80300145,0.07171447884624871,0.06185485732143792,0.08191651912118664,0.052245873327907644,0.0554495931822625,0.0546084226328698,0.0974485756117669,0.09334461700504693,0.07061941635197075
interference_linear,80300146,0.0978895724180045,0.08967879418161534,0.07985163731999223,0.06246289614465855,0.0985999405744376,0.09490793947008275,0.09401807192590855,0.08167812231805943,0.08633339408662938
interference_linear,80300147,0.31305111190825397,0.3131929560616582,0.3131953005110194,0.3179197981074422,0.28437799951582843,0.3103558196738332,0.3294212742760747,0.3069335146859258,0.30980168125182084
interference_linear,80300148,0.28956265917276336,0.3214328455016513,0.29469222496802594,0.34459318390344573,0.34756983986352874,0.29522080889200164,0.21047224274133636,0.2908212708518405,0.2977354692504306
interference_linear,80300149,0.14696991294622422,0.14920880496501923,0.15307652979778746,0.16519537046551705,0.14863715916872025,0.14003683477640153,0.15442112684249878,0.14667583107948304,0.1509932644665241
interference_linear,80300150,0.10909074705520394,0.11269843738952401,0.1164564953414512,0.0792415158120704,0.13235187691131356,0.07528388660827401,0.09911477726379159,0.12344563167968514,0.10188753765502694
interference_linear,80300151,0.21070508546773337,0.21816624588910483,0.2554214088831717,0.24600763506833456,0.24328668303433798,0.19458986706677817,0.21743960566464804,0.27190591282788656,0.23464594073239703
interference_linear,80300152,0.12177146501093705,0.112986396022137,0.12486995783199462,0.11031849212199052,0.12455810136347611,0.13898117370158036,0.14447129792719682,0.13967312402277787,0.13160043782740433
interference_linear,80300153,0.01158884773836022,0.010184592109774404,0.011469082138791498,0.00966250290289039,0.044577366214846426,0.0245690406380642,0.008825039964770132,0.030801749330614858,0.0236871398102372
interference_linear,80300154,0.0932992032150406,0.08617084532777253,0.0928208660066106,0.055750005541242986,0.06473889261285248,0.07679604798356476,0.11459382682839814,0.10992365389863434,0.08436048537293854
interference_linear,80300155,0.01705259140386789,0.01036056931867807,0.024496298968249453,0.004177003542039703,0.01108074132547171,0.024391741117384125,0.028385490735914398,0.03989914003953726,0.02158682335206944
interference_linear,80300156,0.07085599899291992,0.06339829564094543,0.0825789759556452,0.08016737699508666,0.09995331764221191,0.08084940314292907,0.0776655912399292,0.09059255719184875,0.08584564924240112
interference_linear,80300157,0.1953741090622796,0.21404287985237969,0.19649992655985093,0.23157671860131157,0.26487729719551933,0.20791671446236504,0.14250446132096184,0.18632606438073052,0.20664025119217766
interference_linear,80300158,0.0474964588880539,0.05050136744976044,0.07001728850106398,0.07101874649524689,0.06773788332939149,0.02774143815040589,0.054425647854805,0.06932859718799592,0.05805046260356903
interference_linear,80300159,0.0833873212337494,0.08738533258438111,0.07454047823945684,0.06273219585418702,0.06809367835521699,0.08511269688606263,0.07688080370426179,0.07729609906673432,0.07402309477329254
interference_linear,80300160,0.07644840180873871,0.0758608490228653,0.0893221085270246,0.10577615201473237,0.07957597672939301,0.06498025953769684,0.10340943038463593,0.07604523599147797,0.08595741093158722
interference_linear,80300161,0.10837166905403137,0.09840338826179504,0.08309494356314343,0.07771390080451965,0.0834266185760498,0.11258854866027831,0.1075459063053131,0.08167370557785034,0.09258973598480225
interference_linear,80300162,0.0630871295928955,0.07290461063385009,0.031852742905418036,0.04783081412315368,0.012172931432723993,0.11511527895927429,0.028260612487792963,0.04479720592498779,0.049635368585586544
interference_linear,80300163,0.024446076154708868,0.0026137769222259466,0.018064124214773353,0.06374936699867248,0.08805432319641113,0.08869356513023377,0.031060835719108587,0.008770146965980524,0.056065647602081305
interference_linear,80300164,0.09450571835041047,0.09432507157325745,0.09739786547919116,0.10999313592910767,0.08680606484413148,0.08070885241031647,0.10875409692525864,0.0851994812488556,0.09429232627153397
interference_linear,80300165,0.02318964302539825,0.03732478022575378,0.03203406085570651,0.0728701889514923,0.09241470098495483,0.002859658002853399,0.019937539100646967,0.0021017283201217596,0.038036763072013854
interference_linear,80300166,0.15097620015333035,0.1343883467216287,0.15935586815069058,0.12178565983960965,0.09497254018972257,0.14550243740270474,0.1780008864898477,0.18545590763280728,0.14514348631093837
interference_linear,80300167,0.07316787389980806,0.06016309408413423,0.07558705506788743,0.03572420624958528,0.025357706825604565,0.08406917599903596,0.08622021822201265,0.10481478122936738,0.06723721770512117
interference_linear,80300168,0.11401353815671045,0.13093115428563196,0.1481342170583828,0.1778445396768673,0.14101208785649377,0.12788279393788415,0.1130751226293667,0.14664416054364282,0.14129174092885094
interference_linear,80300169,0.17199298217892647,0.17297303527593613,0.170314838240544,0.151230326294899,0.1793028213083744,0.17355472072958947,0.1672723725438118,0.18097129315137864,0.17046630680561065
interference_linear,80300170,0.051405944659731806,0.05608106477501196,0.08612371184867823,0.0847590051436643,0.07242212517502111,0.024474956824801386,0.05326265914680761,0.08272326810600561,0.06352840287926001
interference_linear,80300171,0.025276454512007274,0.012283714834578074,0.0477271474636865,0.05305826884878401,0.04549753886831526,0.04671082121504072,0.046348842207319774,0.060501875702269114,0.050423469368345776
interference_linear,80300172,0.010772532224655157,0.012429898977279669,0.013543214400609349,0.0017560184001922663,0.015227815508842474,0.0008731275796890203,0.008156797289848333,0.014135694503784185,0.008029890656471255
interference_linear,80300173,0.06256971871655159,0.060878913758208086,0.07944426055551534,0.0522332004288929,0.0627835801820057,0.10358927762310677,0.11069921767513924,0.11994383847515755,0.08984982287686043
interference_linear,80300174,0.10212276207533999,0.10933933483687563,0.13021403876073678,0.15169692861167117,0.10721937643614932,0.12315545307723208,0.08532867657271548,0.12414676772681399,0.1183094404849164
interference_linear,80300175,0.07226227568989851,0.05009626197224715,0.06557927377428474,0.02979480075245955,0.01369910287266829,0.0670598034799681,0.15199737595921614,0.06199626969700911,0.06490947055226423
interference_linear,80300176,0.05716294921479492,0.06973035014710693,0.09539817151468866,0.10246608532510071,0.08581692851624756,0.04859841741166382,0.06412825859627991,0.09948382652840881,0.08009870327554017
interference_linear,80300177,0.23411697475328075,0.23753789393319713,0.2473506066025697,0.26941514341249095,0.2192891868771516,0.23163101403131114,0.2326408955277406,0.23336372105493175,0.2372679921807252
interference_linear,80300178,0.08702157573176483,0.0776094062752829,0.04844167963935003,0.03035654262972931,0.08069817857218842,0.06921781734896759,0.08983041481448273,0.046122030777464906,0.06324499682856659
interference_linear,80300179,0.04209033067033441,0.0403786938886419,0.051240875472682246,0.04581320698068292,0.037092868636108944,0.0274995606641546,0.04139188344285638,0.04639935905740411,0.03963937575624139
interference_linear,80300180,0.05336563833512531,0.0667444670990871,0.04488978334225885,0.05252703078545795,0.03791089900292621,0.04178421743668781,0.04059739955224262,0.03745846994675861,0.04205560334481464
interference_linear,80300181,0.060974903792129886,0.08099151441453589,0.04378827203312208,0.09252358266709937,0.07619429418443335,0.10094190427659644,0.0005813162624965784,0.03246784994004859,0.060541789466134865
interference_linear,80300182,0.17332751890430198,0.16520111104259239,0.18158282677739213,0.1684153809190725,0.16336355944881187,0.15587033172855125,0.22886080881366477,0.17781369229564414,0.1788647546411489
interference_linear,80300183,0.19253886022897115,0.19684991517396322,0.20908931422960314,0.22856343069405904,0.19227347054810873,0.178429427531675,0.20540133395524374,0.19814993717999807,0.2005635199818169
interference_linear,80300184,0.0982375235821451,0.11781595065848482,0.11232384457842964,0.15463874652640475,0.18407843425528658,0.0856056900288309,0.05325804069296969,0.0984126420284952,0.11519871070639742
interference_linear,80300185,0.0616935973340359,0.07655625392735865,0.06513247738024464,0.09472211052716639,0.06828342725575831,0.0533816700154629,0.03366069843114283,0.05205510904134181,0.060420603054174446
interference_linear,80300186,0.03727378852447122,0.042307698798976834,0.03994197554668044,0.020341867280803616,0.04099210507949441,0.021575892043910916,0.03056713349898904,0.04230623848517984,0.031156647277675566
interference_linear,80300187,0.1565885314125186,0.13001611766997634,0.2096037014105286,0.19578656492415725,0.2568859759125477,0.09487317440692244,0.2085032754916316,0.17800517318431197,0.1868108327839142
interference_linear,80300188,0.0675631682502098,0.06510933443177414,0.043215346999651905,0.014437324844486232,0.015007860504276271,0.08795373841393661,0.07283524378407669,0.06129813893902969,0.0503064612971611
interference_linear,80300189,0.14019791632890702,0.13771549463272095,0.15750826078777513,0.17374750450253487,0.15918266624212266,0.12165257185697556,0.1599014088511467,0.14455896466970444,0.15180862322449684
interference_linear,80300190,0.1775925245957395,0.1648269680218717,0.1985081669764539,0.1875550237374326,0.17384234935808385,0.1413090613560697,0.24223614604044164,0.18850842983293736,0.18669020206499304
interference_linear,80300191,0.07344847023487092,0.07669167816638947,0.08035059869289399,0.0901682585477829,0.07317525744438172,0.06804711222648621,0.08310519754886628,0.07678610682487488,0.0782563865184784
interference_linear,80300192,0.08500000907996552,0.09297281577208893,0.11566848878084879,0.12854409291365998,0.08927580787757294,0.0861655481062259,0.08479058816054719,0.11190000249961274,0.10013520791152375
interference_linear,80300193,0.01468033506636024,0.007145276524978872,0.025458861531458377,0.026656856992202993,0.04192250058885216,0.011577001073318716,0.030835697195571665,0.05720538809065223,0.03363948878811955
interference_linear,80300194,0.014402532577514643,0.013741263747215265,0.012743680675824487,0.009868854284286493,0.03408264517784118,0.027149760723114008,0.017177453637123113,0.019538903236389155,0.02156352341175079
interference_linear,80300195,0.008135199273654803,0.019292056287357195,0.027757435763904437,0.04937818619115053,0.008470624412128314,0.008945584024021014,0.002709120238849505,0.020273446763584002,0.017955392325946673
interference_linear,80300196,0.03282635888778351,0.04787295541488312,0.026125316633017648,0.06932573995315217,0.07781862697326325,0.05464142045699738,0.0025500706700167797,0.003560627314678655,0.041579297073621645
interference_linear,80300197,0.26376347522338683,0.24889500717719848,0.2873911239743278,0.2656548796137219,0.2713846741159802,0.23100860695442016,0.3153767166574841,0.2851425586183911,0.2737134871919995
interference_linear,80300198,0.05441290736198426,0.05654349029064179,0.06934999153017998,0.07938989102840424,0.06033626794815064,0.04370484352111817,0.06230360865592957,0.06341922879219056,0.06183076798915863
interference_linear,80300199,0.17382533699274064,0.17261651009321213,0.18198123735686145,0.17711171731352807,0.18632426708936692,0.15679919570684434,0.17613856717944146,0.18036436513066292,0.17534762248396873
interference_linear,80300200,0.4468695716176867,0.44022337060316796,0.4728975472216248,0.49136311273916955,0.491737966350162,0.40989760022505517,0.4965409980331301,0.4493925766263842,0.46778645079478026
interference_linear,80300201,0.04805579185485839,0.05677839517593383,0.053375387191772455,0.08201234936714172,0.09093674421310424,0.04267215132713317,0.030202889442443842,0.03947328925132751,0.057059484720230105
interference_linear,80300202,0.09208856893142592,0.06799386811813246,0.08955381187360023,0.027317393546904434,0.011844921832884658,0.09111099315246474,0.11007695270141493,0.13009457660278212,0.07408896756729018
interference_linear,80300203,0.07184011185092765,0.09245187485141593,0.09050351822299807,0.11509442770404654,0.12158418142719107,0.07365209305209952,0.04206371748370963,0.0857671543352111,0.08763231480045157
interference_linear,80300204,0.08839925527572631,0.07421543598175048,0.11132557590802508,0.10077589154243469,0.11810770034790039,0.09605129957199096,0.11257299184799194,0.1227310836315155,0.1100477933883667
interference_linear,80300205,0.002474395580411848,0.006906719856142107,0.002004124867241469,0.02114519292843431,0.0156870800780049,0.011656580515027937,0.025483785219312605,0.00024492854607194303,0.014843513457370339
interference_linear,80300206,0.06632149731972287,0.07461402332642147,0.07606696104862762,0.09127647197105954,0.07550749695160458,0.0706311664567239,0.07384613668778012,0.07610178506233761,0.07747261142590114
interference_linear,80300207,0.1633128718554553,0.15544467131491269,0.14950626552299429,0.13501073877211178,0.10319285551901425,0.16652183691855038,0.20904498259420956,0.14181752960081662,0.15111758868094052
interference_linear,80300208,0.08172509688562535,0.1252001883429923,0.09104344863123082,0.16322753447717808,0.20570639390176915,0.07396713513559483,0.0499142767829337,0.049123561565343365,0.10838778037256383
interference_linear,80300209,0.01871287290089585,0.029419059195451513,0.012257287540368755,0.024756098427705542,0.0260030573987291,0.03950914207928635,0.0556578689432814,0.02598240438931443,0.03438171424766336
interference_linear,80300210,0.12807148289560377,0.11600756239770948,0.13581724059461653,0.12005710196374952,0.10353251886247694,0.1089528758513838,0.18877651882051527,0.13040232252954542,0.1303442676055342
interference_linear,80300211,0.21986700781556134,0.2087364662525273,0.2439493257639027,0.24349542149277692,0.2359445262786961,0.16651310213776593,0.31660096534462934,0.2183383274910069,0.23617846854897503
interference_linear,80300212,0.017793245378968647,0.013189948860642842,0.00244564539575326,0.013519145313737324,0.0030446124711012157,0.035213775698182515,0.01774717098855727,0.00010061985635512194,0.01392506486558669
interference_linear,80300213,0.01962689601220835,0.03875104628839243,0.014892350066087134,0.04853276454248179,0.057192306149384864,0.03286192857064951,0.04525168694219839,0.009993652928254493,0.038766467826593806
interference_linear,80300214,0.1505569420117261,0.14504807212532778,0.16858380554697133,0.15565173843086977,0.15666540482224245,0.10230576017082949,0.20984249332131166,0.16124715426148195,0.15714251020134706
interference_linear,80300215,0.07816936671733857,0.07339320182800294,0.06589473510781924,0.04201309978961945,0.046558952331542974,0.09206732213497162,0.08531021177768708,0.08017336428165436,0.06922459006309509
interference_linear,80300216,0.03901710212230683,0.034051975607872015,0.03138073384761811,0.0002854526042938288,0.004693499207496649,0.04377632439136506,0.04055548310279847,0.04891700148582459,0.027645552158355718
interference_linear,80300217,0.03678136628297124,0.05900102418092046,0.04257679543323467,0.0852985934558228,0.08945750754502568,0.04353081744340215,0.019542936867205762,0.03347444098618779,0.05426085925952884
interference_linear,80300218,0.059458875656127924,0.054277712106704706,0.029416792343060133,0.031992250680923456,0.036825054883956904,0.07558875679969787,0.05206527709960937,0.022211754322051996,0.04373661875724792
interference_linear,80300219,0.17250660873035661,0.16395632243732683,0.2057149888732043,0.2067640951929497,0.2340354255495476,0.12113607740978471,0.21351175821403734,0.1862538687048363,0.19234024501423114
interference_linear,80300220,0.07296365912693159,0.09021532948749678,0.07957012371160005,0.12840956862705366,0.1459050219847502,0.07184169109600202,0.05715102370517866,0.047534827549630565,0.09016842659252303
interference_linear,80300221,0.10934888910045704,0.09448653053035816,0.13972941627890345,0.11812746118297657,0.14655220102062305,0.04632418941249927,0.20493554662456592,0.12531703304042896,0.12825128625621876
interference_linear,80300222,0.09726921127956989,0.09174484418552997,0.10142239835582062,0.09289586948078754,0.07955587314289692,0.07407707379978778,0.13785382019203785,0.09449494289082172,0.09577551590126636
interference_linear,80300223,0.2777730174362659,0.2772053241729736,0.2778325567332407,0.30182036608457563,0.2738524846732616,0.2828600391745567,0.29067750871181486,0.2666116043925285,0.2831644006073475
interference_linear,80300224,0.01805408895015717,0.020556589961051946,0.034737230340639746,0.04572784006595612,0.022842800617218023,0.004387369751930242,0.027179276943206793,0.027690312266349798,0.025565519928932197
interference_linear,80300225,0.09090940531383906,0.07299740489612971,0.09030345456094496,0.05535064514767085,0.03444053109775935,0.08517481263767634,0.1273933189738885,0.10677261527668391,0.08182638462673579
interference_linear,80300226,0.0040220230817794855,0.006219899654388433,0.012713328997294104,0.014086923003196722,0.0031880497932434138,0.00981535911560058,0.010453110933303839,0.008662974834442144,0.00924128353595734
interference_linear,80300227,0.03771998584270478,0.03566276133060456,0.045936116079489414,0.04761520624160767,0.03039464950561524,0.0255904108285904,0.06042060852050782,0.039953297376632696,0.040794834494590766
interference_linear,80300228,0.028732499480247503,0.03523970246315003,0.02267970740795139,0.03472358584403992,0.0077997505664825495,0.03302388489246369,0.024407735466957098,0.01905543208122254,0.02380207777023316
interference_linear,80300229,0.32184487253339755,0.3043535467973517,0.3718220782271193,0.36499313682229984,0.42884224511595237,0.2858490315070914,0.3490149122467803,0.34183127850206363,0.3541061208388375
interference_linear,80300230,0.04529284255562638,0.049398797917946324,0.057767930794342504,0.032020199466331944,0.06620927469788407,0.019732105899437413,0.039791065621956334,0.0651698889022908,0.04458450691758011
interference_linear,80300231,0.04632336497306824,0.04611990451812745,0.04936411082744599,0.055754429101943975,0.022030672430992132,0.035715422034263616,0.0711027890443802,0.041021025180816656,0.04512486755847932
interference_linear,80300232,0.09914993916744852,0.10693528925175333,0.10688118313545847,0.14235448514217997,0.09081059371227884,0.10753753458256388,0.08990832840199137,0.09586581264729166,0.10529535089726114
interference_linear,80300233,0.07183271050453185,0.05741437673568725,0.0668345419069131,0.0626322865486145,0.04253488183021545,0.07002782225608825,0.08928006291389465,0.06686800122261047,0.06626861095428467
interference_linear,80300234,0.03623957037925721,0.03861998617649079,0.046599885821342474,0.032725086808204656,0.05026569068431855,0.02439341545104981,0.03453718721866608,0.05206260681152344,0.03879679739475251
interference_linear,80300235,0.01623127460479737,0.018839067220687872,0.037605143835147264,0.03356484174728394,0.03675737082958222,0.00262249112129212,0.019884890317916876,0.04082468748092652,0.026730856299400335
interference_linear,80300236,0.1707870244920483,0.1871679603994122,0.20081656475268111,0.24257828592660335,0.2665777683198681,0.14663158654572872,0.1311848640382519,0.19065554737450985,0.1955256104409924
interference_linear,80300237,0.01627423708376008,0.033477687286701974,0.016286843466130074,0.06012966577943879,0.0604098672145279,0.022991680549946603,0.02760708983007354,0.0017458265549270546,0.03457682598578278
interference_linear,80300238,0.09458113093507103,0.07469582934510521,0.11479367195896129,0.09275675196778588,0.0952746309770327,0.06497759003770165,0.18210316081178002,0.10467780013215355,0.10795798678529075
interference_linear,80300239,0.03454754361302492,0.052313155023165914,0.008798471502554084,0.005075043527194234,0.04148607841341856,0.0998694957175934,0.04588177195399168,0.02036542305142519,0.04253556253272461
interference_linear,80300240,0.15486368084112612,0.14548718476454225,0.17960907066027137,0.16693451547781435,0.16353061342398134,0.11459111714521852,0.21501382732550112,0.1737846090809485,0.16677093649069277
interference_linear,80300241,0.0770144872902071,0.07165774335843678,0.07933278262995042,0.05861501028520222,0.05623283615094776,0.07673641672116871,0.08167919149381275,0.09187911083680744,0.07302851309758777
interference_linear,80300242,0.05471018779659964,0.06814072358990408,0.05598085451508261,0.09452740180874564,0.09767688143635489,0.0666344248094628,0.01579473245526053,0.04163006770992972,0.06325270164395072
interference_linear,80300243,0.10812354602721208,0.1090179435243892,0.1086548276822455,0.10115890719798082,0.09615199782755846,0.10505880930331224,0.09505476572421068,0.10817198970225328,0.10111929395106309
interference_linear,80300244,0.10919693370602479,0.08315351863644471,0.09482214113018861,0.050459596116760874,0.037519487340668345,0.11930775900624147,0.16636252661488404,0.0992728795602118,0.0945844497277533
interference_linear,80300245,0.24833647012166032,0.2529070958440686,0.23436980700196672,0.28409323878041753,0.2155520835836912,0.2529798638021136,0.2663870494758273,0.21287829465619573,0.2463781060596491
interference_linear,80300246,0.05173252691085062,0.07251779903228006,0.05258558361982224,0.09804980624968729,0.0970828997021409,0.06002186406905374,0.012417899263450716,0.034706728351661775,0.060455839527198886
interference_linear,80300247,0.2531015515327454,0.2443116247653961,0.24588517248630523,0.24256675839424133,0.2484690487384796,0.2689866662025452,0.2770006895065308,0.25633289813995364,0.2586712121963501
interference_linear,80300248,0.008574713197993411,0.0004987230622299776,0.00888856145505823,0.02514110115404211,0.0312296262108811,0.0013255068934432401,0.04323776456479944,0.025491256443308963,0.025285051053294972
interference_linear,80300249,0.08066409230232238,0.07216017842292785,0.08309104442596435,0.07036455869674682,0.0960654854774475,0.08830978870391845,0.07650562524795532,0.08795204162597656,0.08383949995040893
interference_linear,80300250,0.22724836249202685,0.2332640991017242,0.22517657954544024,0.285189481678607,0.20273067731708483,0.23307812888473467,0.2529474340781589,0.20378693122714953,0.235546530637147
interference_linear,80300251,0.04400255680084228,0.03998410105705261,0.038325229287147516,0.04554899930953979,0.043853247165679926,0.057960414886474604,0.04147320389747619,0.03881465792655944,0.04553010463714599
interference_linear,80300252,0.23464108109474183,0.23346707448363305,0.2376620517888417,0.23479747157543898,0.2355237001553178,0.25322239510715006,0.22485451987595298,0.24218327775597573,0.2381162728939671
interference_linear,80300253,0.1512822369023098,0.16283367666442528,0.20838605580567648,0.24208457860191002,0.1736305514260067,0.13476340564925804,0.17516361269195213,0.20473937782485618,0.18607630523879662
interference_linear,80300254,0.023506209933857602,0.013261423194508237,0.015632456227243408,0.05589266189346759,0.011807694351573306,0.06936512955437152,0.04660408266792743,0.011448220098118467,0.03902355771309166
interference_linear,80300255,0.35423352718353274,0.3711723327636719,0.33725090225537613,0.3441344738006592,0.3964098930358887,0.40604099035263064,0.24206390380859374,0.35734745264053347,0.3491993427276611
interference_linear,80300256,0.13274831953743427,0.1456939715454909,0.15548095487653546,0.14945210400322406,0.160634292990956,0.11836255970695941,0.1149085301468703,0.15525500360229938,0.13972249809006182
interference_linear,80300257,0.02625794492181277,0.03783212385591006,0.008973546644212183,0.029473347286543605,0.03028340421136355,0.006695764442124608,0.016540663619675877,0.016935097356477025,0.019985655383236933
interference_linear,80300258,0.048460283775719204,0.04540569474259237,0.058076139688086725,0.055142515798004665,0.041641855140121975,0.03520294417897085,0.07665159692326406,0.05441563715496878,0.052610909839066064
interference_linear,80300259,0.22337506748735905,0.21564055923372508,0.24958707864085833,0.2537659354507923,0.2745041236281395,0.2008964404463768,0.23828402757644654,0.24143971540033818,0.24177804850041867
interference_linear,80300260,0.009190360969629108,0.0006614429417513001,0.01549282696478188,0.006637821859445392,0.006578843063440143,0.02963374084862691,0.03386975354584676,0.033385137981500446,0.02202105945977193
interference_linear,80300261,0.2863856081462339,0.290574592778726,0.32635296750033255,0.32345767063860453,0.3243045036292509,0.255303961465402,0.3005836133456663,0.3372883026099638,0.30818761033777753
interference_linear,80300262,0.16989575922489167,0.16978758051991463,0.17422162840763727,0.18947697654366494,0.16662114337086678,0.1615748167037964,0.18413996174931527,0.16291885673999787,0.17294635102152825
interference_linear,80300263,0.11613939652646055,0.12790436992848386,0.12297539363110532,0.14711053619587888,0.11220703969204893,0.11241899380887022,0.09643809447491636,0.11317984709942808,0.1162709022542285
interference_linear,80300264,0.021085068982495514,0.0019327853139774476,0.06170256972477206,0.041721925538434235,0.06855379084910318,0.04116465111409262,0.10655163268412515,0.042352840703381744,0.060068968177827385
interference_linear,80300265,0.10739701390266418,0.1319880425930023,0.13923331747452414,0.19301419854164123,0.19007908701896667,0.06545045375823974,0.08545663356781005,0.12037279605865478,0.1308746337890625
interference_linear,80300266,0.1839408492550374,0.1830533956989766,0.19785724858493814,0.21168849522919664,0.2115531777843953,0.14634086842389116,0.25291163379998216,0.1756439423069478,0.1996276235088826
interference_linear,80300267,0.12186654508113862,0.13257599472999573,0.10498635632296405,0.09720008671283722,0.09884623289108277,0.1379655510187149,0.10000326335430146,0.11085513830184937,0.10897405445575714
interference_linear,80300268,0.21597355827689171,0.2159434849396348,0.22036091585954032,0.18875292539596558,0.23781362306326628,0.20051131248474122,0.19651768393814564,0.2396220438182354,0.21264351774007081
interference_linear,80300269,0.22125059837346073,0.23361192369704242,0.22526728584612207,0.30748796375339027,0.20071678334717746,0.22331924462561603,0.24310533428435321,0.1955723064566135,0.2340403264934301
interference_linear,80300270,0.08268373608589172,0.09305714964866638,0.08767918646335601,0.12386014461517333,0.1270922064781189,0.0772797405719757,0.06528505086898803,0.0684851050376892,0.09240044951438904
interference_linear,80300271,0.08231586222702486,0.09075984363609774,0.09496847296609703,0.10948979859405977,0.0925493389850281,0.08488497142845614,0.08530499045902712,0.0942561328893326,0.09329704647118074
interference_linear,80300272,0.08910075426101685,0.08570570349693299,0.10844944330553215,0.11603806763887406,0.10696612149477006,0.07211575508117676,0.1072576329112053,0.10008723139762879,0.10049296170473099
interference_linear,80300273,0.05461436646189877,0.07270407812800594,0.06750959294047543,0.10687407987322994,0.11738857763018795,0.046025754382278405,0.00931266086306759,0.05675301091876217,0.06727081673350521
interference_linear,80300274,0.07742778062820435,0.07649903595447541,0.0859508958955606,0.08677703738212586,0.08906445503234864,0.05157279074192048,0.10064739584922791,0.07781255841255189,0.08117484748363495
interference_linear,80300275,0.14263855516910554,0.13961367160081864,0.13350449539721013,0.11387928426265717,0.12120374888181687,0.15341902375221253,0.141697695851326,0.1452527329325676,0.13509049713611604
interference_linear,80300276,0.04954879581928254,0.051061382889747625,0.06690172081192336,0.07134025394916535,0.06238641440868378,0.03473686277866364,0.05891226828098298,0.06432055532932282,0.05833927094936371
interference_linear,80300277,0.04869982004165649,0.043113732337951655,0.04347965518633526,0.030087465047836298,0.0606571078300476,0.053998047113418574,0.047467643022537226,0.04926040172576904,0.048294132947921745
interference_linear,80300278,0.06149053352234174,0.05496400373337079,0.029072088769648563,0.02880462782738019,0.042071310452197086,0.08140223996994306,0.0560367085253935,0.030413714817736637,0.0477457203185301
interference_linear,80300279,0.09323709415001846,0.10363810466332413,0.08617260263962723,0.1350988666872499,0.11038785384697891,0.13493483470482803,0.06026574181122757,0.06974511550469376,0.10208648251099564
interference_linear,80300280,0.009974915279149288,0.008812952531575435,0.017103109253644222,0.01963343073248791,0.004938620818852657,0.01007036517739368,0.05508001495718884,0.0076163892877094685,0.01946776419472651
interference_linear,80300281,0.13520256280899048,0.13473309427499772,0.13705582271019617,0.13030086308717728,0.1357959419488907,0.1307118520140648,0.14306786507368088,0.13961465507745743,0.1358982354402542
interference_linear,80300282,0.062212309241294866,0.06232059597969056,0.07234178893268109,0.073910391330719,0.08535595834255219,0.022204226255416876,0.0973464459180832,0.06091586351394654,0.06794657707214355
interference_linear,80300283,0.10968389971325165,0.10613146288463837,0.12227425340085596,0.10773718221256501,0.10490178926059968,0.09079432351658112,0.09851708872387177,0.11442243917057282,0.10327456457683808
interference_linear,80300284,0.08137801885604859,0.06569718420505524,0.12377591033776603,0.09530003964900971,0.17445898652076722,0.0337201863527298,0.10014838576316834,0.10126476585865021,0.10097847282886505
interference_linear,80300285,0.0035967138482251304,0.005325505428203092,0.021705767221561922,0.021424910135380282,0.046928009100071444,0.025239238433726774,0.10588218838702823,0.006428787402995573,0.04118062669184046
interference_linear,80300286,0.09743028283119201,0.089848393201828,0.05980923237899935,0.06816195845603942,0.06477549076080322,0.1238692045211792,0.09729095697402954,0.05458208322525024,0.08173593878746033
interference_linear,80300287,0.205193655598239,0.20042988102443604,0.22317322781490873,0.18533959429271607,0.24765944670446305,0.18366529982097535,0.2010730225921431,0.2327849362374106,0.21010445992954163
interference_linear,80300288,0.03602336740023648,0.04018812274462735,0.03787829374796903,0.04355030154711759,0.0587916264486984,0.004836607928343173,0.0060571541833206455,0.00905053710467374,0.02445724544243071
interference_linear,80300289,0.033305770158767706,0.029799586534500128,0.0529942162334919,0.04985964894294739,0.05737707614898682,0.009633383154869085,0.05622751116752625,0.04690319895744324,0.04400016367435456
interference_linear,80300290,0.01221684681358215,0.003349970449827877,0.03217946556192913,0.009292672743223873,0.03383637534561035,0.0390273822647107,0.06253788935127136,0.026666979660414425,0.03427225987304614
interference_linear,80300291,0.06536036141701973,0.03827249415704048,0.07028170831986702,0.029683584054196244,0.007650488694393998,0.046795123894894486,0.12603335984536446,0.08206700690575874,0.05844591267892159
interference_linear,80300292,0.17993843832778578,0.17370510378646498,0.1753427463687226,0.15509507337379103,0.15330776849555616,0.16915971318053846,0.21422449031638746,0.17827743569182997,0.1740128962116206
interference_linear,80300293,0.14120238423347473,0.15309979915618896,0.14755419294039404,0.18502485156059265,0.20643504858016967,0.14050602316856384,0.12017279267311096,0.12518867254257202,0.15546547770500183
interference_linear,80300294,0.10422533305669757,0.09998254033113452,0.1288441735226406,0.13251439782167407,0.12642117889905902,0.07445910128141375,0.13496234568143817,0.11854715200448962,0.11738083513761492
interference_linear,80300295,0.060888368700592,0.04170264682635494,0.07289184015457656,0.04129501066073604,0.05169444165095516,0.08155136189326473,0.09632324061259456,0.08669661364421077,0.07151213369235225
interference_linear,80300296,0.18390475081200242,0.19130126999611496,0.19685772922431272,0.2332461612104857,0.17433674501175522,0.19046796725983262,0.18289218710655808,0.18600912259811997,0.1933904366373503
interference_linear,80300297,0.02731315039034521,0.012526489719111078,0.04350284479494726,0.00318536899920141,0.005088008865076654,0.0597712769352976,0.08433470867510473,0.07611862562533056,0.04569959782000219
interference_linear,80300298,0.1940982699394226,0.1870550684630871,0.22187320552766324,0.19954649768769742,0.2592946611344814,0.16954893097281457,0.1980769917368889,0.21805230472236872,0.2089038772508502
interference_linear,80300299,0.10287544473397203,0.09889355643975206,0.09220665041990539,0.08849725469338365,0.08982429250466295,0.12065819247948595,0.13713619455086656,0.1119523380635924,0.1096136544583983
interference_null,80500000,0.19854620099067688,0.2071109265089035,0.20837308093905446,0.2353968620300293,0.2569149136543274,0.1840832680463791,0.19321595132350922,0.19205598533153534,0.21233339607715607
interference_null,80500001,0.033607013523578644,0.0375552773475647,0.01478597894310951,0.029559578746557236,0.01292733009904623,0.0746903270483017,0.021657509729266167,0.023838279768824577,0.032534605078399184
interference_null,80500002,0.10877308249473572,0.10841560363769531,0.11929120682179926,0.12250599265098572,0.15326228737831116,0.10437347739934921,0.10676249861717224,0.12275013327598572,0.12193087786436081
interference_null,80500003,0.07536239922046661,0.07264824956655502,0.0479575339704752,0.05666127800941467,0.024184059351682663,0.11160419881343842,0.07234004884958267,0.03551606461405754,0.060061129927635196
interference_null,80500004,0.005789493210613728,0.006347068585455418,0.012856805386642614,0.021498089656233788,0.024778559803962708,0.015303959138691425,0.0008456616778858006,0.0066362228244543076,0.013812498620245606
interference_null,80500005,0.008990245871245861,0.009506890550255775,0.004541595466434955,0.018564263358712196,0.01607833057641983,0.01719575934112072,0.004812239669263363,0.0002471355546731502,0.011379545700037852
interference_null,80500006,0.044690586626529694,0.04260228946805,0.04786046966910362,0.05313912406563759,0.0474935881793499,0.032954517751932144,0.047468870878219604,0.04259371757507324,0.04472996369004249
interference_null,80500007,0.1406840980052948,0.14191167056560516,0.14548328767220178,0.13903756439685822,0.16583575308322906,0.13767431676387787,0.11425721645355225,0.1557750701904297,0.14251598417758943
interference_null,80500008,0.04585941880941391,0.0433662086725235,0.043206789841254555,0.0072724041528999805,0.05574817582964897,0.05192634463310242,0.02914057858288288,0.06274997442960739,0.04136749552562833
interference_null,80500009,0.12805169820785522,0.11864732205867767,0.14938897515336672,0.15215109288692474,0.16141000390052795,0.12925830483436584,0.14113540947437286,0.15120874345302582,0.14703271090984343
interference_null,80500010,0.036917492747306824,0.032486893236637115,0.01695280972247323,0.031903598457574844,0.02729763463139534,0.04980708286166191,0.023937931284308434,0.04380898177623749,0.0353510458022356
interference_null,80500011,0.24697552621364594,0.23566843569278717,0.27900031457344693,0.2674465477466583,0.31298670172691345,0.24661467969417572,0.26179757714271545,0.28836965560913086,0.27544303238391876
interference_null,80500012,0.010025609284639359,0.011577351950109005,0.005923247896134853,0.026280224323272705,0.004989824257791042,0.017295626923441887,0.017688119783997536,0.0016811336390674114,0.013586985785514117
interference_null,80500013,0.0036686307284981012,0.0029917547944933176,0.01896791555918753,0.010773290880024433,0.04285707697272301,0.009590714238584042,0.003195937490090728,0.028131311759352684,0.01890966626815498
interference_null,80500014,0.09278753399848938,0.09218091517686844,0.08538079510132471,0.08352774381637573,0.08621315658092499,0.10184957832098007,0.08543334901332855,0.08738773316144943,0.08888231217861176
interference_null,80500015,0.03826079145073891,0.039099983870983124,0.042682606707482286,0.059997860342264175,0.050996553152799606,0.03756013512611389,0.04584583640098572,0.03393363207578659,0.045666803419589994
interference_null,80500016,0.09020689874887466,0.10071975737810135,0.05755073328812916,0.045656368136405945,0.033054422587156296,0.1189001128077507,0.06696054339408875,0.07357944548130035,0.06763017848134041
interference_null,80500017,0.020590391010046005,0.01911918632686138,0.026698268484324217,0.04892830550670624,0.02163924276828766,0.016073914244771004,0.033433884382247925,0.014464722946286201,0.026908013969659805
interference_null,80500018,0.021212534978985786,0.022576507180929184,0.028936651380111773,0.04634614288806915,0.03720003366470337,0.008194157853722572,0.029941556975245476,0.017324894666671753,0.027801357209682465
interference_null,80500019,0.04661909490823746,0.047784049063920975,0.04322768685718377,0.055431969463825226,0.04664371907711029,0.03893685340881348,0.04768001288175583,0.03333865478634834,0.044406241923570636
interference_null,80500020,0.012369123287498951,0.013049076311290264,0.005214533923814694,0.025854621082544327,0.01487691979855299,0.021363021805882454,0.019826386123895645,0.00892231147736311,0.018168652057647706
interference_null,80500021,0.15357129275798798,0.15947623550891876,0.16929677811761695,0.2151021808385849,0.1984136402606964,0.1529352366924286,0.1698705106973648,0.1471819430589676,0.17670070230960847
interference_null,80500022,0.09599520266056061,0.09761806577444077,0.0993825881741941,0.10554008185863495,0.122728131711483,0.08518920093774796,0.08948662132024765,0.0940573439002037,0.09940027594566345
interference_null,80500023,0.0244299303740263,0.021095534786581993,0.03895521443337202,0.04590117558836937,0.053286731243133545,0.010884142480790615,0.03290316462516785,0.033858656883239746,0.035366774164140226
interference_null,80500024,0.014040051028132439,0.016144409775733948,0.013937823008745905,0.039835356175899506,0.01577211543917656,0.010714908130466938,0.026894481852650642,0.0007063152734190226,0.018784635374322532
interference_null,80500025,0.053526293486356735,0.05398919805884361,0.04644519090652465,0.034494802355766296,0.04553976282477379,0.060696475207805634,0.03880687430500984,0.054693061858415604,0.046846195310354236
interference_null,80500026,0.018066689372062683,0.016627592965960503,0.014010812155902386,0.03220173716545105,0.00023502035764977336,0.0020054206252098083,0.03348877653479576,0.0007548826397396624,0.013737167464569211
interference_null,80500027,0.07903275638818741,0.0887303352355957,0.07503495862086614,0.08467825502157211,0.11520293354988098,0.04536440968513489,0.05529855936765671,0.058600638061761856,0.0718289591372013
interference_null,80500028,0.0808282271027565,0.0815725103020668,0.08694937638938427,0.09314797073602676,0.10466078668832779,0.07371657341718674,0.07783474773168564,0.08403029292821884,0.08667807430028915
interference_null,80500029,0.12973463535308838,0.12400733679533005,0.14286861444513002,0.1593049168586731,0.14866407215595245,0.12852220237255096,0.1419602930545807,0.139456644654274,0.14358162581920625
interference_null,80500030,0.12386222183704376,0.12410559505224228,0.12618225440382957,0.13522948324680328,0.14739860594272614,0.12565138936042786,0.12126018851995468,0.12333705276250839,0.13057534396648407
interference_null,80500031,0.06029144674539566,0.06359834223985672,0.061520968253413834,0.08819518983364105,0.07301399856805801,0.05140217766165733,0.06460397690534592,0.04509730264544487,0.06446252912282943
interference_null,80500032,0.11696739494800568,0.11677440255880356,0.11453710496425629,0.09940121322870255,0.12962418794631958,0.11679884791374207,0.09358663856983185,0.12637507915496826,0.11315719336271286
interference_null,80500033,0.01087498664855957,0.011624287813901901,0.028621544440587364,0.023826010525226593,0.05722975358366966,0.016546227037906647,0.009942355565726757,0.03466961532831192,0.028442792408168317
interference_null,80500034,0.23585245013237,0.232534259557724,0.2469522332151731,0.27937331795692444,0.24267025291919708,0.2642483115196228,0.24471071362495422,0.24695177376270294,0.2555908739566803
interference_null,80500035,0.079215407371521,0.08035089820623398,0.07398955089350542,0.06222345679998398,0.0777471661567688,0.10065058618783951,0.058237843215465546,0.08688299357891083,0.07714840918779373
interference_null,80500036,0.020911727100610733,0.018869780004024506,0.01953198194193343,0.05199355259537697,0.0016250483458861709,0.023841479793190956,0.04248907044529915,0.0011431755265221,0.024218465341255067
interference_null,80500037,0.007821336388587952,0.009482726454734802,0.014556054025888443,0.03431835025548935,0.019955364987254143,0.011018346063792706,2.952618342533242e-05,0.007886086590588093,0.014641534816109924
interference_null,80500038,0.06168251857161522,0.06112297624349594,0.07028016944726308,0.06518132984638214,0.08600151538848877,0.062053270637989044,0.05229206383228302,0.07836644351482391,0.06877892464399338
interference_null,80500039,0.008702902123332024,0.008982031606137753,0.01286912399033706,0.003984360955655575,0.03249566629528999,0.03501196950674057,0.007712380029261112,0.0011258405866101384,0.016066043474711477
interference_null,80500040,0.05258895829319954,0.05101700499653816,0.05789880330363909,0.05967026203870773,0.06496692448854446,0.05877572298049927,0.05047602951526642,0.05798916891217232,0.05837562158703804
interference_null,80500041,0.06676401942968369,0.061208974570035934,0.08739831286948174,0.08792736381292343,0.10699328035116196,0.0620449036359787,0.07177224010229111,0.08802884817123413,0.08335332721471786
interference_null,80500042,0.13718262314796448,0.1406458467245102,0.13431924053778252,0.17440152168273926,0.13207487761974335,0.14671897888183594,0.1412932425737381,0.11612151563167572,0.14212202727794648
interference_null,80500043,0.0207990575581789,0.024158453568816185,0.047677856869995594,0.05649876967072487,0.07460465282201767,0.006437449250370264,0.027026444673538208,0.049982525408267975,0.0429099683649838
interference_null,80500044,0.05875499173998833,0.06061945855617523,0.05635910977919896,0.059323836117982864,0.04715285450220108,0.06764323264360428,0.04788628965616226,0.056882068514823914,0.05577765628695488
interference_null,80500045,0.14470285177230835,0.13294868171215057,0.17028937861323357,0.17331670224666595,0.18636512756347656,0.14493006467819214,0.16699640452861786,0.17176926136016846,0.1686755120754242
interference_null,80500046,0.11109600216150284,0.1102742850780487,0.11630514512459436,0.1159222200512886,0.12860621511936188,0.11444369703531265,0.10765866190195084,0.12022610753774643,0.11737138032913208
interference_null,80500047,0.02468843385577202,0.024061353877186775,0.02468204436202844,0.03221644461154938,0.018424751237034798,0.033472150564193726,0.024916745722293854,0.02241218462586403,0.026288455352187157
interference_null,80500048,0.01850888319313526,0.01823270134627819,0.027175099123269316,0.021942121908068657,0.04217982664704323,0.0046612839214503765,0.015080404467880726,0.030237887054681778,0.022820304799824952
interference_null,80500049,0.013467897661030293,0.012666909024119377,0.013611254379308473,0.008812525309622288,0.019084973260760307,0.005576218944042921,0.0024880236014723778,0.023481423035264015,0.011888632830232383
interference_null,80500050,0.017158962786197662,0.01696731708943844,0.012704510862628618,0.03854384645819664,0.0006630676798522472,0.022457364946603775,0.03274427726864815,0.003336320398375392,0.01954897535033524
interference_null,80500051,0.13848938047885895,0.13033971190452576,0.1360682048446809,0.17648400366306305,0.11190040409564972,0.1550796926021576,0.1729283183813095,0.12175559252500534,0.14762960225343705
interference_null,80500052,0.06718112528324127,0.07343623042106628,0.08635575134151925,0.10603820532560349,0.12188494205474854,0.04097527265548706,0.0660715401172638,0.07316231727600098,0.08162645548582077
interference_null,80500053,0.15103203058242798,0.14977501332759857,0.1490012084444364,0.15371334552764893,0.15791505575180054,0.1575581431388855,0.1512434035539627,0.15057379007339478,0.1542007476091385
interference_null,80500054,0.07297378778457642,0.07254932820796967,0.07391880638897419,0.06726089864969254,0.08353255689144135,0.07688276469707489,0.061074018478393555,0.0804438591003418,0.07383881956338882
interference_null,80500055,0.0523129366338253,0.054415732622146606,0.05189674906432628,0.07923319190740585,0.049637578427791595,0.05577389895915985,0.06074266880750656,0.03880304843187332,0.056838077306747434
interference_null,80500056,0.0695793554186821,0.07838500291109085,0.06528457005818684,0.1266792118549347,0.06218114495277405,0.07565269619226456,0.08691638708114624,0.04195511341094971,0.07867691069841384
interference_null,80500057,0.12990982830524445,0.13217635452747345,0.12552616993586221,0.15215225517749786,0.12596896290779114,0.14073899388313293,0.13161253929138184,0.11410403996706009,0.13291535824537276
interference_null,80500058,0.046252138912677765,0.0440155491232872,0.020171379049619038,0.02519902214407921,0.003718928899616003,0.07948212325572968,0.04510221257805824,0.01364800427109003,0.033430058229714635
interference_null,80500059,0.08263251185417175,0.0825236439704895,0.084440216422081,0.07717328518629074,0.10036524385213852,0.07705342769622803,0.07203489542007446,0.08937866240739822,0.083201102912426
interference_null,80500060,0.05415299907326698,0.05248149484395981,0.05970195680856704,0.03913924843072891,0.07828197628259659,0.05557270348072052,0.044983137398958206,0.07170115411281586,0.05793564394116402
interference_null,80500061,0.01691165193915367,0.01536455750465393,0.03688550988833109,0.04924612492322922,0.04676332697272301,0.01246707048267126,0.02061571553349495,0.02982102520763874,0.031782652623951434
interference_null,80500062,0.13011020421981812,0.12192054837942123,0.1517654415220022,0.14395788311958313,0.17719005048274994,0.12727998197078705,0.13751712441444397,0.15328019857406616,0.14784504771232604
interference_null,80500063,0.12617728114128113,0.12677158415317535,0.12814547990759212,0.14678169786930084,0.12413164973258972,0.14141547679901123,0.12509389221668243,0.12356078624725342,0.13219670057296753
interference_null,80500064,0.10281060636043549,0.10099495947360992,0.10783641412854195,0.12232445180416107,0.11545093357563019,0.1091388463973999,0.10866164416074753,0.10490204393863678,0.11209558397531509
interference_null,80500065,0.0793905183672905,0.08170448243618011,0.07810618169605732,0.10620146244764328,0.07938876003026962,0.07978527992963791,0.0875946506857872,0.06277927756309509,0.08314988613128663
interference_null,80500066,0.0034451789688318968,0.0025967916008085012,0.0042176701438923665,0.020283063873648643,0.005540752317756414,0.0032368837855756283,0.004439340904355049,0.0025159006472676992,0.007203188305720687
interference_null,80500067,0.23653462529182434,0.23180343210697174,0.24764356265465418,0.22723788022994995,0.2708790898323059,0.24384252727031708,0.2377648502588272,0.2595156133174896,0.24784799218177794
interference_null,80500068,0.013818076811730862,0.013042937032878399,0.012412743022044499,3.4911325201392174e-05,0.0208597369492054,0.00865841656923294,0.007379256188869476,0.018439020961523056,0.011074268398806453
interference_null,80500069,0.03528865426778793,0.03599023446440697,0.033795723070700966,0.025039376690983772,0.03570856526494026,0.05296466872096062,0.020739799365401268,0.04353362321853638,0.03559720665216446
interference_null,80500070,0.024437082931399345,0.023081086575984955,0.02262891021867593,0.008180761709809303,0.023666441440582275,0.029223661869764328,0.015487833879888058,0.030598117038607597,0.021431363187730312
interference_null,80500071,0.26103824377059937,0.26118189096450806,0.26790593316157657,0.2847178876399994,0.29689547419548035,0.2682736814022064,0.23962853848934174,0.26040229201316833,0.26998357474803925
interference_null,80500072,0.15118741989135742,0.15953221917152405,0.1571888302763303,0.20338056981563568,0.17857523262500763,0.14513397216796875,0.16115625202655792,0.12951108813285828,0.16355142295360564
interference_null,80500073,0.02018241584300995,0.027893412858247757,0.05423707142472267,0.07209630310535431,0.08443063497543335,0.018619615584611893,0.028926534578204155,0.05214042589068413,0.05124270282685757
interference_null,80500074,0.04613726958632469,0.045530255883932114,0.043960947543382645,0.04664510861039162,0.05471617728471756,0.03530939295887947,0.04845324158668518,0.03817581385374069,0.0446599468588829
interference_null,80500075,0.1048329547047615,0.10625772178173065,0.11061187709371248,0.1233050674200058,0.12319012731313705,0.10150495916604996,0.10009036958217621,0.10460834205150604,0.110539773106575
interference_null,80500076,0.03607058525085449,0.030479421839118004,0.05336032916481297,0.04633595421910286,0.07500599324703217,0.01838911697268486,0.042811427265405655,0.05035640671849251,0.04657977968454361
interference_null,80500077,0.08342064172029495,0.0788724347949028,0.06745203460256259,0.03393989056348801,0.0726662278175354,0.10284259170293808,0.06689485162496567,0.08805784583091736,0.07288028150796891
interference_null,80500078,0.17116914689540863,0.17362990975379944,0.1781697943806648,0.18939220905303955,0.19856183230876923,0.16320465505123138,0.15453727543354034,0.17349085211753845,0.1758373647928238
interference_null,80500079,0.06446003913879395,0.0659615620970726,0.07578219721714655,0.08574987202882767,0.09511964023113251,0.049901533871889114,0.06487935036420822,0.07077014446258545,0.07328410819172859
interference_null,80500080,0.14365293085575104,0.13360486924648285,0.15556726480523744,0.16985639929771423,0.1506492644548416,0.1342284232378006,0.1580631285905838,0.1504993885755539,0.15265932083129882
interference_null,80500081,0.0178656205534935,0.01919066347181797,0.008295615979780752,0.015836765989661217,0.0008437320357188582,0.024396782740950584,0.020511651411652565,0.007929191924631596,0.013903624820522964
interference_null,80500082,0.02809181809425354,0.02759634330868721,0.03489516415478041,0.03966665640473366,0.04085592180490494,0.0283603947609663,0.02824724279344082,0.03366274759173393,0.03415859267115593
interference_null,80500083,0.09424418956041336,0.11044524610042572,0.132820604989926,0.18771754205226898,0.17504757642745972,0.045529767870903015,0.11231594532728195,0.10248009860515594,0.12461818605661393
interference_null,80500084,0.2098514437675476,0.19968008995056152,0.2154484118024508,0.20861752331256866,0.22287163138389587,0.21391156315803528,0.21111547946929932,0.215910404920578,0.21448532044887542
interference_null,80500085,0.08785580098628998,0.09119556099176407,0.07391970232129096,0.10003788024187088,0.05533361807465553,0.11251605302095413,0.08714240789413452,0.07266251742839813,0.08553849533200264
interference_null,80500086,0.13837571442127228,0.1378379762172699,0.13840926686922708,0.13848598301410675,0.14239028096199036,0.16174133121967316,0.11530966311693192,0.14620809257030487,0.1408270701766014
interference_null,80500087,0.17423413693904877,0.17034170031547546,0.16556287929415703,0.15389513969421387,0.17037555575370789,0.17011906206607819,0.1719590723514557,0.16679731011390686,0.1666292279958725
interference_null,80500088,0.03497724235057831,0.035216059535741806,0.045588520588353276,0.060538217425346375,0.04622532054781914,0.034836284816265106,0.035262927412986755,0.03980862721800804,0.04333427548408508
interference_null,80500089,0.24271564185619354,0.246785968542099,0.22434781243403754,0.23135702311992645,0.20906014740467072,0.28306663036346436,0.20544807612895966,0.2353963553905487,0.23286564648151398
interference_null,80500090,0.09113232791423798,0.09157247096300125,0.08675234764814377,0.062288399785757065,0.10568170249462128,0.09669513255357742,0.06580466032028198,0.10625296086072922,0.0873445712029934
interference_null,80500091,0.12485049664974213,0.12828466296195984,0.12902290746569633,0.16121862828731537,0.1401875913143158,0.12119223922491074,0.12938392162322998,0.11053051799535751,0.13250257968902587
interference_null,80500092,0.059352025389671326,0.06037064269185066,0.043129244819283485,0.06643348932266235,0.010761711746454239,0.10259229689836502,0.06683534383773804,0.032254066318273544,0.05577538162469864
interference_null,80500093,0.10143226385116577,0.09403984993696213,0.10012954473495482,0.07246056199073792,0.08351223170757294,0.10905779898166656,0.10438554733991623,0.1190778836607933,0.09769880473613739
interference_null,80500094,0.0548856146633625,0.04576236009597778,0.08017688803374767,0.07091546058654785,0.10913032293319702,0.039864055812358856,0.062473785132169724,0.0749601423740387,0.07146875336766242
interference_null,80500095,0.026213563978672028,0.025590315461158752,0.00737726812561353,0.007410774938762188,0.024135567247867584,0.06042234227061272,0.018867069855332375,0.007517448626458645,0.023670640587806702
interference_null,80500096,0.04127229005098343,0.038515955209732056,0.05322865808072189,0.06345105916261673,0.0664476603269577,0.036707207560539246,0.05011134594678879,0.049304042011499405,0.05320426300168037
interference_null,80500097,0.10077076405286789,0.09988895803689957,0.1141172411541144,0.10412668436765671,0.1411578208208084,0.08681249618530273,0.08072224259376526,0.12173756211996078,0.10691136121749878
interference_null,80500098,0.003506309352815151,0.0034066573716700077,0.006987034343183041,0.0020807618275284767,0.018347635865211487,0.006890142802149057,0.006425085943192244,0.006062524858862162,0.007961230259388686
interference_null,80500099,0.016064412891864777,0.012096584774553776,0.014503320291017488,0.005993293132632971,0.04339071363210678,0.05698545649647713,0.020004529505968094,0.0326598584651947,0.031806770246475935
interference_null,80500100,0.07306113094091415,0.06996265053749084,0.06570677955945332,0.03524045646190643,0.0719977468252182,0.08696616441011429,0.05746421962976456,0.08488570153713226,0.06731085777282715
interference_null,80500101,0.05353710800409317,0.05476384609937668,0.061834122364719704,0.07557400315999985,0.0727500393986702,0.04284768924117088,0.05570118501782417,0.05314157158136368,0.06000289767980575
interference_null,80500102,0.10712216049432755,0.10463730990886688,0.11494820068279903,0.12300793081521988,0.12806862592697144,0.10936273634433746,0.1007503792643547,0.10917545109987259,0.11407302469015121
interference_null,80500103,0.13954278826713562,0.13675905764102936,0.12296293800075848,0.12064973264932632,0.12075452506542206,0.1550207883119583,0.1310492604970932,0.12335754930973053,0.1301663711667061
interference_null,80500104,0.007025042548775673,0.017718631774187088,0.023548507442077,0.02137339487671852,0.05694102123379707,0.03721398860216141,0.015821807086467743,0.01186690665781498,0.028643423691391945
interference_null,80500105,0.0035285120829939842,0.010062896646559238,0.02300977955261866,0.02069736272096634,0.050131212919950485,0.01735379919409752,0.00277434173040092,0.02019946649670601,0.022231236612424255
interference_null,80500106,0.039497554302215576,0.038389116525650024,0.03661279814938704,0.018868565559387207,0.043142981827259064,0.04727150872349739,0.02955409325659275,0.04836489260196686,0.03744040839374065
interference_null,80500107,0.012070507742464542,0.013443945907056332,0.021237961210620895,0.020096467807888985,0.02097899280488491,0.01098861824721098,0.003664180403575301,0.024853842332959175,0.01611642031930387
interference_null,80500108,0.0017919393721967936,0.000313066499074921,0.0023052439404030634,0.013348324224352837,0.016764534637331963,0.007072215434163809,0.0019175917841494083,0.009568645618855953,0.009734262339770794
interference_null,80500109,0.1395317018032074,0.14313024282455444,0.14494380975763002,0.1699235886335373,0.16113415360450745,0.13928763568401337,0.13988615572452545,0.13303880393505096,0.1486540675163269
interference_null,80500110,0.1447257101535797,0.1426025629043579,0.14740386977791783,0.13356108963489532,0.16663113236427307,0.14355136454105377,0.13725998997688293,0.15406827628612518,0.14701437056064606
interference_null,80500111,0.06555997580289841,0.06859052926301956,0.0480847501506408,0.04673641920089722,0.0334637276828289,0.08921226859092712,0.05320004001259804,0.054369159042835236,0.0553963229060173
interference_null,80500112,0.11004357784986496,0.10518364608287811,0.12314839222623655,0.13880576193332672,0.11662309616804123,0.10705047845840454,0.1083681657910347,0.11792157590389252,0.11775381565093994
interference_null,80500113,0.010491916909813881,0.008611745201051235,0.006985225404302277,0.018213791772723198,0.012052538804709911,0.014564579352736473,0.0009459028369747102,0.020754745230078697,0.013306311599444598
interference_null,80500114,0.08291734755039215,0.08151251822710037,0.06545200198888779,0.06561242789030075,0.06070061773061752,0.10274405777454376,0.07877145707607269,0.06641829013824463,0.07484937012195587
interference_null,80500115,0.00537877855822444,0.005094747059047222,0.0061658045354609685,0.024799279868602753,0.0007018402684479952,0.009476309642195702,0.016373803839087486,0.00319799710996449,0.010909846145659685
interference_null,80500116,0.035667963325977325,0.03514379635453224,0.038101510920872286,0.058584630489349365,0.03319551423192024,0.03623160719871521,0.04445328190922737,0.027427637949585915,0.03997853435575962
interference_null,80500117,0.12313538789749146,0.12214826047420502,0.13171434650818506,0.1464691013097763,0.1355271190404892,0.13322578370571136,0.12330269068479538,0.1311022788286209,0.13392539471387863
interference_null,80500118,0.11042457073926926,0.12043260037899017,0.13694358679155508,0.16841648519039154,0.17822544276714325,0.06727734953165054,0.11387720704078674,0.11874556541442871,0.12930840998888016
interference_null,80500119,0.1790989190340042,0.1895948052406311,0.2019104411204656,0.2233421355485916,0.2491976022720337,0.14738844335079193,0.16616621613502502,0.19774958491325378,0.19676879644393921
interference_null,80500120,0.08874499052762985,0.08564744144678116,0.09672115246454874,0.10432865470647812,0.10240623354911804,0.09100403636693954,0.09176580607891083,0.09570465981960297,0.0970418781042099
interference_null,80500121,0.13642685115337372,0.12816540896892548,0.14432593776534,0.17094096541404724,0.13441112637519836,0.13694483041763306,0.15737071633338928,0.13611732423305511,0.1471569925546646
interference_null,80500122,0.03943537175655365,0.05074546858668327,0.07567121461033821,0.09387681633234024,0.12046802788972855,0.011902573518455029,0.045106835663318634,0.07778944820165634,0.06982874032109976
interference_null,80500123,0.08990649878978729,0.0901065319776535,0.07556661420191327,0.06391815841197968,0.08050266653299332,0.08153568208217621,0.07635445892810822,0.07792386412620544,0.07604696601629257
interference_null,80500124,0.11217465996742249,0.11402139812707901,0.10201174300163984,0.1089470386505127,0.08750651031732559,0.15329930186271667,0.09249725937843323,0.1112496480345726,0.11069995164871216
interference_null,80500125,0.13747373223304749,0.13160960376262665,0.14437861119707426,0.1598653644323349,0.14906655251979828,0.147012397646904,0.14876124262809753,0.1407840996980667,0.1490979313850403
interference_null,80500126,0.03952163830399513,0.03964797034859657,0.033498248706261315,0.03734569251537323,0.03277168422937393,0.030265411362051964,0.037562429904937744,0.02647213637828827,0.03288347087800503
interference_null,80500127,0.008358336985111237,0.006789304316043854,0.014856261201202868,0.03567497432231903,0.009590466506779194,0.0014104077126830816,0.021423691883683205,0.0015659854980185628,0.013933105184696615
interference_null,80500128,0.04901048168540001,0.048469316214323044,0.06849845335818826,0.0457599014043808,0.10593999922275543,0.026485787704586983,0.030971165746450424,0.09561867266893387,0.0609551053494215
interference_null,80500129,0.07149884849786758,0.0681324154138565,0.07935807357231776,0.06600382179021835,0.09879881143569946,0.06108939275145531,0.06946045905351639,0.08020856976509094,0.0751122109591961
interference_null,80500130,0.11968974024057388,0.1194797232747078,0.12479545882282159,0.10577169060707092,0.1542927622795105,0.11946944147348404,0.08932195603847504,0.14784398674964905,0.1233399674296379
interference_null,80500131,0.23764543235301971,0.23117822408676147,0.2550639994442463,0.2393597960472107,0.28303253650665283,0.2321883887052536,0.2659286558628082,0.2568463385105133,0.2554711431264877
interference_null,80500132,0.27511611580848694,0.2822517454624176,0.28280297418435413,0.30195289850234985,0.3169199228286743,0.2653777003288269,0.24523229897022247,0.27675554156303406,0.28124767243862153
interference_null,80500133,0.022756969556212425,0.021621357649564743,0.02840406073179717,0.021091278642416,0.038973771035671234,0.020014040172100067,0.01915733888745308,0.031843770295381546,0.026216039806604384
interference_null,80500134,0.158379927277565,0.1600198596715927,0.1376787715901931,0.12148232012987137,0.14465788006782532,0.17433544993400574,0.13325700163841248,0.15078489482402802,0.1449035093188286
interference_null,80500135,0.03433751314878464,0.033843863755464554,0.044164143774348,0.056192848831415176,0.04444880411028862,0.039190251380205154,0.03263862803578377,0.04083264246582985,0.042660634964704514
interference_null,80500136,0.03001563623547554,0.02616064064204693,0.040439656780411795,0.04709674417972565,0.04700881615281105,0.011042015627026558,0.03808237984776497,0.03360489755868912,0.03536697067320347
interference_null,80500137,0.2402796745300293,0.24879325926303864,0.2519233524799347,0.28177037835121155,0.2902345359325409,0.2323923408985138,0.22844198346138,0.2388085275888443,0.2543295532464981
interference_null,80500138,0.0841209888458252,0.07083529233932495,0.10854201267162958,0.10615364462137222,0.11602410674095154,0.06591246277093887,0.09571783989667892,0.10601449757814407,0.09796451032161713
interference_null,80500139,0.15691661834716797,0.15612713992595673,0.16597066322962442,0.15898515284061432,0.19016750156879425,0.14768357574939728,0.12919536232948303,0.1717783808708191,0.15956199467182158
interference_null,80500140,0.263022243976593,0.25144195556640625,0.24815305694937703,0.31045663356781006,0.20467951893806458,0.3221477270126343,0.28945547342300415,0.2244502604007721,0.27023792266845703
interference_null,80500141,0.17343050241470337,0.16225212812423706,0.19567637828489143,0.19339591264724731,0.20907790958881378,0.16436795890331268,0.1926804780960083,0.19664043188095093,0.1912325382232666
interference_null,80500142,0.1314820796251297,0.12494662404060364,0.13562116088966528,0.10212139785289764,0.16517724096775055,0.13501250743865967,0.13103975355625153,0.1466425359249115,0.13599868714809418
interference_null,80500143,0.00645423261448741,0.0011746350210160017,0.0025048584987719855,0.04491196945309639,0.009021888487040997,0.014324700459837914,0.01267112698405981,0.027826447039842606,0.021751226484775545
interference_null,80500144,0.05676994100213051,0.05398319661617279,0.07815997054179509,0.061793651431798935,0.11199095100164413,0.06776049733161926,0.051927343010902405,0.08840681612491608,0.07637585178017617
interference_null,80500145,0.07166089117527008,0.06535462290048599,0.08268969443937142,0.043982699513435364,0.11272449046373367,0.05665484815835953,0.0631113275885582,0.08799988031387329,0.072894649207592
interference_null,80500146,0.09007322043180466,0.08530871570110321,0.09342079857985178,0.09507419168949127,0.0949033573269844,0.1008429229259491,0.08560255914926529,0.09111689031124115,0.09350798428058624
interference_null,80500147,0.0681653693318367,0.06661177426576614,0.053692234680056565,0.03668763488531113,0.053273625671863556,0.08586381375789642,0.055783163756132126,0.06498288363218307,0.05931822434067726
interference_null,80500148,0.01211453601717949,0.014005179516971111,0.029264872583250202,0.030562719330191612,0.054633721709251404,0.01879647560417652,0.012241888791322708,0.028354505077004433,0.028917862102389336
interference_null,80500149,0.21314969658851624,0.2184138149023056,0.23049736519654593,0.2527958154678345,0.2627295255661011,0.19780541956424713,0.19525635242462158,0.21927092969417572,0.225571608543396
interference_null,80500150,0.08103945851325989,0.0839199647307396,0.09274851654966672,0.11194419115781784,0.11902257055044174,0.062367163598537445,0.0864453911781311,0.0802760049700737,0.09201106429100037
interference_null,80500151,0.13020898401737213,0.1303437054157257,0.14339094484845796,0.1510511338710785,0.16455143690109253,0.12359944730997086,0.11878735572099686,0.1413836032152176,0.13987459540367125
interference_null,80500152,0.13246503472328186,0.12819868326187134,0.1144363599208494,0.08263061195611954,0.12387468665838242,0.1311621516942978,0.1168375238776207,0.12509961426258087,0.11592091768980026
interference_null,80500153,0.11552049219608307,0.1160016730427742,0.12184018020828564,0.12857535481452942,0.1462538242340088,0.10555202513933182,0.10861767083406448,0.11721540987491608,0.12124285697937012
interference_null,80500154,0.037517860531806946,0.03041161224246025,0.027865237556397915,0.0056613050401210785,0.06704012304544449,0.05586681142449379,0.042478129267692566,0.04147966578602791,0.042505206912755965
interference_null,80500155,0.09328658133745193,0.09540849179029465,0.10596464170763889,0.14237666130065918,0.1100284680724144,0.09209379553794861,0.10043550282716751,0.08843923360109329,0.10667473226785659
interference_null,80500156,0.0473969541490078,0.06466306000947952,0.004462846865256629,0.020312821492552757,0.0390600860118866,0.09044132381677628,0.01918669603765011,0.0245224479585886,0.038704675063490866
interference_null,80500157,0.17026808857917786,0.17781388759613037,0.19357861454288164,0.21766678988933563,0.23777687549591064,0.14276963472366333,0.16435465216636658,0.18485338985919952,0.18948426842689514
interference_null,80500158,0.04299107939004898,0.04156753048300743,0.04562292930980523,0.05979519337415695,0.043130677193403244,0.03761189430952072,0.050493039190769196,0.03749210014939308,0.04570458084344864
interference_null,80500159,0.33342278003692627,0.3408762216567993,0.3314237942298253,0.3602403998374939,0.3612975478172302,0.3482242524623871,0.3076403737068176,0.3185666501522064,0.3391938447952271
interference_null,80500160,0.07570196688175201,0.07617057114839554,0.06353037470641236,0.051211223006248474,0.062455032020807266,0.08074074238538742,0.06078300625085831,0.07053707540035248,0.06514541581273078
interference_null,80500161,0.07952959090471268,0.07995779067277908,0.09092604989806811,0.10460057854652405,0.1089799627661705,0.07015194743871689,0.08077782392501831,0.08350370079278946,0.08960280269384384
interference_null,80500162,0.02393331378698349,0.023144373670220375,0.024576409176612895,0.016082243993878365,0.03229007497429848,0.017405342310667038,0.019913408905267715,0.026896057650446892,0.0225174255669117
interference_null,80500163,0.04739827662706375,0.042513664811849594,0.06307719541170323,0.0658322349190712,0.07754874229431152,0.03365359827876091,0.05448067560791969,0.059404514729976654,0.058183953166007996
interference_null,80500164,0.058120645582675934,0.058955784887075424,0.06687817117199302,0.07519153505563736,0.07757613807916641,0.06909051537513733,0.05839529260993004,0.07045284658670425,0.07014126554131508
interference_null,80500165,0.12709026038646698,0.12649841606616974,0.12044879173239072,0.1345069259405136,0.11865180730819702,0.14096833765506744,0.1279413253068924,0.11646345257759094,0.1277063697576523
interference_null,80500166,0.01178410928696394,0.011634284630417824,0.01952418863462905,0.014908374287188053,0.048049792647361755,0.000722734082955867,0.010492687113583088,0.04558701068162918,0.023952119762543588
interference_null,80500167,0.18306280672550201,0.1894591748714447,0.1836817053457101,0.22474199533462524,0.21577225625514984,0.19635459780693054,0.1990261822938919,0.16259297728538513,0.19969760179519652
interference_null,80500168,0.03459232300519943,0.045844465494155884,0.0028991376360257485,0.005889145191758871,0.02237921580672264,0.060302045196294785,0.012139379978179932,0.016433637589216232,0.02342868475243449
interference_null,80500169,0.01611489988863468,0.017817320302128792,0.030409011368950203,0.04308884218335152,0.05645980313420296,0.004056894686073065,0.02748064137995243,0.024506358429789543,0.031118507962673903
interference_null,80500170,0.020361319184303284,0.016093874350190163,0.04342032720645269,0.04862174019217491,0.0633755475282669,0.01795622892677784,0.021782994270324707,0.03976278007030487,0.03829985819756985
interference_null,80500171,0.021071039140224457,0.022667545825242996,0.008910321320096651,0.007145801093429327,1.0272123290633317e-05,0.02252098172903061,0.006021269131451845,0.016146235167980194,0.010368911849036521
interference_null,80500172,0.11010854691267014,0.11267545074224472,0.09600101442386705,0.11071828007698059,0.09055304527282715,0.1228293851017952,0.10866644978523254,0.09053861349821091,0.10466115474700928
interference_null,80500173,0.09415558725595474,0.0930119976401329,0.09224615121881166,0.11273543536663055,0.08425386995077133,0.10279205441474915,0.09953364729881287,0.08360296487808228,0.09658359438180923
interference_null,80500174,0.12681277096271515,0.1359110027551651,0.15373806779583293,0.17150546610355377,0.19606080651283264,0.08833715319633484,0.11833174526691437,0.15067873895168304,0.14498278200626374
interference_null,80500175,0.012839300557971,0.01026781927794218,0.0016483832150697734,0.024042438715696335,0.0020135340746492147,0.02496269904077053,0.0009221943328157067,0.016189759597182274,0.013626125152222812
interference_null,80500176,0.18240347504615784,0.18455494940280914,0.17548085500796634,0.1803150177001953,0.18551848828792572,0.19277364015579224,0.1615220457315445,0.17619559168815613,0.17926495671272277
interference_null,80500177,0.1179332584142685,0.11646702140569687,0.10757665957013766,0.09485676884651184,0.1302800178527832,0.1299619823694229,0.10679925233125687,0.1163724958896637,0.1156541034579277
interference_null,80500178,0.23064053058624268,0.22885453701019287,0.23251059403022128,0.23287300765514374,0.2469370812177658,0.24134671688079834,0.22505588829517365,0.23899881541728973,0.23704230189323425
interference_null,80500179,0.10533526539802551,0.10929347574710846,0.08222313909694397,0.11558609455823898,0.06406647711992264,0.10828111320734024,0.11318643391132355,0.061810288578271866,0.09258608147501945
interference_null,80500180,0.02198428474366665,0.02029331587255001,0.0002614644666512842,0.018353190273046494,0.015247255563735962,0.042282167822122574,0.007119838148355484,0.0072055719792842865,0.01804160475730896
interference_null,80500181,0.03933126479387283,0.03377986326813698,0.0608678301796317,0.05773572251200676,0.089405357837677,0.02051561325788498,0.04773760959506035,0.057928215712308884,0.054664503782987595
interference_null,80500182,0.0814385712146759,0.07019010186195374,0.10982861959685881,0.09924694150686264,0.1357921063899994,0.06034834310412407,0.09316487610340118,0.1069410964846611,0.09909867271780967
interference_null,80500183,0.07155435532331467,0.062051594257354736,0.0947737874618421,0.0824112817645073,0.12109599262475967,0.04110395908355713,0.08667385578155518,0.08859123289585114,0.08397526443004608
interference_null,80500184,0.14533066749572754,0.14809584617614746,0.14430696455140907,0.14996784925460815,0.17041774094104767,0.13317400217056274,0.1332506239414215,0.1385062038898468,0.14506328403949736
interference_null,80500185,0.10648023337125778,0.1044384017586708,0.1057853295157353,0.1156490296125412,0.1024455726146698,0.14449867606163025,0.09259656071662903,0.10859308391809464,0.11275658458471298
interference_null,80500186,0.07721062749624252,0.07504036277532578,0.068267866037786,0.03148026764392853,0.08810427784919739,0.06581338495016098,0.06901175528764725,0.07877572625875473,0.06663708239793778
interference_null,80500187,0.08577456325292587,0.09052909910678864,0.09384059688697258,0.1475873589515686,0.10067351907491684,0.08569785207509995,0.10631796717643738,0.06737639755010605,0.10153061896562576
interference_null,80500188,0.2402457296848297,0.2331525683403015,0.24095303068558374,0.2218421846628189,0.2638089060783386,0.24391596019268036,0.24017082154750824,0.24599134922027588,0.2431458443403244
interference_null,80500189,0.08045003563165665,0.07880815863609314,0.08547454265256722,0.09691359102725983,0.08775942027568817,0.08402612805366516,0.08258318901062012,0.08241532742977142,0.08673953115940095
interference_null,80500190,0.029928753152489662,0.027430104091763496,0.04136132379062474,0.036863818764686584,0.058397434651851654,0.025199543684720993,0.03007969632744789,0.041569776833057404,0.038422054052352904
interference_null,80500191,0.07579382508993149,0.07677331566810608,0.07831914102037747,0.09666384756565094,0.07933470606803894,0.07754826545715332,0.07646777480840683,0.06910579651594162,0.07982407808303833
interference_null,80500192,0.045889440923929214,0.04768618196249008,0.05267103544125954,0.06902823597192764,0.05964218080043793,0.03921499475836754,0.04980890080332756,0.04328761249780655,0.052196384966373445
interference_null,80500193,0.16442909836769104,0.16142535209655762,0.15670521929860115,0.13248176872730255,0.17670422792434692,0.16709253191947937,0.15760669112205505,0.16813220083713531,0.16040348410606384
interference_null,80500194,0.06393304467201233,0.071486696600914,0.07772240756700435,0.11036494374275208,0.10535518079996109,0.039093177765607834,0.06594856828451157,0.05327092856168747,0.07480655983090401
interference_null,80500195,0.00414855033159256,0.003819290781393647,0.003807396007080874,0.011793146841228008,0.013781595043838024,0.014775341376662254,0.0036886739544570446,0.0006968683446757495,0.008947125112172216
interference_null,80500196,0.10740448534488678,0.10816469043493271,0.104329747458299,0.11993607878684998,0.10552404820919037,0.12004906684160233,0.10513930022716522,0.09920670837163925,0.10997104048728942
interference_null,80500197,0.1112126037478447,0.10733912885189056,0.12460090126842259,0.13765859603881836,0.14322620630264282,0.11098513752222061,0.12416666001081467,0.1227983832359314,0.12776699662208557
interference_null,80500198,0.022756120190024376,0.021305864676833153,0.0247739249219497,0.003707384690642357,0.03732311353087425,0.021332237869501114,0.013745157048106194,0.03554816171526909,0.0223312109708786
interference_null,80500199,0.025585267692804337,0.025626610964536667,0.032102325349114835,0.021603863686323166,0.04818708822131157,0.008883091621100903,0.016010625287890434,0.03623737767338753,0.02618440929800272
interference_null,80500200,0.0004520770162343979,1.5050698493723758e-05,0.021387081593275067,0.029132315889000893,0.03572122007608414,0.011558863334357738,0.005072541534900665,0.01704219914972782,0.01970542799681425
interference_null,80500201,0.30910807847976685,0.31424474716186523,0.30543583134810126,0.32228440046310425,0.34131747484207153,0.3224637508392334,0.28055429458618164,0.29919683933258057,0.3131633520126343
interference_null,80500202,0.01300995983183384,0.012879080139100552,0.0325137364367644,0.040988896042108536,0.043938662856817245,0.005468716379255056,0.01586955040693283,0.030637521296739578,0.027380669396370648
interference_null,80500203,0.2064061164855957,0.20810776948928833,0.2058305665850639,0.20831947028636932,0.23570479452610016,0.2076781988143921,0.18407224118709564,0.2077171355485916,0.20869836807250977
interference_null,80500204,0.01132371835410595,0.010772923938930035,0.0010775079329808559,0.010176556184887886,0.006191694643348455,0.017543792724609375,0.001340603455901146,0.004809820093214512,0.008012493420392276
interference_null,80500205,0.020619632676243782,0.020837603136897087,0.008058364813526469,0.04368771240115166,0.018839549273252487,0.03333866968750954,0.04145132377743721,0.020780397579073906,0.03161953054368496
interference_null,80500206,0.05434635281562805,0.05977720022201538,0.03683506945768992,0.02914317511022091,0.025737201794981956,0.07943067699670792,0.035676129162311554,0.04744717478752136,0.04348687157034874
interference_null,80500207,0.0794057622551918,0.07151352614164352,0.09854925610125065,0.09098387509584427,0.12328578531742096,0.0513317808508873,0.09337139129638672,0.09316839277744293,0.09042824506759643
interference_null,80500208,0.23216736316680908,0.23872970044612885,0.20988201877723137,0.19962258636951447,0.19719822704792023,0.27536943554878235,0.17281804978847504,0.23281966149806976,0.21556559205055237
interference_null,80500209,0.19536924362182617,0.1966165453195572,0.18289937883188637,0.21747539937496185,0.18023301661014557,0.226623073220253,0.1938052624464035,0.17458051443099976,0.19854345321655273
interference_null,80500210,0.23436380922794342,0.2354426234960556,0.23800835013389585,0.2648552656173706,0.2469593584537506,0.255648136138916,0.21864593029022217,0.22933493554592133,0.24308872520923613
interference_null,80500211,0.1448693573474884,0.13866972923278809,0.15195709218581518,0.15806987881660461,0.15920574963092804,0.14464271068572998,0.1473339945077896,0.14873763918876648,0.15159799456596373
interference_null,80500212,0.05024319887161255,0.05012921988964081,0.03610287979245186,0.045266084372997284,0.01950160041451454,0.06181671842932701,0.04839814081788063,0.03276912495493889,0.041550333797931674
interference_null,80500213,0.04055803269147873,0.04018455371260643,0.029618533638616402,0.005116421263664961,0.03957384079694748,0.03646015748381615,0.02584110014140606,0.041423771530389786,0.029683058243244888
interference_null,80500214,0.01873714104294777,0.01675383932888508,0.024250808851017304,0.008246063254773617,0.05412904918193817,0.0009663242381066084,0.015141644515097141,0.032998889684677124,0.02229639417491853
interference_null,80500215,0.10354983806610107,0.10548746585845947,0.11999881205459435,0.12031268328428268,0.1572551280260086,0.08503004163503647,0.09448379278182983,0.12799136340618134,0.11701460182666779
interference_null,80500216,0.17910654842853546,0.18220539391040802,0.17468438545862833,0.19927193224430084,0.18768763542175293,0.18963660299777985,0.17508579790592194,0.16288258135318756,0.18291290998458862
interference_null,80500217,0.013699584640562534,0.015313403680920601,0.047758783524235085,0.04964258521795273,0.08532099425792694,0.022555606439709663,0.018935510888695717,0.05482742190361023,0.04625642374157905
interference_null,80500218,0.13209885358810425,0.13380789756774902,0.14645438392957053,0.14402064681053162,0.1859026700258255,0.11997616291046143,0.11647333949804306,0.15721721947193146,0.1447180077433586
interference_null,80500219,0.04133951663970947,0.04085138067603111,0.044525864689300455,0.03529703617095947,0.05559898167848587,0.04349968954920769,0.032524947077035904,0.052600499242544174,0.04390423074364662
interference_null,80500220,0.11852175742387772,0.12188807874917984,0.11551581819852193,0.13867133855819702,0.12603558599948883,0.11763544380664825,0.12082626670598984,0.10108083486557007,0.1208498939871788
interference_null,80500221,0.0883951187133789,0.08591753989458084,0.09799289672325054,0.11275597661733627,0.09820627421140671,0.09869538992643356,0.08543448150157928,0.09280576556921005,0.09757957756519317
interference_null,80500222,0.06377583742141724,0.06474511325359344,0.05267167588075001,0.038614463061094284,0.05088530853390694,0.0770081952214241,0.04915812611579895,0.062258996069431305,0.055585017800331114
interference_null,80500223,0.10132524371147156,0.09296232461929321,0.12088152890404065,0.13871191442012787,0.12812334299087524,0.09771989285945892,0.11673235893249512,0.11620642244815826,0.11949878633022308
interference_null,80500224,0.16649074852466583,0.15746626257896423,0.17611890534559885,0.11731861531734467,0.2098010778427124,0.15415902435779572,0.16906124353408813,0.18639731407165527,0.16734745502471923
interference_null,80500225,0.049100279808044434,0.05029065161943436,0.04387559245030085,0.061656270176172256,0.03687038645148277,0.05601553991436958,0.05289537459611893,0.03581494837999344,0.04865050390362739
interference_null,80500226,0.017037974670529366,0.017322197556495667,0.01398778660222888,0.0060816374607384205,0.014737899415194988,0.02644805610179901,0.009811252355575562,0.020094921812415123,0.015434753429144622
interference_null,80500227,0.2695907950401306,0.279763787984848,0.30734539777040476,0.33156251907348633,0.34404075145721436,0.24076509475708008,0.23476433753967285,0.31547048687934875,0.2933206379413605
interference_null,80500228,0.17123325169086456,0.17160233855247498,0.1696689153711001,0.18797539174556732,0.18538708984851837,0.17834170162677765,0.16366244852542877,0.15918564796447754,0.17491045594215393
interference_null,80500229,0.045251671224832535,0.0447063222527504,0.046502416022121906,0.03934857249259949,0.05666811764240265,0.03888871893286705,0.037872277200222015,0.04908578470349312,0.044372694194316865
interference_null,80500230,0.1352781355381012,0.1384931206703186,0.14692960182825723,0.1590668261051178,0.17250342667102814,0.12571333348751068,0.1262308657169342,0.1441771537065506,0.1455383211374283
interference_null,80500231,0.05665217339992523,0.05613665655255318,0.06361416851480801,0.06382796913385391,0.07623140513896942,0.052339088171720505,0.05153961107134819,0.06451211869716644,0.06169003844261169
interference_null,80500232,0.008654776029288769,0.010237396694719791,0.021302209546168644,0.03606117516756058,0.03444312512874603,0.005683179013431072,0.017074355855584145,0.012592433951795101,0.021170853823423385
interference_null,80500233,0.16479119658470154,0.17012393474578857,0.18580320601661998,0.21116536855697632,0.22226035594940186,0.1422683149576187,0.16138775646686554,0.1743757575750351,0.1822915107011795
interference_null,80500234,0.32118743658065796,0.3077823519706726,0.3356926540533701,0.324043333530426,0.34250661730766296,0.3436555862426758,0.33698853850364685,0.34298595786094666,0.33803600668907163
interference_null,80500235,0.21851763129234314,0.22662235796451569,0.23103889698783556,0.2503665089607239,0.2893436849117279,0.2010093480348587,0.20555561780929565,0.22376255691051483,0.2340075433254242
interference_null,80500236,0.16729101538658142,0.15722760558128357,0.18522844091057775,0.1865343302488327,0.19719211757183075,0.1864398866891861,0.18051362037658691,0.18711642920970917,0.18755927681922913
interference_null,80500237,0.024342698976397514,0.02678612619638443,0.046742549166083336,0.04344900697469711,0.07456805557012558,0.0052764336578547955,0.019188836216926575,0.05418457090854645,0.0393333806656301
interference_null,80500238,0.1544111669063568,0.150206059217453,0.15803160021702448,0.17632068693637848,0.1649789661169052,0.17334824800491333,0.16116207838058472,0.15493345260620117,0.16614868640899658
interference_null,80500239,0.012878978624939919,0.012652339413762093,0.0009194482117891315,0.010609597899019718,0.0021817265078425407,0.006905197631567717,0.007451197598129511,0.0020620522554963827,0.005841954378411174
interference_null,80500240,0.0833590179681778,0.08634071052074432,0.10518249326075117,0.13607177138328552,0.1078789010643959,0.11032102257013321,0.08639133721590042,0.10509216785430908,0.10915104001760483
interference_null,80500241,0.09538426250219345,0.09791531413793564,0.11724152307336529,0.12945887446403503,0.15291728079319,0.07774071395397186,0.09751970320940018,0.11797827482223511,0.11512296944856644
interference_null,80500242,0.04377620667219162,0.049091603606939316,0.021841928828507655,0.03180598095059395,0.01024051383137703,0.0745345875620842,0.03105257637798786,0.028590135276317596,0.03524475879967213
interference_null,80500243,0.02620488777756691,0.025025026872754097,0.029238841651628412,0.025070244446396828,0.03307196870446205,0.02347961626946926,0.021320564672350883,0.02989107556641102,0.026566693931818007
interference_null,80500244,0.05272204428911209,0.05214354023337364,0.05245683342218399,0.06718510389328003,0.05067843943834305,0.05896923691034317,0.05757182464003563,0.04642821475863457,0.056166563928127286
interference_null,80500245,0.08063056319952011,0.08993910998106003,0.11088216615219909,0.14335855841636658,0.15172582864761353,0.04006952419877052,0.09202072769403458,0.0960044264793396,0.10463581308722496
interference_null,80500246,0.011217070743441582,0.014835236594080925,0.005108380069335301,0.01805616170167923,0.01831476017832756,0.02606024406850338,0.004223794676363468,0.0037207873538136482,0.014075149595737458
interference_null,80500247,0.129874587059021,0.13400901854038239,0.15029829678436119,0.16258415579795837,0.1786109358072281,0.10793233662843704,0.11850729584693909,0.1490958034992218,0.1433461055159569
interference_null,80500248,0.11521536856889725,0.11306994408369064,0.09034985179702441,0.0906999260187149,0.07847422361373901,0.14347660541534424,0.10432098060846329,0.08610385656356812,0.10061511844396591
interference_null,80500249,0.019711585715413094,0.02113000862300396,0.012535636002818745,0.026535429060459137,0.0018404388101771474,0.035040371119976044,0.019689196720719337,0.010845367796719074,0.01879016070161015
interference_null,80500250,0.013531744480133057,0.013082177378237247,0.012852593480298914,0.03901219740509987,0.002184111624956131,0.01244143582880497,0.02784540131688118,0.00426487484946847,0.017149604205042124
interference_null,80500251,0.026474012061953545,0.025449128821492195,0.027456727810204026,0.03477724641561508,0.029910029843449593,0.014827756211161613,0.0339365117251873,0.02041192166507244,0.026772693172097205
interference_null,80500252,0.13334864377975464,0.13487611711025238,0.1222322347263495,0.12465222179889679,0.11942622810602188,0.1504151076078415,0.11751174181699753,0.12560050189495087,0.1275211602449417
interference_null,80500253,0.12859870493412018,0.12938375771045685,0.12011673798163731,0.12670738995075226,0.12438242882490158,0.13919833302497864,0.11972783505916595,0.11826369166374207,0.1256559357047081
interference_null,80500254,0.031969182193279266,0.03388388082385063,0.038025950702528157,0.038180161267519,0.06300928443670273,0.013647650368511677,0.02787473425269127,0.035078275948762894,0.035558021254837514
interference_null,80500255,0.01892346516251564,0.020124822854995728,0.011150569344560303,0.02009623870253563,0.0009323116973973811,0.027494659647345543,0.018731433898210526,0.008221825584769249,0.015095293906051665
interference_null,80500256,0.10540738701820374,0.10139355063438416,0.10662182948241632,0.10209611058235168,0.11209987848997116,0.09640958160161972,0.10851416736841202,0.10589459538459778,0.10500286668539047
interference_null,80500257,0.176042377948761,0.18100057542324066,0.18690561006466547,0.20730829238891602,0.21362657845020294,0.1656043827533722,0.16529816389083862,0.17808635532855988,0.18598475456237792
interference_null,80500258,0.10611891001462936,0.10311754047870636,0.10353728119904797,0.11473428457975388,0.10288181900978088,0.10714557021856308,0.11696937680244446,0.09997036308050156,0.10834028273820877
interference_null,80500259,0.03049211949110031,0.027834102511405945,0.03700828614334265,0.01812095195055008,0.05311991274356842,0.014483663253486156,0.025443771854043007,0.03972712159156799,0.03017908427864313
interference_null,80500260,0.21314217150211334,0.20250174403190613,0.21504425629973412,0.22384215891361237,0.19828933477401733,0.2098543643951416,0.23772072792053223,0.2128719538450241,0.21651570796966552
interference_null,80500261,0.032727889716625214,0.03850167617201805,0.010369733596841494,0.01391521655023098,0.012905747629702091,0.059964872896671295,0.02156747877597809,0.017454873770475388,0.02516163792461157
interference_null,80500262,0.022199580445885658,0.03298560157418251,0.012133775589366751,0.011739310808479786,0.058530088514089584,0.05164502561092377,0.009287679567933083,0.0036197821609675884,0.02696437733247876
interference_null,80500263,0.09096133708953857,0.08271687477827072,0.1146587763602535,0.06802670657634735,0.15683139860630035,0.0768139436841011,0.09349433332681656,0.11789286881685257,0.10261185020208359
interference_null,80500264,0.11090292036533356,0.10649751871824265,0.09692353933739165,0.08723177015781403,0.09027276188135147,0.1254315972328186,0.10293499380350113,0.10177212208509445,0.10152864903211593
interference_null,80500265,0.07178071141242981,0.07184271514415741,0.06510274671018124,0.0513395294547081,0.07495694607496262,0.08209884911775589,0.05732537433505058,0.07617496699094772,0.06837913319468499
interference_null,80500266,0.12680260837078094,0.11301510781049728,0.14432719349861145,0.14630818367004395,0.14193876087665558,0.10996656119823456,0.14969977736473083,0.14067339897155762,0.1377173364162445
interference_null,80500267,0.10252108424901962,0.1077658161520958,0.11050347611308096,0.1470811814069748,0.12618684768676758,0.09585919231176376,0.11291138827800751,0.08966889977455139,0.114341501891613
interference_null,80500268,0.18028149008750916,0.16561046242713928,0.1974230445921421,0.19962355494499207,0.19415844976902008,0.19159075617790222,0.19605404138565063,0.197036474943161,0.1956926554441452
interference_null,80500269,0.06409534811973572,0.06950154155492783,0.04173762102921804,0.04374665021896362,0.018568191677331924,0.10018990933895111,0.04722556099295616,0.05124960467219353,0.05219598338007927
interference_null,80500270,0.026638107374310493,0.028300751000642776,0.015486095721522965,0.007407129276543856,0.010590561665594578,0.042238909751176834,0.017901934683322906,0.02264361083507538,0.020156429242342712
interference_null,80500271,0.05380047485232353,0.0432095043361187,0.0733568810392171,0.05909242853522301,0.08627311140298843,0.021344410255551338,0.07334230095148087,0.06540625542402267,0.06109170131385326
interference_null,80500272,0.026344280689954758,0.030931124463677406,0.043976291082799435,0.07903274148702621,0.05822307616472244,0.014579742215573788,0.04073949158191681,0.02473410777747631,0.043461831845343114
interference_null,80500273,0.07783514261245728,0.08079522103071213,0.10334934014827012,0.10591574758291245,0.14941123127937317,0.04988878592848778,0.07607229053974152,0.11370092630386353,0.09899779632687569
interference_null,80500274,0.08606777340173721,0.07989625632762909,0.10104119467238584,0.09717705845832825,0.12010107934474945,0.07988370209932327,0.0873638242483139,0.09900426119565964,0.0967059850692749
interference_null,80500275,0.11476673185825348,0.11699103564023972,0.10013692872598766,0.08530449122190475,0.1036214530467987,0.1319364756345749,0.09231533110141754,0.11297312378883362,0.1052301749587059
interference_null,80500276,0.050854235887527466,0.04580079764127731,0.07058266969397664,0.08247561752796173,0.08687805384397507,0.04453008249402046,0.060836344957351685,0.06627662479877472,0.06819934472441673
interference_null,80500277,0.016673646867275238,0.014515725895762444,0.026846367167308923,0.013305890373885632,0.04365063086152077,0.00789922010153532,0.01257309690117836,0.03129959478974342,0.0217456866055727
interference_null,80500278,0.1213231161236763,0.12374033033847809,0.1103633176535368,0.12479163706302643,0.09850601106882095,0.14929795265197754,0.11155080050230026,0.11249743402004242,0.11932876706123352
interference_null,80500279,0.1360044628381729,0.14302851259708405,0.15869731518129507,0.18762028217315674,0.19642634689807892,0.11365444958209991,0.14000022411346436,0.14532612264156342,0.15660548508167266
interference_null,80500280,0.07030341029167175,0.07137642800807953,0.06155434623360634,0.07356074452400208,0.05128885805606842,0.0866151750087738,0.06741282343864441,0.05920885130763054,0.06761729046702385
interference_null,80500281,0.18637427687644958,0.1887335181236267,0.17990225677688917,0.173834428191185,0.19150616228580475,0.19848012924194336,0.1524467021226883,0.19121703505516052,0.18149689137935637
interference_null,80500282,0.07468369603157043,0.07510799169540405,0.08576580494021377,0.07069883495569229,0.11088096350431442,0.05913965031504631,0.054384201765060425,0.10124135762453079,0.07926900163292885
interference_null,80500283,0.11811839044094086,0.11730325222015381,0.12633836269378662,0.1465977281332016,0.15067890286445618,0.12594424188137054,0.1241503432393074,0.11660317331552505,0.13279487788677216
interference_null,80500284,0.02804715372622013,0.02735351398587227,0.021313769121964775,0.013898889534175396,0.010741988196969032,0.048936739563941956,0.013600478880107403,0.02813309244811535,0.023062237724661826
interference_null,80500285,0.040850065648555756,0.04271738603711128,0.04779720451915636,0.0700916200876236,0.0529053770005703,0.0321354866027832,0.047938283532857895,0.03412806615233421,0.04743976667523384
interference_null,80500286,0.07959683239459991,0.08153896033763885,0.07996291232605775,0.10794898122549057,0.09009827673435211,0.08301158994436264,0.08767397701740265,0.06599823385477066,0.08694621175527573
interference_null,80500287,0.025737013667821884,0.024662988260388374,0.04440122159818808,0.050517626106739044,0.06266137212514877,0.01229338813573122,0.024918239563703537,0.03636369854211807,0.03735086489468813
interference_null,80500288,0.12381602078676224,0.12236484885215759,0.10506558057386428,0.10427676886320114,0.10302893817424774,0.13849632441997528,0.11685672402381897,0.1046447604894638,0.1134607031941414
interference_null,80500289,0.07774083316326141,0.0769161507487297,0.07578854619835813,0.09647347778081894,0.063414067029953,0.09254949539899826,0.07878704369068146,0.06716291606426239,0.07967739999294281
interference_null,80500290,0.14930589497089386,0.14990264177322388,0.1587399939695994,0.17675615847110748,0.16473060846328735,0.16764412820339203,0.14866206049919128,0.16059863567352295,0.16367831826210022
interference_null,80500291,0.04773396626114845,0.05263255909085274,0.05047066370025277,0.10296584665775299,0.043714284896850586,0.05097484588623047,0.06300338357686996,0.027155200019478798,0.05756271220743656
interference_null,80500292,0.004049015697091818,0.0014950515469536185,0.00952727564920982,0.045465316623449326,0.009410923346877098,0.009148268960416317,0.03831053152680397,0.014317639172077179,0.023330535925924777
interference_null,80500293,0.02388901263475418,0.026222029700875282,0.04416216956451535,0.05779353156685829,0.06314453482627869,0.00464995251968503,0.03127005323767662,0.03932197019457817,0.03923600846901536
interference_null,80500294,0.01985320821404457,0.01934550516307354,0.01713213634987672,0.004815881140530109,0.020986370742321014,0.023430192843079567,0.012390517629683018,0.024392221122980118,0.017203036695718765
interference_null,80500295,0.14950597286224365,0.1399972289800644,0.17503848920265833,0.15937474370002747,0.20499570667743683,0.1351620852947235,0.15842290222644806,0.17748449742794037,0.16708798706531525
interference_null,80500296,0.022457901388406754,0.020918473601341248,0.013293962304790815,0.00026236739358864725,0.00579794030636549,0.03841076046228409,0.014490459114313126,0.023103367537260056,0.01641297896276228
interference_null,80500297,0.021542778238654137,0.022087307646870613,0.010855363681912422,0.023277590051293373,0.0021576592698693275,0.0370357520878315,0.026468029245734215,0.0056575448252260685,0.018919315095990895
interference_null,80500298,0.1471666842699051,0.15458214282989502,0.16687377293904623,0.20747855305671692,0.19960179924964905,0.1229555606842041,0.15488885343074799,0.14327718317508698,0.165640389919281
interference_null,80500299,0.21707060933113098,0.2152988612651825,0.2165449907382329,0.2231455296278,0.22369220852851868,0.22495760023593903,0.21284200251102448,0.21734458208084106,0.22039638459682465
interference_threshold,80400000,0.45725492392477907,0.4699908271878711,0.44438275450962306,0.47548417006430543,0.4500621930211536,0.42598996315894044,0.4227927700131885,0.41992298518118776,0.4388504162877552
interference_threshold,80400001,0.16918207406997682,0.1808844029903412,0.14894628723462427,0.14766420125961305,0.1447365403175354,0.15254898071289064,0.1521217942237854,0.13772971630096437,0.14696024656295775
interference_threshold,80400002,0.14523605704307557,0.16475964784622193,0.13480510512987776,0.11842329502105714,0.12758381366729737,0.10514761209487916,0.16914133429527284,0.1527566432952881,0.13461053967475892
interference_threshold,80400003,0.4044748797985678,0.37612875848738003,0.3994230086577698,0.3389770641895895,0.3252662077519064,0.39940973669019986,0.45335128456083584,0.4274007335278158,0.3888810053440695
interference_threshold,80400004,0.009897150293065149,0.026490129724217493,0.007099591001795691,0.027568675771428186,0.01063344646997555,0.019665144190119666,0.03536095450811283,0.03372462819509403,0.02539056982694605
interference_threshold,80400005,0.4928102061850148,0.4278913900953847,0.4697691267433085,0.3771014378172475,0.3246026799780446,0.5299561784369069,0.5504300162893849,0.49983717657151994,0.45638549781862076
interference_threshold,80400006,0.019619819495788726,0.015451607082000884,0.002168235156646825,0.016110661651977387,0.025611099574676666,0.019529041621795806,0.029015001628509673,0.01290008125077835,0.020633177145547577
interference_threshold,80400007,0.17023093700408937,0.1515972435474396,0.14588767985502882,0.08566112518310548,0.08637739419937135,0.19749574065208436,0.1656141996383667,0.18280641436576844,0.14359097480773925
interference_threshold,80400008,0.5222748432019215,0.4871153149464589,0.5225701544144613,0.44111161564378554,0.4279353532650929,0.5112106118062001,0.5582286033490163,0.568218520627306,0.5013409409382802
interference_threshold,80400009,0.12762571573257447,0.11937169432640077,0.12353605727354688,0.09828950166702272,0.08065201044082643,0.12901527881622316,0.15592844486236573,0.1351295530796051,0.11980295777320862
interference_threshold,80400010,0.2967179014171548,0.2873013510192819,0.30018352408065274,0.2697268917049356,0.2588598920787759,0.29541431803359464,0.3147371603931375,0.3195642425502725,0.29166050095214324
interference_threshold,80400011,0.11944986581802369,0.1392225444316864,0.10233857929706575,0.120697420835495,0.1330631196498871,0.09916628599166871,0.08177427649497987,0.08645520806312562,0.10423126220703124
interference_threshold,80400012,0.4058252475647923,0.39767338851976364,0.4030504427342412,0.38517378787088363,0.34057717541742294,0.4141115448861119,0.43612935165452926,0.41200160006570785,0.3975986919789311
interference_threshold,80400013,0.14597628712654115,0.13446505069732667,0.14937359044949217,0.10712600946426393,0.0962860405445099,0.1459785521030426,0.14746696949005128,0.17840017080307008,0.13505154848098755
interference_threshold,80400014,0.6504515209811981,0.6612938144820983,0.6639803001302536,0.6221014955657775,0.7009006240981872,0.6082994440215881,0.6213364699500854,0.6680036285537536,0.6441283324378784
interference_threshold,80400015,0.37232992610929294,0.3992407079696445,0.3419025198777306,0.3731750901698856,0.33859950861928745,0.3326557036399631,0.34706566295621677,0.3269201274871616,0.3436832185745029
interference_threshold,80400016,0.27316560536918555,0.28562571794090186,0.2782784321933738,0.2654024580150596,0.3166951754718772,0.22677817136344824,0.22626712113914405,0.2556840398937217,0.25816539317665016
interference_threshold,80400017,0.3853630252524418,0.3539597817107243,0.3658924229785009,0.30405054766378825,0.2802338429137272,0.39597575146398967,0.44729499298773234,0.3855929203673405,0.3626296110793156
interference_threshold,80400018,0.4129843148153738,0.430049422637792,0.3939212593000845,0.44630229796585597,0.4268344077032522,0.3713503512304739,0.35264075125870264,0.35984307851013697,0.3913941773336843
interference_threshold,80400019,0.3807183778860741,0.4142354405501061,0.3405513640819562,0.41172924405123523,0.42657914525057605,0.28081193333651355,0.28373846179034046,0.27306672698046497,0.3351851022818261
interference_threshold,80400020,0.16080145239830018,0.13326103687286378,0.13287243383626146,0.10288633108139039,0.030902963876724254,0.21527547836303712,0.1949532151222229,0.1298234283924103,0.134768283367157
interference_threshold,80400021,0.27034387771064017,0.2763952094691393,0.2653156398114957,0.2657237726824877,0.25704330984526846,0.24171695891791556,0.2508363205569384,0.2466713863986132,0.25239834968024466
interference_threshold,80400022,0.45255985803047594,0.4450206453267711,0.46802102473020335,0.47063708252350267,0.45556360430160936,0.42690396255890306,0.5173922771875041,0.45012953824440416,0.46412529296318467
interference_threshold,80400023,0.43634083317231553,0.39372375057649034,0.41102749552837436,0.3407777790875377,0.31362065123032945,0.46768327997636217,0.4747582321019115,0.43652048157166856,0.40667208479356187
interference_threshold,80400024,0.34476304817213865,0.3240380661488995,0.3424872484605933,0.29088423419012877,0.27925733494772764,0.3435626404286847,0.3651663737298474,0.373079158544682,0.3303899483682141
interference_threshold,80400025,0.37148633807000686,0.3935928067475276,0.3571548482686,0.3361565789490657,0.41846934168633987,0.2990893444329219,0.3161058148652034,0.3248001059800105,0.33892423718270825
interference_threshold,80400026,0.055607903003692616,0.06527023315429686,0.06587117711702978,0.12271665334701537,0.10827605724334716,0.08539323806762694,0.03696771264076232,0.03622581362724303,0.07791589498519896
interference_threshold,80400027,0.2713775604963303,0.2697034448385239,0.28808734640479094,0.30692864656448365,0.27762692868709565,0.2523780733346939,0.30533711314201356,0.27093077898025514,0.2826403081417084
interference_threshold,80400028,0.3163083959239532,0.335582034649234,0.3040592142559896,0.33582283741412655,0.3546546865123321,0.27936388737140194,0.25016077047763363,0.269688205780368,0.29793807751117246
interference_threshold,80400029,0.29215918555241327,0.2809012837646554,0.2696254571217448,0.24464196040611963,0.21556131615620355,0.32151687219124536,0.3068306006429742,0.27974368705731134,0.2736588872907708
interference_threshold,80400030,0.1679476786068521,0.18552955869947296,0.15225971623375434,0.1606644082478128,0.18664029125486237,0.12000200037275177,0.1160932469776712,0.1200092125347696,0.14068183187757355
interference_threshold,80400031,0.3751772650514429,0.33742857063158205,0.3638595649038142,0.2948574432168787,0.27632635915620973,0.38982510650499513,0.42590218866213014,0.39291143501146486,0.35596450651033573
interference_threshold,80400032,0.2553556503894603,0.26456868072774764,0.2562612187904791,0.26942410489347335,0.24844601174619552,0.24265321513440963,0.2429453673007762,0.2449067177417552,0.24967508336332198
interference_threshold,80400033,0.18638340830802919,0.19472329020500184,0.16290461967388792,0.17655540704727174,0.1343383014202118,0.18097953200340272,0.17470155358314515,0.15099425315856935,0.16351380944252014
interference_threshold,80400034,0.41310905641215234,0.4202449840893069,0.4055951409131009,0.4675595087398806,0.3811524433483401,0.417334370075635,0.37856357520716577,0.384242705761365,0.4057705206264773
interference_threshold,80400035,0.3190194483269484,0.2743128653038771,0.3287521119583877,0.24504269318473648,0.23732699112785172,0.29697806792152237,0.3645979280937941,0.366361867951277,0.30206150965583634
interference_threshold,80400036,0.429218508873219,0.4561769148447461,0.41356623974823425,0.4438408395388074,0.4596265336611218,0.37486002651237915,0.38074848857902954,0.38588128295921753,0.40899143425011103
interference_threshold,80400037,0.25845302865994857,0.27268345878613875,0.25344354635569344,0.241632419090399,0.291212873916754,0.20887048767102645,0.20993496702207015,0.22582133338941024,0.23549441621793193
interference_threshold,80400038,0.1840298891067505,0.19752673506736756,0.16941119432449342,0.18035076260566713,0.1812367856502533,0.16473324298858644,0.1601539969444275,0.1564785361289978,0.16859066486358643
interference_threshold,80400039,0.08688130825246887,0.10474088638509826,0.07426038234914856,0.09738603084768371,0.11583915203298645,0.0610376879521759,0.031214205915585325,0.04957780092443542,0.07101097553457336
interference_threshold,80400040,0.23369119627739598,0.21976990564133336,0.23716421985095354,0.1963354752805393,0.19825063212181737,0.21541763408447911,0.2674561546590488,0.2553598688390415,0.22656395299698523
interference_threshold,80400041,0.1848574995994568,0.17497066855430604,0.1711611494421959,0.12371100187301637,0.1369022846221924,0.1951484501361847,0.18913815617561341,0.19824193120002748,0.16862836480140686
interference_threshold,80400042,0.04158608317375184,0.027427685260772716,0.02920093337694807,0.002293962240219105,0.01982508897781371,0.0464760184288025,0.08608911633491517,0.03543747663497926,0.03802433252334595
interference_threshold,80400043,0.37611615359783174,0.3736249551177025,0.3809785490234693,0.4152089774608612,0.37294136434793473,0.38326570093631745,0.4174680121243,0.3570686623454094,0.38919054344296455
interference_threshold,80400044,0.1438603677120618,0.1713690437641553,0.08313454963433875,0.17800894158748903,0.20923122542766848,0.030373243269007588,0.005254951890986348,0.006944147523920918,0.08596250193981447
interference_threshold,80400045,0.32347046564676774,0.3444855136738063,0.28814980616826236,0.3159414453373195,0.358983032213235,0.2293785734043361,0.23255681227304947,0.2164790553913356,0.27066778372385514
interference_threshold,80400046,0.32097441377706526,0.33175823512144087,0.2874231454975128,0.3173705679423332,0.256192032719326,0.3051801961905479,0.29446509900159834,0.2708950084692955,0.28882058086462015
interference_threshold,80400047,0.1411602318286896,0.12126581072807313,0.08335845867792768,0.032143038511276256,0.009919953346252453,0.200267893075943,0.15486640930175782,0.09740988612174989,0.09892143607139589
interference_threshold,80400048,0.012708830833435047,0.02732010483741759,0.0027259757121404493,0.015674251317977894,0.0164473533630371,0.0451680302619934,0.06037579178810121,0.006500083208084095,0.028833101987838738
interference_threshold,80400049,0.49691681396710874,0.5085462762092352,0.4748523168936174,0.49269370567548276,0.5254865719054937,0.4133246971343756,0.42691628467786313,0.41273264419782163,0.4542307807182073
interference_threshold,80400050,0.2970606505870819,0.2973426550626755,0.3048739776015282,0.31562934517860414,0.29435497224330903,0.2838878005743027,0.30876409709453584,0.2953173488378525,0.2995907127857208
interference_threshold,80400051,0.21448326737070356,0.23207587629938398,0.18649011483176825,0.20217115313196454,0.22940803200388227,0.15514016777658735,0.15434063107157026,0.14361245066309247,0.17693448692941938
interference_threshold,80400052,0.2074612525690528,0.21808661496529302,0.22099079167732916,0.27587012922653875,0.20289994752297125,0.23667053854355535,0.1907916215647193,0.21266685402283392,0.2237798181761237
interference_threshold,80400053,0.2929533346711869,0.3055462463914628,0.27501411976608386,0.29454012952439734,0.2938210888921494,0.25300808988206336,0.254518411976027,0.24501087508790442,0.2681797190725083
interference_threshold,80400054,0.2832237214132489,0.29635396900617494,0.2749030520801089,0.29545709791623964,0.2958696812673749,0.2546895474477948,0.24346474113904848,0.25062695446454897,0.26802160444700135
interference_threshold,80400055,0.14138586521148683,0.12646077275276185,0.11441235939661665,0.07497517466545106,0.05122695565223695,0.16895727515220643,0.16191281080245973,0.1330827593803406,0.11803099513053894
interference_threshold,80400056,0.28489628796413236,0.2900967932207852,0.2898048844400515,0.2857974654896527,0.28990674381091885,0.2784753925068646,0.2820682263834744,0.2909027970297604,0.2854301250441342
interference_threshold,80400057,0.4108321895109559,0.4216061760889436,0.3998396028982545,0.39450081486572275,0.42929785747398386,0.3608538140760804,0.3711576690184022,0.3708580364691163,0.3853336383806611
interference_threshold,80400058,0.2632845435799168,0.2794937585056828,0.2689302806318806,0.326407590931754,0.24476707918057905,0.2857704852284001,0.2594527397812413,0.26716677290807234,0.27671293360600935
interference_threshold,80400059,0.31096535717470264,0.2834945300720415,0.29750946953915375,0.2416750470302782,0.18480852042657947,0.32964229380113697,0.3317009488247118,0.33648839389307117,0.2848630407951555
interference_threshold,80400060,0.6343299735521808,0.5873031009172931,0.6228502083754078,0.5393900264238849,0.4993218768572345,0.6442524779772296,0.6477666486238971,0.6744497407412067,0.6010361541246906
interference_threshold,80400061,0.33604335486888887,0.3403312385082245,0.3706377994269133,0.3685570478439331,0.3853761821985245,0.30053765773773194,0.3373306289315224,0.36815784573554994,0.35199187248945235
interference_threshold,80400062,0.18597341775894166,0.19225521087646485,0.2047658383846283,0.2193832814693451,0.19204722046852113,0.18123759031295777,0.19044567346572877,0.200431627035141,0.19670907855033876
interference_threshold,80400063,0.4222453667489069,0.4238768352833765,0.44830450223310564,0.46449972527895145,0.45447997587595157,0.3882679178086298,0.44491280454073123,0.4379009290305155,0.4380122705069559
interference_threshold,80400064,0.2533225818948681,0.21477047646807979,0.21425242269801448,0.14021680796908687,0.12306545222567866,0.3042889639215405,0.28596715176867793,0.23751650298404048,0.21821097577380488
interference_threshold,80400065,0.19177324771881105,0.18687452077865602,0.1916076610485713,0.16941232681274415,0.16535259485244752,0.1834524691104889,0.21096396148204805,0.20154305994510652,0.186144882440567
interference_threshold,80400066,0.1130958080291748,0.15547417402267455,0.13743423223495482,0.21196608543395995,0.24414001703262328,0.08420919179916381,0.09164260625839232,0.10085760354995726,0.14656310081481932
interference_threshold,80400067,0.06018475890159608,0.06661681532859803,0.045147753755251596,0.050970059633255016,0.0294067680835724,0.02609987258911134,0.04437704086303712,0.028552216291427623,0.0358811914920807
interference_threshold,80400068,0.03845842776345032,0.07861878571556824,0.058107784367072646,0.12372537550972718,0.13991089758919495,0.019073984003532107,0.01946715416861755,0.042758485651481326,0.06898717938451063
interference_threshold,80400069,0.3435761664244279,0.35862169006792155,0.3494512472483262,0.3748230669828996,0.3850720260473832,0.3215253088804826,0.2903118465277299,0.32303718069521037,0.33895388582674113
interference_threshold,80400070,0.19909894935619432,0.16000706426632005,0.1741575844320814,0.10454035274517137,0.09333438150417406,0.22481990329753954,0.2526726173592766,0.19204396478664476,0.17348224393856126
interference_threshold,80400071,0.21692217408526882,0.22983224212039455,0.19225282489169582,0.20609654008258327,0.219439159024844,0.1549746495376919,0.16955632983554347,0.14800948916781886,0.1796152335296963
interference_threshold,80400072,0.020572525262832653,0.025534582138061535,0.008967565496762642,0.01749829649925233,0.016024696826934803,0.005186575651168812,0.010578590631484974,0.01231350302696227,0.012320332527160638
interference_threshold,80400073,0.20203394889831544,0.21291851699352266,0.18726489394903184,0.20375252962112428,0.1799536168575287,0.19894487857818605,0.18124036192893983,0.18011723160743714,0.18880172371864318
interference_threshold,80400074,0.44231499894831794,0.37257476314280646,0.4090726838943781,0.2973345683452906,0.27491106256220954,0.4812724755642237,0.47719337209437507,0.4521961973545374,0.39658153518412725
interference_threshold,80400075,0.01304151415824889,0.038681137561798085,0.026638322075208,0.09695111513137816,0.09972678422927855,0.003529447317123402,0.00671480894088744,0.015319895744323742,0.04444841027259826
interference_threshold,80400076,0.3665251807536616,0.32874641579051156,0.33877670528152926,0.2597232834662928,0.2557025329436793,0.4055755214061274,0.385398067649795,0.3784342781867518,0.33696673673052924
interference_threshold,80400077,0.5439292905136208,0.5739249703689675,0.49509582593085966,0.5533561823173623,0.5736713526054482,0.4349290249153237,0.4563361522956948,0.4356955406471352,0.4907976505561928
interference_threshold,80400078,0.20978324103772905,0.22569860506475237,0.19976571687480082,0.2045404164832857,0.21754972625196245,0.19147725391805437,0.1774756758254793,0.18787823605954912,0.1957842617076662
interference_threshold,80400079,0.2148744136095047,0.2313474237918854,0.19874728545546533,0.1884341359138489,0.2178811699151993,0.20491829216480256,0.18317500948905946,0.19325025081634523,0.19753177165985109
interference_threshold,80400080,0.03152258396148683,0.004402112960815441,0.019210077325503117,0.029354918003082264,0.057685184478759755,0.04756880998611451,0.05517561435699464,0.043257397413253795,0.046608384847640995
interference_threshold,80400081,0.18906856775283815,0.18537832498550416,0.20031904876232148,0.20116193294525148,0.19882405996322633,0.15531734824180604,0.23934827446937562,0.186486554145813,0.19622763395309448
interference_threshold,80400082,0.5103719875390111,0.5043486103589117,0.5177503720099508,0.5199211582715093,0.5059939667756139,0.48139015288897147,0.5986602649266302,0.49523911328859915,0.5202409312302648
interference_threshold,80400083,0.3920736462618504,0.402952328398386,0.3601577431704197,0.41898460693613626,0.43822671480433084,0.30866886682764627,0.2956087739016209,0.28301353760019876,0.3489005000139866
interference_threshold,80400084,0.19891033264248859,0.18593338819592486,0.19294730019817047,0.16280788870900165,0.14110187383740436,0.213205582819872,0.2221518525704671,0.21012885066121112,0.18987920971959124
interference_threshold,80400085,0.21461270451545716,0.23146451711654664,0.19007725094755495,0.20813864171504975,0.19669921398162843,0.20711312890052797,0.18105919361114503,0.18194175958633424,0.19499038755893708
interference_threshold,80400086,0.191008996963501,0.17986710071563722,0.17371263802051545,0.1449504315853119,0.12876216769218446,0.2064799189567566,0.21029154658317567,0.1842038154602051,0.17493757605552673
interference_threshold,80400087,0.21566199932386043,0.22126090202619197,0.2071290207295573,0.17130461011220577,0.2329429951696551,0.19560360584546688,0.20912274394322994,0.21316191230107906,0.20442717347432734
interference_threshold,80400088,0.160776953393597,0.1414413854423946,0.1355374212010489,0.08985690324940143,0.06888563483395038,0.18212116807140766,0.1958380147758907,0.14992852061428485,0.137326048308987
interference_threshold,80400089,0.5377775720280717,0.5012461832684587,0.5411620926382453,0.47388705527010666,0.4482083014172624,0.5351584247273515,0.5789712361020158,0.5765804938000749,0.5225611022633623
interference_threshold,80400090,0.4251505651666809,0.47880916978856813,0.38293256546994947,0.501264564056604,0.5911794820024658,0.339272490997522,0.2650623836710144,0.3347496309473206,0.40630571033498536
interference_threshold,80400091,0.3938681871199774,0.41868368690253965,0.3803307503962683,0.4196591169142889,0.45702568595649473,0.3188818485045599,0.3095575958991217,0.32209334676505796,0.36544351880790465
interference_threshold,80400092,0.4314443387358935,0.35347371476586176,0.38278659361298395,0.255148402628258,0.2531872310012133,0.49279951232369257,0.45270668643410517,0.4260744966834338,0.37598326581414054
interference_threshold,80400093,0.21248724664506824,0.23275741542634876,0.20511175796645398,0.21281584705171497,0.2459014316922179,0.14867350066957385,0.15353217328843982,0.16589387859163196,0.1853633662587157
interference_threshold,80400094,0.41553391117341887,0.38867456812150847,0.4004957735388236,0.3468627442765988,0.3390722979951657,0.43737898368127714,0.46011621851213347,0.4214656760144986,0.40097918409593475
interference_threshold,80400095,0.4064659057823534,0.4015553175178881,0.4173686359095291,0.41652368294872,0.41696749913371756,0.3548721252647753,0.4801060734955187,0.3961127577988024,0.4129164277283068
interference_threshold,80400096,0.3561667550192097,0.3644882786855915,0.35117376830039615,0.34106481557943613,0.3644374359235981,0.31951502448179514,0.32721850758650095,0.33289209490873606,0.3370255756960133
interference_threshold,80400097,0.36925147906135836,0.37846921816658297,0.36348976627182283,0.3650077177603177,0.3867007090170316,0.33842222824882784,0.3264105214197568,0.3422781719286374,0.35176386967491424
interference_threshold,80400098,0.21062466204166413,0.22603025734424592,0.1928310327231884,0.20254844129085542,0.2013369917869568,0.20924655795097352,0.18310500383377076,0.18635661602020265,0.1965187221765518
interference_threshold,80400099,0.18162788152694703,0.18615878820419313,0.1683792019883792,0.1749910831451416,0.15057889819145204,0.16540144085884095,0.1762173891067505,0.15520648360252381,0.16447905898094178
interference_threshold,80400100,0.06533496379852294,0.055284905433654774,0.06612916588783263,0.05385606288909911,0.06759159564971923,0.08285199403762816,0.08403228521347045,0.08274780511856078,0.07421594858169554
interference_threshold,80400101,0.3364335119724274,0.33829537481069566,0.33615142926573754,0.30425373911857606,0.3508057937026024,0.32812214344739915,0.329082128405571,0.3518760547041893,0.3328279718756676
interference_threshold,80400102,0.44914801612114497,0.3915791679880578,0.4263118971846064,0.32555796399330683,0.30290200009560175,0.4660588075182397,0.49774225249504633,0.46861757531380244,0.4121757198831994
interference_threshold,80400103,0.250485556339346,0.21114649078758818,0.21155911884220702,0.12984259626778227,0.11343743107231719,0.296830611442648,0.2731734683266507,0.24512191316994292,0.2116812040558682
interference_threshold,80400104,0.3317365811635753,0.30007858737008775,0.33296582762099314,0.2471515105535289,0.24336768849389756,0.31647719605462754,0.348293380575349,0.38228084309594834,0.30751412375467024
interference_threshold,80400105,0.4762893492969851,0.48858191321223776,0.4530271862936994,0.5068420941624026,0.5082355911526064,0.42380859206050436,0.3904498989376406,0.39864810059398215,0.44559685538142724
interference_threshold,80400106,0.18749813437461854,0.19416333436965943,0.18491128285725916,0.17438529133796693,0.18815053701400758,0.17991642355918885,0.17954297065734864,0.18376432061195375,0.18115190863609315
interference_threshold,80400107,0.196941477060318,0.2057547390460968,0.17139492630958558,0.1648801386356354,0.15876976847648622,0.17537809610366822,0.18569926619529725,0.15939022302627565,0.16882349848747252
interference_threshold,80400108,0.3428275872202081,0.351675062272088,0.32903782416694993,0.3387844849558038,0.340103058907525,0.30033853540136046,0.3079072524042291,0.29846200236989684,0.3171190668077631
interference_threshold,80400109,0.5654017871579495,0.5365228003224698,0.5729576295575467,0.5120304769238797,0.5078262633046475,0.5441808646878568,0.6270410364827481,0.5964840000829068,0.5575125282964077
interference_threshold,80400110,0.27161379035555955,0.27735622104251023,0.2682103154683474,0.26819659646594163,0.27236412342631455,0.24491624411189195,0.24979059275233384,0.2504170673712456,0.2571369248255455
interference_threshold,80400111,0.17070275902959697,0.18290210128042095,0.14852293690257268,0.1710892355463206,0.18207747101995342,0.1000537908098399,0.10427016377660625,0.09457868695470684,0.1304138696214854
interference_threshold,80400112,0.2261143146908947,0.2327620803273388,0.2225290009336341,0.22008512605792963,0.21508074988491022,0.20948336710102045,0.2068972407735058,0.21112493862277948,0.21253428448802908
interference_threshold,80400113,0.43386961696054205,0.4559484886875318,0.4067421324800021,0.4445947575321363,0.45505024669076666,0.35982228991891607,0.3569554853191541,0.3526917266597913,0.39382290122415287
interference_threshold,80400114,0.5289209584105019,0.5118092397558693,0.5378888944494729,0.5022254089224343,0.469120273958445,0.5045126775610451,0.5670603016722207,0.5601365665304665,0.5206110457289224
interference_threshold,80400115,0.5202933680700035,0.47152848359811017,0.5096967251784376,0.4167280924009056,0.39682097551095197,0.5283919107602806,0.5529495012448997,0.5584828984426231,0.4906746756719322
interference_threshold,80400116,0.17764149832243925,0.16595475601668364,0.18853473889346134,0.16672100352759367,0.16589699911589628,0.15642117189879423,0.2319517605256558,0.18866025137419706,0.18193023728842742
interference_threshold,80400117,0.17542456047384603,0.16792707102148396,0.15748231069891316,0.12957675711958272,0.10734702603666646,0.18430484788267476,0.2085766638979183,0.1718383278116451,0.16032872454969746
interference_threshold,80400118,0.15874181389808656,0.14223493337631227,0.14237178564071662,0.09490351080894471,0.0890567719936371,0.18111701011657716,0.16725046634674073,0.169122052192688,0.14028996229171753
interference_threshold,80400119,0.35047901455130237,0.3668448406812157,0.31743576907680493,0.35617763582434314,0.3967806178685631,0.26063168827261585,0.25123877111639636,0.24572909656729358,0.3021115619298424
interference_threshold,80400120,0.3826282264044234,0.39061495078110187,0.38513262482984356,0.38949557555222003,0.41284241688751666,0.33591630471252887,0.32628461134933917,0.3480534793188521,0.3625184775640914
interference_threshold,80400121,0.3732553408301613,0.39730432488091205,0.3238379941142342,0.42487141348488544,0.4936239407218239,0.2665438339865944,0.20981260992653583,0.23800524927742694,0.3265714094794533
interference_threshold,80400122,0.5525554859781718,0.5154989802980876,0.5393737896426971,0.4663776004457927,0.4387099588060832,0.5611327731752849,0.5806144321108317,0.5790784800196147,0.5251826489115214
interference_threshold,80400123,0.1819908786221821,0.1967199612065632,0.1518898376230875,0.18146760944569895,0.1865757871075947,0.11145205978596995,0.11748875860417674,0.1000495124265034,0.13940674547398874
interference_threshold,80400124,0.3163449284010178,0.2417975183897263,0.27651483978560043,0.15689457620909275,0.1550082084112412,0.3576678749494797,0.3394794579916245,0.31721330847075047,0.26525268520643774
interference_threshold,80400125,0.3789270354369014,0.39426450263050494,0.357492668733868,0.3976477218726009,0.43815313111332355,0.29736731778171954,0.28947727213886676,0.289765400991711,0.3424821687796443
interference_threshold,80400126,0.2545520931482315,0.2476716607809067,0.24080808659394584,0.21496157050132753,0.20454187393188478,0.270399284362793,0.2631011575460434,0.25313299596309663,0.24122737646102904
interference_threshold,80400127,0.36945381174751224,0.3902927578515619,0.341601470214805,0.36382817636199893,0.37643500576682987,0.31753464947410526,0.317124986750564,0.308787846667251,0.33674213300414985
interference_threshold,80400128,0.24917292296886445,0.24884570837020875,0.2750996867815654,0.23228101134300233,0.3156134158372879,0.20305703282356263,0.24209280014038087,0.30403531789779664,0.25941591560840604
interference_threshold,80400129,0.45614744725930145,0.47169251743065765,0.4193780571531003,0.4674766809056943,0.4803385287831967,0.38064475360619476,0.37558467689263275,0.3625460416387265,0.41331813636528897
interference_threshold,80400130,0.1552014111192167,0.16136679636549356,0.16066359070054098,0.1307474135072172,0.1709944962174833,0.12107268559049966,0.14218575345587137,0.16328135716032388,0.14565634118627907
interference_threshold,80400131,0.6056627351228341,0.6284698563996896,0.5808229563816334,0.6097007113877877,0.6682683545533761,0.5334818083230599,0.5245713907662972,0.5251866299096688,0.572241778988038
interference_threshold,80400132,0.4524149854807078,0.4152976532606303,0.4394171396720429,0.3719188233045756,0.3095794578222453,0.4717325826315104,0.463117982926768,0.48959180313627115,0.42118812996427407
interference_threshold,80400133,0.18228550780579145,0.14751382697388227,0.16568860440219146,0.09454025853439862,0.07516678202911908,0.1814297043161064,0.2253868781404167,0.19682850468918378,0.1546704255418449
interference_threshold,80400134,0.452863133197313,0.4755409719996506,0.4425539833757137,0.4413143160395676,0.4782723548464829,0.4003798129611069,0.4082449438624436,0.420056736712938,0.4296536328845078
interference_threshold,80400135,0.1926059297896381,0.12187321704397158,0.1695524128453887,0.0505024961806293,0.03562243503103213,0.21821965497503237,0.21478499692449526,0.22509969991216616,0.14884585660467103
interference_threshold,80400136,0.22437153458595277,0.2354742705821991,0.20849895924329762,0.2083727240562439,0.20322949886322023,0.22241732180118562,0.2105998069047928,0.20422215461730958,0.20976830124855042
interference_threshold,80400137,0.4164745545386275,0.3902613258360823,0.41160638491302737,0.3561238384245833,0.3485960698126753,0.3959092235564192,0.5055113768576582,0.4214406347273787,0.40551622867574294
interference_threshold,80400138,0.046563702821731556,0.028687286376953114,0.0701699137687683,0.0450428009033203,0.06800906658172606,0.08059875965118407,0.08343057632446288,0.09216402769088744,0.07384904623031616
interference_threshold,80400139,0.2776378038589279,0.28164389163892667,0.28082113892476956,0.2503315451804916,0.28557899028699796,0.23233302862089078,0.259562874144725,0.2723641040984909,0.26003410846631925
interference_threshold,80400140,0.2644369389934549,0.2510900583190927,0.26384527845414574,0.21406249069404693,0.20021761321258635,0.25802857541275115,0.27574939393234343,0.29852873944473357,0.2493173625392923
interference_threshold,80400141,0.2760874366203723,0.2387227153221545,0.2745793397664803,0.2039575910011706,0.16742584461368892,0.2814611529747424,0.29815367216266964,0.32123896831669185,0.2544474458137927
interference_threshold,80400142,0.05702760611467683,0.01527807320661223,0.040859945560426825,0.0698244294077841,0.08117339219159758,0.058547762975028395,0.12551453505449617,0.07736852560930574,0.0824857290476424
interference_threshold,80400143,0.11375386714935304,0.09926135540008546,0.09216225345929463,0.06236092448234559,0.033573102951049816,0.13654820322990419,0.14841188192367555,0.09615431427955629,0.09540968537330628
interference_threshold,80400144,0.060122299194335926,0.08712373971939086,0.08344599405924474,0.12854819297790526,0.1590928316116333,0.03227727413177489,0.0007301688194275013,0.07926349639892577,0.07998239278793334
interference_threshold,80400145,0.4212563431640095,0.4257669246573872,0.4147072306652493,0.41114560727076,0.4004981017489857,0.41078750256494945,0.4165094590564198,0.40904052022890514,0.40959623817400403
interference_threshold,80400146,0.16591826198055482,0.16995114204838013,0.171492254908424,0.16419825074627137,0.17161268112613892,0.1472219538445685,0.15915858862354493,0.16574591515018677,0.1615874778981421
interference_threshold,80400147,0.6437398449309901,0.5973367349036769,0.6116995072094834,0.51810165799938,0.49322250045619764,0.6696995154746608,0.6445654288657741,0.6643678799995021,0.5979913965591029
interference_threshold,80400148,0.3521968257205126,0.36079363343878956,0.3349550174451309,0.3304271232859728,0.31037325976058217,0.33135030982657643,0.33993856427832814,0.3272217345015642,0.32786219833060476
interference_threshold,80400149,0.1302173454593576,0.09995922635306487,0.09480328053543541,0.03473288009871611,0.016585977775946947,0.17188000868071684,0.1454596538375772,0.11308172534217009,0.09634804914702544
interference_threshold,80400150,0.3880307630941021,0.40183063906875727,0.3725349462275453,0.3609626249715435,0.39421796364036676,0.34994884890762445,0.3614121632024395,0.35560982984748957,0.3644302861138928
interference_threshold,80400151,0.044761342480850175,0.06274162001914974,0.004295312042109201,0.04313431449241634,0.030424518063735917,0.012284415289688155,0.01896704964332585,0.03627749018363957,0.028217557534561167
interference_threshold,80400152,0.3435924045088229,0.36233389296554896,0.3293464473726687,0.321919321203464,0.3565943829061923,0.2869076720716891,0.3036491862776217,0.3032629481794772,0.3144667021276889
interference_threshold,80400153,0.27826106739546885,0.22368478966261973,0.26734745693709483,0.17291516256835093,0.14010024261977305,0.2821645159771644,0.29915690613295665,0.32022106838729014,0.24291157913710704
interference_threshold,80400154,0.31071389711322395,0.280522714023014,0.3061300217749875,0.24936241901340095,0.20337976015033332,0.30371106660785285,0.3297480443757972,0.3426058391374549,0.28576142585696784
interference_threshold,80400155,0.07482047080993653,0.06103031039237977,0.06729874710241956,0.027384352684021007,0.005947190523147572,0.08266539573669435,0.09317268133163453,0.09226213097572328,0.06028635025024415
interference_threshold,80400156,0.18834046721458436,0.2019751787185669,0.16026430030663813,0.16437314152717591,0.14316193461418153,0.17543475031852723,0.16499696373939515,0.15104697346687318,0.15980275273323058
interference_threshold,80400157,0.1608334676169494,0.17059435404768974,0.15757038153639824,0.16620202816954643,0.16643102921477348,0.13480551995268852,0.1392626062773803,0.14016871608725578,0.14937397994032892
interference_threshold,80400158,0.5756183207896657,0.5862523854640431,0.5703187824157185,0.5590144337085194,0.6253469527629323,0.4985650123027272,0.506102913704247,0.5220620573428578,0.5422182739642567
interference_threshold,80400159,0.5917504095424009,0.6114030145991636,0.5746062957633329,0.6099899076808286,0.6318686866153074,0.5173192285884214,0.5202228688586545,0.5231789016116453,0.5605159186709715
interference_threshold,80400160,0.5095963212998369,0.5242223474534013,0.49953678579644945,0.5227017137558916,0.5551110240967729,0.45123783083276536,0.4427194330246904,0.4541867706330278,0.4851913544686296
interference_threshold,80400161,0.43133584815543546,0.40727959233802213,0.43397421795409574,0.3893077786592807,0.35496036368888273,0.43103919583838834,0.48825065452140226,0.45164261418860807,0.4230401213793124
interference_threshold,80400162,0.31792978644371034,0.321293842792511,0.3001474000513554,0.2960086286067963,0.2758577436208725,0.31062443256378175,0.3110305041074753,0.2953638851642609,0.29777703881263734
interference_threshold,80400163,0.5540612293443223,0.5740857077798387,0.5361380232533952,0.5257491422853013,0.5817910982331773,0.4928127480706712,0.4951093746385118,0.504978711720421,0.5200882149896164
interference_threshold,80400164,0.3793463011938569,0.3923192521292207,0.38057544334314636,0.3468884726721284,0.40588923298897717,0.33084439241471264,0.3559628626066682,0.3767562707621095,0.3632682462889192
interference_threshold,80400165,0.21258235393610092,0.2398287993535051,0.16741896339899792,0.18779012976732345,0.18235361991968246,0.17457676349725815,0.15762541113939377,0.1473881047829637,0.16994680582132432
interference_threshold,80400166,0.2987574862011029,0.2956969963081433,0.297565043128307,0.28973940775471463,0.27250442669468655,0.30332089231091275,0.31244758532124295,0.3002721296318127,0.2956568883426739
interference_threshold,80400167,0.38610878853947905,0.40243137149960784,0.3583576904629766,0.3907967832580307,0.37950322299153594,0.3545513179794052,0.33940720825345305,0.3369356122508743,0.3602388289466599
interference_threshold,80400168,0.3855166256427765,0.3875659078359604,0.3923849203934272,0.42033030539751054,0.37315160483121873,0.37495964467525483,0.38822486698627473,0.37347560822963716,0.3860284060239792
interference_threshold,80400169,0.550200303613388,0.5295931301705474,0.5389645250829493,0.4826434157483215,0.4769135616414184,0.5620022914998168,0.5574231050603027,0.5746877990357513,0.5307340345971221
interference_threshold,80400170,0.2571416309208656,0.28195182589004286,0.23727378355771156,0.25473038462112196,0.3310060909123207,0.15830306318710097,0.16731015947768935,0.16790048387954482,0.21585003641555556
interference_threshold,80400171,0.3919993219687856,0.3521829424216665,0.3685629643911439,0.2946427641227163,0.2731077251746572,0.4194305119826711,0.41434784510873923,0.4031411586120046,0.3609340010001577
interference_threshold,80400172,0.34554111210070415,0.340075917517765,0.3471948231017824,0.31902276722155376,0.32394220677576824,0.34089278427325054,0.3525024428721504,0.36296009269915386,0.33986405876837533
interference_threshold,80400173,0.11268671331620062,0.1336792307875141,0.07632683692192876,0.11810432849144781,0.09641106901383245,0.05855234441971624,0.06155701456284368,0.04337282953476751,0.07559951720452154
interference_threshold,80400174,0.1765675961971283,0.18850101232528688,0.15923548440138502,0.16541985869407655,0.14878196716308595,0.17396382689476014,0.15570877194404603,0.1546613097190857,0.15970714688301085
interference_threshold,80400175,0.03816269636154174,0.006697195768356312,0.08058984875679015,0.02371116280555724,0.03870036005973815,0.11186461448669432,0.09672831296920775,0.10340820550918578,0.07488253116607665
interference_threshold,80400176,0.2812811829580095,0.2919304170144823,0.26281249750983987,0.2580839492810991,0.26600904245507984,0.2448723115457323,0.2717544831765917,0.24800075073373584,0.2577441074384478
interference_threshold,80400177,0.4797010592661217,0.4481194786272362,0.45186067839879945,0.3891000322542504,0.37031842987159047,0.515333311959298,0.5095920733652428,0.47733544032195363,0.45233585755446704
interference_threshold,80400178,0.4654894701701089,0.426912569211094,0.45767162562029406,0.37849780242261133,0.3561866513949319,0.47627069871243677,0.48851367156323633,0.5048425428133889,0.44086227338132106
interference_threshold,80400179,0.22336847381079694,0.22960294084036847,0.22735755936587354,0.27373700634921094,0.19615662888968488,0.2291523893305113,0.23051989869559308,0.21206984714949628,0.22832715408289933
interference_threshold,80400180,0.3043193225169003,0.2815723721289456,0.2923491948946138,0.2503046397471249,0.20646101277111173,0.3282727007174313,0.3455589715742886,0.3111050729059994,0.2883404795431912
interference_threshold,80400181,0.2140363886683806,0.23733346012528977,0.1762491846809412,0.2154278591006621,0.2375337317317351,0.1456574037402495,0.13412324932511888,0.12656317499574266,0.17186108377870163
interference_threshold,80400182,0.6353684313490207,0.5842087514593417,0.6033612735464389,0.5124169833853061,0.4946880586340243,0.6632650740339572,0.6442353375150973,0.6472044832899386,0.5923619873716647
interference_threshold,80400183,0.4356544945209373,0.45268991923025736,0.43594871298165605,0.42698762154272685,0.4676962230174888,0.37810770010641703,0.3972577784030784,0.41233823036841044,0.41647751068762434
interference_threshold,80400184,0.26445977545094834,0.224321292403463,0.24640784319552134,0.17133198833775865,0.15221361971211778,0.2870516643555199,0.2881303892166649,0.28502254343343125,0.23675004101109848
interference_threshold,80400185,0.2964759552996652,0.2766831601183908,0.30270962263358603,0.2312494600337045,0.2472256804030435,0.2843241179507272,0.29036528711729215,0.34393674974851773,0.27942025905065704
interference_threshold,80400186,0.2596964132915378,0.22294693113669162,0.24493665418331223,0.16827695490225558,0.13021533609732394,0.26613556267126803,0.29228251100882296,0.2892851722370029,0.2292391073833347
interference_threshold,80400187,0.23175221383571626,0.23750701248645784,0.2242651030421257,0.20599943101406099,0.2231279581785202,0.2192321538925171,0.22628885209560395,0.2258450210094452,0.22009868323802947
interference_threshold,80400188,0.017692314573089174,0.014271331838806578,0.002487825341979555,0.07820410828991742,0.09227891068859906,0.025141941495696596,0.04833500284747272,0.04947142500476032,0.05868627766528922
interference_threshold,80400189,0.42260873176935165,0.38978952028634994,0.4125773991970505,0.34586483099344223,0.32128363706949203,0.4287319765317723,0.4685935363996312,0.44500237562540024,0.4018952713239476
interference_threshold,80400190,0.46426001358777286,0.46723722741007806,0.4795501360669732,0.49762261360883714,0.5074471354484558,0.442659876588732,0.47804660238325597,0.4704927586019039,0.47925379732623696
interference_threshold,80400191,0.38829637632035086,0.40009100303314993,0.36006374225281557,0.40006358489655325,0.4070326195683367,0.319903265091408,0.3137493835415728,0.3014856086697466,0.34844689235352344
interference_threshold,80400192,0.1746154561285156,0.11006297018567501,0.15010764545639144,0.05010463144818722,0.04299975779096066,0.19659627821484982,0.21400572207013546,0.1840780511144775,0.13755688812772213
interference_threshold,80400193,0.13621148905198266,0.1495107754174917,0.12927676678737487,0.10219654879014184,0.1743218048516958,0.06152216038148095,0.08769175848405053,0.09836629471223046,0.10481971344391991
interference_threshold,80400194,0.22879381179809571,0.21647549867630006,0.21195253928502403,0.16301239728927613,0.16242910623550416,0.2523708611726761,0.22737855911254884,0.24482658207416536,0.2100035011768341
interference_threshold,80400195,0.23607895918139077,0.2177310401941166,0.24039200094787538,0.193834346010767,0.19046543188341714,0.2225361282373295,0.2612040752912388,0.26362351722963906,0.2263326997304783
interference_threshold,80400196,0.2055456764688911,0.21759925556091686,0.19116925469943108,0.18108953308967968,0.20924184989838024,0.17801435065178295,0.19028635096458812,0.17799757194427868,0.18732593130974193
interference_threshold,80400197,0.0641787830751882,0.08394103087601523,0.049640355881228726,0.06357141174492698,0.10748292841133933,0.027149695531700657,0.004431623594139622,0.02099724449334006,0.044726580755089326
interference_threshold,80400198,0.2364547222852707,0.2433156192302704,0.23198635826508204,0.22908696234226228,0.22473130822181703,0.22808040380477906,0.2351168215274811,0.2305982828140259,0.22952275574207306
interference_threshold,80400199,0.28586134016513826,0.2822513997554779,0.30385135747492314,0.3239229291677475,0.296477746963501,0.2571397691965103,0.3276126280426979,0.28228939771652223,0.29748849421739576
interference_threshold,80400200,0.2873538904429207,0.27778794100291826,0.30256223162419893,0.31355236699588396,0.29412089517123796,0.25120158722407915,0.3864631228686104,0.26727371146686174,0.30252233674533463
interference_threshold,80400201,0.2751674543855489,0.2658908556936086,0.276626973453949,0.2449783276555837,0.24800591578462727,0.2704062353608907,0.2970616709230245,0.29273985733965047,0.2706384014127553
interference_threshold,80400202,0.3475903242826462,0.333811853826046,0.3264567654579878,0.3003741025924683,0.2603027641773224,0.38881290778517724,0.352187779545784,0.34288589358329774,0.3289126895368099
interference_threshold,80400203,0.02938886931726792,0.0005956644695057633,0.013804420343930146,0.05402032086064956,0.054322337595726466,0.027538860352729344,0.0733933096248851,0.03995349458048203,0.0498456646028945
interference_threshold,80400204,0.4380647524865644,0.4220119997533338,0.41929819779318345,0.37060382809958625,0.3594664618047254,0.4637664243253248,0.4500054105790632,0.448995320466377,0.41856748905501534
interference_threshold,80400205,0.10004193047807386,0.11653012494371107,0.08622963190203675,0.08785695294664075,0.1122852013520973,0.06898844699189832,0.05630690316484144,0.06863478283212354,0.07881445745752028
interference_threshold,80400206,0.4716183465808155,0.38173203886444584,0.4385435205786945,0.31307279289658085,0.24377613485748784,0.5454074066966297,0.4829291027873279,0.5114516538470508,0.4193274182170154
interference_threshold,80400207,0.5338158630107694,0.5539215825771147,0.5178252779220396,0.543667318699246,0.5500664137576872,0.4650649450992399,0.4729689382289701,0.4746809028362089,0.5012897037242704
interference_threshold,80400208,0.2462513990415296,0.23823868703972906,0.24210578920574594,0.18151676130425543,0.22613459301125616,0.24649029445778936,0.24454560351502508,0.2757531203044614,0.23488807451855748
interference_threshold,80400209,0.40877795293927194,0.4102082632482052,0.4072710773597161,0.40473746582865716,0.39962293654680253,0.4187270633876324,0.40368798822164537,0.41075479686260224,0.40750605016946795
interference_threshold,80400210,0.20484083592891694,0.20746069848537446,0.21909447958072029,0.22059969305992128,0.21156613230705262,0.19104809761047364,0.212583926320076,0.21677305996418,0.2105141818523407
interference_threshold,80400211,0.09137059450149537,0.08095250725746156,0.08803943991661073,0.055458229780197155,0.03854034543037416,0.09134958386421205,0.11698884963989259,0.1033980965614319,0.08114702105522156
interference_threshold,80400212,0.281063374876976,0.2761919468641281,0.2630965158343316,0.24604236781597139,0.23003871440887452,0.2993132144212723,0.2931174010038376,0.2681068301200867,0.2673237055540085
interference_threshold,80400213,0.09799774782875559,0.11159320967415354,0.08109295663256832,0.11155196325996897,0.1319024791024067,0.03614314692238352,0.025695167948994846,0.02892222302177927,0.06684299605110666
interference_threshold,80400214,0.3622802948047714,0.3274376844455795,0.35165968091189836,0.28497414341469574,0.26403348198433685,0.36686871996422576,0.39077930202980804,0.38500832071800994,0.33833279362221524
interference_threshold,80400215,0.16867674589157106,0.17840407490730287,0.15874417821566267,0.16948671340942384,0.16031808853149415,0.16963372826576234,0.1463218152523041,0.1539693593978882,0.15994594097137452
interference_threshold,80400216,0.004508342969840928,0.047978070009178087,0.00965616765461963,0.09691044353289024,0.09538730644029991,0.014325227964347764,0.03633520342069252,0.02903530336576088,0.054398696944798264
interference_threshold,80400217,0.5136492285217593,0.4659023317779849,0.48189037373520427,0.38671946854251127,0.3714696201767276,0.5395169887031863,0.5588328275169681,0.5207616123642276,0.47546010346072415
interference_threshold,80400218,0.33950309787896504,0.287044453965696,0.31549487347113325,0.222291457997831,0.2036861661544167,0.3618575814833962,0.3976359847655617,0.34756403003838887,0.3066070440879189
interference_threshold,80400219,0.32869398579384423,0.32145860776688195,0.33067980394150354,0.312016457174078,0.2943545876481686,0.3244829176404629,0.35562545046593286,0.33678618058945275,0.324653118703619
interference_threshold,80400220,0.4463534320947584,0.3729943598863539,0.42006622409393946,0.3115619982835707,0.3303866948244032,0.47218960181445446,0.4883877600786146,0.4436677064058241,0.4092387522813734
interference_threshold,80400221,0.12416532514871914,0.10715588806452114,0.11851017552993459,0.07703629015268643,0.06492927549661953,0.11662050960840542,0.16147383926691372,0.1389426874953683,0.11180052040399868
interference_threshold,80400222,0.16207653899600194,0.06686407943179296,0.11580860236893198,0.017019444509247084,0.0003678264181821156,0.20619118829180882,0.21311444659640477,0.13288587947299169,0.1139157570577269
interference_threshold,80400223,0.47788030264747405,0.435007635334852,0.46150276420486247,0.3736932313240793,0.34133375046623016,0.49253720400703216,0.5065513884819772,0.5124942099846628,0.4453219568527963
interference_threshold,80400224,0.4284375661843567,0.44802538099224853,0.40210237644449365,0.4301262253754883,0.46954706849987793,0.3568876141541748,0.34762105884487915,0.34484664144451904,0.38980572166378785
interference_threshold,80400225,0.17379520535469056,0.1615747332572937,0.16130450069904329,0.12129799723625184,0.11097825765609742,0.1927739202976227,0.1836511015892029,0.18422643542289735,0.15858554244041442
interference_threshold,80400226,0.29676393866539,0.29812146425247193,0.3090272795408964,0.3218986809253693,0.3030968576669693,0.27764801383018495,0.31022435128688813,0.29868192672729493,0.3023099660873413
interference_threshold,80400227,0.0948308825492859,0.08869845867156984,0.07532070775826771,0.06197867989540101,0.026283425092697155,0.11249477863311769,0.14542640447616578,0.07316274642944337,0.083869206905365
interference_threshold,80400228,0.3375839131726288,0.35642213996782535,0.3128416128609045,0.33201409753694766,0.3316626089467072,0.2838736909283661,0.2997477787388825,0.28305007394685977,0.30606965001955266
interference_threshold,80400229,0.25391630959391565,0.22762750220179528,0.23952268195033044,0.18002759051203698,0.1652008755195138,0.2638014419066903,0.29559873175501794,0.2668120725142953,0.23428814244151086
interference_threshold,80400230,0.19733782092106555,0.2071679977513573,0.18122769871723876,0.19711716452610706,0.20717556754124378,0.14614345112812732,0.14928092041981433,0.14076431075108264,0.16809628287327502
interference_threshold,80400231,0.30314427844872294,0.31653228632798014,0.2794077171106162,0.2836792790113908,0.2885220669924241,0.27655491463532267,0.2709442698179704,0.26022276512970743,0.27598465911736303
interference_threshold,80400232,0.20191602096075645,0.2131204424809896,0.20045947715754142,0.25528208598608604,0.17122964248175254,0.21442193970198264,0.1905527232598745,0.18987132296080222,0.2042715428780996
interference_threshold,80400233,0.34472351223230363,0.3549369990825653,0.33076632097363473,0.32329353392124177,0.33068564236164094,0.3549016162753105,0.324007523059845,0.3351355239748955,0.33360476791858673
interference_threshold,80400234,0.07770587205886842,0.08335233926773072,0.076623272895813,0.07647461891174318,0.0718828856945038,0.06351537704467775,0.06540117859840394,0.06636698246002198,0.06872820854187013
interference_threshold,80400235,0.20727858381381292,0.19029114084353704,0.1753722199490732,0.13761824803462286,0.11600000100245733,0.24808322327246923,0.22283889787307043,0.18641055064311285,0.18219018416514654
interference_threshold,80400236,0.08068827986717225,0.06625894904136659,0.0780027627944947,0.049388331174850475,0.035284680128097545,0.0836413621902466,0.11987583041191102,0.08798895478248597,0.07523583173751833
interference_threshold,80400237,0.47212821606173594,0.48231208685412486,0.47480636202667637,0.44698673847689707,0.49903715017809946,0.42848879459872324,0.446228865418578,0.46523070696368296,0.4571944511271962
interference_threshold,80400238,0.246080138550673,0.24470412062254954,0.24247623559482304,0.20455620514002848,0.23646194563952494,0.22170642839518595,0.256198906169806,0.25503214524832774,0.2347911261185746
interference_threshold,80400239,0.07140217478266475,0.0934013550995898,0.060452602855276205,0.10639987642756221,0.11725066359034297,0.09025625641337154,0.03317598755350826,0.03839544708719966,0.07709564621439693
interference_threshold,80400240,0.5425928736306271,0.5488310957528195,0.5222967122571709,0.49234952574740265,0.523160239515408,0.48236974125872467,0.5171250308133206,0.4984296763516507,0.5026868427373014
interference_threshold,80400241,0.2851488169546901,0.2997979101057826,0.28109627728819636,0.2727567132826625,0.3013364549990474,0.25710852707584486,0.2541438516493617,0.26815589035709486,0.2707002874728023
interference_threshold,80400242,0.38571750859695264,0.40838259200530835,0.3676306033162037,0.37163483838516065,0.4196538899369795,0.33522593717056104,0.3344526265092451,0.3336167905755598,0.3589168165155012
interference_threshold,80400243,0.620362278555419,0.6307071414933463,0.6033768224066357,0.6289142337785025,0.6450812784180899,0.5593683091149588,0.5574258533463736,0.5544497338280936,0.5890478816972037
interference_threshold,80400244,0.5188563209021297,0.5188515376293865,0.5085626297935056,0.49729785732867393,0.47303463928343925,0.5210589360439983,0.5226983468973843,0.5120412599289623,0.5052262078964916
interference_threshold,80400245,0.44697409647790387,0.4347240604766984,0.4533291536379635,0.4040523149379869,0.40690189379540875,0.4289134420761247,0.47194358486024335,0.4810612477668901,0.43857449668733073
interference_threshold,80400246,0.3167492603547345,0.32015834801266296,0.29845793846120144,0.28402777068684204,0.28045137279102905,0.29616570525238617,0.3092930620200406,0.28936101548740967,0.29185978524754147
interference_threshold,80400247,0.5449345677381694,0.5586146681791484,0.5348626940733134,0.5418111651426494,0.5896836488729655,0.47377133064329024,0.4794557660108745,0.48593187027036544,0.5141307561880291
interference_threshold,80400248,0.15534136891365052,0.16445828676223756,0.14914213319619501,0.16582973003387452,0.12618954181671144,0.14690656661987306,0.15475801825523378,0.14235175848007203,0.14720712304115297
interference_threshold,80400249,0.3348044074844414,0.3054355896781975,0.30203082335701525,0.22050272596588671,0.2216955937217766,0.35264664066544116,0.3699948109458977,0.34153436792603076,0.3012748278450066
interference_threshold,80400250,0.06323738098144532,0.056528788805007946,0.06885972817738856,0.05411539673805238,0.03542534708976747,0.04202527999877931,0.11226309537887574,0.06946681141853334,0.06265918612480165
interference_threshold,80400251,0.5458115244252464,0.5197340154988548,0.5554762983662864,0.49850480798313823,0.48270153049061504,0.524029245410659,0.6117073202473899,0.579995563064315,0.5393876934392234
interference_threshold,80400252,0.44317380061330613,0.4108152734297734,0.42998216023626146,0.36634144654455003,0.3106665359992009,0.4434507833975774,0.4674030887145024,0.4686352955359441,0.41129943003835495
interference_threshold,80400253,0.29530015204757454,0.3051206282219291,0.29194879148811104,0.2815407029232383,0.3013465813240409,0.28366641317218544,0.27324606095165016,0.29349641118854286,0.28665923391193154
interference_threshold,80400254,0.2048159807920456,0.20697873532772065,0.21447258889675141,0.19803701043128968,0.21647886633872987,0.18573699593544007,0.20417870283126832,0.21885834336280824,0.20465798377990724
interference_threshold,80400255,0.26582005870263214,0.2702479089490616,0.2694687023949667,0.28608390939156647,0.25096813094536896,0.2558683480016434,0.25533822429101105,0.2536098088018143,0.2603736842862808
interference_threshold,80400256,0.28154310034848296,0.2104459648046597,0.2527562026891813,0.13892432498074614,0.1261927728567227,0.3096566443357571,0.31171795176602446,0.29549422310925566,0.23639718340970123
interference_threshold,80400257,0.10475347334205054,0.12071309381781958,0.08970318132697486,0.11405751997290992,0.09512228661834143,0.08466077739058875,0.0781226246958866,0.07655111843406104,0.08970286542235754
interference_threshold,80400258,0.05186363744418765,0.09998961972873355,0.08525858012518228,0.16019478130023623,0.18341102885882998,0.008845177170444973,0.0018056898085370143,0.07272597837131167,0.08539653110187198
interference_threshold,80400259,0.2098210539873273,0.2007718768175275,0.20510302846191641,0.1720434513147504,0.14048195744115421,0.20095772409993717,0.2605391230638654,0.2248504843767316,0.19977454805928777
interference_threshold,80400260,0.31540260886253435,0.3032159922033699,0.3258486904213977,0.28780065154136736,0.2967918035894783,0.291563433161393,0.3562579867750557,0.34026185845436174,0.31453514670433125
interference_threshold,80400261,0.5101785389451257,0.465520354893612,0.49082869568149956,0.40773996987621697,0.37224075475017937,0.535645755913662,0.5622006384400597,0.5311327306298486,0.48179196992199336
interference_threshold,80400262,0.041303378343582164,0.05276520252227784,0.0256266315778097,0.026023876667022716,0.044797104597091686,0.005258542299270641,0.00524238944053651,0.0028078079223632924,0.01682594418525697
interference_threshold,80400263,0.25205964652212187,0.27624417153509184,0.22649898933879264,0.26974845734746977,0.2582253297916226,0.18572110739858672,0.20051676837118193,0.18958271351964995,0.2207588752857022
interference_threshold,80400264,0.03511126443309631,0.036915139402578734,0.03574990336659595,0.043506787265966795,0.016609178032110594,0.01624690100116577,0.01255415483875122,0.014969871486853026,0.02077737852496948
interference_threshold,80400265,0.3912932403361711,0.3565070159709367,0.3704410023963366,0.2890244252955827,0.28028274848817913,0.4030899532115373,0.42176539972185223,0.40966661050676434,0.36076582744478314
interference_threshold,80400266,0.4548358965563788,0.47163200861692567,0.45769778625647367,0.4422802973437323,0.5037376928973212,0.42020047194242616,0.41176578885793824,0.4487781871008887,0.44535248762846125
interference_threshold,80400267,0.48336873555139714,0.49988887810663396,0.45334606472607464,0.5067689230437677,0.5573323776717585,0.39684657359079534,0.3746546318526667,0.3818225672240656,0.4434850146766108
interference_threshold,80400268,0.22167227864265443,0.2132698267698288,0.20793310503164927,0.17854721546173097,0.17194245457649232,0.23926190733909608,0.23540728986263276,0.2232820212841034,0.2096881777048111
interference_threshold,80400269,0.2170828242986662,0.19708856541805098,0.20476816196136305,0.15439453322582075,0.14196732241802046,0.23031904895000288,0.22561943132572004,0.2355975766866667,0.19757958252124616
interference_threshold,80400270,0.13888232111930848,0.1297308623790741,0.13498480568329496,0.11256302595138551,0.08375839591026307,0.14974491000175477,0.16714818477630616,0.14732809066772462,0.13210852146148683
interference_threshold,80400271,0.6245511543564404,0.6235897910408581,0.6431752315970665,0.6465304267220104,0.6087281477264965,0.6197188865952099,0.6015156876854504,0.6284196746162976,0.620982564669093
interference_threshold,80400272,0.5158737991938711,0.5384953712115408,0.47660465982454225,0.5287424420008779,0.5504595135340811,0.4194485043177725,0.4202023838648916,0.402592847217095,0.4642891381869436
interference_threshold,80400273,0.4691228849308535,0.42354452437329737,0.43673922445544056,0.3572728020565554,0.3490694744007632,0.5048338753597781,0.5149493796246096,0.4566538912670657,0.4365558845417544
interference_threshold,80400274,0.3060271077706678,0.28692414694570134,0.3010472390407585,0.2701348000123365,0.25093423658155034,0.3058228426530225,0.36588715844892095,0.30279689365171025,0.2991151862695081
interference_threshold,80400275,0.4085155255423796,0.4256755239592802,0.3929518984582834,0.4116008407698881,0.44141401120293255,0.3361567980872404,0.33932401009667035,0.34245951243507977,0.3741910345183622
interference_threshold,80400276,0.15041778683662416,0.15862603187561036,0.13796593944231672,0.13777790665626527,0.12045375704765321,0.1252402186393738,0.14343170523643495,0.12956551909446717,0.13129382133483886
interference_threshold,80400277,0.12360026173065575,0.13930107883881004,0.10747993719846483,0.09931476644943626,0.10806997351120384,0.08241202167938622,0.09819384149979027,0.0908317738003579,0.0957644753880349
interference_threshold,80400278,0.3371198605908843,0.31867153757948596,0.3205053787841292,0.28204415553946216,0.2710117530240508,0.36146502012152393,0.36448012107748706,0.33531336301703174,0.3228628825559111
interference_threshold,80400279,0.27953476905822755,0.2895161330699921,0.25511196206013365,0.2775447189807892,0.22482402324676515,0.28656956255435945,0.27709766924381257,0.2496245175600052,0.2631320983171463
interference_threshold,80400280,0.5348606511187444,0.49097518168209886,0.5138438944252223,0.43372474156140184,0.41891233168362474,0.5526481672358403,0.5785490079951177,0.544455210788239,0.5056578918528447
interference_threshold,80400281,0.2649901479482651,0.2778394788503647,0.25589873995631934,0.2658511370420456,0.2673993080854416,0.2795988440513611,0.24307621717453004,0.25710098147392274,0.2626052975654602
interference_threshold,80400282,0.20269457697868348,0.21067240536212922,0.1978783403833707,0.1969640374183655,0.195635986328125,0.19327033758163453,0.19455642700195314,0.19344342947006227,0.1947740435600281
interference_threshold,80400283,0.6419778452133205,0.5946905598854091,0.6083996033484803,0.522497414133456,0.5069640860771205,0.6845344886993434,0.6677291379188564,0.6421668515419032,0.6047783956741359
interference_threshold,80400284,0.4199656841911903,0.37041085936208873,0.3889035083609851,0.2902412412323585,0.2739276883759132,0.45323938109060435,0.44547945238729625,0.4379512069382301,0.3801677940048805
interference_threshold,80400285,0.4733680644276421,0.43097712185409476,0.453664100035298,0.3817637720349114,0.3725385227444451,0.4903089561703484,0.5172342219593804,0.4758250274899285,0.44753410007980277
interference_threshold,80400286,0.17141414880752565,0.16493494510650636,0.17230050961176557,0.1570329785346985,0.14370922446250917,0.1583931863307953,0.2033843368291855,0.17416064143180848,0.1673360735177994
interference_threshold,80400287,0.1192829728126526,0.14659721851348878,0.08604249308506651,0.11337800025939943,0.12302310466766359,0.09710694551467897,0.06235293745994569,0.0660881519317627,0.09238982796669007
interference_threshold,80400288,0.12218956351280214,0.13854507803916932,0.10762759745121003,0.12042660713195802,0.10756893157958985,0.10530976653099061,0.10262889862060548,0.09979612827301027,0.10714606642723083
interference_threshold,80400289,0.2913087423238041,0.2655876989754917,0.26828626449832144,0.20859746293156167,0.1985064859780552,0.32625518397419473,0.3060031946095707,0.3015551681908848,0.2681834991368534
interference_threshold,80400290,0.22736256306900426,0.2422516841246073,0.21897505706085607,0.2298213142706339,0.25759296601547643,0.17418782895340368,0.17497401421799108,0.18397222941650793,0.2041096705748026
interference_threshold,80400291,0.03696240186691285,0.047759515047073375,0.03161495625972749,0.01934538483619691,0.03239388465881349,0.0004909515380859264,0.023014795780181896,0.024359238147735607,0.019920850992202765
interference_threshold,80400292,0.47105409382175445,0.4099188017685318,0.4521362352211381,0.3565682339508438,0.34465541122745513,0.48929460523914337,0.5254661011536026,0.4829463529426956,0.4397861409027481
interference_threshold,80400293,0.2753014643136553,0.2630649287644915,0.29094361058313567,0.2909115035478167,0.27849123668113274,0.26292670559325737,0.36232683848777336,0.2681354064885668,0.2925583381597094
interference_threshold,80400294,0.20174100767875847,0.2174514211347216,0.1807246135801588,0.2230339623620623,0.18271267186905082,0.18820261728073295,0.1638061381509417,0.16282528411651787,0.18411613475586114
interference_threshold,80400295,0.3938768172589191,0.41187336686524234,0.3762360328760991,0.38777127507599674,0.4181021714535602,0.34208646062287174,0.3405909204808124,0.34284254554184757,0.36627867463501773
interference_threshold,80400296,0.4523803475183734,0.4725882890505084,0.4120241982422759,0.4455081107897052,0.45461236265127747,0.38236926820700257,0.38444255617086975,0.35899983671133606,0.40518642690603823
interference_threshold,80400297,0.1007672667503357,0.0902469575405121,0.12187639574209852,0.10362411737442018,0.11694292426109315,0.06422529816627504,0.14277611374855043,0.11765019297599794,0.10904372930526733
interference_threshold,80400298,0.09893666438710946,0.07674144439351815,0.09536459776215023,0.04718058042180795,0.05112926892888803,0.0761566632236268,0.17343519858968515,0.10329012803685922,0.09023836784017343
interference_threshold,80400299,0.11996508836746217,0.11295352578163148,0.11469071308771772,0.07489348649978639,0.07044027447700502,0.12062911391258241,0.13562045693397523,0.14003692269325257,0.10832405090332031
